ISO-10303-21;
HEADER;
FILE_DESCRIPTION(('FreeCAD Model'),'2;1');
FILE_NAME('Open CASCADE Shape Model','2025-09-13T03:37:30',(''),(''),
  'Open CASCADE STEP processor 7.8','FreeCAD','Unknown');
FILE_SCHEMA(('AUTOMOTIVE_DESIGN { 1 0 10303 214 1 1 1 1 }'));
ENDSEC;
DATA;
#1 = APPLICATION_PROTOCOL_DEFINITION('international standard',
  'automotive_design',2000,#2);
#2 = APPLICATION_CONTEXT(
  'core data for automotive mechanical design processes');
#3 = SHAPE_DEFINITION_REPRESENTATION(#4,#10);
#4 = PRODUCT_DEFINITION_SHAPE('','',#5);
#5 = PRODUCT_DEFINITION('design','',#6,#9);
#6 = PRODUCT_DEFINITION_FORMATION('','',#7);
#7 = PRODUCT('BGA_Test','BGA_Test','',(#8));
#8 = PRODUCT_CONTEXT('',#2,'mechanical');
#9 = PRODUCT_DEFINITION_CONTEXT('part definition',#2,'design');
#10 = SHAPE_REPRESENTATION('',(#11,#15,#19,#23,#27,#31,#35,#39,#43,#47,
    #51,#55,#59,#63,#67,#71,#75,#79,#83,#87,#91,#95,#99,#103,#107,#111,
    #115,#119,#123,#127,#131,#135,#139,#143,#147,#151,#155,#159,#163,
    #167,#171,#175,#179,#183,#187,#191,#195,#199,#203,#207,#211,#215,
    #219,#223,#227,#231,#235,#239,#243,#247,#251,#255,#259,#263,#267,
    #271,#275,#279,#283,#287,#291,#295,#299,#303,#307,#311,#315,#319,
    #323,#327,#331,#335,#339,#343,#347,#351,#355,#359,#363,#367,#371,
    #375,#379,#383,#387,#391,#395,#399,#403),#407);
#11 = AXIS2_PLACEMENT_3D('',#12,#13,#14);
#12 = CARTESIAN_POINT('',(0.,0.,0.));
#13 = DIRECTION('',(0.,0.,1.));
#14 = DIRECTION('',(1.,0.,-0.));
#15 = AXIS2_PLACEMENT_3D('',#16,#17,#18);
#16 = CARTESIAN_POINT('',(0.,0.,0.));
#17 = DIRECTION('',(0.,0.,1.));
#18 = DIRECTION('',(1.,0.,0.));
#19 = AXIS2_PLACEMENT_3D('',#20,#21,#22);
#20 = CARTESIAN_POINT('',(0.,0.,0.));
#21 = DIRECTION('',(0.,0.,1.));
#22 = DIRECTION('',(1.,0.,0.));
#23 = AXIS2_PLACEMENT_3D('',#24,#25,#26);
#24 = CARTESIAN_POINT('',(-1.2,0.,-1.207922650792E-13));
#25 = DIRECTION('',(0.,0.,1.));
#26 = DIRECTION('',(1.,0.,0.));
#27 = AXIS2_PLACEMENT_3D('',#28,#29,#30);
#28 = CARTESIAN_POINT('',(-0.4,0.,-1.207922650792E-13));
#29 = DIRECTION('',(0.,0.,1.));
#30 = DIRECTION('',(1.,0.,0.));
#31 = AXIS2_PLACEMENT_3D('',#32,#33,#34);
#32 = CARTESIAN_POINT('',(0.4,0.,-1.207922650792E-13));
#33 = DIRECTION('',(0.,0.,1.));
#34 = DIRECTION('',(1.,0.,0.));
#35 = AXIS2_PLACEMENT_3D('',#36,#37,#38);
#36 = CARTESIAN_POINT('',(3.6,0.,-1.207922650792E-13));
#37 = DIRECTION('',(0.,0.,1.));
#38 = DIRECTION('',(1.,0.,0.));
#39 = AXIS2_PLACEMENT_3D('',#40,#41,#42);
#40 = CARTESIAN_POINT('',(4.4,0.,-1.207922650792E-13));
#41 = DIRECTION('',(0.,0.,1.));
#42 = DIRECTION('',(1.,0.,0.));
#43 = AXIS2_PLACEMENT_3D('',#44,#45,#46);
#44 = CARTESIAN_POINT('',(5.2,0.,-1.207922650792E-13));
#45 = DIRECTION('',(0.,0.,1.));
#46 = DIRECTION('',(1.,0.,0.));
#47 = AXIS2_PLACEMENT_3D('',#48,#49,#50);
#48 = CARTESIAN_POINT('',(-1.2,0.,0.8));
#49 = DIRECTION('',(0.,0.,1.));
#50 = DIRECTION('',(1.,0.,0.));
#51 = AXIS2_PLACEMENT_3D('',#52,#53,#54);
#52 = CARTESIAN_POINT('',(-0.4,0.,0.8));
#53 = DIRECTION('',(0.,0.,1.));
#54 = DIRECTION('',(1.,0.,0.));
#55 = AXIS2_PLACEMENT_3D('',#56,#57,#58);
#56 = CARTESIAN_POINT('',(0.4,0.,0.8));
#57 = DIRECTION('',(0.,0.,1.));
#58 = DIRECTION('',(1.,0.,0.));
#59 = AXIS2_PLACEMENT_3D('',#60,#61,#62);
#60 = CARTESIAN_POINT('',(3.6,0.,0.8));
#61 = DIRECTION('',(0.,0.,1.));
#62 = DIRECTION('',(1.,0.,0.));
#63 = AXIS2_PLACEMENT_3D('',#64,#65,#66);
#64 = CARTESIAN_POINT('',(4.4,0.,0.8));
#65 = DIRECTION('',(0.,0.,1.));
#66 = DIRECTION('',(1.,0.,0.));
#67 = AXIS2_PLACEMENT_3D('',#68,#69,#70);
#68 = CARTESIAN_POINT('',(5.2,0.,0.8));
#69 = DIRECTION('',(0.,0.,1.));
#70 = DIRECTION('',(1.,0.,0.));
#71 = AXIS2_PLACEMENT_3D('',#72,#73,#74);
#72 = CARTESIAN_POINT('',(-1.2,0.,1.6));
#73 = DIRECTION('',(0.,0.,1.));
#74 = DIRECTION('',(1.,0.,0.));
#75 = AXIS2_PLACEMENT_3D('',#76,#77,#78);
#76 = CARTESIAN_POINT('',(-0.4,0.,1.6));
#77 = DIRECTION('',(0.,0.,1.));
#78 = DIRECTION('',(1.,0.,0.));
#79 = AXIS2_PLACEMENT_3D('',#80,#81,#82);
#80 = CARTESIAN_POINT('',(0.4,0.,1.6));
#81 = DIRECTION('',(0.,0.,1.));
#82 = DIRECTION('',(1.,0.,0.));
#83 = AXIS2_PLACEMENT_3D('',#84,#85,#86);
#84 = CARTESIAN_POINT('',(3.6,0.,1.6));
#85 = DIRECTION('',(0.,0.,1.));
#86 = DIRECTION('',(1.,0.,0.));
#87 = AXIS2_PLACEMENT_3D('',#88,#89,#90);
#88 = CARTESIAN_POINT('',(4.4,0.,1.6));
#89 = DIRECTION('',(0.,0.,1.));
#90 = DIRECTION('',(1.,0.,0.));
#91 = AXIS2_PLACEMENT_3D('',#92,#93,#94);
#92 = CARTESIAN_POINT('',(5.2,0.,1.6));
#93 = DIRECTION('',(0.,0.,1.));
#94 = DIRECTION('',(1.,0.,0.));
#95 = AXIS2_PLACEMENT_3D('',#96,#97,#98);
#96 = CARTESIAN_POINT('',(-1.2,0.,2.4));
#97 = DIRECTION('',(0.,0.,1.));
#98 = DIRECTION('',(1.,0.,0.));
#99 = AXIS2_PLACEMENT_3D('',#100,#101,#102);
#100 = CARTESIAN_POINT('',(-0.4,0.,2.4));
#101 = DIRECTION('',(0.,0.,1.));
#102 = DIRECTION('',(1.,0.,0.));
#103 = AXIS2_PLACEMENT_3D('',#104,#105,#106);
#104 = CARTESIAN_POINT('',(0.4,0.,2.4));
#105 = DIRECTION('',(0.,0.,1.));
#106 = DIRECTION('',(1.,0.,0.));
#107 = AXIS2_PLACEMENT_3D('',#108,#109,#110);
#108 = CARTESIAN_POINT('',(3.6,0.,2.4));
#109 = DIRECTION('',(0.,0.,1.));
#110 = DIRECTION('',(1.,0.,0.));
#111 = AXIS2_PLACEMENT_3D('',#112,#113,#114);
#112 = CARTESIAN_POINT('',(4.4,0.,2.4));
#113 = DIRECTION('',(0.,0.,1.));
#114 = DIRECTION('',(1.,0.,0.));
#115 = AXIS2_PLACEMENT_3D('',#116,#117,#118);
#116 = CARTESIAN_POINT('',(5.2,0.,2.4));
#117 = DIRECTION('',(0.,0.,1.));
#118 = DIRECTION('',(1.,0.,0.));
#119 = AXIS2_PLACEMENT_3D('',#120,#121,#122);
#120 = CARTESIAN_POINT('',(-1.2,0.,3.2));
#121 = DIRECTION('',(0.,0.,1.));
#122 = DIRECTION('',(1.,0.,0.));
#123 = AXIS2_PLACEMENT_3D('',#124,#125,#126);
#124 = CARTESIAN_POINT('',(-0.4,0.,3.2));
#125 = DIRECTION('',(0.,0.,1.));
#126 = DIRECTION('',(1.,0.,0.));
#127 = AXIS2_PLACEMENT_3D('',#128,#129,#130);
#128 = CARTESIAN_POINT('',(0.4,0.,3.2));
#129 = DIRECTION('',(0.,0.,1.));
#130 = DIRECTION('',(1.,0.,0.));
#131 = AXIS2_PLACEMENT_3D('',#132,#133,#134);
#132 = CARTESIAN_POINT('',(3.6,0.,3.2));
#133 = DIRECTION('',(0.,0.,1.));
#134 = DIRECTION('',(1.,0.,0.));
#135 = AXIS2_PLACEMENT_3D('',#136,#137,#138);
#136 = CARTESIAN_POINT('',(4.4,0.,3.2));
#137 = DIRECTION('',(0.,0.,1.));
#138 = DIRECTION('',(1.,0.,0.));
#139 = AXIS2_PLACEMENT_3D('',#140,#141,#142);
#140 = CARTESIAN_POINT('',(5.2,0.,3.2));
#141 = DIRECTION('',(0.,0.,1.));
#142 = DIRECTION('',(1.,0.,0.));
#143 = AXIS2_PLACEMENT_3D('',#144,#145,#146);
#144 = CARTESIAN_POINT('',(-1.2,0.,4.));
#145 = DIRECTION('',(0.,0.,1.));
#146 = DIRECTION('',(1.,0.,0.));
#147 = AXIS2_PLACEMENT_3D('',#148,#149,#150);
#148 = CARTESIAN_POINT('',(-0.4,0.,4.));
#149 = DIRECTION('',(0.,0.,1.));
#150 = DIRECTION('',(1.,0.,0.));
#151 = AXIS2_PLACEMENT_3D('',#152,#153,#154);
#152 = CARTESIAN_POINT('',(0.4,0.,4.));
#153 = DIRECTION('',(0.,0.,1.));
#154 = DIRECTION('',(1.,0.,0.));
#155 = AXIS2_PLACEMENT_3D('',#156,#157,#158);
#156 = CARTESIAN_POINT('',(3.6,0.,4.));
#157 = DIRECTION('',(0.,0.,1.));
#158 = DIRECTION('',(1.,0.,0.));
#159 = AXIS2_PLACEMENT_3D('',#160,#161,#162);
#160 = CARTESIAN_POINT('',(4.4,0.,4.));
#161 = DIRECTION('',(0.,0.,1.));
#162 = DIRECTION('',(1.,0.,0.));
#163 = AXIS2_PLACEMENT_3D('',#164,#165,#166);
#164 = CARTESIAN_POINT('',(5.2,0.,4.));
#165 = DIRECTION('',(0.,0.,1.));
#166 = DIRECTION('',(1.,0.,0.));
#167 = AXIS2_PLACEMENT_3D('',#168,#169,#170);
#168 = CARTESIAN_POINT('',(-1.2,0.,4.8));
#169 = DIRECTION('',(0.,0.,1.));
#170 = DIRECTION('',(1.,0.,0.));
#171 = AXIS2_PLACEMENT_3D('',#172,#173,#174);
#172 = CARTESIAN_POINT('',(-0.4,0.,4.8));
#173 = DIRECTION('',(0.,0.,1.));
#174 = DIRECTION('',(1.,0.,0.));
#175 = AXIS2_PLACEMENT_3D('',#176,#177,#178);
#176 = CARTESIAN_POINT('',(0.4,0.,4.8));
#177 = DIRECTION('',(0.,0.,1.));
#178 = DIRECTION('',(1.,0.,0.));
#179 = AXIS2_PLACEMENT_3D('',#180,#181,#182);
#180 = CARTESIAN_POINT('',(3.6,0.,4.8));
#181 = DIRECTION('',(0.,0.,1.));
#182 = DIRECTION('',(1.,0.,0.));
#183 = AXIS2_PLACEMENT_3D('',#184,#185,#186);
#184 = CARTESIAN_POINT('',(4.4,0.,4.8));
#185 = DIRECTION('',(0.,0.,1.));
#186 = DIRECTION('',(1.,0.,0.));
#187 = AXIS2_PLACEMENT_3D('',#188,#189,#190);
#188 = CARTESIAN_POINT('',(5.2,0.,4.8));
#189 = DIRECTION('',(0.,0.,1.));
#190 = DIRECTION('',(1.,0.,0.));
#191 = AXIS2_PLACEMENT_3D('',#192,#193,#194);
#192 = CARTESIAN_POINT('',(-1.2,0.,5.6));
#193 = DIRECTION('',(0.,0.,1.));
#194 = DIRECTION('',(1.,0.,0.));
#195 = AXIS2_PLACEMENT_3D('',#196,#197,#198);
#196 = CARTESIAN_POINT('',(-0.4,0.,5.6));
#197 = DIRECTION('',(0.,0.,1.));
#198 = DIRECTION('',(1.,0.,0.));
#199 = AXIS2_PLACEMENT_3D('',#200,#201,#202);
#200 = CARTESIAN_POINT('',(0.4,0.,5.6));
#201 = DIRECTION('',(0.,0.,1.));
#202 = DIRECTION('',(1.,0.,0.));
#203 = AXIS2_PLACEMENT_3D('',#204,#205,#206);
#204 = CARTESIAN_POINT('',(3.6,0.,5.6));
#205 = DIRECTION('',(0.,0.,1.));
#206 = DIRECTION('',(1.,0.,0.));
#207 = AXIS2_PLACEMENT_3D('',#208,#209,#210);
#208 = CARTESIAN_POINT('',(4.4,0.,5.6));
#209 = DIRECTION('',(0.,0.,1.));
#210 = DIRECTION('',(1.,0.,0.));
#211 = AXIS2_PLACEMENT_3D('',#212,#213,#214);
#212 = CARTESIAN_POINT('',(5.2,0.,5.6));
#213 = DIRECTION('',(0.,0.,1.));
#214 = DIRECTION('',(1.,0.,0.));
#215 = AXIS2_PLACEMENT_3D('',#216,#217,#218);
#216 = CARTESIAN_POINT('',(-1.2,0.,6.4));
#217 = DIRECTION('',(0.,0.,1.));
#218 = DIRECTION('',(1.,0.,0.));
#219 = AXIS2_PLACEMENT_3D('',#220,#221,#222);
#220 = CARTESIAN_POINT('',(-0.4,0.,6.4));
#221 = DIRECTION('',(0.,0.,1.));
#222 = DIRECTION('',(1.,0.,0.));
#223 = AXIS2_PLACEMENT_3D('',#224,#225,#226);
#224 = CARTESIAN_POINT('',(0.4,0.,6.4));
#225 = DIRECTION('',(0.,0.,1.));
#226 = DIRECTION('',(1.,0.,0.));
#227 = AXIS2_PLACEMENT_3D('',#228,#229,#230);
#228 = CARTESIAN_POINT('',(3.6,0.,6.4));
#229 = DIRECTION('',(0.,0.,1.));
#230 = DIRECTION('',(1.,0.,0.));
#231 = AXIS2_PLACEMENT_3D('',#232,#233,#234);
#232 = CARTESIAN_POINT('',(4.4,0.,6.4));
#233 = DIRECTION('',(0.,0.,1.));
#234 = DIRECTION('',(1.,0.,0.));
#235 = AXIS2_PLACEMENT_3D('',#236,#237,#238);
#236 = CARTESIAN_POINT('',(5.2,0.,6.4));
#237 = DIRECTION('',(0.,0.,1.));
#238 = DIRECTION('',(1.,0.,0.));
#239 = AXIS2_PLACEMENT_3D('',#240,#241,#242);
#240 = CARTESIAN_POINT('',(-1.2,0.,7.2));
#241 = DIRECTION('',(0.,0.,1.));
#242 = DIRECTION('',(1.,0.,0.));
#243 = AXIS2_PLACEMENT_3D('',#244,#245,#246);
#244 = CARTESIAN_POINT('',(-0.4,0.,7.2));
#245 = DIRECTION('',(0.,0.,1.));
#246 = DIRECTION('',(1.,0.,0.));
#247 = AXIS2_PLACEMENT_3D('',#248,#249,#250);
#248 = CARTESIAN_POINT('',(0.4,0.,7.2));
#249 = DIRECTION('',(0.,0.,1.));
#250 = DIRECTION('',(1.,0.,0.));
#251 = AXIS2_PLACEMENT_3D('',#252,#253,#254);
#252 = CARTESIAN_POINT('',(3.6,0.,7.2));
#253 = DIRECTION('',(0.,0.,1.));
#254 = DIRECTION('',(1.,0.,0.));
#255 = AXIS2_PLACEMENT_3D('',#256,#257,#258);
#256 = CARTESIAN_POINT('',(4.4,0.,7.2));
#257 = DIRECTION('',(0.,0.,1.));
#258 = DIRECTION('',(1.,0.,0.));
#259 = AXIS2_PLACEMENT_3D('',#260,#261,#262);
#260 = CARTESIAN_POINT('',(5.2,0.,7.2));
#261 = DIRECTION('',(0.,0.,1.));
#262 = DIRECTION('',(1.,0.,0.));
#263 = AXIS2_PLACEMENT_3D('',#264,#265,#266);
#264 = CARTESIAN_POINT('',(-1.2,0.,8.));
#265 = DIRECTION('',(0.,0.,1.));
#266 = DIRECTION('',(1.,0.,0.));
#267 = AXIS2_PLACEMENT_3D('',#268,#269,#270);
#268 = CARTESIAN_POINT('',(-0.4,0.,8.));
#269 = DIRECTION('',(0.,0.,1.));
#270 = DIRECTION('',(1.,0.,0.));
#271 = AXIS2_PLACEMENT_3D('',#272,#273,#274);
#272 = CARTESIAN_POINT('',(0.4,0.,8.));
#273 = DIRECTION('',(0.,0.,1.));
#274 = DIRECTION('',(1.,0.,0.));
#275 = AXIS2_PLACEMENT_3D('',#276,#277,#278);
#276 = CARTESIAN_POINT('',(3.6,0.,8.));
#277 = DIRECTION('',(0.,0.,1.));
#278 = DIRECTION('',(1.,0.,0.));
#279 = AXIS2_PLACEMENT_3D('',#280,#281,#282);
#280 = CARTESIAN_POINT('',(4.4,0.,8.));
#281 = DIRECTION('',(0.,0.,1.));
#282 = DIRECTION('',(1.,0.,0.));
#283 = AXIS2_PLACEMENT_3D('',#284,#285,#286);
#284 = CARTESIAN_POINT('',(5.2,0.,8.));
#285 = DIRECTION('',(0.,0.,1.));
#286 = DIRECTION('',(1.,0.,0.));
#287 = AXIS2_PLACEMENT_3D('',#288,#289,#290);
#288 = CARTESIAN_POINT('',(-1.2,0.,8.8));
#289 = DIRECTION('',(0.,0.,1.));
#290 = DIRECTION('',(1.,0.,0.));
#291 = AXIS2_PLACEMENT_3D('',#292,#293,#294);
#292 = CARTESIAN_POINT('',(-0.4,0.,8.8));
#293 = DIRECTION('',(0.,0.,1.));
#294 = DIRECTION('',(1.,0.,0.));
#295 = AXIS2_PLACEMENT_3D('',#296,#297,#298);
#296 = CARTESIAN_POINT('',(0.4,0.,8.8));
#297 = DIRECTION('',(0.,0.,1.));
#298 = DIRECTION('',(1.,0.,0.));
#299 = AXIS2_PLACEMENT_3D('',#300,#301,#302);
#300 = CARTESIAN_POINT('',(3.6,0.,8.8));
#301 = DIRECTION('',(0.,0.,1.));
#302 = DIRECTION('',(1.,0.,0.));
#303 = AXIS2_PLACEMENT_3D('',#304,#305,#306);
#304 = CARTESIAN_POINT('',(4.4,0.,8.8));
#305 = DIRECTION('',(0.,0.,1.));
#306 = DIRECTION('',(1.,0.,0.));
#307 = AXIS2_PLACEMENT_3D('',#308,#309,#310);
#308 = CARTESIAN_POINT('',(5.2,0.,8.8));
#309 = DIRECTION('',(0.,0.,1.));
#310 = DIRECTION('',(1.,0.,0.));
#311 = AXIS2_PLACEMENT_3D('',#312,#313,#314);
#312 = CARTESIAN_POINT('',(-1.2,0.,9.6));
#313 = DIRECTION('',(0.,0.,1.));
#314 = DIRECTION('',(1.,0.,0.));
#315 = AXIS2_PLACEMENT_3D('',#316,#317,#318);
#316 = CARTESIAN_POINT('',(-0.4,0.,9.6));
#317 = DIRECTION('',(0.,0.,1.));
#318 = DIRECTION('',(1.,0.,0.));
#319 = AXIS2_PLACEMENT_3D('',#320,#321,#322);
#320 = CARTESIAN_POINT('',(0.4,0.,9.6));
#321 = DIRECTION('',(0.,0.,1.));
#322 = DIRECTION('',(1.,0.,0.));
#323 = AXIS2_PLACEMENT_3D('',#324,#325,#326);
#324 = CARTESIAN_POINT('',(3.6,0.,9.6));
#325 = DIRECTION('',(0.,0.,1.));
#326 = DIRECTION('',(1.,0.,0.));
#327 = AXIS2_PLACEMENT_3D('',#328,#329,#330);
#328 = CARTESIAN_POINT('',(4.4,0.,9.6));
#329 = DIRECTION('',(0.,0.,1.));
#330 = DIRECTION('',(1.,0.,0.));
#331 = AXIS2_PLACEMENT_3D('',#332,#333,#334);
#332 = CARTESIAN_POINT('',(5.2,0.,9.6));
#333 = DIRECTION('',(0.,0.,1.));
#334 = DIRECTION('',(1.,0.,0.));
#335 = AXIS2_PLACEMENT_3D('',#336,#337,#338);
#336 = CARTESIAN_POINT('',(-1.2,0.,10.4));
#337 = DIRECTION('',(0.,0.,1.));
#338 = DIRECTION('',(1.,0.,0.));
#339 = AXIS2_PLACEMENT_3D('',#340,#341,#342);
#340 = CARTESIAN_POINT('',(-0.4,0.,10.4));
#341 = DIRECTION('',(0.,0.,1.));
#342 = DIRECTION('',(1.,0.,0.));
#343 = AXIS2_PLACEMENT_3D('',#344,#345,#346);
#344 = CARTESIAN_POINT('',(0.4,0.,10.4));
#345 = DIRECTION('',(0.,0.,1.));
#346 = DIRECTION('',(1.,0.,0.));
#347 = AXIS2_PLACEMENT_3D('',#348,#349,#350);
#348 = CARTESIAN_POINT('',(3.6,0.,10.4));
#349 = DIRECTION('',(0.,0.,1.));
#350 = DIRECTION('',(1.,0.,0.));
#351 = AXIS2_PLACEMENT_3D('',#352,#353,#354);
#352 = CARTESIAN_POINT('',(4.4,0.,10.4));
#353 = DIRECTION('',(0.,0.,1.));
#354 = DIRECTION('',(1.,0.,0.));
#355 = AXIS2_PLACEMENT_3D('',#356,#357,#358);
#356 = CARTESIAN_POINT('',(5.2,0.,10.4));
#357 = DIRECTION('',(0.,0.,1.));
#358 = DIRECTION('',(1.,0.,0.));
#359 = AXIS2_PLACEMENT_3D('',#360,#361,#362);
#360 = CARTESIAN_POINT('',(-1.2,0.,11.2));
#361 = DIRECTION('',(0.,0.,1.));
#362 = DIRECTION('',(1.,0.,0.));
#363 = AXIS2_PLACEMENT_3D('',#364,#365,#366);
#364 = CARTESIAN_POINT('',(-0.4,0.,11.2));
#365 = DIRECTION('',(0.,0.,1.));
#366 = DIRECTION('',(1.,0.,0.));
#367 = AXIS2_PLACEMENT_3D('',#368,#369,#370);
#368 = CARTESIAN_POINT('',(0.4,0.,11.2));
#369 = DIRECTION('',(0.,0.,1.));
#370 = DIRECTION('',(1.,0.,0.));
#371 = AXIS2_PLACEMENT_3D('',#372,#373,#374);
#372 = CARTESIAN_POINT('',(3.6,0.,11.2));
#373 = DIRECTION('',(0.,0.,1.));
#374 = DIRECTION('',(1.,0.,0.));
#375 = AXIS2_PLACEMENT_3D('',#376,#377,#378);
#376 = CARTESIAN_POINT('',(4.4,0.,11.2));
#377 = DIRECTION('',(0.,0.,1.));
#378 = DIRECTION('',(1.,0.,0.));
#379 = AXIS2_PLACEMENT_3D('',#380,#381,#382);
#380 = CARTESIAN_POINT('',(5.2,0.,11.2));
#381 = DIRECTION('',(0.,0.,1.));
#382 = DIRECTION('',(1.,0.,0.));
#383 = AXIS2_PLACEMENT_3D('',#384,#385,#386);
#384 = CARTESIAN_POINT('',(-1.2,0.,12.));
#385 = DIRECTION('',(0.,0.,1.));
#386 = DIRECTION('',(1.,0.,0.));
#387 = AXIS2_PLACEMENT_3D('',#388,#389,#390);
#388 = CARTESIAN_POINT('',(-0.4,0.,12.));
#389 = DIRECTION('',(0.,0.,1.));
#390 = DIRECTION('',(1.,0.,0.));
#391 = AXIS2_PLACEMENT_3D('',#392,#393,#394);
#392 = CARTESIAN_POINT('',(0.4,0.,12.));
#393 = DIRECTION('',(0.,0.,1.));
#394 = DIRECTION('',(1.,0.,0.));
#395 = AXIS2_PLACEMENT_3D('',#396,#397,#398);
#396 = CARTESIAN_POINT('',(3.6,0.,12.));
#397 = DIRECTION('',(0.,0.,1.));
#398 = DIRECTION('',(1.,0.,0.));
#399 = AXIS2_PLACEMENT_3D('',#400,#401,#402);
#400 = CARTESIAN_POINT('',(4.4,0.,12.));
#401 = DIRECTION('',(0.,0.,1.));
#402 = DIRECTION('',(1.,0.,0.));
#403 = AXIS2_PLACEMENT_3D('',#404,#405,#406);
#404 = CARTESIAN_POINT('',(5.2,0.,12.));
#405 = DIRECTION('',(0.,0.,1.));
#406 = DIRECTION('',(1.,0.,0.));
#407 = ( GEOMETRIC_REPRESENTATION_CONTEXT(3) 
GLOBAL_UNCERTAINTY_ASSIGNED_CONTEXT((#411)) GLOBAL_UNIT_ASSIGNED_CONTEXT
((#408,#409,#410)) REPRESENTATION_CONTEXT('Context #1',
  '3D Context with UNIT and UNCERTAINTY') );
#408 = ( LENGTH_UNIT() NAMED_UNIT(*) SI_UNIT(.MILLI.,.METRE.) );
#409 = ( NAMED_UNIT(*) PLANE_ANGLE_UNIT() SI_UNIT($,.RADIAN.) );
#410 = ( NAMED_UNIT(*) SI_UNIT($,.STERADIAN.) SOLID_ANGLE_UNIT() );
#411 = UNCERTAINTY_MEASURE_WITH_UNIT(LENGTH_MEASURE(1.E-07),#408,
  'distance_accuracy_value','confusion accuracy');
#412 = PRODUCT_RELATED_PRODUCT_CATEGORY('part',$,(#7));
#413 = SHAPE_DEFINITION_REPRESENTATION(#414,#420);
#414 = PRODUCT_DEFINITION_SHAPE('','',#415);
#415 = PRODUCT_DEFINITION('design','',#416,#419);
#416 = PRODUCT_DEFINITION_FORMATION('','',#417);
#417 = PRODUCT('Body_Solid1','Body_Solid1','',(#418));
#418 = PRODUCT_CONTEXT('',#2,'mechanical');
#419 = PRODUCT_DEFINITION_CONTEXT('part definition',#2,'design');
#420 = ADVANCED_BREP_SHAPE_REPRESENTATION('',(#11,#421),#616);
#421 = MANIFOLD_SOLID_BREP('',#422);
#422 = CLOSED_SHELL('',(#423,#463,#494,#518,#553,#570,#582,#607));
#423 = ADVANCED_FACE('',(#424),#458,.T.);
#424 = FACE_BOUND('',#425,.T.);
#425 = EDGE_LOOP('',(#426,#436,#444,#452));
#426 = ORIENTED_EDGE('',*,*,#427,.F.);
#427 = EDGE_CURVE('',#428,#430,#432,.T.);
#428 = VERTEX_POINT('',#429);
#429 = CARTESIAN_POINT('',(-3.75,0.2624,6.75));
#430 = VERTEX_POINT('',#431);
#431 = CARTESIAN_POINT('',(-3.75,0.2624,-6.75));
#432 = LINE('',#433,#434);
#433 = CARTESIAN_POINT('',(-3.75,0.2624,6.75));
#434 = VECTOR('',#435,1.);
#435 = DIRECTION('',(0.,-2.22044604925E-16,-1.));
#436 = ORIENTED_EDGE('',*,*,#437,.T.);
#437 = EDGE_CURVE('',#428,#438,#440,.T.);
#438 = VERTEX_POINT('',#439);
#439 = CARTESIAN_POINT('',(-3.75,1.,6.75));
#440 = LINE('',#441,#442);
#441 = CARTESIAN_POINT('',(-3.75,1.498801083244E-15,6.75));
#442 = VECTOR('',#443,1.);
#443 = DIRECTION('',(0.,1.,-2.22044604925E-16));
#444 = ORIENTED_EDGE('',*,*,#445,.T.);
#445 = EDGE_CURVE('',#438,#446,#448,.T.);
#446 = VERTEX_POINT('',#447);
#447 = CARTESIAN_POINT('',(-3.75,1.,-6.75));
#448 = LINE('',#449,#450);
#449 = CARTESIAN_POINT('',(-3.75,1.,6.75));
#450 = VECTOR('',#451,1.);
#451 = DIRECTION('',(0.,-2.22044604925E-16,-1.));
#452 = ORIENTED_EDGE('',*,*,#453,.F.);
#453 = EDGE_CURVE('',#430,#446,#454,.T.);
#454 = LINE('',#455,#456);
#455 = CARTESIAN_POINT('',(-3.75,-1.498801083244E-15,-6.75));
#456 = VECTOR('',#457,1.);
#457 = DIRECTION('',(0.,1.,-2.22044604925E-16));
#458 = PLANE('',#459);
#459 = AXIS2_PLACEMENT_3D('',#460,#461,#462);
#460 = CARTESIAN_POINT('',(-3.75,1.498801083244E-15,6.75));
#461 = DIRECTION('',(-1.,0.,0.));
#462 = DIRECTION('',(0.,-2.22044604925E-16,-1.));
#463 = ADVANCED_FACE('',(#464),#489,.F.);
#464 = FACE_BOUND('',#465,.T.);
#465 = EDGE_LOOP('',(#466,#467,#475,#483));
#466 = ORIENTED_EDGE('',*,*,#427,.T.);
#467 = ORIENTED_EDGE('',*,*,#468,.T.);
#468 = EDGE_CURVE('',#430,#469,#471,.T.);
#469 = VERTEX_POINT('',#470);
#470 = CARTESIAN_POINT('',(3.75,0.2624,-6.75));
#471 = LINE('',#472,#473);
#472 = CARTESIAN_POINT('',(-3.75,0.2624,-6.75));
#473 = VECTOR('',#474,1.);
#474 = DIRECTION('',(1.,0.,0.));
#475 = ORIENTED_EDGE('',*,*,#476,.T.);
#476 = EDGE_CURVE('',#469,#477,#479,.T.);
#477 = VERTEX_POINT('',#478);
#478 = CARTESIAN_POINT('',(3.75,0.2624,6.75));
#479 = LINE('',#480,#481);
#480 = CARTESIAN_POINT('',(3.75,0.2624,-6.75));
#481 = VECTOR('',#482,1.);
#482 = DIRECTION('',(0.,2.22044604925E-16,1.));
#483 = ORIENTED_EDGE('',*,*,#484,.T.);
#484 = EDGE_CURVE('',#477,#428,#485,.T.);
#485 = LINE('',#486,#487);
#486 = CARTESIAN_POINT('',(3.75,0.2624,6.75));
#487 = VECTOR('',#488,1.);
#488 = DIRECTION('',(-1.,0.,0.));
#489 = PLANE('',#490);
#490 = AXIS2_PLACEMENT_3D('',#491,#492,#493);
#491 = CARTESIAN_POINT('',(0.,0.2624,-5.551115123126E-17));
#492 = DIRECTION('',(0.,1.,0.));
#493 = DIRECTION('',(0.,0.,1.));
#494 = ADVANCED_FACE('',(#495),#513,.T.);
#495 = FACE_BOUND('',#496,.T.);
#496 = EDGE_LOOP('',(#497,#498,#499,#507));
#497 = ORIENTED_EDGE('',*,*,#468,.F.);
#498 = ORIENTED_EDGE('',*,*,#453,.T.);
#499 = ORIENTED_EDGE('',*,*,#500,.T.);
#500 = EDGE_CURVE('',#446,#501,#503,.T.);
#501 = VERTEX_POINT('',#502);
#502 = CARTESIAN_POINT('',(3.75,1.,-6.75));
#503 = LINE('',#504,#505);
#504 = CARTESIAN_POINT('',(-3.75,1.,-6.75));
#505 = VECTOR('',#506,1.);
#506 = DIRECTION('',(1.,0.,0.));
#507 = ORIENTED_EDGE('',*,*,#508,.F.);
#508 = EDGE_CURVE('',#469,#501,#509,.T.);
#509 = LINE('',#510,#511);
#510 = CARTESIAN_POINT('',(3.75,-1.498801083244E-15,-6.75));
#511 = VECTOR('',#512,1.);
#512 = DIRECTION('',(0.,1.,-2.22044604925E-16));
#513 = PLANE('',#514);
#514 = AXIS2_PLACEMENT_3D('',#515,#516,#517);
#515 = CARTESIAN_POINT('',(-3.75,-1.498801083244E-15,-6.75));
#516 = DIRECTION('',(0.,-2.22044604925E-16,-1.));
#517 = DIRECTION('',(1.,0.,0.));
#518 = ADVANCED_FACE('',(#519,#537),#548,.T.);
#519 = FACE_BOUND('',#520,.T.);
#520 = EDGE_LOOP('',(#521,#522,#530,#536));
#521 = ORIENTED_EDGE('',*,*,#445,.F.);
#522 = ORIENTED_EDGE('',*,*,#523,.F.);
#523 = EDGE_CURVE('',#524,#438,#526,.T.);
#524 = VERTEX_POINT('',#525);
#525 = CARTESIAN_POINT('',(3.75,1.,6.75));
#526 = LINE('',#527,#528);
#527 = CARTESIAN_POINT('',(3.75,1.,6.75));
#528 = VECTOR('',#529,1.);
#529 = DIRECTION('',(-1.,0.,0.));
#530 = ORIENTED_EDGE('',*,*,#531,.F.);
#531 = EDGE_CURVE('',#501,#524,#532,.T.);
#532 = LINE('',#533,#534);
#533 = CARTESIAN_POINT('',(3.75,1.,-6.75));
#534 = VECTOR('',#535,1.);
#535 = DIRECTION('',(0.,2.22044604925E-16,1.));
#536 = ORIENTED_EDGE('',*,*,#500,.F.);
#537 = FACE_BOUND('',#538,.T.);
#538 = EDGE_LOOP('',(#539));
#539 = ORIENTED_EDGE('',*,*,#540,.F.);
#540 = EDGE_CURVE('',#541,#541,#543,.T.);
#541 = VERTEX_POINT('',#542);
#542 = CARTESIAN_POINT('',(-2.237394957983,1.,-5.678571428571));
#543 = CIRCLE('',#544,0.441176470588);
#544 = AXIS2_PLACEMENT_3D('',#545,#546,#547);
#545 = CARTESIAN_POINT('',(-2.678571428571,1.,-5.678571428571));
#546 = DIRECTION('',(-0.,1.,2.22044604925E-16));
#547 = DIRECTION('',(1.,0.,0.));
#548 = PLANE('',#549);
#549 = AXIS2_PLACEMENT_3D('',#550,#551,#552);
#550 = CARTESIAN_POINT('',(0.,1.,-2.22044604925E-16));
#551 = DIRECTION('',(0.,1.,0.));
#552 = DIRECTION('',(0.,0.,1.));
#553 = ADVANCED_FACE('',(#554),#565,.T.);
#554 = FACE_BOUND('',#555,.T.);
#555 = EDGE_LOOP('',(#556,#557,#563,#564));
#556 = ORIENTED_EDGE('',*,*,#484,.F.);
#557 = ORIENTED_EDGE('',*,*,#558,.T.);
#558 = EDGE_CURVE('',#477,#524,#559,.T.);
#559 = LINE('',#560,#561);
#560 = CARTESIAN_POINT('',(3.75,1.498801083244E-15,6.75));
#561 = VECTOR('',#562,1.);
#562 = DIRECTION('',(0.,1.,-2.22044604925E-16));
#563 = ORIENTED_EDGE('',*,*,#523,.T.);
#564 = ORIENTED_EDGE('',*,*,#437,.F.);
#565 = PLANE('',#566);
#566 = AXIS2_PLACEMENT_3D('',#567,#568,#569);
#567 = CARTESIAN_POINT('',(3.75,1.498801083244E-15,6.75));
#568 = DIRECTION('',(0.,2.22044604925E-16,1.));
#569 = DIRECTION('',(-1.,0.,0.));
#570 = ADVANCED_FACE('',(#571),#577,.T.);
#571 = FACE_BOUND('',#572,.T.);
#572 = EDGE_LOOP('',(#573,#574,#575,#576));
#573 = ORIENTED_EDGE('',*,*,#476,.F.);
#574 = ORIENTED_EDGE('',*,*,#508,.T.);
#575 = ORIENTED_EDGE('',*,*,#531,.T.);
#576 = ORIENTED_EDGE('',*,*,#558,.F.);
#577 = PLANE('',#578);
#578 = AXIS2_PLACEMENT_3D('',#579,#580,#581);
#579 = CARTESIAN_POINT('',(3.75,-1.498801083244E-15,-6.75));
#580 = DIRECTION('',(1.,0.,0.));
#581 = DIRECTION('',(0.,2.22044604925E-16,1.));
#582 = ADVANCED_FACE('',(#583),#602,.F.);
#583 = FACE_BOUND('',#584,.F.);
#584 = EDGE_LOOP('',(#585,#593,#600,#601));
#585 = ORIENTED_EDGE('',*,*,#586,.T.);
#586 = EDGE_CURVE('',#541,#587,#589,.T.);
#587 = VERTEX_POINT('',#588);
#588 = CARTESIAN_POINT('',(-2.237394957983,0.92624,-5.678571428571));
#589 = LINE('',#590,#591);
#590 = CARTESIAN_POINT('',(-2.237394957983,1.,-5.678571428571));
#591 = VECTOR('',#592,1.);
#592 = DIRECTION('',(0.,-1.,-2.22044604925E-16));
#593 = ORIENTED_EDGE('',*,*,#594,.T.);
#594 = EDGE_CURVE('',#587,#587,#595,.T.);
#595 = CIRCLE('',#596,0.441176470588);
#596 = AXIS2_PLACEMENT_3D('',#597,#598,#599);
#597 = CARTESIAN_POINT('',(-2.678571428571,0.92624,-5.678571428571));
#598 = DIRECTION('',(-0.,1.,2.22044604925E-16));
#599 = DIRECTION('',(1.,0.,0.));
#600 = ORIENTED_EDGE('',*,*,#586,.F.);
#601 = ORIENTED_EDGE('',*,*,#540,.F.);
#602 = CYLINDRICAL_SURFACE('',#603,0.441176470588);
#603 = AXIS2_PLACEMENT_3D('',#604,#605,#606);
#604 = CARTESIAN_POINT('',(-2.678571428571,1.,-5.678571428571));
#605 = DIRECTION('',(0.,1.,2.22044604925E-16));
#606 = DIRECTION('',(1.,0.,0.));
#607 = ADVANCED_FACE('',(#608),#611,.T.);
#608 = FACE_BOUND('',#609,.T.);
#609 = EDGE_LOOP('',(#610));
#610 = ORIENTED_EDGE('',*,*,#594,.T.);
#611 = PLANE('',#612);
#612 = AXIS2_PLACEMENT_3D('',#613,#614,#615);
#613 = CARTESIAN_POINT('',(-2.678571428571,0.92624,-5.678571428571));
#614 = DIRECTION('',(0.,1.,2.905810281646E-16));
#615 = DIRECTION('',(0.,-2.905810281646E-16,1.));
#616 = ( GEOMETRIC_REPRESENTATION_CONTEXT(3) 
GLOBAL_UNCERTAINTY_ASSIGNED_CONTEXT((#620)) GLOBAL_UNIT_ASSIGNED_CONTEXT
((#617,#618,#619)) REPRESENTATION_CONTEXT('Context #1',
  '3D Context with UNIT and UNCERTAINTY') );
#617 = ( LENGTH_UNIT() NAMED_UNIT(*) SI_UNIT(.MILLI.,.METRE.) );
#618 = ( NAMED_UNIT(*) PLANE_ANGLE_UNIT() SI_UNIT($,.RADIAN.) );
#619 = ( NAMED_UNIT(*) SI_UNIT($,.STERADIAN.) SOLID_ANGLE_UNIT() );
#620 = UNCERTAINTY_MEASURE_WITH_UNIT(LENGTH_MEASURE(1.E-07),#617,
  'distance_accuracy_value','confusion accuracy');
#621 = CONTEXT_DEPENDENT_SHAPE_REPRESENTATION(#622,#624);
#622 = ( REPRESENTATION_RELATIONSHIP('','',#420,#10) 
REPRESENTATION_RELATIONSHIP_WITH_TRANSFORMATION(#623) 
SHAPE_REPRESENTATION_RELATIONSHIP() );
#623 = ITEM_DEFINED_TRANSFORMATION('','',#11,#15);
#624 = PRODUCT_DEFINITION_SHAPE('Placement','Placement of an item',#625
  );
#625 = NEXT_ASSEMBLY_USAGE_OCCURRENCE('158895','Body_Solid1','',#5,#415,
  $);
#626 = PRODUCT_RELATED_PRODUCT_CATEGORY('part',$,(#417));
#627 = SHAPE_DEFINITION_REPRESENTATION(#628,#634);
#628 = PRODUCT_DEFINITION_SHAPE('','',#629);
#629 = PRODUCT_DEFINITION('design','',#630,#633);
#630 = PRODUCT_DEFINITION_FORMATION('','',#631);
#631 = PRODUCT('Body002_Solid1','Body002_Solid1','',(#632));
#632 = PRODUCT_CONTEXT('',#2,'mechanical');
#633 = PRODUCT_DEFINITION_CONTEXT('part definition',#2,'design');
#634 = ADVANCED_BREP_SHAPE_REPRESENTATION('',(#11,#635),#688);
#635 = MANIFOLD_SOLID_BREP('',#636);
#636 = CLOSED_SHELL('',(#637,#670,#679));
#637 = ADVANCED_FACE('',(#638),#665,.T.);
#638 = FACE_BOUND('',#639,.F.);
#639 = EDGE_LOOP('',(#640,#650,#657,#658));
#640 = ORIENTED_EDGE('',*,*,#641,.T.);
#641 = EDGE_CURVE('',#642,#644,#646,.T.);
#642 = VERTEX_POINT('',#643);
#643 = CARTESIAN_POINT('',(-3.11974789916,0.92624,-5.678571428571));
#644 = VERTEX_POINT('',#645);
#645 = CARTESIAN_POINT('',(-3.11974789916,1.,-5.678571428571));
#646 = LINE('',#647,#648);
#647 = CARTESIAN_POINT('',(-3.11974789916,0.92624,-5.678571428571));
#648 = VECTOR('',#649,1.);
#649 = DIRECTION('',(0.,1.,-2.22044604925E-16));
#650 = ORIENTED_EDGE('',*,*,#651,.T.);
#651 = EDGE_CURVE('',#644,#644,#652,.T.);
#652 = CIRCLE('',#653,0.441176470588);
#653 = AXIS2_PLACEMENT_3D('',#654,#655,#656);
#654 = CARTESIAN_POINT('',(-2.678571428571,1.,-5.678571428571));
#655 = DIRECTION('',(0.,1.,-2.22044604925E-16));
#656 = DIRECTION('',(-1.,0.,0.));
#657 = ORIENTED_EDGE('',*,*,#641,.F.);
#658 = ORIENTED_EDGE('',*,*,#659,.F.);
#659 = EDGE_CURVE('',#642,#642,#660,.T.);
#660 = CIRCLE('',#661,0.441176470588);
#661 = AXIS2_PLACEMENT_3D('',#662,#663,#664);
#662 = CARTESIAN_POINT('',(-2.678571428571,0.92624,-5.678571428571));
#663 = DIRECTION('',(0.,1.,-2.22044604925E-16));
#664 = DIRECTION('',(-1.,0.,0.));
#665 = CYLINDRICAL_SURFACE('',#666,0.441176470588);
#666 = AXIS2_PLACEMENT_3D('',#667,#668,#669);
#667 = CARTESIAN_POINT('',(-2.678571428571,0.92624,-5.678571428571));
#668 = DIRECTION('',(0.,-1.,2.22044604925E-16));
#669 = DIRECTION('',(-1.,0.,0.));
#670 = ADVANCED_FACE('',(#671),#674,.F.);
#671 = FACE_BOUND('',#672,.F.);
#672 = EDGE_LOOP('',(#673));
#673 = ORIENTED_EDGE('',*,*,#659,.T.);
#674 = PLANE('',#675);
#675 = AXIS2_PLACEMENT_3D('',#676,#677,#678);
#676 = CARTESIAN_POINT('',(-2.678571428571,0.92624,-5.678571428571));
#677 = DIRECTION('',(0.,1.,0.));
#678 = DIRECTION('',(0.,0.,1.));
#679 = ADVANCED_FACE('',(#680),#683,.T.);
#680 = FACE_BOUND('',#681,.T.);
#681 = EDGE_LOOP('',(#682));
#682 = ORIENTED_EDGE('',*,*,#651,.T.);
#683 = PLANE('',#684);
#684 = AXIS2_PLACEMENT_3D('',#685,#686,#687);
#685 = CARTESIAN_POINT('',(-2.678571428571,1.,-5.678571428571));
#686 = DIRECTION('',(0.,1.,0.));
#687 = DIRECTION('',(0.,0.,1.));
#688 = ( GEOMETRIC_REPRESENTATION_CONTEXT(3) 
GLOBAL_UNCERTAINTY_ASSIGNED_CONTEXT((#692)) GLOBAL_UNIT_ASSIGNED_CONTEXT
((#689,#690,#691)) REPRESENTATION_CONTEXT('Context #1',
  '3D Context with UNIT and UNCERTAINTY') );
#689 = ( LENGTH_UNIT() NAMED_UNIT(*) SI_UNIT(.MILLI.,.METRE.) );
#690 = ( NAMED_UNIT(*) PLANE_ANGLE_UNIT() SI_UNIT($,.RADIAN.) );
#691 = ( NAMED_UNIT(*) SI_UNIT($,.STERADIAN.) SOLID_ANGLE_UNIT() );
#692 = UNCERTAINTY_MEASURE_WITH_UNIT(LENGTH_MEASURE(1.E-07),#689,
  'distance_accuracy_value','confusion accuracy');
#693 = CONTEXT_DEPENDENT_SHAPE_REPRESENTATION(#694,#696);
#694 = ( REPRESENTATION_RELATIONSHIP('','',#634,#10) 
REPRESENTATION_RELATIONSHIP_WITH_TRANSFORMATION(#695) 
SHAPE_REPRESENTATION_RELATIONSHIP() );
#695 = ITEM_DEFINED_TRANSFORMATION('','',#11,#19);
#696 = PRODUCT_DEFINITION_SHAPE('Placement','Placement of an item',#697
  );
#697 = NEXT_ASSEMBLY_USAGE_OCCURRENCE('158896','Body002_Solid1','',#5,
  #629,$);
#698 = PRODUCT_RELATED_PRODUCT_CATEGORY('part',$,(#631));
#699 = SHAPE_DEFINITION_REPRESENTATION(#700,#706);
#700 = PRODUCT_DEFINITION_SHAPE('','',#701);
#701 = PRODUCT_DEFINITION('design','',#702,#705);
#702 = PRODUCT_DEFINITION_FORMATION('','',#703);
#703 = PRODUCT('BALL_0001','BALL_0001','',(#704));
#704 = PRODUCT_CONTEXT('',#2,'mechanical');
#705 = PRODUCT_DEFINITION_CONTEXT('part definition',#2,'design');
#706 = ADVANCED_BREP_SHAPE_REPRESENTATION('',(#11,#707),#745);
#707 = MANIFOLD_SOLID_BREP('',#708);
#708 = CLOSED_SHELL('',(#709,#736));
#709 = ADVANCED_FACE('',(#710),#731,.T.);
#710 = FACE_BOUND('',#711,.T.);
#711 = EDGE_LOOP('',(#712,#721,#730));
#712 = ORIENTED_EDGE('',*,*,#713,.T.);
#713 = EDGE_CURVE('',#714,#714,#716,.T.);
#714 = VERTEX_POINT('',#715);
#715 = CARTESIAN_POINT('',(-2.,0.262399999997,-5.868799999998));
#716 = CIRCLE('',#717,0.131200000002);
#717 = AXIS2_PLACEMENT_3D('',#718,#719,#720);
#718 = CARTESIAN_POINT('',(-2.,0.262399999997,-6.));
#719 = DIRECTION('',(-5.551115123126E-17,-1.,0.));
#720 = DIRECTION('',(1.718305301576E-28,-9.538510545726E-45,1.));
#721 = ORIENTED_EDGE('',*,*,#722,.T.);
#722 = EDGE_CURVE('',#714,#723,#725,.T.);
#723 = VERTEX_POINT('',#724);
#724 = CARTESIAN_POINT('',(-2.,4.05763833864E-13,-6.));
#725 = CIRCLE('',#726,0.164);
#726 = AXIS2_PLACEMENT_3D('',#727,#728,#729);
#727 = CARTESIAN_POINT('',(-2.,0.164,-6.));
#728 = DIRECTION('',(1.,-1.110223024625E-16,-5.551115123126E-17));
#729 = DIRECTION('',(1.110223024625E-16,1.,5.551115123126E-17));
#730 = ORIENTED_EDGE('',*,*,#722,.F.);
#731 = SPHERICAL_SURFACE('',#732,0.164);
#732 = AXIS2_PLACEMENT_3D('',#733,#734,#735);
#733 = CARTESIAN_POINT('',(-2.,0.164,-6.));
#734 = DIRECTION('',(-5.551115123126E-17,-1.,-0.));
#735 = DIRECTION('',(1.536735126745E-28,-8.530593602312E-45,1.));
#736 = ADVANCED_FACE('',(#737),#740,.F.);
#737 = FACE_BOUND('',#738,.F.);
#738 = EDGE_LOOP('',(#739));
#739 = ORIENTED_EDGE('',*,*,#713,.T.);
#740 = PLANE('',#741);
#741 = AXIS2_PLACEMENT_3D('',#742,#743,#744);
#742 = CARTESIAN_POINT('',(-2.,0.2624,-6.));
#743 = DIRECTION('',(-5.551115123126E-17,-1.,-0.));
#744 = DIRECTION('',(1.718305301602E-28,-9.53851054587E-45,1.));
#745 = ( GEOMETRIC_REPRESENTATION_CONTEXT(3) 
GLOBAL_UNCERTAINTY_ASSIGNED_CONTEXT((#749)) GLOBAL_UNIT_ASSIGNED_CONTEXT
((#746,#747,#748)) REPRESENTATION_CONTEXT('Context #1',
  '3D Context with UNIT and UNCERTAINTY') );
#746 = ( LENGTH_UNIT() NAMED_UNIT(*) SI_UNIT(.MILLI.,.METRE.) );
#747 = ( NAMED_UNIT(*) PLANE_ANGLE_UNIT() SI_UNIT($,.RADIAN.) );
#748 = ( NAMED_UNIT(*) SI_UNIT($,.STERADIAN.) SOLID_ANGLE_UNIT() );
#749 = UNCERTAINTY_MEASURE_WITH_UNIT(LENGTH_MEASURE(1.E-07),#746,
  'distance_accuracy_value','confusion accuracy');
#750 = CONTEXT_DEPENDENT_SHAPE_REPRESENTATION(#751,#753);
#751 = ( REPRESENTATION_RELATIONSHIP('','',#706,#10) 
REPRESENTATION_RELATIONSHIP_WITH_TRANSFORMATION(#752) 
SHAPE_REPRESENTATION_RELATIONSHIP() );
#752 = ITEM_DEFINED_TRANSFORMATION('','',#11,#23);
#753 = PRODUCT_DEFINITION_SHAPE('Placement','Placement of an item',#754
  );
#754 = NEXT_ASSEMBLY_USAGE_OCCURRENCE('158897','BALL_0001','',#5,#701,$
  );
#755 = PRODUCT_RELATED_PRODUCT_CATEGORY('part',$,(#703));
#756 = SHAPE_DEFINITION_REPRESENTATION(#757,#763);
#757 = PRODUCT_DEFINITION_SHAPE('','',#758);
#758 = PRODUCT_DEFINITION('design','',#759,#762);
#759 = PRODUCT_DEFINITION_FORMATION('','',#760);
#760 = PRODUCT('BALL_0002','BALL_0002','',(#761));
#761 = PRODUCT_CONTEXT('',#2,'mechanical');
#762 = PRODUCT_DEFINITION_CONTEXT('part definition',#2,'design');
#763 = ADVANCED_BREP_SHAPE_REPRESENTATION('',(#11,#764),#802);
#764 = MANIFOLD_SOLID_BREP('',#765);
#765 = CLOSED_SHELL('',(#766,#793));
#766 = ADVANCED_FACE('',(#767),#788,.T.);
#767 = FACE_BOUND('',#768,.T.);
#768 = EDGE_LOOP('',(#769,#778,#787));
#769 = ORIENTED_EDGE('',*,*,#770,.T.);
#770 = EDGE_CURVE('',#771,#771,#773,.T.);
#771 = VERTEX_POINT('',#772);
#772 = CARTESIAN_POINT('',(-2.,0.262399999997,-5.868799999998));
#773 = CIRCLE('',#774,0.131200000002);
#774 = AXIS2_PLACEMENT_3D('',#775,#776,#777);
#775 = CARTESIAN_POINT('',(-2.,0.262399999997,-6.));
#776 = DIRECTION('',(-5.551115123126E-17,-1.,0.));
#777 = DIRECTION('',(1.718305301576E-28,-9.538510545726E-45,1.));
#778 = ORIENTED_EDGE('',*,*,#779,.T.);
#779 = EDGE_CURVE('',#771,#780,#782,.T.);
#780 = VERTEX_POINT('',#781);
#781 = CARTESIAN_POINT('',(-2.,4.05763833864E-13,-6.));
#782 = CIRCLE('',#783,0.164);
#783 = AXIS2_PLACEMENT_3D('',#784,#785,#786);
#784 = CARTESIAN_POINT('',(-2.,0.164,-6.));
#785 = DIRECTION('',(1.,-1.110223024625E-16,-5.551115123126E-17));
#786 = DIRECTION('',(1.110223024625E-16,1.,5.551115123126E-17));
#787 = ORIENTED_EDGE('',*,*,#779,.F.);
#788 = SPHERICAL_SURFACE('',#789,0.164);
#789 = AXIS2_PLACEMENT_3D('',#790,#791,#792);
#790 = CARTESIAN_POINT('',(-2.,0.164,-6.));
#791 = DIRECTION('',(-5.551115123126E-17,-1.,-0.));
#792 = DIRECTION('',(1.536735126745E-28,-8.530593602312E-45,1.));
#793 = ADVANCED_FACE('',(#794),#797,.F.);
#794 = FACE_BOUND('',#795,.F.);
#795 = EDGE_LOOP('',(#796));
#796 = ORIENTED_EDGE('',*,*,#770,.T.);
#797 = PLANE('',#798);
#798 = AXIS2_PLACEMENT_3D('',#799,#800,#801);
#799 = CARTESIAN_POINT('',(-2.,0.2624,-6.));
#800 = DIRECTION('',(-5.551115123126E-17,-1.,-0.));
#801 = DIRECTION('',(1.718305301602E-28,-9.53851054587E-45,1.));
#802 = ( GEOMETRIC_REPRESENTATION_CONTEXT(3) 
GLOBAL_UNCERTAINTY_ASSIGNED_CONTEXT((#806)) GLOBAL_UNIT_ASSIGNED_CONTEXT
((#803,#804,#805)) REPRESENTATION_CONTEXT('Context #1',
  '3D Context with UNIT and UNCERTAINTY') );
#803 = ( LENGTH_UNIT() NAMED_UNIT(*) SI_UNIT(.MILLI.,.METRE.) );
#804 = ( NAMED_UNIT(*) PLANE_ANGLE_UNIT() SI_UNIT($,.RADIAN.) );
#805 = ( NAMED_UNIT(*) SI_UNIT($,.STERADIAN.) SOLID_ANGLE_UNIT() );
#806 = UNCERTAINTY_MEASURE_WITH_UNIT(LENGTH_MEASURE(1.E-07),#803,
  'distance_accuracy_value','confusion accuracy');
#807 = CONTEXT_DEPENDENT_SHAPE_REPRESENTATION(#808,#810);
#808 = ( REPRESENTATION_RELATIONSHIP('','',#763,#10) 
REPRESENTATION_RELATIONSHIP_WITH_TRANSFORMATION(#809) 
SHAPE_REPRESENTATION_RELATIONSHIP() );
#809 = ITEM_DEFINED_TRANSFORMATION('','',#11,#27);
#810 = PRODUCT_DEFINITION_SHAPE('Placement','Placement of an item',#811
  );
#811 = NEXT_ASSEMBLY_USAGE_OCCURRENCE('158898','BALL_0002','',#5,#758,$
  );
#812 = PRODUCT_RELATED_PRODUCT_CATEGORY('part',$,(#760));
#813 = SHAPE_DEFINITION_REPRESENTATION(#814,#820);
#814 = PRODUCT_DEFINITION_SHAPE('','',#815);
#815 = PRODUCT_DEFINITION('design','',#816,#819);
#816 = PRODUCT_DEFINITION_FORMATION('','',#817);
#817 = PRODUCT('BALL_0003','BALL_0003','',(#818));
#818 = PRODUCT_CONTEXT('',#2,'mechanical');
#819 = PRODUCT_DEFINITION_CONTEXT('part definition',#2,'design');
#820 = ADVANCED_BREP_SHAPE_REPRESENTATION('',(#11,#821),#859);
#821 = MANIFOLD_SOLID_BREP('',#822);
#822 = CLOSED_SHELL('',(#823,#850));
#823 = ADVANCED_FACE('',(#824),#845,.T.);
#824 = FACE_BOUND('',#825,.T.);
#825 = EDGE_LOOP('',(#826,#835,#844));
#826 = ORIENTED_EDGE('',*,*,#827,.T.);
#827 = EDGE_CURVE('',#828,#828,#830,.T.);
#828 = VERTEX_POINT('',#829);
#829 = CARTESIAN_POINT('',(-2.,0.262399999997,-5.868799999998));
#830 = CIRCLE('',#831,0.131200000002);
#831 = AXIS2_PLACEMENT_3D('',#832,#833,#834);
#832 = CARTESIAN_POINT('',(-2.,0.262399999997,-6.));
#833 = DIRECTION('',(-5.551115123126E-17,-1.,0.));
#834 = DIRECTION('',(1.718305301576E-28,-9.538510545726E-45,1.));
#835 = ORIENTED_EDGE('',*,*,#836,.T.);
#836 = EDGE_CURVE('',#828,#837,#839,.T.);
#837 = VERTEX_POINT('',#838);
#838 = CARTESIAN_POINT('',(-2.,4.05763833864E-13,-6.));
#839 = CIRCLE('',#840,0.164);
#840 = AXIS2_PLACEMENT_3D('',#841,#842,#843);
#841 = CARTESIAN_POINT('',(-2.,0.164,-6.));
#842 = DIRECTION('',(1.,-1.110223024625E-16,-5.551115123126E-17));
#843 = DIRECTION('',(1.110223024625E-16,1.,5.551115123126E-17));
#844 = ORIENTED_EDGE('',*,*,#836,.F.);
#845 = SPHERICAL_SURFACE('',#846,0.164);
#846 = AXIS2_PLACEMENT_3D('',#847,#848,#849);
#847 = CARTESIAN_POINT('',(-2.,0.164,-6.));
#848 = DIRECTION('',(-5.551115123126E-17,-1.,-0.));
#849 = DIRECTION('',(1.536735126745E-28,-8.530593602312E-45,1.));
#850 = ADVANCED_FACE('',(#851),#854,.F.);
#851 = FACE_BOUND('',#852,.F.);
#852 = EDGE_LOOP('',(#853));
#853 = ORIENTED_EDGE('',*,*,#827,.T.);
#854 = PLANE('',#855);
#855 = AXIS2_PLACEMENT_3D('',#856,#857,#858);
#856 = CARTESIAN_POINT('',(-2.,0.2624,-6.));
#857 = DIRECTION('',(-5.551115123126E-17,-1.,-0.));
#858 = DIRECTION('',(1.718305301602E-28,-9.53851054587E-45,1.));
#859 = ( GEOMETRIC_REPRESENTATION_CONTEXT(3) 
GLOBAL_UNCERTAINTY_ASSIGNED_CONTEXT((#863)) GLOBAL_UNIT_ASSIGNED_CONTEXT
((#860,#861,#862)) REPRESENTATION_CONTEXT('Context #1',
  '3D Context with UNIT and UNCERTAINTY') );
#860 = ( LENGTH_UNIT() NAMED_UNIT(*) SI_UNIT(.MILLI.,.METRE.) );
#861 = ( NAMED_UNIT(*) PLANE_ANGLE_UNIT() SI_UNIT($,.RADIAN.) );
#862 = ( NAMED_UNIT(*) SI_UNIT($,.STERADIAN.) SOLID_ANGLE_UNIT() );
#863 = UNCERTAINTY_MEASURE_WITH_UNIT(LENGTH_MEASURE(1.E-07),#860,
  'distance_accuracy_value','confusion accuracy');
#864 = CONTEXT_DEPENDENT_SHAPE_REPRESENTATION(#865,#867);
#865 = ( REPRESENTATION_RELATIONSHIP('','',#820,#10) 
REPRESENTATION_RELATIONSHIP_WITH_TRANSFORMATION(#866) 
SHAPE_REPRESENTATION_RELATIONSHIP() );
#866 = ITEM_DEFINED_TRANSFORMATION('','',#11,#31);
#867 = PRODUCT_DEFINITION_SHAPE('Placement','Placement of an item',#868
  );
#868 = NEXT_ASSEMBLY_USAGE_OCCURRENCE('158899','BALL_0003','',#5,#815,$
  );
#869 = PRODUCT_RELATED_PRODUCT_CATEGORY('part',$,(#817));
#870 = SHAPE_DEFINITION_REPRESENTATION(#871,#877);
#871 = PRODUCT_DEFINITION_SHAPE('','',#872);
#872 = PRODUCT_DEFINITION('design','',#873,#876);
#873 = PRODUCT_DEFINITION_FORMATION('','',#874);
#874 = PRODUCT('BALL_0004','BALL_0004','',(#875));
#875 = PRODUCT_CONTEXT('',#2,'mechanical');
#876 = PRODUCT_DEFINITION_CONTEXT('part definition',#2,'design');
#877 = ADVANCED_BREP_SHAPE_REPRESENTATION('',(#11,#878),#916);
#878 = MANIFOLD_SOLID_BREP('',#879);
#879 = CLOSED_SHELL('',(#880,#907));
#880 = ADVANCED_FACE('',(#881),#902,.T.);
#881 = FACE_BOUND('',#882,.T.);
#882 = EDGE_LOOP('',(#883,#892,#901));
#883 = ORIENTED_EDGE('',*,*,#884,.T.);
#884 = EDGE_CURVE('',#885,#885,#887,.T.);
#885 = VERTEX_POINT('',#886);
#886 = CARTESIAN_POINT('',(-2.,0.262399999997,-5.868799999998));
#887 = CIRCLE('',#888,0.131200000002);
#888 = AXIS2_PLACEMENT_3D('',#889,#890,#891);
#889 = CARTESIAN_POINT('',(-2.,0.262399999997,-6.));
#890 = DIRECTION('',(-5.551115123126E-17,-1.,0.));
#891 = DIRECTION('',(1.718305301576E-28,-9.538510545726E-45,1.));
#892 = ORIENTED_EDGE('',*,*,#893,.T.);
#893 = EDGE_CURVE('',#885,#894,#896,.T.);
#894 = VERTEX_POINT('',#895);
#895 = CARTESIAN_POINT('',(-2.,4.05763833864E-13,-6.));
#896 = CIRCLE('',#897,0.164);
#897 = AXIS2_PLACEMENT_3D('',#898,#899,#900);
#898 = CARTESIAN_POINT('',(-2.,0.164,-6.));
#899 = DIRECTION('',(1.,-1.110223024625E-16,-5.551115123126E-17));
#900 = DIRECTION('',(1.110223024625E-16,1.,5.551115123126E-17));
#901 = ORIENTED_EDGE('',*,*,#893,.F.);
#902 = SPHERICAL_SURFACE('',#903,0.164);
#903 = AXIS2_PLACEMENT_3D('',#904,#905,#906);
#904 = CARTESIAN_POINT('',(-2.,0.164,-6.));
#905 = DIRECTION('',(-5.551115123126E-17,-1.,-0.));
#906 = DIRECTION('',(1.536735126745E-28,-8.530593602312E-45,1.));
#907 = ADVANCED_FACE('',(#908),#911,.F.);
#908 = FACE_BOUND('',#909,.F.);
#909 = EDGE_LOOP('',(#910));
#910 = ORIENTED_EDGE('',*,*,#884,.T.);
#911 = PLANE('',#912);
#912 = AXIS2_PLACEMENT_3D('',#913,#914,#915);
#913 = CARTESIAN_POINT('',(-2.,0.2624,-6.));
#914 = DIRECTION('',(-5.551115123126E-17,-1.,-0.));
#915 = DIRECTION('',(1.718305301602E-28,-9.53851054587E-45,1.));
#916 = ( GEOMETRIC_REPRESENTATION_CONTEXT(3) 
GLOBAL_UNCERTAINTY_ASSIGNED_CONTEXT((#920)) GLOBAL_UNIT_ASSIGNED_CONTEXT
((#917,#918,#919)) REPRESENTATION_CONTEXT('Context #1',
  '3D Context with UNIT and UNCERTAINTY') );
#917 = ( LENGTH_UNIT() NAMED_UNIT(*) SI_UNIT(.MILLI.,.METRE.) );
#918 = ( NAMED_UNIT(*) PLANE_ANGLE_UNIT() SI_UNIT($,.RADIAN.) );
#919 = ( NAMED_UNIT(*) SI_UNIT($,.STERADIAN.) SOLID_ANGLE_UNIT() );
#920 = UNCERTAINTY_MEASURE_WITH_UNIT(LENGTH_MEASURE(1.E-07),#917,
  'distance_accuracy_value','confusion accuracy');
#921 = CONTEXT_DEPENDENT_SHAPE_REPRESENTATION(#922,#924);
#922 = ( REPRESENTATION_RELATIONSHIP('','',#877,#10) 
REPRESENTATION_RELATIONSHIP_WITH_TRANSFORMATION(#923) 
SHAPE_REPRESENTATION_RELATIONSHIP() );
#923 = ITEM_DEFINED_TRANSFORMATION('','',#11,#35);
#924 = PRODUCT_DEFINITION_SHAPE('Placement','Placement of an item',#925
  );
#925 = NEXT_ASSEMBLY_USAGE_OCCURRENCE('158900','BALL_0004','',#5,#872,$
  );
#926 = PRODUCT_RELATED_PRODUCT_CATEGORY('part',$,(#874));
#927 = SHAPE_DEFINITION_REPRESENTATION(#928,#934);
#928 = PRODUCT_DEFINITION_SHAPE('','',#929);
#929 = PRODUCT_DEFINITION('design','',#930,#933);
#930 = PRODUCT_DEFINITION_FORMATION('','',#931);
#931 = PRODUCT('BALL_0005','BALL_0005','',(#932));
#932 = PRODUCT_CONTEXT('',#2,'mechanical');
#933 = PRODUCT_DEFINITION_CONTEXT('part definition',#2,'design');
#934 = ADVANCED_BREP_SHAPE_REPRESENTATION('',(#11,#935),#973);
#935 = MANIFOLD_SOLID_BREP('',#936);
#936 = CLOSED_SHELL('',(#937,#964));
#937 = ADVANCED_FACE('',(#938),#959,.T.);
#938 = FACE_BOUND('',#939,.T.);
#939 = EDGE_LOOP('',(#940,#949,#958));
#940 = ORIENTED_EDGE('',*,*,#941,.T.);
#941 = EDGE_CURVE('',#942,#942,#944,.T.);
#942 = VERTEX_POINT('',#943);
#943 = CARTESIAN_POINT('',(-2.,0.262399999997,-5.868799999998));
#944 = CIRCLE('',#945,0.131200000002);
#945 = AXIS2_PLACEMENT_3D('',#946,#947,#948);
#946 = CARTESIAN_POINT('',(-2.,0.262399999997,-6.));
#947 = DIRECTION('',(-5.551115123126E-17,-1.,0.));
#948 = DIRECTION('',(1.718305301576E-28,-9.538510545726E-45,1.));
#949 = ORIENTED_EDGE('',*,*,#950,.T.);
#950 = EDGE_CURVE('',#942,#951,#953,.T.);
#951 = VERTEX_POINT('',#952);
#952 = CARTESIAN_POINT('',(-2.,4.05763833864E-13,-6.));
#953 = CIRCLE('',#954,0.164);
#954 = AXIS2_PLACEMENT_3D('',#955,#956,#957);
#955 = CARTESIAN_POINT('',(-2.,0.164,-6.));
#956 = DIRECTION('',(1.,-1.110223024625E-16,-5.551115123126E-17));
#957 = DIRECTION('',(1.110223024625E-16,1.,5.551115123126E-17));
#958 = ORIENTED_EDGE('',*,*,#950,.F.);
#959 = SPHERICAL_SURFACE('',#960,0.164);
#960 = AXIS2_PLACEMENT_3D('',#961,#962,#963);
#961 = CARTESIAN_POINT('',(-2.,0.164,-6.));
#962 = DIRECTION('',(-5.551115123126E-17,-1.,-0.));
#963 = DIRECTION('',(1.536735126745E-28,-8.530593602312E-45,1.));
#964 = ADVANCED_FACE('',(#965),#968,.F.);
#965 = FACE_BOUND('',#966,.F.);
#966 = EDGE_LOOP('',(#967));
#967 = ORIENTED_EDGE('',*,*,#941,.T.);
#968 = PLANE('',#969);
#969 = AXIS2_PLACEMENT_3D('',#970,#971,#972);
#970 = CARTESIAN_POINT('',(-2.,0.2624,-6.));
#971 = DIRECTION('',(-5.551115123126E-17,-1.,-0.));
#972 = DIRECTION('',(1.718305301602E-28,-9.53851054587E-45,1.));
#973 = ( GEOMETRIC_REPRESENTATION_CONTEXT(3) 
GLOBAL_UNCERTAINTY_ASSIGNED_CONTEXT((#977)) GLOBAL_UNIT_ASSIGNED_CONTEXT
((#974,#975,#976)) REPRESENTATION_CONTEXT('Context #1',
  '3D Context with UNIT and UNCERTAINTY') );
#974 = ( LENGTH_UNIT() NAMED_UNIT(*) SI_UNIT(.MILLI.,.METRE.) );
#975 = ( NAMED_UNIT(*) PLANE_ANGLE_UNIT() SI_UNIT($,.RADIAN.) );
#976 = ( NAMED_UNIT(*) SI_UNIT($,.STERADIAN.) SOLID_ANGLE_UNIT() );
#977 = UNCERTAINTY_MEASURE_WITH_UNIT(LENGTH_MEASURE(1.E-07),#974,
  'distance_accuracy_value','confusion accuracy');
#978 = CONTEXT_DEPENDENT_SHAPE_REPRESENTATION(#979,#981);
#979 = ( REPRESENTATION_RELATIONSHIP('','',#934,#10) 
REPRESENTATION_RELATIONSHIP_WITH_TRANSFORMATION(#980) 
SHAPE_REPRESENTATION_RELATIONSHIP() );
#980 = ITEM_DEFINED_TRANSFORMATION('','',#11,#39);
#981 = PRODUCT_DEFINITION_SHAPE('Placement','Placement of an item',#982
  );
#982 = NEXT_ASSEMBLY_USAGE_OCCURRENCE('158901','BALL_0005','',#5,#929,$
  );
#983 = PRODUCT_RELATED_PRODUCT_CATEGORY('part',$,(#931));
#984 = SHAPE_DEFINITION_REPRESENTATION(#985,#991);
#985 = PRODUCT_DEFINITION_SHAPE('','',#986);
#986 = PRODUCT_DEFINITION('design','',#987,#990);
#987 = PRODUCT_DEFINITION_FORMATION('','',#988);
#988 = PRODUCT('BALL_0006','BALL_0006','',(#989));
#989 = PRODUCT_CONTEXT('',#2,'mechanical');
#990 = PRODUCT_DEFINITION_CONTEXT('part definition',#2,'design');
#991 = ADVANCED_BREP_SHAPE_REPRESENTATION('',(#11,#992),#1030);
#992 = MANIFOLD_SOLID_BREP('',#993);
#993 = CLOSED_SHELL('',(#994,#1021));
#994 = ADVANCED_FACE('',(#995),#1016,.T.);
#995 = FACE_BOUND('',#996,.T.);
#996 = EDGE_LOOP('',(#997,#1006,#1015));
#997 = ORIENTED_EDGE('',*,*,#998,.T.);
#998 = EDGE_CURVE('',#999,#999,#1001,.T.);
#999 = VERTEX_POINT('',#1000);
#1000 = CARTESIAN_POINT('',(-2.,0.262399999997,-5.868799999998));
#1001 = CIRCLE('',#1002,0.131200000002);
#1002 = AXIS2_PLACEMENT_3D('',#1003,#1004,#1005);
#1003 = CARTESIAN_POINT('',(-2.,0.262399999997,-6.));
#1004 = DIRECTION('',(-5.551115123126E-17,-1.,0.));
#1005 = DIRECTION('',(1.718305301576E-28,-9.538510545726E-45,1.));
#1006 = ORIENTED_EDGE('',*,*,#1007,.T.);
#1007 = EDGE_CURVE('',#999,#1008,#1010,.T.);
#1008 = VERTEX_POINT('',#1009);
#1009 = CARTESIAN_POINT('',(-2.,4.05763833864E-13,-6.));
#1010 = CIRCLE('',#1011,0.164);
#1011 = AXIS2_PLACEMENT_3D('',#1012,#1013,#1014);
#1012 = CARTESIAN_POINT('',(-2.,0.164,-6.));
#1013 = DIRECTION('',(1.,-1.110223024625E-16,-5.551115123126E-17));
#1014 = DIRECTION('',(1.110223024625E-16,1.,5.551115123126E-17));
#1015 = ORIENTED_EDGE('',*,*,#1007,.F.);
#1016 = SPHERICAL_SURFACE('',#1017,0.164);
#1017 = AXIS2_PLACEMENT_3D('',#1018,#1019,#1020);
#1018 = CARTESIAN_POINT('',(-2.,0.164,-6.));
#1019 = DIRECTION('',(-5.551115123126E-17,-1.,-0.));
#1020 = DIRECTION('',(1.536735126745E-28,-8.530593602312E-45,1.));
#1021 = ADVANCED_FACE('',(#1022),#1025,.F.);
#1022 = FACE_BOUND('',#1023,.F.);
#1023 = EDGE_LOOP('',(#1024));
#1024 = ORIENTED_EDGE('',*,*,#998,.T.);
#1025 = PLANE('',#1026);
#1026 = AXIS2_PLACEMENT_3D('',#1027,#1028,#1029);
#1027 = CARTESIAN_POINT('',(-2.,0.2624,-6.));
#1028 = DIRECTION('',(-5.551115123126E-17,-1.,-0.));
#1029 = DIRECTION('',(1.718305301602E-28,-9.53851054587E-45,1.));
#1030 = ( GEOMETRIC_REPRESENTATION_CONTEXT(3) 
GLOBAL_UNCERTAINTY_ASSIGNED_CONTEXT((#1034)) 
GLOBAL_UNIT_ASSIGNED_CONTEXT((#1031,#1032,#1033)) REPRESENTATION_CONTEXT
('Context #1','3D Context with UNIT and UNCERTAINTY') );
#1031 = ( LENGTH_UNIT() NAMED_UNIT(*) SI_UNIT(.MILLI.,.METRE.) );
#1032 = ( NAMED_UNIT(*) PLANE_ANGLE_UNIT() SI_UNIT($,.RADIAN.) );
#1033 = ( NAMED_UNIT(*) SI_UNIT($,.STERADIAN.) SOLID_ANGLE_UNIT() );
#1034 = UNCERTAINTY_MEASURE_WITH_UNIT(LENGTH_MEASURE(1.E-07),#1031,
  'distance_accuracy_value','confusion accuracy');
#1035 = CONTEXT_DEPENDENT_SHAPE_REPRESENTATION(#1036,#1038);
#1036 = ( REPRESENTATION_RELATIONSHIP('','',#991,#10) 
REPRESENTATION_RELATIONSHIP_WITH_TRANSFORMATION(#1037) 
SHAPE_REPRESENTATION_RELATIONSHIP() );
#1037 = ITEM_DEFINED_TRANSFORMATION('','',#11,#43);
#1038 = PRODUCT_DEFINITION_SHAPE('Placement','Placement of an item',
  #1039);
#1039 = NEXT_ASSEMBLY_USAGE_OCCURRENCE('158902','BALL_0006','',#5,#986,$
  );
#1040 = PRODUCT_RELATED_PRODUCT_CATEGORY('part',$,(#988));
#1041 = SHAPE_DEFINITION_REPRESENTATION(#1042,#1048);
#1042 = PRODUCT_DEFINITION_SHAPE('','',#1043);
#1043 = PRODUCT_DEFINITION('design','',#1044,#1047);
#1044 = PRODUCT_DEFINITION_FORMATION('','',#1045);
#1045 = PRODUCT('BALL_0007','BALL_0007','',(#1046));
#1046 = PRODUCT_CONTEXT('',#2,'mechanical');
#1047 = PRODUCT_DEFINITION_CONTEXT('part definition',#2,'design');
#1048 = ADVANCED_BREP_SHAPE_REPRESENTATION('',(#11,#1049),#1087);
#1049 = MANIFOLD_SOLID_BREP('',#1050);
#1050 = CLOSED_SHELL('',(#1051,#1078));
#1051 = ADVANCED_FACE('',(#1052),#1073,.T.);
#1052 = FACE_BOUND('',#1053,.T.);
#1053 = EDGE_LOOP('',(#1054,#1063,#1072));
#1054 = ORIENTED_EDGE('',*,*,#1055,.T.);
#1055 = EDGE_CURVE('',#1056,#1056,#1058,.T.);
#1056 = VERTEX_POINT('',#1057);
#1057 = CARTESIAN_POINT('',(-2.,0.262399999997,-5.868799999998));
#1058 = CIRCLE('',#1059,0.131200000002);
#1059 = AXIS2_PLACEMENT_3D('',#1060,#1061,#1062);
#1060 = CARTESIAN_POINT('',(-2.,0.262399999997,-6.));
#1061 = DIRECTION('',(-5.551115123126E-17,-1.,0.));
#1062 = DIRECTION('',(1.718305301576E-28,-9.538510545726E-45,1.));
#1063 = ORIENTED_EDGE('',*,*,#1064,.T.);
#1064 = EDGE_CURVE('',#1056,#1065,#1067,.T.);
#1065 = VERTEX_POINT('',#1066);
#1066 = CARTESIAN_POINT('',(-2.,4.05763833864E-13,-6.));
#1067 = CIRCLE('',#1068,0.164);
#1068 = AXIS2_PLACEMENT_3D('',#1069,#1070,#1071);
#1069 = CARTESIAN_POINT('',(-2.,0.164,-6.));
#1070 = DIRECTION('',(1.,-1.110223024625E-16,-5.551115123126E-17));
#1071 = DIRECTION('',(1.110223024625E-16,1.,5.551115123126E-17));
#1072 = ORIENTED_EDGE('',*,*,#1064,.F.);
#1073 = SPHERICAL_SURFACE('',#1074,0.164);
#1074 = AXIS2_PLACEMENT_3D('',#1075,#1076,#1077);
#1075 = CARTESIAN_POINT('',(-2.,0.164,-6.));
#1076 = DIRECTION('',(-5.551115123126E-17,-1.,-0.));
#1077 = DIRECTION('',(1.536735126745E-28,-8.530593602312E-45,1.));
#1078 = ADVANCED_FACE('',(#1079),#1082,.F.);
#1079 = FACE_BOUND('',#1080,.F.);
#1080 = EDGE_LOOP('',(#1081));
#1081 = ORIENTED_EDGE('',*,*,#1055,.T.);
#1082 = PLANE('',#1083);
#1083 = AXIS2_PLACEMENT_3D('',#1084,#1085,#1086);
#1084 = CARTESIAN_POINT('',(-2.,0.2624,-6.));
#1085 = DIRECTION('',(-5.551115123126E-17,-1.,-0.));
#1086 = DIRECTION('',(1.718305301602E-28,-9.53851054587E-45,1.));
#1087 = ( GEOMETRIC_REPRESENTATION_CONTEXT(3) 
GLOBAL_UNCERTAINTY_ASSIGNED_CONTEXT((#1091)) 
GLOBAL_UNIT_ASSIGNED_CONTEXT((#1088,#1089,#1090)) REPRESENTATION_CONTEXT
('Context #1','3D Context with UNIT and UNCERTAINTY') );
#1088 = ( LENGTH_UNIT() NAMED_UNIT(*) SI_UNIT(.MILLI.,.METRE.) );
#1089 = ( NAMED_UNIT(*) PLANE_ANGLE_UNIT() SI_UNIT($,.RADIAN.) );
#1090 = ( NAMED_UNIT(*) SI_UNIT($,.STERADIAN.) SOLID_ANGLE_UNIT() );
#1091 = UNCERTAINTY_MEASURE_WITH_UNIT(LENGTH_MEASURE(1.E-07),#1088,
  'distance_accuracy_value','confusion accuracy');
#1092 = CONTEXT_DEPENDENT_SHAPE_REPRESENTATION(#1093,#1095);
#1093 = ( REPRESENTATION_RELATIONSHIP('','',#1048,#10) 
REPRESENTATION_RELATIONSHIP_WITH_TRANSFORMATION(#1094) 
SHAPE_REPRESENTATION_RELATIONSHIP() );
#1094 = ITEM_DEFINED_TRANSFORMATION('','',#11,#47);
#1095 = PRODUCT_DEFINITION_SHAPE('Placement','Placement of an item',
  #1096);
#1096 = NEXT_ASSEMBLY_USAGE_OCCURRENCE('158903','BALL_0007','',#5,#1043,
  $);
#1097 = PRODUCT_RELATED_PRODUCT_CATEGORY('part',$,(#1045));
#1098 = SHAPE_DEFINITION_REPRESENTATION(#1099,#1105);
#1099 = PRODUCT_DEFINITION_SHAPE('','',#1100);
#1100 = PRODUCT_DEFINITION('design','',#1101,#1104);
#1101 = PRODUCT_DEFINITION_FORMATION('','',#1102);
#1102 = PRODUCT('BALL_0008','BALL_0008','',(#1103));
#1103 = PRODUCT_CONTEXT('',#2,'mechanical');
#1104 = PRODUCT_DEFINITION_CONTEXT('part definition',#2,'design');
#1105 = ADVANCED_BREP_SHAPE_REPRESENTATION('',(#11,#1106),#1144);
#1106 = MANIFOLD_SOLID_BREP('',#1107);
#1107 = CLOSED_SHELL('',(#1108,#1135));
#1108 = ADVANCED_FACE('',(#1109),#1130,.T.);
#1109 = FACE_BOUND('',#1110,.T.);
#1110 = EDGE_LOOP('',(#1111,#1120,#1129));
#1111 = ORIENTED_EDGE('',*,*,#1112,.T.);
#1112 = EDGE_CURVE('',#1113,#1113,#1115,.T.);
#1113 = VERTEX_POINT('',#1114);
#1114 = CARTESIAN_POINT('',(-2.,0.262399999997,-5.868799999998));
#1115 = CIRCLE('',#1116,0.131200000002);
#1116 = AXIS2_PLACEMENT_3D('',#1117,#1118,#1119);
#1117 = CARTESIAN_POINT('',(-2.,0.262399999997,-6.));
#1118 = DIRECTION('',(-5.551115123126E-17,-1.,0.));
#1119 = DIRECTION('',(1.718305301576E-28,-9.538510545726E-45,1.));
#1120 = ORIENTED_EDGE('',*,*,#1121,.T.);
#1121 = EDGE_CURVE('',#1113,#1122,#1124,.T.);
#1122 = VERTEX_POINT('',#1123);
#1123 = CARTESIAN_POINT('',(-2.,4.05763833864E-13,-6.));
#1124 = CIRCLE('',#1125,0.164);
#1125 = AXIS2_PLACEMENT_3D('',#1126,#1127,#1128);
#1126 = CARTESIAN_POINT('',(-2.,0.164,-6.));
#1127 = DIRECTION('',(1.,-1.110223024625E-16,-5.551115123126E-17));
#1128 = DIRECTION('',(1.110223024625E-16,1.,5.551115123126E-17));
#1129 = ORIENTED_EDGE('',*,*,#1121,.F.);
#1130 = SPHERICAL_SURFACE('',#1131,0.164);
#1131 = AXIS2_PLACEMENT_3D('',#1132,#1133,#1134);
#1132 = CARTESIAN_POINT('',(-2.,0.164,-6.));
#1133 = DIRECTION('',(-5.551115123126E-17,-1.,-0.));
#1134 = DIRECTION('',(1.536735126745E-28,-8.530593602312E-45,1.));
#1135 = ADVANCED_FACE('',(#1136),#1139,.F.);
#1136 = FACE_BOUND('',#1137,.F.);
#1137 = EDGE_LOOP('',(#1138));
#1138 = ORIENTED_EDGE('',*,*,#1112,.T.);
#1139 = PLANE('',#1140);
#1140 = AXIS2_PLACEMENT_3D('',#1141,#1142,#1143);
#1141 = CARTESIAN_POINT('',(-2.,0.2624,-6.));
#1142 = DIRECTION('',(-5.551115123126E-17,-1.,-0.));
#1143 = DIRECTION('',(1.718305301602E-28,-9.53851054587E-45,1.));
#1144 = ( GEOMETRIC_REPRESENTATION_CONTEXT(3) 
GLOBAL_UNCERTAINTY_ASSIGNED_CONTEXT((#1148)) 
GLOBAL_UNIT_ASSIGNED_CONTEXT((#1145,#1146,#1147)) REPRESENTATION_CONTEXT
('Context #1','3D Context with UNIT and UNCERTAINTY') );
#1145 = ( LENGTH_UNIT() NAMED_UNIT(*) SI_UNIT(.MILLI.,.METRE.) );
#1146 = ( NAMED_UNIT(*) PLANE_ANGLE_UNIT() SI_UNIT($,.RADIAN.) );
#1147 = ( NAMED_UNIT(*) SI_UNIT($,.STERADIAN.) SOLID_ANGLE_UNIT() );
#1148 = UNCERTAINTY_MEASURE_WITH_UNIT(LENGTH_MEASURE(1.E-07),#1145,
  'distance_accuracy_value','confusion accuracy');
#1149 = CONTEXT_DEPENDENT_SHAPE_REPRESENTATION(#1150,#1152);
#1150 = ( REPRESENTATION_RELATIONSHIP('','',#1105,#10) 
REPRESENTATION_RELATIONSHIP_WITH_TRANSFORMATION(#1151) 
SHAPE_REPRESENTATION_RELATIONSHIP() );
#1151 = ITEM_DEFINED_TRANSFORMATION('','',#11,#51);
#1152 = PRODUCT_DEFINITION_SHAPE('Placement','Placement of an item',
  #1153);
#1153 = NEXT_ASSEMBLY_USAGE_OCCURRENCE('158904','BALL_0008','',#5,#1100,
  $);
#1154 = PRODUCT_RELATED_PRODUCT_CATEGORY('part',$,(#1102));
#1155 = SHAPE_DEFINITION_REPRESENTATION(#1156,#1162);
#1156 = PRODUCT_DEFINITION_SHAPE('','',#1157);
#1157 = PRODUCT_DEFINITION('design','',#1158,#1161);
#1158 = PRODUCT_DEFINITION_FORMATION('','',#1159);
#1159 = PRODUCT('BALL_0009','BALL_0009','',(#1160));
#1160 = PRODUCT_CONTEXT('',#2,'mechanical');
#1161 = PRODUCT_DEFINITION_CONTEXT('part definition',#2,'design');
#1162 = ADVANCED_BREP_SHAPE_REPRESENTATION('',(#11,#1163),#1201);
#1163 = MANIFOLD_SOLID_BREP('',#1164);
#1164 = CLOSED_SHELL('',(#1165,#1192));
#1165 = ADVANCED_FACE('',(#1166),#1187,.T.);
#1166 = FACE_BOUND('',#1167,.T.);
#1167 = EDGE_LOOP('',(#1168,#1177,#1186));
#1168 = ORIENTED_EDGE('',*,*,#1169,.T.);
#1169 = EDGE_CURVE('',#1170,#1170,#1172,.T.);
#1170 = VERTEX_POINT('',#1171);
#1171 = CARTESIAN_POINT('',(-2.,0.262399999997,-5.868799999998));
#1172 = CIRCLE('',#1173,0.131200000002);
#1173 = AXIS2_PLACEMENT_3D('',#1174,#1175,#1176);
#1174 = CARTESIAN_POINT('',(-2.,0.262399999997,-6.));
#1175 = DIRECTION('',(-5.551115123126E-17,-1.,0.));
#1176 = DIRECTION('',(1.718305301576E-28,-9.538510545726E-45,1.));
#1177 = ORIENTED_EDGE('',*,*,#1178,.T.);
#1178 = EDGE_CURVE('',#1170,#1179,#1181,.T.);
#1179 = VERTEX_POINT('',#1180);
#1180 = CARTESIAN_POINT('',(-2.,4.05763833864E-13,-6.));
#1181 = CIRCLE('',#1182,0.164);
#1182 = AXIS2_PLACEMENT_3D('',#1183,#1184,#1185);
#1183 = CARTESIAN_POINT('',(-2.,0.164,-6.));
#1184 = DIRECTION('',(1.,-1.110223024625E-16,-5.551115123126E-17));
#1185 = DIRECTION('',(1.110223024625E-16,1.,5.551115123126E-17));
#1186 = ORIENTED_EDGE('',*,*,#1178,.F.);
#1187 = SPHERICAL_SURFACE('',#1188,0.164);
#1188 = AXIS2_PLACEMENT_3D('',#1189,#1190,#1191);
#1189 = CARTESIAN_POINT('',(-2.,0.164,-6.));
#1190 = DIRECTION('',(-5.551115123126E-17,-1.,-0.));
#1191 = DIRECTION('',(1.536735126745E-28,-8.530593602312E-45,1.));
#1192 = ADVANCED_FACE('',(#1193),#1196,.F.);
#1193 = FACE_BOUND('',#1194,.F.);
#1194 = EDGE_LOOP('',(#1195));
#1195 = ORIENTED_EDGE('',*,*,#1169,.T.);
#1196 = PLANE('',#1197);
#1197 = AXIS2_PLACEMENT_3D('',#1198,#1199,#1200);
#1198 = CARTESIAN_POINT('',(-2.,0.2624,-6.));
#1199 = DIRECTION('',(-5.551115123126E-17,-1.,-0.));
#1200 = DIRECTION('',(1.718305301602E-28,-9.53851054587E-45,1.));
#1201 = ( GEOMETRIC_REPRESENTATION_CONTEXT(3) 
GLOBAL_UNCERTAINTY_ASSIGNED_CONTEXT((#1205)) 
GLOBAL_UNIT_ASSIGNED_CONTEXT((#1202,#1203,#1204)) REPRESENTATION_CONTEXT
('Context #1','3D Context with UNIT and UNCERTAINTY') );
#1202 = ( LENGTH_UNIT() NAMED_UNIT(*) SI_UNIT(.MILLI.,.METRE.) );
#1203 = ( NAMED_UNIT(*) PLANE_ANGLE_UNIT() SI_UNIT($,.RADIAN.) );
#1204 = ( NAMED_UNIT(*) SI_UNIT($,.STERADIAN.) SOLID_ANGLE_UNIT() );
#1205 = UNCERTAINTY_MEASURE_WITH_UNIT(LENGTH_MEASURE(1.E-07),#1202,
  'distance_accuracy_value','confusion accuracy');
#1206 = CONTEXT_DEPENDENT_SHAPE_REPRESENTATION(#1207,#1209);
#1207 = ( REPRESENTATION_RELATIONSHIP('','',#1162,#10) 
REPRESENTATION_RELATIONSHIP_WITH_TRANSFORMATION(#1208) 
SHAPE_REPRESENTATION_RELATIONSHIP() );
#1208 = ITEM_DEFINED_TRANSFORMATION('','',#11,#55);
#1209 = PRODUCT_DEFINITION_SHAPE('Placement','Placement of an item',
  #1210);
#1210 = NEXT_ASSEMBLY_USAGE_OCCURRENCE('158905','BALL_0009','',#5,#1157,
  $);
#1211 = PRODUCT_RELATED_PRODUCT_CATEGORY('part',$,(#1159));
#1212 = SHAPE_DEFINITION_REPRESENTATION(#1213,#1219);
#1213 = PRODUCT_DEFINITION_SHAPE('','',#1214);
#1214 = PRODUCT_DEFINITION('design','',#1215,#1218);
#1215 = PRODUCT_DEFINITION_FORMATION('','',#1216);
#1216 = PRODUCT('BALL_0010','BALL_0010','',(#1217));
#1217 = PRODUCT_CONTEXT('',#2,'mechanical');
#1218 = PRODUCT_DEFINITION_CONTEXT('part definition',#2,'design');
#1219 = ADVANCED_BREP_SHAPE_REPRESENTATION('',(#11,#1220),#1258);
#1220 = MANIFOLD_SOLID_BREP('',#1221);
#1221 = CLOSED_SHELL('',(#1222,#1249));
#1222 = ADVANCED_FACE('',(#1223),#1244,.T.);
#1223 = FACE_BOUND('',#1224,.T.);
#1224 = EDGE_LOOP('',(#1225,#1234,#1243));
#1225 = ORIENTED_EDGE('',*,*,#1226,.T.);
#1226 = EDGE_CURVE('',#1227,#1227,#1229,.T.);
#1227 = VERTEX_POINT('',#1228);
#1228 = CARTESIAN_POINT('',(-2.,0.262399999997,-5.868799999998));
#1229 = CIRCLE('',#1230,0.131200000002);
#1230 = AXIS2_PLACEMENT_3D('',#1231,#1232,#1233);
#1231 = CARTESIAN_POINT('',(-2.,0.262399999997,-6.));
#1232 = DIRECTION('',(-5.551115123126E-17,-1.,0.));
#1233 = DIRECTION('',(1.718305301576E-28,-9.538510545726E-45,1.));
#1234 = ORIENTED_EDGE('',*,*,#1235,.T.);
#1235 = EDGE_CURVE('',#1227,#1236,#1238,.T.);
#1236 = VERTEX_POINT('',#1237);
#1237 = CARTESIAN_POINT('',(-2.,4.05763833864E-13,-6.));
#1238 = CIRCLE('',#1239,0.164);
#1239 = AXIS2_PLACEMENT_3D('',#1240,#1241,#1242);
#1240 = CARTESIAN_POINT('',(-2.,0.164,-6.));
#1241 = DIRECTION('',(1.,-1.110223024625E-16,-5.551115123126E-17));
#1242 = DIRECTION('',(1.110223024625E-16,1.,5.551115123126E-17));
#1243 = ORIENTED_EDGE('',*,*,#1235,.F.);
#1244 = SPHERICAL_SURFACE('',#1245,0.164);
#1245 = AXIS2_PLACEMENT_3D('',#1246,#1247,#1248);
#1246 = CARTESIAN_POINT('',(-2.,0.164,-6.));
#1247 = DIRECTION('',(-5.551115123126E-17,-1.,-0.));
#1248 = DIRECTION('',(1.536735126745E-28,-8.530593602312E-45,1.));
#1249 = ADVANCED_FACE('',(#1250),#1253,.F.);
#1250 = FACE_BOUND('',#1251,.F.);
#1251 = EDGE_LOOP('',(#1252));
#1252 = ORIENTED_EDGE('',*,*,#1226,.T.);
#1253 = PLANE('',#1254);
#1254 = AXIS2_PLACEMENT_3D('',#1255,#1256,#1257);
#1255 = CARTESIAN_POINT('',(-2.,0.2624,-6.));
#1256 = DIRECTION('',(-5.551115123126E-17,-1.,-0.));
#1257 = DIRECTION('',(1.718305301602E-28,-9.53851054587E-45,1.));
#1258 = ( GEOMETRIC_REPRESENTATION_CONTEXT(3) 
GLOBAL_UNCERTAINTY_ASSIGNED_CONTEXT((#1262)) 
GLOBAL_UNIT_ASSIGNED_CONTEXT((#1259,#1260,#1261)) REPRESENTATION_CONTEXT
('Context #1','3D Context with UNIT and UNCERTAINTY') );
#1259 = ( LENGTH_UNIT() NAMED_UNIT(*) SI_UNIT(.MILLI.,.METRE.) );
#1260 = ( NAMED_UNIT(*) PLANE_ANGLE_UNIT() SI_UNIT($,.RADIAN.) );
#1261 = ( NAMED_UNIT(*) SI_UNIT($,.STERADIAN.) SOLID_ANGLE_UNIT() );
#1262 = UNCERTAINTY_MEASURE_WITH_UNIT(LENGTH_MEASURE(1.E-07),#1259,
  'distance_accuracy_value','confusion accuracy');
#1263 = CONTEXT_DEPENDENT_SHAPE_REPRESENTATION(#1264,#1266);
#1264 = ( REPRESENTATION_RELATIONSHIP('','',#1219,#10) 
REPRESENTATION_RELATIONSHIP_WITH_TRANSFORMATION(#1265) 
SHAPE_REPRESENTATION_RELATIONSHIP() );
#1265 = ITEM_DEFINED_TRANSFORMATION('','',#11,#59);
#1266 = PRODUCT_DEFINITION_SHAPE('Placement','Placement of an item',
  #1267);
#1267 = NEXT_ASSEMBLY_USAGE_OCCURRENCE('158906','BALL_0010','',#5,#1214,
  $);
#1268 = PRODUCT_RELATED_PRODUCT_CATEGORY('part',$,(#1216));
#1269 = SHAPE_DEFINITION_REPRESENTATION(#1270,#1276);
#1270 = PRODUCT_DEFINITION_SHAPE('','',#1271);
#1271 = PRODUCT_DEFINITION('design','',#1272,#1275);
#1272 = PRODUCT_DEFINITION_FORMATION('','',#1273);
#1273 = PRODUCT('BALL_0011','BALL_0011','',(#1274));
#1274 = PRODUCT_CONTEXT('',#2,'mechanical');
#1275 = PRODUCT_DEFINITION_CONTEXT('part definition',#2,'design');
#1276 = ADVANCED_BREP_SHAPE_REPRESENTATION('',(#11,#1277),#1315);
#1277 = MANIFOLD_SOLID_BREP('',#1278);
#1278 = CLOSED_SHELL('',(#1279,#1306));
#1279 = ADVANCED_FACE('',(#1280),#1301,.T.);
#1280 = FACE_BOUND('',#1281,.T.);
#1281 = EDGE_LOOP('',(#1282,#1291,#1300));
#1282 = ORIENTED_EDGE('',*,*,#1283,.T.);
#1283 = EDGE_CURVE('',#1284,#1284,#1286,.T.);
#1284 = VERTEX_POINT('',#1285);
#1285 = CARTESIAN_POINT('',(-2.,0.262399999997,-5.868799999998));
#1286 = CIRCLE('',#1287,0.131200000002);
#1287 = AXIS2_PLACEMENT_3D('',#1288,#1289,#1290);
#1288 = CARTESIAN_POINT('',(-2.,0.262399999997,-6.));
#1289 = DIRECTION('',(-5.551115123126E-17,-1.,0.));
#1290 = DIRECTION('',(1.718305301576E-28,-9.538510545726E-45,1.));
#1291 = ORIENTED_EDGE('',*,*,#1292,.T.);
#1292 = EDGE_CURVE('',#1284,#1293,#1295,.T.);
#1293 = VERTEX_POINT('',#1294);
#1294 = CARTESIAN_POINT('',(-2.,4.05763833864E-13,-6.));
#1295 = CIRCLE('',#1296,0.164);
#1296 = AXIS2_PLACEMENT_3D('',#1297,#1298,#1299);
#1297 = CARTESIAN_POINT('',(-2.,0.164,-6.));
#1298 = DIRECTION('',(1.,-1.110223024625E-16,-5.551115123126E-17));
#1299 = DIRECTION('',(1.110223024625E-16,1.,5.551115123126E-17));
#1300 = ORIENTED_EDGE('',*,*,#1292,.F.);
#1301 = SPHERICAL_SURFACE('',#1302,0.164);
#1302 = AXIS2_PLACEMENT_3D('',#1303,#1304,#1305);
#1303 = CARTESIAN_POINT('',(-2.,0.164,-6.));
#1304 = DIRECTION('',(-5.551115123126E-17,-1.,-0.));
#1305 = DIRECTION('',(1.536735126745E-28,-8.530593602312E-45,1.));
#1306 = ADVANCED_FACE('',(#1307),#1310,.F.);
#1307 = FACE_BOUND('',#1308,.F.);
#1308 = EDGE_LOOP('',(#1309));
#1309 = ORIENTED_EDGE('',*,*,#1283,.T.);
#1310 = PLANE('',#1311);
#1311 = AXIS2_PLACEMENT_3D('',#1312,#1313,#1314);
#1312 = CARTESIAN_POINT('',(-2.,0.2624,-6.));
#1313 = DIRECTION('',(-5.551115123126E-17,-1.,-0.));
#1314 = DIRECTION('',(1.718305301602E-28,-9.53851054587E-45,1.));
#1315 = ( GEOMETRIC_REPRESENTATION_CONTEXT(3) 
GLOBAL_UNCERTAINTY_ASSIGNED_CONTEXT((#1319)) 
GLOBAL_UNIT_ASSIGNED_CONTEXT((#1316,#1317,#1318)) REPRESENTATION_CONTEXT
('Context #1','3D Context with UNIT and UNCERTAINTY') );
#1316 = ( LENGTH_UNIT() NAMED_UNIT(*) SI_UNIT(.MILLI.,.METRE.) );
#1317 = ( NAMED_UNIT(*) PLANE_ANGLE_UNIT() SI_UNIT($,.RADIAN.) );
#1318 = ( NAMED_UNIT(*) SI_UNIT($,.STERADIAN.) SOLID_ANGLE_UNIT() );
#1319 = UNCERTAINTY_MEASURE_WITH_UNIT(LENGTH_MEASURE(1.E-07),#1316,
  'distance_accuracy_value','confusion accuracy');
#1320 = CONTEXT_DEPENDENT_SHAPE_REPRESENTATION(#1321,#1323);
#1321 = ( REPRESENTATION_RELATIONSHIP('','',#1276,#10) 
REPRESENTATION_RELATIONSHIP_WITH_TRANSFORMATION(#1322) 
SHAPE_REPRESENTATION_RELATIONSHIP() );
#1322 = ITEM_DEFINED_TRANSFORMATION('','',#11,#63);
#1323 = PRODUCT_DEFINITION_SHAPE('Placement','Placement of an item',
  #1324);
#1324 = NEXT_ASSEMBLY_USAGE_OCCURRENCE('158907','BALL_0011','',#5,#1271,
  $);
#1325 = PRODUCT_RELATED_PRODUCT_CATEGORY('part',$,(#1273));
#1326 = SHAPE_DEFINITION_REPRESENTATION(#1327,#1333);
#1327 = PRODUCT_DEFINITION_SHAPE('','',#1328);
#1328 = PRODUCT_DEFINITION('design','',#1329,#1332);
#1329 = PRODUCT_DEFINITION_FORMATION('','',#1330);
#1330 = PRODUCT('BALL_0012','BALL_0012','',(#1331));
#1331 = PRODUCT_CONTEXT('',#2,'mechanical');
#1332 = PRODUCT_DEFINITION_CONTEXT('part definition',#2,'design');
#1333 = ADVANCED_BREP_SHAPE_REPRESENTATION('',(#11,#1334),#1372);
#1334 = MANIFOLD_SOLID_BREP('',#1335);
#1335 = CLOSED_SHELL('',(#1336,#1363));
#1336 = ADVANCED_FACE('',(#1337),#1358,.T.);
#1337 = FACE_BOUND('',#1338,.T.);
#1338 = EDGE_LOOP('',(#1339,#1348,#1357));
#1339 = ORIENTED_EDGE('',*,*,#1340,.T.);
#1340 = EDGE_CURVE('',#1341,#1341,#1343,.T.);
#1341 = VERTEX_POINT('',#1342);
#1342 = CARTESIAN_POINT('',(-2.,0.262399999997,-5.868799999998));
#1343 = CIRCLE('',#1344,0.131200000002);
#1344 = AXIS2_PLACEMENT_3D('',#1345,#1346,#1347);
#1345 = CARTESIAN_POINT('',(-2.,0.262399999997,-6.));
#1346 = DIRECTION('',(-5.551115123126E-17,-1.,0.));
#1347 = DIRECTION('',(1.718305301576E-28,-9.538510545726E-45,1.));
#1348 = ORIENTED_EDGE('',*,*,#1349,.T.);
#1349 = EDGE_CURVE('',#1341,#1350,#1352,.T.);
#1350 = VERTEX_POINT('',#1351);
#1351 = CARTESIAN_POINT('',(-2.,4.05763833864E-13,-6.));
#1352 = CIRCLE('',#1353,0.164);
#1353 = AXIS2_PLACEMENT_3D('',#1354,#1355,#1356);
#1354 = CARTESIAN_POINT('',(-2.,0.164,-6.));
#1355 = DIRECTION('',(1.,-1.110223024625E-16,-5.551115123126E-17));
#1356 = DIRECTION('',(1.110223024625E-16,1.,5.551115123126E-17));
#1357 = ORIENTED_EDGE('',*,*,#1349,.F.);
#1358 = SPHERICAL_SURFACE('',#1359,0.164);
#1359 = AXIS2_PLACEMENT_3D('',#1360,#1361,#1362);
#1360 = CARTESIAN_POINT('',(-2.,0.164,-6.));
#1361 = DIRECTION('',(-5.551115123126E-17,-1.,-0.));
#1362 = DIRECTION('',(1.536735126745E-28,-8.530593602312E-45,1.));
#1363 = ADVANCED_FACE('',(#1364),#1367,.F.);
#1364 = FACE_BOUND('',#1365,.F.);
#1365 = EDGE_LOOP('',(#1366));
#1366 = ORIENTED_EDGE('',*,*,#1340,.T.);
#1367 = PLANE('',#1368);
#1368 = AXIS2_PLACEMENT_3D('',#1369,#1370,#1371);
#1369 = CARTESIAN_POINT('',(-2.,0.2624,-6.));
#1370 = DIRECTION('',(-5.551115123126E-17,-1.,-0.));
#1371 = DIRECTION('',(1.718305301602E-28,-9.53851054587E-45,1.));
#1372 = ( GEOMETRIC_REPRESENTATION_CONTEXT(3) 
GLOBAL_UNCERTAINTY_ASSIGNED_CONTEXT((#1376)) 
GLOBAL_UNIT_ASSIGNED_CONTEXT((#1373,#1374,#1375)) REPRESENTATION_CONTEXT
('Context #1','3D Context with UNIT and UNCERTAINTY') );
#1373 = ( LENGTH_UNIT() NAMED_UNIT(*) SI_UNIT(.MILLI.,.METRE.) );
#1374 = ( NAMED_UNIT(*) PLANE_ANGLE_UNIT() SI_UNIT($,.RADIAN.) );
#1375 = ( NAMED_UNIT(*) SI_UNIT($,.STERADIAN.) SOLID_ANGLE_UNIT() );
#1376 = UNCERTAINTY_MEASURE_WITH_UNIT(LENGTH_MEASURE(1.E-07),#1373,
  'distance_accuracy_value','confusion accuracy');
#1377 = CONTEXT_DEPENDENT_SHAPE_REPRESENTATION(#1378,#1380);
#1378 = ( REPRESENTATION_RELATIONSHIP('','',#1333,#10) 
REPRESENTATION_RELATIONSHIP_WITH_TRANSFORMATION(#1379) 
SHAPE_REPRESENTATION_RELATIONSHIP() );
#1379 = ITEM_DEFINED_TRANSFORMATION('','',#11,#67);
#1380 = PRODUCT_DEFINITION_SHAPE('Placement','Placement of an item',
  #1381);
#1381 = NEXT_ASSEMBLY_USAGE_OCCURRENCE('158908','BALL_0012','',#5,#1328,
  $);
#1382 = PRODUCT_RELATED_PRODUCT_CATEGORY('part',$,(#1330));
#1383 = SHAPE_DEFINITION_REPRESENTATION(#1384,#1390);
#1384 = PRODUCT_DEFINITION_SHAPE('','',#1385);
#1385 = PRODUCT_DEFINITION('design','',#1386,#1389);
#1386 = PRODUCT_DEFINITION_FORMATION('','',#1387);
#1387 = PRODUCT('BALL_0013','BALL_0013','',(#1388));
#1388 = PRODUCT_CONTEXT('',#2,'mechanical');
#1389 = PRODUCT_DEFINITION_CONTEXT('part definition',#2,'design');
#1390 = ADVANCED_BREP_SHAPE_REPRESENTATION('',(#11,#1391),#1429);
#1391 = MANIFOLD_SOLID_BREP('',#1392);
#1392 = CLOSED_SHELL('',(#1393,#1420));
#1393 = ADVANCED_FACE('',(#1394),#1415,.T.);
#1394 = FACE_BOUND('',#1395,.T.);
#1395 = EDGE_LOOP('',(#1396,#1405,#1414));
#1396 = ORIENTED_EDGE('',*,*,#1397,.T.);
#1397 = EDGE_CURVE('',#1398,#1398,#1400,.T.);
#1398 = VERTEX_POINT('',#1399);
#1399 = CARTESIAN_POINT('',(-2.,0.262399999997,-5.868799999998));
#1400 = CIRCLE('',#1401,0.131200000002);
#1401 = AXIS2_PLACEMENT_3D('',#1402,#1403,#1404);
#1402 = CARTESIAN_POINT('',(-2.,0.262399999997,-6.));
#1403 = DIRECTION('',(-5.551115123126E-17,-1.,0.));
#1404 = DIRECTION('',(1.718305301576E-28,-9.538510545726E-45,1.));
#1405 = ORIENTED_EDGE('',*,*,#1406,.T.);
#1406 = EDGE_CURVE('',#1398,#1407,#1409,.T.);
#1407 = VERTEX_POINT('',#1408);
#1408 = CARTESIAN_POINT('',(-2.,4.05763833864E-13,-6.));
#1409 = CIRCLE('',#1410,0.164);
#1410 = AXIS2_PLACEMENT_3D('',#1411,#1412,#1413);
#1411 = CARTESIAN_POINT('',(-2.,0.164,-6.));
#1412 = DIRECTION('',(1.,-1.110223024625E-16,-5.551115123126E-17));
#1413 = DIRECTION('',(1.110223024625E-16,1.,5.551115123126E-17));
#1414 = ORIENTED_EDGE('',*,*,#1406,.F.);
#1415 = SPHERICAL_SURFACE('',#1416,0.164);
#1416 = AXIS2_PLACEMENT_3D('',#1417,#1418,#1419);
#1417 = CARTESIAN_POINT('',(-2.,0.164,-6.));
#1418 = DIRECTION('',(-5.551115123126E-17,-1.,-0.));
#1419 = DIRECTION('',(1.536735126745E-28,-8.530593602312E-45,1.));
#1420 = ADVANCED_FACE('',(#1421),#1424,.F.);
#1421 = FACE_BOUND('',#1422,.F.);
#1422 = EDGE_LOOP('',(#1423));
#1423 = ORIENTED_EDGE('',*,*,#1397,.T.);
#1424 = PLANE('',#1425);
#1425 = AXIS2_PLACEMENT_3D('',#1426,#1427,#1428);
#1426 = CARTESIAN_POINT('',(-2.,0.2624,-6.));
#1427 = DIRECTION('',(-5.551115123126E-17,-1.,-0.));
#1428 = DIRECTION('',(1.718305301602E-28,-9.53851054587E-45,1.));
#1429 = ( GEOMETRIC_REPRESENTATION_CONTEXT(3) 
GLOBAL_UNCERTAINTY_ASSIGNED_CONTEXT((#1433)) 
GLOBAL_UNIT_ASSIGNED_CONTEXT((#1430,#1431,#1432)) REPRESENTATION_CONTEXT
('Context #1','3D Context with UNIT and UNCERTAINTY') );
#1430 = ( LENGTH_UNIT() NAMED_UNIT(*) SI_UNIT(.MILLI.,.METRE.) );
#1431 = ( NAMED_UNIT(*) PLANE_ANGLE_UNIT() SI_UNIT($,.RADIAN.) );
#1432 = ( NAMED_UNIT(*) SI_UNIT($,.STERADIAN.) SOLID_ANGLE_UNIT() );
#1433 = UNCERTAINTY_MEASURE_WITH_UNIT(LENGTH_MEASURE(1.E-07),#1430,
  'distance_accuracy_value','confusion accuracy');
#1434 = CONTEXT_DEPENDENT_SHAPE_REPRESENTATION(#1435,#1437);
#1435 = ( REPRESENTATION_RELATIONSHIP('','',#1390,#10) 
REPRESENTATION_RELATIONSHIP_WITH_TRANSFORMATION(#1436) 
SHAPE_REPRESENTATION_RELATIONSHIP() );
#1436 = ITEM_DEFINED_TRANSFORMATION('','',#11,#71);
#1437 = PRODUCT_DEFINITION_SHAPE('Placement','Placement of an item',
  #1438);
#1438 = NEXT_ASSEMBLY_USAGE_OCCURRENCE('158909','BALL_0013','',#5,#1385,
  $);
#1439 = PRODUCT_RELATED_PRODUCT_CATEGORY('part',$,(#1387));
#1440 = SHAPE_DEFINITION_REPRESENTATION(#1441,#1447);
#1441 = PRODUCT_DEFINITION_SHAPE('','',#1442);
#1442 = PRODUCT_DEFINITION('design','',#1443,#1446);
#1443 = PRODUCT_DEFINITION_FORMATION('','',#1444);
#1444 = PRODUCT('BALL_0014','BALL_0014','',(#1445));
#1445 = PRODUCT_CONTEXT('',#2,'mechanical');
#1446 = PRODUCT_DEFINITION_CONTEXT('part definition',#2,'design');
#1447 = ADVANCED_BREP_SHAPE_REPRESENTATION('',(#11,#1448),#1486);
#1448 = MANIFOLD_SOLID_BREP('',#1449);
#1449 = CLOSED_SHELL('',(#1450,#1477));
#1450 = ADVANCED_FACE('',(#1451),#1472,.T.);
#1451 = FACE_BOUND('',#1452,.T.);
#1452 = EDGE_LOOP('',(#1453,#1462,#1471));
#1453 = ORIENTED_EDGE('',*,*,#1454,.T.);
#1454 = EDGE_CURVE('',#1455,#1455,#1457,.T.);
#1455 = VERTEX_POINT('',#1456);
#1456 = CARTESIAN_POINT('',(-2.,0.262399999997,-5.868799999998));
#1457 = CIRCLE('',#1458,0.131200000002);
#1458 = AXIS2_PLACEMENT_3D('',#1459,#1460,#1461);
#1459 = CARTESIAN_POINT('',(-2.,0.262399999997,-6.));
#1460 = DIRECTION('',(-5.551115123126E-17,-1.,0.));
#1461 = DIRECTION('',(1.718305301576E-28,-9.538510545726E-45,1.));
#1462 = ORIENTED_EDGE('',*,*,#1463,.T.);
#1463 = EDGE_CURVE('',#1455,#1464,#1466,.T.);
#1464 = VERTEX_POINT('',#1465);
#1465 = CARTESIAN_POINT('',(-2.,4.05763833864E-13,-6.));
#1466 = CIRCLE('',#1467,0.164);
#1467 = AXIS2_PLACEMENT_3D('',#1468,#1469,#1470);
#1468 = CARTESIAN_POINT('',(-2.,0.164,-6.));
#1469 = DIRECTION('',(1.,-1.110223024625E-16,-5.551115123126E-17));
#1470 = DIRECTION('',(1.110223024625E-16,1.,5.551115123126E-17));
#1471 = ORIENTED_EDGE('',*,*,#1463,.F.);
#1472 = SPHERICAL_SURFACE('',#1473,0.164);
#1473 = AXIS2_PLACEMENT_3D('',#1474,#1475,#1476);
#1474 = CARTESIAN_POINT('',(-2.,0.164,-6.));
#1475 = DIRECTION('',(-5.551115123126E-17,-1.,-0.));
#1476 = DIRECTION('',(1.536735126745E-28,-8.530593602312E-45,1.));
#1477 = ADVANCED_FACE('',(#1478),#1481,.F.);
#1478 = FACE_BOUND('',#1479,.F.);
#1479 = EDGE_LOOP('',(#1480));
#1480 = ORIENTED_EDGE('',*,*,#1454,.T.);
#1481 = PLANE('',#1482);
#1482 = AXIS2_PLACEMENT_3D('',#1483,#1484,#1485);
#1483 = CARTESIAN_POINT('',(-2.,0.2624,-6.));
#1484 = DIRECTION('',(-5.551115123126E-17,-1.,-0.));
#1485 = DIRECTION('',(1.718305301602E-28,-9.53851054587E-45,1.));
#1486 = ( GEOMETRIC_REPRESENTATION_CONTEXT(3) 
GLOBAL_UNCERTAINTY_ASSIGNED_CONTEXT((#1490)) 
GLOBAL_UNIT_ASSIGNED_CONTEXT((#1487,#1488,#1489)) REPRESENTATION_CONTEXT
('Context #1','3D Context with UNIT and UNCERTAINTY') );
#1487 = ( LENGTH_UNIT() NAMED_UNIT(*) SI_UNIT(.MILLI.,.METRE.) );
#1488 = ( NAMED_UNIT(*) PLANE_ANGLE_UNIT() SI_UNIT($,.RADIAN.) );
#1489 = ( NAMED_UNIT(*) SI_UNIT($,.STERADIAN.) SOLID_ANGLE_UNIT() );
#1490 = UNCERTAINTY_MEASURE_WITH_UNIT(LENGTH_MEASURE(1.E-07),#1487,
  'distance_accuracy_value','confusion accuracy');
#1491 = CONTEXT_DEPENDENT_SHAPE_REPRESENTATION(#1492,#1494);
#1492 = ( REPRESENTATION_RELATIONSHIP('','',#1447,#10) 
REPRESENTATION_RELATIONSHIP_WITH_TRANSFORMATION(#1493) 
SHAPE_REPRESENTATION_RELATIONSHIP() );
#1493 = ITEM_DEFINED_TRANSFORMATION('','',#11,#75);
#1494 = PRODUCT_DEFINITION_SHAPE('Placement','Placement of an item',
  #1495);
#1495 = NEXT_ASSEMBLY_USAGE_OCCURRENCE('158910','BALL_0014','',#5,#1442,
  $);
#1496 = PRODUCT_RELATED_PRODUCT_CATEGORY('part',$,(#1444));
#1497 = SHAPE_DEFINITION_REPRESENTATION(#1498,#1504);
#1498 = PRODUCT_DEFINITION_SHAPE('','',#1499);
#1499 = PRODUCT_DEFINITION('design','',#1500,#1503);
#1500 = PRODUCT_DEFINITION_FORMATION('','',#1501);
#1501 = PRODUCT('BALL_0015','BALL_0015','',(#1502));
#1502 = PRODUCT_CONTEXT('',#2,'mechanical');
#1503 = PRODUCT_DEFINITION_CONTEXT('part definition',#2,'design');
#1504 = ADVANCED_BREP_SHAPE_REPRESENTATION('',(#11,#1505),#1543);
#1505 = MANIFOLD_SOLID_BREP('',#1506);
#1506 = CLOSED_SHELL('',(#1507,#1534));
#1507 = ADVANCED_FACE('',(#1508),#1529,.T.);
#1508 = FACE_BOUND('',#1509,.T.);
#1509 = EDGE_LOOP('',(#1510,#1519,#1528));
#1510 = ORIENTED_EDGE('',*,*,#1511,.T.);
#1511 = EDGE_CURVE('',#1512,#1512,#1514,.T.);
#1512 = VERTEX_POINT('',#1513);
#1513 = CARTESIAN_POINT('',(-2.,0.262399999997,-5.868799999998));
#1514 = CIRCLE('',#1515,0.131200000002);
#1515 = AXIS2_PLACEMENT_3D('',#1516,#1517,#1518);
#1516 = CARTESIAN_POINT('',(-2.,0.262399999997,-6.));
#1517 = DIRECTION('',(-5.551115123126E-17,-1.,0.));
#1518 = DIRECTION('',(1.718305301576E-28,-9.538510545726E-45,1.));
#1519 = ORIENTED_EDGE('',*,*,#1520,.T.);
#1520 = EDGE_CURVE('',#1512,#1521,#1523,.T.);
#1521 = VERTEX_POINT('',#1522);
#1522 = CARTESIAN_POINT('',(-2.,4.05763833864E-13,-6.));
#1523 = CIRCLE('',#1524,0.164);
#1524 = AXIS2_PLACEMENT_3D('',#1525,#1526,#1527);
#1525 = CARTESIAN_POINT('',(-2.,0.164,-6.));
#1526 = DIRECTION('',(1.,-1.110223024625E-16,-5.551115123126E-17));
#1527 = DIRECTION('',(1.110223024625E-16,1.,5.551115123126E-17));
#1528 = ORIENTED_EDGE('',*,*,#1520,.F.);
#1529 = SPHERICAL_SURFACE('',#1530,0.164);
#1530 = AXIS2_PLACEMENT_3D('',#1531,#1532,#1533);
#1531 = CARTESIAN_POINT('',(-2.,0.164,-6.));
#1532 = DIRECTION('',(-5.551115123126E-17,-1.,-0.));
#1533 = DIRECTION('',(1.536735126745E-28,-8.530593602312E-45,1.));
#1534 = ADVANCED_FACE('',(#1535),#1538,.F.);
#1535 = FACE_BOUND('',#1536,.F.);
#1536 = EDGE_LOOP('',(#1537));
#1537 = ORIENTED_EDGE('',*,*,#1511,.T.);
#1538 = PLANE('',#1539);
#1539 = AXIS2_PLACEMENT_3D('',#1540,#1541,#1542);
#1540 = CARTESIAN_POINT('',(-2.,0.2624,-6.));
#1541 = DIRECTION('',(-5.551115123126E-17,-1.,-0.));
#1542 = DIRECTION('',(1.718305301602E-28,-9.53851054587E-45,1.));
#1543 = ( GEOMETRIC_REPRESENTATION_CONTEXT(3) 
GLOBAL_UNCERTAINTY_ASSIGNED_CONTEXT((#1547)) 
GLOBAL_UNIT_ASSIGNED_CONTEXT((#1544,#1545,#1546)) REPRESENTATION_CONTEXT
('Context #1','3D Context with UNIT and UNCERTAINTY') );
#1544 = ( LENGTH_UNIT() NAMED_UNIT(*) SI_UNIT(.MILLI.,.METRE.) );
#1545 = ( NAMED_UNIT(*) PLANE_ANGLE_UNIT() SI_UNIT($,.RADIAN.) );
#1546 = ( NAMED_UNIT(*) SI_UNIT($,.STERADIAN.) SOLID_ANGLE_UNIT() );
#1547 = UNCERTAINTY_MEASURE_WITH_UNIT(LENGTH_MEASURE(1.E-07),#1544,
  'distance_accuracy_value','confusion accuracy');
#1548 = CONTEXT_DEPENDENT_SHAPE_REPRESENTATION(#1549,#1551);
#1549 = ( REPRESENTATION_RELATIONSHIP('','',#1504,#10) 
REPRESENTATION_RELATIONSHIP_WITH_TRANSFORMATION(#1550) 
SHAPE_REPRESENTATION_RELATIONSHIP() );
#1550 = ITEM_DEFINED_TRANSFORMATION('','',#11,#79);
#1551 = PRODUCT_DEFINITION_SHAPE('Placement','Placement of an item',
  #1552);
#1552 = NEXT_ASSEMBLY_USAGE_OCCURRENCE('158911','BALL_0015','',#5,#1499,
  $);
#1553 = PRODUCT_RELATED_PRODUCT_CATEGORY('part',$,(#1501));
#1554 = SHAPE_DEFINITION_REPRESENTATION(#1555,#1561);
#1555 = PRODUCT_DEFINITION_SHAPE('','',#1556);
#1556 = PRODUCT_DEFINITION('design','',#1557,#1560);
#1557 = PRODUCT_DEFINITION_FORMATION('','',#1558);
#1558 = PRODUCT('BALL_0016','BALL_0016','',(#1559));
#1559 = PRODUCT_CONTEXT('',#2,'mechanical');
#1560 = PRODUCT_DEFINITION_CONTEXT('part definition',#2,'design');
#1561 = ADVANCED_BREP_SHAPE_REPRESENTATION('',(#11,#1562),#1600);
#1562 = MANIFOLD_SOLID_BREP('',#1563);
#1563 = CLOSED_SHELL('',(#1564,#1591));
#1564 = ADVANCED_FACE('',(#1565),#1586,.T.);
#1565 = FACE_BOUND('',#1566,.T.);
#1566 = EDGE_LOOP('',(#1567,#1576,#1585));
#1567 = ORIENTED_EDGE('',*,*,#1568,.T.);
#1568 = EDGE_CURVE('',#1569,#1569,#1571,.T.);
#1569 = VERTEX_POINT('',#1570);
#1570 = CARTESIAN_POINT('',(-2.,0.262399999997,-5.868799999998));
#1571 = CIRCLE('',#1572,0.131200000002);
#1572 = AXIS2_PLACEMENT_3D('',#1573,#1574,#1575);
#1573 = CARTESIAN_POINT('',(-2.,0.262399999997,-6.));
#1574 = DIRECTION('',(-5.551115123126E-17,-1.,0.));
#1575 = DIRECTION('',(1.718305301576E-28,-9.538510545726E-45,1.));
#1576 = ORIENTED_EDGE('',*,*,#1577,.T.);
#1577 = EDGE_CURVE('',#1569,#1578,#1580,.T.);
#1578 = VERTEX_POINT('',#1579);
#1579 = CARTESIAN_POINT('',(-2.,4.05763833864E-13,-6.));
#1580 = CIRCLE('',#1581,0.164);
#1581 = AXIS2_PLACEMENT_3D('',#1582,#1583,#1584);
#1582 = CARTESIAN_POINT('',(-2.,0.164,-6.));
#1583 = DIRECTION('',(1.,-1.110223024625E-16,-5.551115123126E-17));
#1584 = DIRECTION('',(1.110223024625E-16,1.,5.551115123126E-17));
#1585 = ORIENTED_EDGE('',*,*,#1577,.F.);
#1586 = SPHERICAL_SURFACE('',#1587,0.164);
#1587 = AXIS2_PLACEMENT_3D('',#1588,#1589,#1590);
#1588 = CARTESIAN_POINT('',(-2.,0.164,-6.));
#1589 = DIRECTION('',(-5.551115123126E-17,-1.,-0.));
#1590 = DIRECTION('',(1.536735126745E-28,-8.530593602312E-45,1.));
#1591 = ADVANCED_FACE('',(#1592),#1595,.F.);
#1592 = FACE_BOUND('',#1593,.F.);
#1593 = EDGE_LOOP('',(#1594));
#1594 = ORIENTED_EDGE('',*,*,#1568,.T.);
#1595 = PLANE('',#1596);
#1596 = AXIS2_PLACEMENT_3D('',#1597,#1598,#1599);
#1597 = CARTESIAN_POINT('',(-2.,0.2624,-6.));
#1598 = DIRECTION('',(-5.551115123126E-17,-1.,-0.));
#1599 = DIRECTION('',(1.718305301602E-28,-9.53851054587E-45,1.));
#1600 = ( GEOMETRIC_REPRESENTATION_CONTEXT(3) 
GLOBAL_UNCERTAINTY_ASSIGNED_CONTEXT((#1604)) 
GLOBAL_UNIT_ASSIGNED_CONTEXT((#1601,#1602,#1603)) REPRESENTATION_CONTEXT
('Context #1','3D Context with UNIT and UNCERTAINTY') );
#1601 = ( LENGTH_UNIT() NAMED_UNIT(*) SI_UNIT(.MILLI.,.METRE.) );
#1602 = ( NAMED_UNIT(*) PLANE_ANGLE_UNIT() SI_UNIT($,.RADIAN.) );
#1603 = ( NAMED_UNIT(*) SI_UNIT($,.STERADIAN.) SOLID_ANGLE_UNIT() );
#1604 = UNCERTAINTY_MEASURE_WITH_UNIT(LENGTH_MEASURE(1.E-07),#1601,
  'distance_accuracy_value','confusion accuracy');
#1605 = CONTEXT_DEPENDENT_SHAPE_REPRESENTATION(#1606,#1608);
#1606 = ( REPRESENTATION_RELATIONSHIP('','',#1561,#10) 
REPRESENTATION_RELATIONSHIP_WITH_TRANSFORMATION(#1607) 
SHAPE_REPRESENTATION_RELATIONSHIP() );
#1607 = ITEM_DEFINED_TRANSFORMATION('','',#11,#83);
#1608 = PRODUCT_DEFINITION_SHAPE('Placement','Placement of an item',
  #1609);
#1609 = NEXT_ASSEMBLY_USAGE_OCCURRENCE('158912','BALL_0016','',#5,#1556,
  $);
#1610 = PRODUCT_RELATED_PRODUCT_CATEGORY('part',$,(#1558));
#1611 = SHAPE_DEFINITION_REPRESENTATION(#1612,#1618);
#1612 = PRODUCT_DEFINITION_SHAPE('','',#1613);
#1613 = PRODUCT_DEFINITION('design','',#1614,#1617);
#1614 = PRODUCT_DEFINITION_FORMATION('','',#1615);
#1615 = PRODUCT('BALL_0017','BALL_0017','',(#1616));
#1616 = PRODUCT_CONTEXT('',#2,'mechanical');
#1617 = PRODUCT_DEFINITION_CONTEXT('part definition',#2,'design');
#1618 = ADVANCED_BREP_SHAPE_REPRESENTATION('',(#11,#1619),#1657);
#1619 = MANIFOLD_SOLID_BREP('',#1620);
#1620 = CLOSED_SHELL('',(#1621,#1648));
#1621 = ADVANCED_FACE('',(#1622),#1643,.T.);
#1622 = FACE_BOUND('',#1623,.T.);
#1623 = EDGE_LOOP('',(#1624,#1633,#1642));
#1624 = ORIENTED_EDGE('',*,*,#1625,.T.);
#1625 = EDGE_CURVE('',#1626,#1626,#1628,.T.);
#1626 = VERTEX_POINT('',#1627);
#1627 = CARTESIAN_POINT('',(-2.,0.262399999997,-5.868799999998));
#1628 = CIRCLE('',#1629,0.131200000002);
#1629 = AXIS2_PLACEMENT_3D('',#1630,#1631,#1632);
#1630 = CARTESIAN_POINT('',(-2.,0.262399999997,-6.));
#1631 = DIRECTION('',(-5.551115123126E-17,-1.,0.));
#1632 = DIRECTION('',(1.718305301576E-28,-9.538510545726E-45,1.));
#1633 = ORIENTED_EDGE('',*,*,#1634,.T.);
#1634 = EDGE_CURVE('',#1626,#1635,#1637,.T.);
#1635 = VERTEX_POINT('',#1636);
#1636 = CARTESIAN_POINT('',(-2.,4.05763833864E-13,-6.));
#1637 = CIRCLE('',#1638,0.164);
#1638 = AXIS2_PLACEMENT_3D('',#1639,#1640,#1641);
#1639 = CARTESIAN_POINT('',(-2.,0.164,-6.));
#1640 = DIRECTION('',(1.,-1.110223024625E-16,-5.551115123126E-17));
#1641 = DIRECTION('',(1.110223024625E-16,1.,5.551115123126E-17));
#1642 = ORIENTED_EDGE('',*,*,#1634,.F.);
#1643 = SPHERICAL_SURFACE('',#1644,0.164);
#1644 = AXIS2_PLACEMENT_3D('',#1645,#1646,#1647);
#1645 = CARTESIAN_POINT('',(-2.,0.164,-6.));
#1646 = DIRECTION('',(-5.551115123126E-17,-1.,-0.));
#1647 = DIRECTION('',(1.536735126745E-28,-8.530593602312E-45,1.));
#1648 = ADVANCED_FACE('',(#1649),#1652,.F.);
#1649 = FACE_BOUND('',#1650,.F.);
#1650 = EDGE_LOOP('',(#1651));
#1651 = ORIENTED_EDGE('',*,*,#1625,.T.);
#1652 = PLANE('',#1653);
#1653 = AXIS2_PLACEMENT_3D('',#1654,#1655,#1656);
#1654 = CARTESIAN_POINT('',(-2.,0.2624,-6.));
#1655 = DIRECTION('',(-5.551115123126E-17,-1.,-0.));
#1656 = DIRECTION('',(1.718305301602E-28,-9.53851054587E-45,1.));
#1657 = ( GEOMETRIC_REPRESENTATION_CONTEXT(3) 
GLOBAL_UNCERTAINTY_ASSIGNED_CONTEXT((#1661)) 
GLOBAL_UNIT_ASSIGNED_CONTEXT((#1658,#1659,#1660)) REPRESENTATION_CONTEXT
('Context #1','3D Context with UNIT and UNCERTAINTY') );
#1658 = ( LENGTH_UNIT() NAMED_UNIT(*) SI_UNIT(.MILLI.,.METRE.) );
#1659 = ( NAMED_UNIT(*) PLANE_ANGLE_UNIT() SI_UNIT($,.RADIAN.) );
#1660 = ( NAMED_UNIT(*) SI_UNIT($,.STERADIAN.) SOLID_ANGLE_UNIT() );
#1661 = UNCERTAINTY_MEASURE_WITH_UNIT(LENGTH_MEASURE(1.E-07),#1658,
  'distance_accuracy_value','confusion accuracy');
#1662 = CONTEXT_DEPENDENT_SHAPE_REPRESENTATION(#1663,#1665);
#1663 = ( REPRESENTATION_RELATIONSHIP('','',#1618,#10) 
REPRESENTATION_RELATIONSHIP_WITH_TRANSFORMATION(#1664) 
SHAPE_REPRESENTATION_RELATIONSHIP() );
#1664 = ITEM_DEFINED_TRANSFORMATION('','',#11,#87);
#1665 = PRODUCT_DEFINITION_SHAPE('Placement','Placement of an item',
  #1666);
#1666 = NEXT_ASSEMBLY_USAGE_OCCURRENCE('158913','BALL_0017','',#5,#1613,
  $);
#1667 = PRODUCT_RELATED_PRODUCT_CATEGORY('part',$,(#1615));
#1668 = SHAPE_DEFINITION_REPRESENTATION(#1669,#1675);
#1669 = PRODUCT_DEFINITION_SHAPE('','',#1670);
#1670 = PRODUCT_DEFINITION('design','',#1671,#1674);
#1671 = PRODUCT_DEFINITION_FORMATION('','',#1672);
#1672 = PRODUCT('BALL_0018','BALL_0018','',(#1673));
#1673 = PRODUCT_CONTEXT('',#2,'mechanical');
#1674 = PRODUCT_DEFINITION_CONTEXT('part definition',#2,'design');
#1675 = ADVANCED_BREP_SHAPE_REPRESENTATION('',(#11,#1676),#1714);
#1676 = MANIFOLD_SOLID_BREP('',#1677);
#1677 = CLOSED_SHELL('',(#1678,#1705));
#1678 = ADVANCED_FACE('',(#1679),#1700,.T.);
#1679 = FACE_BOUND('',#1680,.T.);
#1680 = EDGE_LOOP('',(#1681,#1690,#1699));
#1681 = ORIENTED_EDGE('',*,*,#1682,.T.);
#1682 = EDGE_CURVE('',#1683,#1683,#1685,.T.);
#1683 = VERTEX_POINT('',#1684);
#1684 = CARTESIAN_POINT('',(-2.,0.262399999997,-5.868799999998));
#1685 = CIRCLE('',#1686,0.131200000002);
#1686 = AXIS2_PLACEMENT_3D('',#1687,#1688,#1689);
#1687 = CARTESIAN_POINT('',(-2.,0.262399999997,-6.));
#1688 = DIRECTION('',(-5.551115123126E-17,-1.,0.));
#1689 = DIRECTION('',(1.718305301576E-28,-9.538510545726E-45,1.));
#1690 = ORIENTED_EDGE('',*,*,#1691,.T.);
#1691 = EDGE_CURVE('',#1683,#1692,#1694,.T.);
#1692 = VERTEX_POINT('',#1693);
#1693 = CARTESIAN_POINT('',(-2.,4.05763833864E-13,-6.));
#1694 = CIRCLE('',#1695,0.164);
#1695 = AXIS2_PLACEMENT_3D('',#1696,#1697,#1698);
#1696 = CARTESIAN_POINT('',(-2.,0.164,-6.));
#1697 = DIRECTION('',(1.,-1.110223024625E-16,-5.551115123126E-17));
#1698 = DIRECTION('',(1.110223024625E-16,1.,5.551115123126E-17));
#1699 = ORIENTED_EDGE('',*,*,#1691,.F.);
#1700 = SPHERICAL_SURFACE('',#1701,0.164);
#1701 = AXIS2_PLACEMENT_3D('',#1702,#1703,#1704);
#1702 = CARTESIAN_POINT('',(-2.,0.164,-6.));
#1703 = DIRECTION('',(-5.551115123126E-17,-1.,-0.));
#1704 = DIRECTION('',(1.536735126745E-28,-8.530593602312E-45,1.));
#1705 = ADVANCED_FACE('',(#1706),#1709,.F.);
#1706 = FACE_BOUND('',#1707,.F.);
#1707 = EDGE_LOOP('',(#1708));
#1708 = ORIENTED_EDGE('',*,*,#1682,.T.);
#1709 = PLANE('',#1710);
#1710 = AXIS2_PLACEMENT_3D('',#1711,#1712,#1713);
#1711 = CARTESIAN_POINT('',(-2.,0.2624,-6.));
#1712 = DIRECTION('',(-5.551115123126E-17,-1.,-0.));
#1713 = DIRECTION('',(1.718305301602E-28,-9.53851054587E-45,1.));
#1714 = ( GEOMETRIC_REPRESENTATION_CONTEXT(3) 
GLOBAL_UNCERTAINTY_ASSIGNED_CONTEXT((#1718)) 
GLOBAL_UNIT_ASSIGNED_CONTEXT((#1715,#1716,#1717)) REPRESENTATION_CONTEXT
('Context #1','3D Context with UNIT and UNCERTAINTY') );
#1715 = ( LENGTH_UNIT() NAMED_UNIT(*) SI_UNIT(.MILLI.,.METRE.) );
#1716 = ( NAMED_UNIT(*) PLANE_ANGLE_UNIT() SI_UNIT($,.RADIAN.) );
#1717 = ( NAMED_UNIT(*) SI_UNIT($,.STERADIAN.) SOLID_ANGLE_UNIT() );
#1718 = UNCERTAINTY_MEASURE_WITH_UNIT(LENGTH_MEASURE(1.E-07),#1715,
  'distance_accuracy_value','confusion accuracy');
#1719 = CONTEXT_DEPENDENT_SHAPE_REPRESENTATION(#1720,#1722);
#1720 = ( REPRESENTATION_RELATIONSHIP('','',#1675,#10) 
REPRESENTATION_RELATIONSHIP_WITH_TRANSFORMATION(#1721) 
SHAPE_REPRESENTATION_RELATIONSHIP() );
#1721 = ITEM_DEFINED_TRANSFORMATION('','',#11,#91);
#1722 = PRODUCT_DEFINITION_SHAPE('Placement','Placement of an item',
  #1723);
#1723 = NEXT_ASSEMBLY_USAGE_OCCURRENCE('158914','BALL_0018','',#5,#1670,
  $);
#1724 = PRODUCT_RELATED_PRODUCT_CATEGORY('part',$,(#1672));
#1725 = SHAPE_DEFINITION_REPRESENTATION(#1726,#1732);
#1726 = PRODUCT_DEFINITION_SHAPE('','',#1727);
#1727 = PRODUCT_DEFINITION('design','',#1728,#1731);
#1728 = PRODUCT_DEFINITION_FORMATION('','',#1729);
#1729 = PRODUCT('BALL_0019','BALL_0019','',(#1730));
#1730 = PRODUCT_CONTEXT('',#2,'mechanical');
#1731 = PRODUCT_DEFINITION_CONTEXT('part definition',#2,'design');
#1732 = ADVANCED_BREP_SHAPE_REPRESENTATION('',(#11,#1733),#1771);
#1733 = MANIFOLD_SOLID_BREP('',#1734);
#1734 = CLOSED_SHELL('',(#1735,#1762));
#1735 = ADVANCED_FACE('',(#1736),#1757,.T.);
#1736 = FACE_BOUND('',#1737,.T.);
#1737 = EDGE_LOOP('',(#1738,#1747,#1756));
#1738 = ORIENTED_EDGE('',*,*,#1739,.T.);
#1739 = EDGE_CURVE('',#1740,#1740,#1742,.T.);
#1740 = VERTEX_POINT('',#1741);
#1741 = CARTESIAN_POINT('',(-2.,0.262399999997,-5.868799999998));
#1742 = CIRCLE('',#1743,0.131200000002);
#1743 = AXIS2_PLACEMENT_3D('',#1744,#1745,#1746);
#1744 = CARTESIAN_POINT('',(-2.,0.262399999997,-6.));
#1745 = DIRECTION('',(-5.551115123126E-17,-1.,0.));
#1746 = DIRECTION('',(1.718305301576E-28,-9.538510545726E-45,1.));
#1747 = ORIENTED_EDGE('',*,*,#1748,.T.);
#1748 = EDGE_CURVE('',#1740,#1749,#1751,.T.);
#1749 = VERTEX_POINT('',#1750);
#1750 = CARTESIAN_POINT('',(-2.,4.05763833864E-13,-6.));
#1751 = CIRCLE('',#1752,0.164);
#1752 = AXIS2_PLACEMENT_3D('',#1753,#1754,#1755);
#1753 = CARTESIAN_POINT('',(-2.,0.164,-6.));
#1754 = DIRECTION('',(1.,-1.110223024625E-16,-5.551115123126E-17));
#1755 = DIRECTION('',(1.110223024625E-16,1.,5.551115123126E-17));
#1756 = ORIENTED_EDGE('',*,*,#1748,.F.);
#1757 = SPHERICAL_SURFACE('',#1758,0.164);
#1758 = AXIS2_PLACEMENT_3D('',#1759,#1760,#1761);
#1759 = CARTESIAN_POINT('',(-2.,0.164,-6.));
#1760 = DIRECTION('',(-5.551115123126E-17,-1.,-0.));
#1761 = DIRECTION('',(1.536735126745E-28,-8.530593602312E-45,1.));
#1762 = ADVANCED_FACE('',(#1763),#1766,.F.);
#1763 = FACE_BOUND('',#1764,.F.);
#1764 = EDGE_LOOP('',(#1765));
#1765 = ORIENTED_EDGE('',*,*,#1739,.T.);
#1766 = PLANE('',#1767);
#1767 = AXIS2_PLACEMENT_3D('',#1768,#1769,#1770);
#1768 = CARTESIAN_POINT('',(-2.,0.2624,-6.));
#1769 = DIRECTION('',(-5.551115123126E-17,-1.,-0.));
#1770 = DIRECTION('',(1.718305301602E-28,-9.53851054587E-45,1.));
#1771 = ( GEOMETRIC_REPRESENTATION_CONTEXT(3) 
GLOBAL_UNCERTAINTY_ASSIGNED_CONTEXT((#1775)) 
GLOBAL_UNIT_ASSIGNED_CONTEXT((#1772,#1773,#1774)) REPRESENTATION_CONTEXT
('Context #1','3D Context with UNIT and UNCERTAINTY') );
#1772 = ( LENGTH_UNIT() NAMED_UNIT(*) SI_UNIT(.MILLI.,.METRE.) );
#1773 = ( NAMED_UNIT(*) PLANE_ANGLE_UNIT() SI_UNIT($,.RADIAN.) );
#1774 = ( NAMED_UNIT(*) SI_UNIT($,.STERADIAN.) SOLID_ANGLE_UNIT() );
#1775 = UNCERTAINTY_MEASURE_WITH_UNIT(LENGTH_MEASURE(1.E-07),#1772,
  'distance_accuracy_value','confusion accuracy');
#1776 = CONTEXT_DEPENDENT_SHAPE_REPRESENTATION(#1777,#1779);
#1777 = ( REPRESENTATION_RELATIONSHIP('','',#1732,#10) 
REPRESENTATION_RELATIONSHIP_WITH_TRANSFORMATION(#1778) 
SHAPE_REPRESENTATION_RELATIONSHIP() );
#1778 = ITEM_DEFINED_TRANSFORMATION('','',#11,#95);
#1779 = PRODUCT_DEFINITION_SHAPE('Placement','Placement of an item',
  #1780);
#1780 = NEXT_ASSEMBLY_USAGE_OCCURRENCE('158915','BALL_0019','',#5,#1727,
  $);
#1781 = PRODUCT_RELATED_PRODUCT_CATEGORY('part',$,(#1729));
#1782 = SHAPE_DEFINITION_REPRESENTATION(#1783,#1789);
#1783 = PRODUCT_DEFINITION_SHAPE('','',#1784);
#1784 = PRODUCT_DEFINITION('design','',#1785,#1788);
#1785 = PRODUCT_DEFINITION_FORMATION('','',#1786);
#1786 = PRODUCT('BALL_0020','BALL_0020','',(#1787));
#1787 = PRODUCT_CONTEXT('',#2,'mechanical');
#1788 = PRODUCT_DEFINITION_CONTEXT('part definition',#2,'design');
#1789 = ADVANCED_BREP_SHAPE_REPRESENTATION('',(#11,#1790),#1828);
#1790 = MANIFOLD_SOLID_BREP('',#1791);
#1791 = CLOSED_SHELL('',(#1792,#1819));
#1792 = ADVANCED_FACE('',(#1793),#1814,.T.);
#1793 = FACE_BOUND('',#1794,.T.);
#1794 = EDGE_LOOP('',(#1795,#1804,#1813));
#1795 = ORIENTED_EDGE('',*,*,#1796,.T.);
#1796 = EDGE_CURVE('',#1797,#1797,#1799,.T.);
#1797 = VERTEX_POINT('',#1798);
#1798 = CARTESIAN_POINT('',(-2.,0.262399999997,-5.868799999998));
#1799 = CIRCLE('',#1800,0.131200000002);
#1800 = AXIS2_PLACEMENT_3D('',#1801,#1802,#1803);
#1801 = CARTESIAN_POINT('',(-2.,0.262399999997,-6.));
#1802 = DIRECTION('',(-5.551115123126E-17,-1.,0.));
#1803 = DIRECTION('',(1.718305301576E-28,-9.538510545726E-45,1.));
#1804 = ORIENTED_EDGE('',*,*,#1805,.T.);
#1805 = EDGE_CURVE('',#1797,#1806,#1808,.T.);
#1806 = VERTEX_POINT('',#1807);
#1807 = CARTESIAN_POINT('',(-2.,4.05763833864E-13,-6.));
#1808 = CIRCLE('',#1809,0.164);
#1809 = AXIS2_PLACEMENT_3D('',#1810,#1811,#1812);
#1810 = CARTESIAN_POINT('',(-2.,0.164,-6.));
#1811 = DIRECTION('',(1.,-1.110223024625E-16,-5.551115123126E-17));
#1812 = DIRECTION('',(1.110223024625E-16,1.,5.551115123126E-17));
#1813 = ORIENTED_EDGE('',*,*,#1805,.F.);
#1814 = SPHERICAL_SURFACE('',#1815,0.164);
#1815 = AXIS2_PLACEMENT_3D('',#1816,#1817,#1818);
#1816 = CARTESIAN_POINT('',(-2.,0.164,-6.));
#1817 = DIRECTION('',(-5.551115123126E-17,-1.,-0.));
#1818 = DIRECTION('',(1.536735126745E-28,-8.530593602312E-45,1.));
#1819 = ADVANCED_FACE('',(#1820),#1823,.F.);
#1820 = FACE_BOUND('',#1821,.F.);
#1821 = EDGE_LOOP('',(#1822));
#1822 = ORIENTED_EDGE('',*,*,#1796,.T.);
#1823 = PLANE('',#1824);
#1824 = AXIS2_PLACEMENT_3D('',#1825,#1826,#1827);
#1825 = CARTESIAN_POINT('',(-2.,0.2624,-6.));
#1826 = DIRECTION('',(-5.551115123126E-17,-1.,-0.));
#1827 = DIRECTION('',(1.718305301602E-28,-9.53851054587E-45,1.));
#1828 = ( GEOMETRIC_REPRESENTATION_CONTEXT(3) 
GLOBAL_UNCERTAINTY_ASSIGNED_CONTEXT((#1832)) 
GLOBAL_UNIT_ASSIGNED_CONTEXT((#1829,#1830,#1831)) REPRESENTATION_CONTEXT
('Context #1','3D Context with UNIT and UNCERTAINTY') );
#1829 = ( LENGTH_UNIT() NAMED_UNIT(*) SI_UNIT(.MILLI.,.METRE.) );
#1830 = ( NAMED_UNIT(*) PLANE_ANGLE_UNIT() SI_UNIT($,.RADIAN.) );
#1831 = ( NAMED_UNIT(*) SI_UNIT($,.STERADIAN.) SOLID_ANGLE_UNIT() );
#1832 = UNCERTAINTY_MEASURE_WITH_UNIT(LENGTH_MEASURE(1.E-07),#1829,
  'distance_accuracy_value','confusion accuracy');
#1833 = CONTEXT_DEPENDENT_SHAPE_REPRESENTATION(#1834,#1836);
#1834 = ( REPRESENTATION_RELATIONSHIP('','',#1789,#10) 
REPRESENTATION_RELATIONSHIP_WITH_TRANSFORMATION(#1835) 
SHAPE_REPRESENTATION_RELATIONSHIP() );
#1835 = ITEM_DEFINED_TRANSFORMATION('','',#11,#99);
#1836 = PRODUCT_DEFINITION_SHAPE('Placement','Placement of an item',
  #1837);
#1837 = NEXT_ASSEMBLY_USAGE_OCCURRENCE('158916','BALL_0020','',#5,#1784,
  $);
#1838 = PRODUCT_RELATED_PRODUCT_CATEGORY('part',$,(#1786));
#1839 = SHAPE_DEFINITION_REPRESENTATION(#1840,#1846);
#1840 = PRODUCT_DEFINITION_SHAPE('','',#1841);
#1841 = PRODUCT_DEFINITION('design','',#1842,#1845);
#1842 = PRODUCT_DEFINITION_FORMATION('','',#1843);
#1843 = PRODUCT('BALL_0021','BALL_0021','',(#1844));
#1844 = PRODUCT_CONTEXT('',#2,'mechanical');
#1845 = PRODUCT_DEFINITION_CONTEXT('part definition',#2,'design');
#1846 = ADVANCED_BREP_SHAPE_REPRESENTATION('',(#11,#1847),#1885);
#1847 = MANIFOLD_SOLID_BREP('',#1848);
#1848 = CLOSED_SHELL('',(#1849,#1876));
#1849 = ADVANCED_FACE('',(#1850),#1871,.T.);
#1850 = FACE_BOUND('',#1851,.T.);
#1851 = EDGE_LOOP('',(#1852,#1861,#1870));
#1852 = ORIENTED_EDGE('',*,*,#1853,.T.);
#1853 = EDGE_CURVE('',#1854,#1854,#1856,.T.);
#1854 = VERTEX_POINT('',#1855);
#1855 = CARTESIAN_POINT('',(-2.,0.262399999997,-5.868799999998));
#1856 = CIRCLE('',#1857,0.131200000002);
#1857 = AXIS2_PLACEMENT_3D('',#1858,#1859,#1860);
#1858 = CARTESIAN_POINT('',(-2.,0.262399999997,-6.));
#1859 = DIRECTION('',(-5.551115123126E-17,-1.,0.));
#1860 = DIRECTION('',(1.718305301576E-28,-9.538510545726E-45,1.));
#1861 = ORIENTED_EDGE('',*,*,#1862,.T.);
#1862 = EDGE_CURVE('',#1854,#1863,#1865,.T.);
#1863 = VERTEX_POINT('',#1864);
#1864 = CARTESIAN_POINT('',(-2.,4.05763833864E-13,-6.));
#1865 = CIRCLE('',#1866,0.164);
#1866 = AXIS2_PLACEMENT_3D('',#1867,#1868,#1869);
#1867 = CARTESIAN_POINT('',(-2.,0.164,-6.));
#1868 = DIRECTION('',(1.,-1.110223024625E-16,-5.551115123126E-17));
#1869 = DIRECTION('',(1.110223024625E-16,1.,5.551115123126E-17));
#1870 = ORIENTED_EDGE('',*,*,#1862,.F.);
#1871 = SPHERICAL_SURFACE('',#1872,0.164);
#1872 = AXIS2_PLACEMENT_3D('',#1873,#1874,#1875);
#1873 = CARTESIAN_POINT('',(-2.,0.164,-6.));
#1874 = DIRECTION('',(-5.551115123126E-17,-1.,-0.));
#1875 = DIRECTION('',(1.536735126745E-28,-8.530593602312E-45,1.));
#1876 = ADVANCED_FACE('',(#1877),#1880,.F.);
#1877 = FACE_BOUND('',#1878,.F.);
#1878 = EDGE_LOOP('',(#1879));
#1879 = ORIENTED_EDGE('',*,*,#1853,.T.);
#1880 = PLANE('',#1881);
#1881 = AXIS2_PLACEMENT_3D('',#1882,#1883,#1884);
#1882 = CARTESIAN_POINT('',(-2.,0.2624,-6.));
#1883 = DIRECTION('',(-5.551115123126E-17,-1.,-0.));
#1884 = DIRECTION('',(1.718305301602E-28,-9.53851054587E-45,1.));
#1885 = ( GEOMETRIC_REPRESENTATION_CONTEXT(3) 
GLOBAL_UNCERTAINTY_ASSIGNED_CONTEXT((#1889)) 
GLOBAL_UNIT_ASSIGNED_CONTEXT((#1886,#1887,#1888)) REPRESENTATION_CONTEXT
('Context #1','3D Context with UNIT and UNCERTAINTY') );
#1886 = ( LENGTH_UNIT() NAMED_UNIT(*) SI_UNIT(.MILLI.,.METRE.) );
#1887 = ( NAMED_UNIT(*) PLANE_ANGLE_UNIT() SI_UNIT($,.RADIAN.) );
#1888 = ( NAMED_UNIT(*) SI_UNIT($,.STERADIAN.) SOLID_ANGLE_UNIT() );
#1889 = UNCERTAINTY_MEASURE_WITH_UNIT(LENGTH_MEASURE(1.E-07),#1886,
  'distance_accuracy_value','confusion accuracy');
#1890 = CONTEXT_DEPENDENT_SHAPE_REPRESENTATION(#1891,#1893);
#1891 = ( REPRESENTATION_RELATIONSHIP('','',#1846,#10) 
REPRESENTATION_RELATIONSHIP_WITH_TRANSFORMATION(#1892) 
SHAPE_REPRESENTATION_RELATIONSHIP() );
#1892 = ITEM_DEFINED_TRANSFORMATION('','',#11,#103);
#1893 = PRODUCT_DEFINITION_SHAPE('Placement','Placement of an item',
  #1894);
#1894 = NEXT_ASSEMBLY_USAGE_OCCURRENCE('158917','BALL_0021','',#5,#1841,
  $);
#1895 = PRODUCT_RELATED_PRODUCT_CATEGORY('part',$,(#1843));
#1896 = SHAPE_DEFINITION_REPRESENTATION(#1897,#1903);
#1897 = PRODUCT_DEFINITION_SHAPE('','',#1898);
#1898 = PRODUCT_DEFINITION('design','',#1899,#1902);
#1899 = PRODUCT_DEFINITION_FORMATION('','',#1900);
#1900 = PRODUCT('BALL_0022','BALL_0022','',(#1901));
#1901 = PRODUCT_CONTEXT('',#2,'mechanical');
#1902 = PRODUCT_DEFINITION_CONTEXT('part definition',#2,'design');
#1903 = ADVANCED_BREP_SHAPE_REPRESENTATION('',(#11,#1904),#1942);
#1904 = MANIFOLD_SOLID_BREP('',#1905);
#1905 = CLOSED_SHELL('',(#1906,#1933));
#1906 = ADVANCED_FACE('',(#1907),#1928,.T.);
#1907 = FACE_BOUND('',#1908,.T.);
#1908 = EDGE_LOOP('',(#1909,#1918,#1927));
#1909 = ORIENTED_EDGE('',*,*,#1910,.T.);
#1910 = EDGE_CURVE('',#1911,#1911,#1913,.T.);
#1911 = VERTEX_POINT('',#1912);
#1912 = CARTESIAN_POINT('',(-2.,0.262399999997,-5.868799999998));
#1913 = CIRCLE('',#1914,0.131200000002);
#1914 = AXIS2_PLACEMENT_3D('',#1915,#1916,#1917);
#1915 = CARTESIAN_POINT('',(-2.,0.262399999997,-6.));
#1916 = DIRECTION('',(-5.551115123126E-17,-1.,0.));
#1917 = DIRECTION('',(1.718305301576E-28,-9.538510545726E-45,1.));
#1918 = ORIENTED_EDGE('',*,*,#1919,.T.);
#1919 = EDGE_CURVE('',#1911,#1920,#1922,.T.);
#1920 = VERTEX_POINT('',#1921);
#1921 = CARTESIAN_POINT('',(-2.,4.05763833864E-13,-6.));
#1922 = CIRCLE('',#1923,0.164);
#1923 = AXIS2_PLACEMENT_3D('',#1924,#1925,#1926);
#1924 = CARTESIAN_POINT('',(-2.,0.164,-6.));
#1925 = DIRECTION('',(1.,-1.110223024625E-16,-5.551115123126E-17));
#1926 = DIRECTION('',(1.110223024625E-16,1.,5.551115123126E-17));
#1927 = ORIENTED_EDGE('',*,*,#1919,.F.);
#1928 = SPHERICAL_SURFACE('',#1929,0.164);
#1929 = AXIS2_PLACEMENT_3D('',#1930,#1931,#1932);
#1930 = CARTESIAN_POINT('',(-2.,0.164,-6.));
#1931 = DIRECTION('',(-5.551115123126E-17,-1.,-0.));
#1932 = DIRECTION('',(1.536735126745E-28,-8.530593602312E-45,1.));
#1933 = ADVANCED_FACE('',(#1934),#1937,.F.);
#1934 = FACE_BOUND('',#1935,.F.);
#1935 = EDGE_LOOP('',(#1936));
#1936 = ORIENTED_EDGE('',*,*,#1910,.T.);
#1937 = PLANE('',#1938);
#1938 = AXIS2_PLACEMENT_3D('',#1939,#1940,#1941);
#1939 = CARTESIAN_POINT('',(-2.,0.2624,-6.));
#1940 = DIRECTION('',(-5.551115123126E-17,-1.,-0.));
#1941 = DIRECTION('',(1.718305301602E-28,-9.53851054587E-45,1.));
#1942 = ( GEOMETRIC_REPRESENTATION_CONTEXT(3) 
GLOBAL_UNCERTAINTY_ASSIGNED_CONTEXT((#1946)) 
GLOBAL_UNIT_ASSIGNED_CONTEXT((#1943,#1944,#1945)) REPRESENTATION_CONTEXT
('Context #1','3D Context with UNIT and UNCERTAINTY') );
#1943 = ( LENGTH_UNIT() NAMED_UNIT(*) SI_UNIT(.MILLI.,.METRE.) );
#1944 = ( NAMED_UNIT(*) PLANE_ANGLE_UNIT() SI_UNIT($,.RADIAN.) );
#1945 = ( NAMED_UNIT(*) SI_UNIT($,.STERADIAN.) SOLID_ANGLE_UNIT() );
#1946 = UNCERTAINTY_MEASURE_WITH_UNIT(LENGTH_MEASURE(1.E-07),#1943,
  'distance_accuracy_value','confusion accuracy');
#1947 = CONTEXT_DEPENDENT_SHAPE_REPRESENTATION(#1948,#1950);
#1948 = ( REPRESENTATION_RELATIONSHIP('','',#1903,#10) 
REPRESENTATION_RELATIONSHIP_WITH_TRANSFORMATION(#1949) 
SHAPE_REPRESENTATION_RELATIONSHIP() );
#1949 = ITEM_DEFINED_TRANSFORMATION('','',#11,#107);
#1950 = PRODUCT_DEFINITION_SHAPE('Placement','Placement of an item',
  #1951);
#1951 = NEXT_ASSEMBLY_USAGE_OCCURRENCE('158918','BALL_0022','',#5,#1898,
  $);
#1952 = PRODUCT_RELATED_PRODUCT_CATEGORY('part',$,(#1900));
#1953 = SHAPE_DEFINITION_REPRESENTATION(#1954,#1960);
#1954 = PRODUCT_DEFINITION_SHAPE('','',#1955);
#1955 = PRODUCT_DEFINITION('design','',#1956,#1959);
#1956 = PRODUCT_DEFINITION_FORMATION('','',#1957);
#1957 = PRODUCT('BALL_0023','BALL_0023','',(#1958));
#1958 = PRODUCT_CONTEXT('',#2,'mechanical');
#1959 = PRODUCT_DEFINITION_CONTEXT('part definition',#2,'design');
#1960 = ADVANCED_BREP_SHAPE_REPRESENTATION('',(#11,#1961),#1999);
#1961 = MANIFOLD_SOLID_BREP('',#1962);
#1962 = CLOSED_SHELL('',(#1963,#1990));
#1963 = ADVANCED_FACE('',(#1964),#1985,.T.);
#1964 = FACE_BOUND('',#1965,.T.);
#1965 = EDGE_LOOP('',(#1966,#1975,#1984));
#1966 = ORIENTED_EDGE('',*,*,#1967,.T.);
#1967 = EDGE_CURVE('',#1968,#1968,#1970,.T.);
#1968 = VERTEX_POINT('',#1969);
#1969 = CARTESIAN_POINT('',(-2.,0.262399999997,-5.868799999998));
#1970 = CIRCLE('',#1971,0.131200000002);
#1971 = AXIS2_PLACEMENT_3D('',#1972,#1973,#1974);
#1972 = CARTESIAN_POINT('',(-2.,0.262399999997,-6.));
#1973 = DIRECTION('',(-5.551115123126E-17,-1.,0.));
#1974 = DIRECTION('',(1.718305301576E-28,-9.538510545726E-45,1.));
#1975 = ORIENTED_EDGE('',*,*,#1976,.T.);
#1976 = EDGE_CURVE('',#1968,#1977,#1979,.T.);
#1977 = VERTEX_POINT('',#1978);
#1978 = CARTESIAN_POINT('',(-2.,4.05763833864E-13,-6.));
#1979 = CIRCLE('',#1980,0.164);
#1980 = AXIS2_PLACEMENT_3D('',#1981,#1982,#1983);
#1981 = CARTESIAN_POINT('',(-2.,0.164,-6.));
#1982 = DIRECTION('',(1.,-1.110223024625E-16,-5.551115123126E-17));
#1983 = DIRECTION('',(1.110223024625E-16,1.,5.551115123126E-17));
#1984 = ORIENTED_EDGE('',*,*,#1976,.F.);
#1985 = SPHERICAL_SURFACE('',#1986,0.164);
#1986 = AXIS2_PLACEMENT_3D('',#1987,#1988,#1989);
#1987 = CARTESIAN_POINT('',(-2.,0.164,-6.));
#1988 = DIRECTION('',(-5.551115123126E-17,-1.,-0.));
#1989 = DIRECTION('',(1.536735126745E-28,-8.530593602312E-45,1.));
#1990 = ADVANCED_FACE('',(#1991),#1994,.F.);
#1991 = FACE_BOUND('',#1992,.F.);
#1992 = EDGE_LOOP('',(#1993));
#1993 = ORIENTED_EDGE('',*,*,#1967,.T.);
#1994 = PLANE('',#1995);
#1995 = AXIS2_PLACEMENT_3D('',#1996,#1997,#1998);
#1996 = CARTESIAN_POINT('',(-2.,0.2624,-6.));
#1997 = DIRECTION('',(-5.551115123126E-17,-1.,-0.));
#1998 = DIRECTION('',(1.718305301602E-28,-9.53851054587E-45,1.));
#1999 = ( GEOMETRIC_REPRESENTATION_CONTEXT(3) 
GLOBAL_UNCERTAINTY_ASSIGNED_CONTEXT((#2003)) 
GLOBAL_UNIT_ASSIGNED_CONTEXT((#2000,#2001,#2002)) REPRESENTATION_CONTEXT
('Context #1','3D Context with UNIT and UNCERTAINTY') );
#2000 = ( LENGTH_UNIT() NAMED_UNIT(*) SI_UNIT(.MILLI.,.METRE.) );
#2001 = ( NAMED_UNIT(*) PLANE_ANGLE_UNIT() SI_UNIT($,.RADIAN.) );
#2002 = ( NAMED_UNIT(*) SI_UNIT($,.STERADIAN.) SOLID_ANGLE_UNIT() );
#2003 = UNCERTAINTY_MEASURE_WITH_UNIT(LENGTH_MEASURE(1.E-07),#2000,
  'distance_accuracy_value','confusion accuracy');
#2004 = CONTEXT_DEPENDENT_SHAPE_REPRESENTATION(#2005,#2007);
#2005 = ( REPRESENTATION_RELATIONSHIP('','',#1960,#10) 
REPRESENTATION_RELATIONSHIP_WITH_TRANSFORMATION(#2006) 
SHAPE_REPRESENTATION_RELATIONSHIP() );
#2006 = ITEM_DEFINED_TRANSFORMATION('','',#11,#111);
#2007 = PRODUCT_DEFINITION_SHAPE('Placement','Placement of an item',
  #2008);
#2008 = NEXT_ASSEMBLY_USAGE_OCCURRENCE('158919','BALL_0023','',#5,#1955,
  $);
#2009 = PRODUCT_RELATED_PRODUCT_CATEGORY('part',$,(#1957));
#2010 = SHAPE_DEFINITION_REPRESENTATION(#2011,#2017);
#2011 = PRODUCT_DEFINITION_SHAPE('','',#2012);
#2012 = PRODUCT_DEFINITION('design','',#2013,#2016);
#2013 = PRODUCT_DEFINITION_FORMATION('','',#2014);
#2014 = PRODUCT('BALL_0024','BALL_0024','',(#2015));
#2015 = PRODUCT_CONTEXT('',#2,'mechanical');
#2016 = PRODUCT_DEFINITION_CONTEXT('part definition',#2,'design');
#2017 = ADVANCED_BREP_SHAPE_REPRESENTATION('',(#11,#2018),#2056);
#2018 = MANIFOLD_SOLID_BREP('',#2019);
#2019 = CLOSED_SHELL('',(#2020,#2047));
#2020 = ADVANCED_FACE('',(#2021),#2042,.T.);
#2021 = FACE_BOUND('',#2022,.T.);
#2022 = EDGE_LOOP('',(#2023,#2032,#2041));
#2023 = ORIENTED_EDGE('',*,*,#2024,.T.);
#2024 = EDGE_CURVE('',#2025,#2025,#2027,.T.);
#2025 = VERTEX_POINT('',#2026);
#2026 = CARTESIAN_POINT('',(-2.,0.262399999997,-5.868799999998));
#2027 = CIRCLE('',#2028,0.131200000002);
#2028 = AXIS2_PLACEMENT_3D('',#2029,#2030,#2031);
#2029 = CARTESIAN_POINT('',(-2.,0.262399999997,-6.));
#2030 = DIRECTION('',(-5.551115123126E-17,-1.,0.));
#2031 = DIRECTION('',(1.718305301576E-28,-9.538510545726E-45,1.));
#2032 = ORIENTED_EDGE('',*,*,#2033,.T.);
#2033 = EDGE_CURVE('',#2025,#2034,#2036,.T.);
#2034 = VERTEX_POINT('',#2035);
#2035 = CARTESIAN_POINT('',(-2.,4.05763833864E-13,-6.));
#2036 = CIRCLE('',#2037,0.164);
#2037 = AXIS2_PLACEMENT_3D('',#2038,#2039,#2040);
#2038 = CARTESIAN_POINT('',(-2.,0.164,-6.));
#2039 = DIRECTION('',(1.,-1.110223024625E-16,-5.551115123126E-17));
#2040 = DIRECTION('',(1.110223024625E-16,1.,5.551115123126E-17));
#2041 = ORIENTED_EDGE('',*,*,#2033,.F.);
#2042 = SPHERICAL_SURFACE('',#2043,0.164);
#2043 = AXIS2_PLACEMENT_3D('',#2044,#2045,#2046);
#2044 = CARTESIAN_POINT('',(-2.,0.164,-6.));
#2045 = DIRECTION('',(-5.551115123126E-17,-1.,-0.));
#2046 = DIRECTION('',(1.536735126745E-28,-8.530593602312E-45,1.));
#2047 = ADVANCED_FACE('',(#2048),#2051,.F.);
#2048 = FACE_BOUND('',#2049,.F.);
#2049 = EDGE_LOOP('',(#2050));
#2050 = ORIENTED_EDGE('',*,*,#2024,.T.);
#2051 = PLANE('',#2052);
#2052 = AXIS2_PLACEMENT_3D('',#2053,#2054,#2055);
#2053 = CARTESIAN_POINT('',(-2.,0.2624,-6.));
#2054 = DIRECTION('',(-5.551115123126E-17,-1.,-0.));
#2055 = DIRECTION('',(1.718305301602E-28,-9.53851054587E-45,1.));
#2056 = ( GEOMETRIC_REPRESENTATION_CONTEXT(3) 
GLOBAL_UNCERTAINTY_ASSIGNED_CONTEXT((#2060)) 
GLOBAL_UNIT_ASSIGNED_CONTEXT((#2057,#2058,#2059)) REPRESENTATION_CONTEXT
('Context #1','3D Context with UNIT and UNCERTAINTY') );
#2057 = ( LENGTH_UNIT() NAMED_UNIT(*) SI_UNIT(.MILLI.,.METRE.) );
#2058 = ( NAMED_UNIT(*) PLANE_ANGLE_UNIT() SI_UNIT($,.RADIAN.) );
#2059 = ( NAMED_UNIT(*) SI_UNIT($,.STERADIAN.) SOLID_ANGLE_UNIT() );
#2060 = UNCERTAINTY_MEASURE_WITH_UNIT(LENGTH_MEASURE(1.E-07),#2057,
  'distance_accuracy_value','confusion accuracy');
#2061 = CONTEXT_DEPENDENT_SHAPE_REPRESENTATION(#2062,#2064);
#2062 = ( REPRESENTATION_RELATIONSHIP('','',#2017,#10) 
REPRESENTATION_RELATIONSHIP_WITH_TRANSFORMATION(#2063) 
SHAPE_REPRESENTATION_RELATIONSHIP() );
#2063 = ITEM_DEFINED_TRANSFORMATION('','',#11,#115);
#2064 = PRODUCT_DEFINITION_SHAPE('Placement','Placement of an item',
  #2065);
#2065 = NEXT_ASSEMBLY_USAGE_OCCURRENCE('158920','BALL_0024','',#5,#2012,
  $);
#2066 = PRODUCT_RELATED_PRODUCT_CATEGORY('part',$,(#2014));
#2067 = SHAPE_DEFINITION_REPRESENTATION(#2068,#2074);
#2068 = PRODUCT_DEFINITION_SHAPE('','',#2069);
#2069 = PRODUCT_DEFINITION('design','',#2070,#2073);
#2070 = PRODUCT_DEFINITION_FORMATION('','',#2071);
#2071 = PRODUCT('BALL_0025','BALL_0025','',(#2072));
#2072 = PRODUCT_CONTEXT('',#2,'mechanical');
#2073 = PRODUCT_DEFINITION_CONTEXT('part definition',#2,'design');
#2074 = ADVANCED_BREP_SHAPE_REPRESENTATION('',(#11,#2075),#2113);
#2075 = MANIFOLD_SOLID_BREP('',#2076);
#2076 = CLOSED_SHELL('',(#2077,#2104));
#2077 = ADVANCED_FACE('',(#2078),#2099,.T.);
#2078 = FACE_BOUND('',#2079,.T.);
#2079 = EDGE_LOOP('',(#2080,#2089,#2098));
#2080 = ORIENTED_EDGE('',*,*,#2081,.T.);
#2081 = EDGE_CURVE('',#2082,#2082,#2084,.T.);
#2082 = VERTEX_POINT('',#2083);
#2083 = CARTESIAN_POINT('',(-2.,0.262399999997,-5.868799999998));
#2084 = CIRCLE('',#2085,0.131200000002);
#2085 = AXIS2_PLACEMENT_3D('',#2086,#2087,#2088);
#2086 = CARTESIAN_POINT('',(-2.,0.262399999997,-6.));
#2087 = DIRECTION('',(-5.551115123126E-17,-1.,0.));
#2088 = DIRECTION('',(1.718305301576E-28,-9.538510545726E-45,1.));
#2089 = ORIENTED_EDGE('',*,*,#2090,.T.);
#2090 = EDGE_CURVE('',#2082,#2091,#2093,.T.);
#2091 = VERTEX_POINT('',#2092);
#2092 = CARTESIAN_POINT('',(-2.,4.05763833864E-13,-6.));
#2093 = CIRCLE('',#2094,0.164);
#2094 = AXIS2_PLACEMENT_3D('',#2095,#2096,#2097);
#2095 = CARTESIAN_POINT('',(-2.,0.164,-6.));
#2096 = DIRECTION('',(1.,-1.110223024625E-16,-5.551115123126E-17));
#2097 = DIRECTION('',(1.110223024625E-16,1.,5.551115123126E-17));
#2098 = ORIENTED_EDGE('',*,*,#2090,.F.);
#2099 = SPHERICAL_SURFACE('',#2100,0.164);
#2100 = AXIS2_PLACEMENT_3D('',#2101,#2102,#2103);
#2101 = CARTESIAN_POINT('',(-2.,0.164,-6.));
#2102 = DIRECTION('',(-5.551115123126E-17,-1.,-0.));
#2103 = DIRECTION('',(1.536735126745E-28,-8.530593602312E-45,1.));
#2104 = ADVANCED_FACE('',(#2105),#2108,.F.);
#2105 = FACE_BOUND('',#2106,.F.);
#2106 = EDGE_LOOP('',(#2107));
#2107 = ORIENTED_EDGE('',*,*,#2081,.T.);
#2108 = PLANE('',#2109);
#2109 = AXIS2_PLACEMENT_3D('',#2110,#2111,#2112);
#2110 = CARTESIAN_POINT('',(-2.,0.2624,-6.));
#2111 = DIRECTION('',(-5.551115123126E-17,-1.,-0.));
#2112 = DIRECTION('',(1.718305301602E-28,-9.53851054587E-45,1.));
#2113 = ( GEOMETRIC_REPRESENTATION_CONTEXT(3) 
GLOBAL_UNCERTAINTY_ASSIGNED_CONTEXT((#2117)) 
GLOBAL_UNIT_ASSIGNED_CONTEXT((#2114,#2115,#2116)) REPRESENTATION_CONTEXT
('Context #1','3D Context with UNIT and UNCERTAINTY') );
#2114 = ( LENGTH_UNIT() NAMED_UNIT(*) SI_UNIT(.MILLI.,.METRE.) );
#2115 = ( NAMED_UNIT(*) PLANE_ANGLE_UNIT() SI_UNIT($,.RADIAN.) );
#2116 = ( NAMED_UNIT(*) SI_UNIT($,.STERADIAN.) SOLID_ANGLE_UNIT() );
#2117 = UNCERTAINTY_MEASURE_WITH_UNIT(LENGTH_MEASURE(1.E-07),#2114,
  'distance_accuracy_value','confusion accuracy');
#2118 = CONTEXT_DEPENDENT_SHAPE_REPRESENTATION(#2119,#2121);
#2119 = ( REPRESENTATION_RELATIONSHIP('','',#2074,#10) 
REPRESENTATION_RELATIONSHIP_WITH_TRANSFORMATION(#2120) 
SHAPE_REPRESENTATION_RELATIONSHIP() );
#2120 = ITEM_DEFINED_TRANSFORMATION('','',#11,#119);
#2121 = PRODUCT_DEFINITION_SHAPE('Placement','Placement of an item',
  #2122);
#2122 = NEXT_ASSEMBLY_USAGE_OCCURRENCE('158921','BALL_0025','',#5,#2069,
  $);
#2123 = PRODUCT_RELATED_PRODUCT_CATEGORY('part',$,(#2071));
#2124 = SHAPE_DEFINITION_REPRESENTATION(#2125,#2131);
#2125 = PRODUCT_DEFINITION_SHAPE('','',#2126);
#2126 = PRODUCT_DEFINITION('design','',#2127,#2130);
#2127 = PRODUCT_DEFINITION_FORMATION('','',#2128);
#2128 = PRODUCT('BALL_0026','BALL_0026','',(#2129));
#2129 = PRODUCT_CONTEXT('',#2,'mechanical');
#2130 = PRODUCT_DEFINITION_CONTEXT('part definition',#2,'design');
#2131 = ADVANCED_BREP_SHAPE_REPRESENTATION('',(#11,#2132),#2170);
#2132 = MANIFOLD_SOLID_BREP('',#2133);
#2133 = CLOSED_SHELL('',(#2134,#2161));
#2134 = ADVANCED_FACE('',(#2135),#2156,.T.);
#2135 = FACE_BOUND('',#2136,.T.);
#2136 = EDGE_LOOP('',(#2137,#2146,#2155));
#2137 = ORIENTED_EDGE('',*,*,#2138,.T.);
#2138 = EDGE_CURVE('',#2139,#2139,#2141,.T.);
#2139 = VERTEX_POINT('',#2140);
#2140 = CARTESIAN_POINT('',(-2.,0.262399999997,-5.868799999998));
#2141 = CIRCLE('',#2142,0.131200000002);
#2142 = AXIS2_PLACEMENT_3D('',#2143,#2144,#2145);
#2143 = CARTESIAN_POINT('',(-2.,0.262399999997,-6.));
#2144 = DIRECTION('',(-5.551115123126E-17,-1.,0.));
#2145 = DIRECTION('',(1.718305301576E-28,-9.538510545726E-45,1.));
#2146 = ORIENTED_EDGE('',*,*,#2147,.T.);
#2147 = EDGE_CURVE('',#2139,#2148,#2150,.T.);
#2148 = VERTEX_POINT('',#2149);
#2149 = CARTESIAN_POINT('',(-2.,4.05763833864E-13,-6.));
#2150 = CIRCLE('',#2151,0.164);
#2151 = AXIS2_PLACEMENT_3D('',#2152,#2153,#2154);
#2152 = CARTESIAN_POINT('',(-2.,0.164,-6.));
#2153 = DIRECTION('',(1.,-1.110223024625E-16,-5.551115123126E-17));
#2154 = DIRECTION('',(1.110223024625E-16,1.,5.551115123126E-17));
#2155 = ORIENTED_EDGE('',*,*,#2147,.F.);
#2156 = SPHERICAL_SURFACE('',#2157,0.164);
#2157 = AXIS2_PLACEMENT_3D('',#2158,#2159,#2160);
#2158 = CARTESIAN_POINT('',(-2.,0.164,-6.));
#2159 = DIRECTION('',(-5.551115123126E-17,-1.,-0.));
#2160 = DIRECTION('',(1.536735126745E-28,-8.530593602312E-45,1.));
#2161 = ADVANCED_FACE('',(#2162),#2165,.F.);
#2162 = FACE_BOUND('',#2163,.F.);
#2163 = EDGE_LOOP('',(#2164));
#2164 = ORIENTED_EDGE('',*,*,#2138,.T.);
#2165 = PLANE('',#2166);
#2166 = AXIS2_PLACEMENT_3D('',#2167,#2168,#2169);
#2167 = CARTESIAN_POINT('',(-2.,0.2624,-6.));
#2168 = DIRECTION('',(-5.551115123126E-17,-1.,-0.));
#2169 = DIRECTION('',(1.718305301602E-28,-9.53851054587E-45,1.));
#2170 = ( GEOMETRIC_REPRESENTATION_CONTEXT(3) 
GLOBAL_UNCERTAINTY_ASSIGNED_CONTEXT((#2174)) 
GLOBAL_UNIT_ASSIGNED_CONTEXT((#2171,#2172,#2173)) REPRESENTATION_CONTEXT
('Context #1','3D Context with UNIT and UNCERTAINTY') );
#2171 = ( LENGTH_UNIT() NAMED_UNIT(*) SI_UNIT(.MILLI.,.METRE.) );
#2172 = ( NAMED_UNIT(*) PLANE_ANGLE_UNIT() SI_UNIT($,.RADIAN.) );
#2173 = ( NAMED_UNIT(*) SI_UNIT($,.STERADIAN.) SOLID_ANGLE_UNIT() );
#2174 = UNCERTAINTY_MEASURE_WITH_UNIT(LENGTH_MEASURE(1.E-07),#2171,
  'distance_accuracy_value','confusion accuracy');
#2175 = CONTEXT_DEPENDENT_SHAPE_REPRESENTATION(#2176,#2178);
#2176 = ( REPRESENTATION_RELATIONSHIP('','',#2131,#10) 
REPRESENTATION_RELATIONSHIP_WITH_TRANSFORMATION(#2177) 
SHAPE_REPRESENTATION_RELATIONSHIP() );
#2177 = ITEM_DEFINED_TRANSFORMATION('','',#11,#123);
#2178 = PRODUCT_DEFINITION_SHAPE('Placement','Placement of an item',
  #2179);
#2179 = NEXT_ASSEMBLY_USAGE_OCCURRENCE('158922','BALL_0026','',#5,#2126,
  $);
#2180 = PRODUCT_RELATED_PRODUCT_CATEGORY('part',$,(#2128));
#2181 = SHAPE_DEFINITION_REPRESENTATION(#2182,#2188);
#2182 = PRODUCT_DEFINITION_SHAPE('','',#2183);
#2183 = PRODUCT_DEFINITION('design','',#2184,#2187);
#2184 = PRODUCT_DEFINITION_FORMATION('','',#2185);
#2185 = PRODUCT('BALL_0027','BALL_0027','',(#2186));
#2186 = PRODUCT_CONTEXT('',#2,'mechanical');
#2187 = PRODUCT_DEFINITION_CONTEXT('part definition',#2,'design');
#2188 = ADVANCED_BREP_SHAPE_REPRESENTATION('',(#11,#2189),#2227);
#2189 = MANIFOLD_SOLID_BREP('',#2190);
#2190 = CLOSED_SHELL('',(#2191,#2218));
#2191 = ADVANCED_FACE('',(#2192),#2213,.T.);
#2192 = FACE_BOUND('',#2193,.T.);
#2193 = EDGE_LOOP('',(#2194,#2203,#2212));
#2194 = ORIENTED_EDGE('',*,*,#2195,.T.);
#2195 = EDGE_CURVE('',#2196,#2196,#2198,.T.);
#2196 = VERTEX_POINT('',#2197);
#2197 = CARTESIAN_POINT('',(-2.,0.262399999997,-5.868799999998));
#2198 = CIRCLE('',#2199,0.131200000002);
#2199 = AXIS2_PLACEMENT_3D('',#2200,#2201,#2202);
#2200 = CARTESIAN_POINT('',(-2.,0.262399999997,-6.));
#2201 = DIRECTION('',(-5.551115123126E-17,-1.,0.));
#2202 = DIRECTION('',(1.718305301576E-28,-9.538510545726E-45,1.));
#2203 = ORIENTED_EDGE('',*,*,#2204,.T.);
#2204 = EDGE_CURVE('',#2196,#2205,#2207,.T.);
#2205 = VERTEX_POINT('',#2206);
#2206 = CARTESIAN_POINT('',(-2.,4.05763833864E-13,-6.));
#2207 = CIRCLE('',#2208,0.164);
#2208 = AXIS2_PLACEMENT_3D('',#2209,#2210,#2211);
#2209 = CARTESIAN_POINT('',(-2.,0.164,-6.));
#2210 = DIRECTION('',(1.,-1.110223024625E-16,-5.551115123126E-17));
#2211 = DIRECTION('',(1.110223024625E-16,1.,5.551115123126E-17));
#2212 = ORIENTED_EDGE('',*,*,#2204,.F.);
#2213 = SPHERICAL_SURFACE('',#2214,0.164);
#2214 = AXIS2_PLACEMENT_3D('',#2215,#2216,#2217);
#2215 = CARTESIAN_POINT('',(-2.,0.164,-6.));
#2216 = DIRECTION('',(-5.551115123126E-17,-1.,-0.));
#2217 = DIRECTION('',(1.536735126745E-28,-8.530593602312E-45,1.));
#2218 = ADVANCED_FACE('',(#2219),#2222,.F.);
#2219 = FACE_BOUND('',#2220,.F.);
#2220 = EDGE_LOOP('',(#2221));
#2221 = ORIENTED_EDGE('',*,*,#2195,.T.);
#2222 = PLANE('',#2223);
#2223 = AXIS2_PLACEMENT_3D('',#2224,#2225,#2226);
#2224 = CARTESIAN_POINT('',(-2.,0.2624,-6.));
#2225 = DIRECTION('',(-5.551115123126E-17,-1.,-0.));
#2226 = DIRECTION('',(1.718305301602E-28,-9.53851054587E-45,1.));
#2227 = ( GEOMETRIC_REPRESENTATION_CONTEXT(3) 
GLOBAL_UNCERTAINTY_ASSIGNED_CONTEXT((#2231)) 
GLOBAL_UNIT_ASSIGNED_CONTEXT((#2228,#2229,#2230)) REPRESENTATION_CONTEXT
('Context #1','3D Context with UNIT and UNCERTAINTY') );
#2228 = ( LENGTH_UNIT() NAMED_UNIT(*) SI_UNIT(.MILLI.,.METRE.) );
#2229 = ( NAMED_UNIT(*) PLANE_ANGLE_UNIT() SI_UNIT($,.RADIAN.) );
#2230 = ( NAMED_UNIT(*) SI_UNIT($,.STERADIAN.) SOLID_ANGLE_UNIT() );
#2231 = UNCERTAINTY_MEASURE_WITH_UNIT(LENGTH_MEASURE(1.E-07),#2228,
  'distance_accuracy_value','confusion accuracy');
#2232 = CONTEXT_DEPENDENT_SHAPE_REPRESENTATION(#2233,#2235);
#2233 = ( REPRESENTATION_RELATIONSHIP('','',#2188,#10) 
REPRESENTATION_RELATIONSHIP_WITH_TRANSFORMATION(#2234) 
SHAPE_REPRESENTATION_RELATIONSHIP() );
#2234 = ITEM_DEFINED_TRANSFORMATION('','',#11,#127);
#2235 = PRODUCT_DEFINITION_SHAPE('Placement','Placement of an item',
  #2236);
#2236 = NEXT_ASSEMBLY_USAGE_OCCURRENCE('158923','BALL_0027','',#5,#2183,
  $);
#2237 = PRODUCT_RELATED_PRODUCT_CATEGORY('part',$,(#2185));
#2238 = SHAPE_DEFINITION_REPRESENTATION(#2239,#2245);
#2239 = PRODUCT_DEFINITION_SHAPE('','',#2240);
#2240 = PRODUCT_DEFINITION('design','',#2241,#2244);
#2241 = PRODUCT_DEFINITION_FORMATION('','',#2242);
#2242 = PRODUCT('BALL_0028','BALL_0028','',(#2243));
#2243 = PRODUCT_CONTEXT('',#2,'mechanical');
#2244 = PRODUCT_DEFINITION_CONTEXT('part definition',#2,'design');
#2245 = ADVANCED_BREP_SHAPE_REPRESENTATION('',(#11,#2246),#2284);
#2246 = MANIFOLD_SOLID_BREP('',#2247);
#2247 = CLOSED_SHELL('',(#2248,#2275));
#2248 = ADVANCED_FACE('',(#2249),#2270,.T.);
#2249 = FACE_BOUND('',#2250,.T.);
#2250 = EDGE_LOOP('',(#2251,#2260,#2269));
#2251 = ORIENTED_EDGE('',*,*,#2252,.T.);
#2252 = EDGE_CURVE('',#2253,#2253,#2255,.T.);
#2253 = VERTEX_POINT('',#2254);
#2254 = CARTESIAN_POINT('',(-2.,0.262399999997,-5.868799999998));
#2255 = CIRCLE('',#2256,0.131200000002);
#2256 = AXIS2_PLACEMENT_3D('',#2257,#2258,#2259);
#2257 = CARTESIAN_POINT('',(-2.,0.262399999997,-6.));
#2258 = DIRECTION('',(-5.551115123126E-17,-1.,0.));
#2259 = DIRECTION('',(1.718305301576E-28,-9.538510545726E-45,1.));
#2260 = ORIENTED_EDGE('',*,*,#2261,.T.);
#2261 = EDGE_CURVE('',#2253,#2262,#2264,.T.);
#2262 = VERTEX_POINT('',#2263);
#2263 = CARTESIAN_POINT('',(-2.,4.05763833864E-13,-6.));
#2264 = CIRCLE('',#2265,0.164);
#2265 = AXIS2_PLACEMENT_3D('',#2266,#2267,#2268);
#2266 = CARTESIAN_POINT('',(-2.,0.164,-6.));
#2267 = DIRECTION('',(1.,-1.110223024625E-16,-5.551115123126E-17));
#2268 = DIRECTION('',(1.110223024625E-16,1.,5.551115123126E-17));
#2269 = ORIENTED_EDGE('',*,*,#2261,.F.);
#2270 = SPHERICAL_SURFACE('',#2271,0.164);
#2271 = AXIS2_PLACEMENT_3D('',#2272,#2273,#2274);
#2272 = CARTESIAN_POINT('',(-2.,0.164,-6.));
#2273 = DIRECTION('',(-5.551115123126E-17,-1.,-0.));
#2274 = DIRECTION('',(1.536735126745E-28,-8.530593602312E-45,1.));
#2275 = ADVANCED_FACE('',(#2276),#2279,.F.);
#2276 = FACE_BOUND('',#2277,.F.);
#2277 = EDGE_LOOP('',(#2278));
#2278 = ORIENTED_EDGE('',*,*,#2252,.T.);
#2279 = PLANE('',#2280);
#2280 = AXIS2_PLACEMENT_3D('',#2281,#2282,#2283);
#2281 = CARTESIAN_POINT('',(-2.,0.2624,-6.));
#2282 = DIRECTION('',(-5.551115123126E-17,-1.,-0.));
#2283 = DIRECTION('',(1.718305301602E-28,-9.53851054587E-45,1.));
#2284 = ( GEOMETRIC_REPRESENTATION_CONTEXT(3) 
GLOBAL_UNCERTAINTY_ASSIGNED_CONTEXT((#2288)) 
GLOBAL_UNIT_ASSIGNED_CONTEXT((#2285,#2286,#2287)) REPRESENTATION_CONTEXT
('Context #1','3D Context with UNIT and UNCERTAINTY') );
#2285 = ( LENGTH_UNIT() NAMED_UNIT(*) SI_UNIT(.MILLI.,.METRE.) );
#2286 = ( NAMED_UNIT(*) PLANE_ANGLE_UNIT() SI_UNIT($,.RADIAN.) );
#2287 = ( NAMED_UNIT(*) SI_UNIT($,.STERADIAN.) SOLID_ANGLE_UNIT() );
#2288 = UNCERTAINTY_MEASURE_WITH_UNIT(LENGTH_MEASURE(1.E-07),#2285,
  'distance_accuracy_value','confusion accuracy');
#2289 = CONTEXT_DEPENDENT_SHAPE_REPRESENTATION(#2290,#2292);
#2290 = ( REPRESENTATION_RELATIONSHIP('','',#2245,#10) 
REPRESENTATION_RELATIONSHIP_WITH_TRANSFORMATION(#2291) 
SHAPE_REPRESENTATION_RELATIONSHIP() );
#2291 = ITEM_DEFINED_TRANSFORMATION('','',#11,#131);
#2292 = PRODUCT_DEFINITION_SHAPE('Placement','Placement of an item',
  #2293);
#2293 = NEXT_ASSEMBLY_USAGE_OCCURRENCE('158924','BALL_0028','',#5,#2240,
  $);
#2294 = PRODUCT_RELATED_PRODUCT_CATEGORY('part',$,(#2242));
#2295 = SHAPE_DEFINITION_REPRESENTATION(#2296,#2302);
#2296 = PRODUCT_DEFINITION_SHAPE('','',#2297);
#2297 = PRODUCT_DEFINITION('design','',#2298,#2301);
#2298 = PRODUCT_DEFINITION_FORMATION('','',#2299);
#2299 = PRODUCT('BALL_0029','BALL_0029','',(#2300));
#2300 = PRODUCT_CONTEXT('',#2,'mechanical');
#2301 = PRODUCT_DEFINITION_CONTEXT('part definition',#2,'design');
#2302 = ADVANCED_BREP_SHAPE_REPRESENTATION('',(#11,#2303),#2341);
#2303 = MANIFOLD_SOLID_BREP('',#2304);
#2304 = CLOSED_SHELL('',(#2305,#2332));
#2305 = ADVANCED_FACE('',(#2306),#2327,.T.);
#2306 = FACE_BOUND('',#2307,.T.);
#2307 = EDGE_LOOP('',(#2308,#2317,#2326));
#2308 = ORIENTED_EDGE('',*,*,#2309,.T.);
#2309 = EDGE_CURVE('',#2310,#2310,#2312,.T.);
#2310 = VERTEX_POINT('',#2311);
#2311 = CARTESIAN_POINT('',(-2.,0.262399999997,-5.868799999998));
#2312 = CIRCLE('',#2313,0.131200000002);
#2313 = AXIS2_PLACEMENT_3D('',#2314,#2315,#2316);
#2314 = CARTESIAN_POINT('',(-2.,0.262399999997,-6.));
#2315 = DIRECTION('',(-5.551115123126E-17,-1.,0.));
#2316 = DIRECTION('',(1.718305301576E-28,-9.538510545726E-45,1.));
#2317 = ORIENTED_EDGE('',*,*,#2318,.T.);
#2318 = EDGE_CURVE('',#2310,#2319,#2321,.T.);
#2319 = VERTEX_POINT('',#2320);
#2320 = CARTESIAN_POINT('',(-2.,4.05763833864E-13,-6.));
#2321 = CIRCLE('',#2322,0.164);
#2322 = AXIS2_PLACEMENT_3D('',#2323,#2324,#2325);
#2323 = CARTESIAN_POINT('',(-2.,0.164,-6.));
#2324 = DIRECTION('',(1.,-1.110223024625E-16,-5.551115123126E-17));
#2325 = DIRECTION('',(1.110223024625E-16,1.,5.551115123126E-17));
#2326 = ORIENTED_EDGE('',*,*,#2318,.F.);
#2327 = SPHERICAL_SURFACE('',#2328,0.164);
#2328 = AXIS2_PLACEMENT_3D('',#2329,#2330,#2331);
#2329 = CARTESIAN_POINT('',(-2.,0.164,-6.));
#2330 = DIRECTION('',(-5.551115123126E-17,-1.,-0.));
#2331 = DIRECTION('',(1.536735126745E-28,-8.530593602312E-45,1.));
#2332 = ADVANCED_FACE('',(#2333),#2336,.F.);
#2333 = FACE_BOUND('',#2334,.F.);
#2334 = EDGE_LOOP('',(#2335));
#2335 = ORIENTED_EDGE('',*,*,#2309,.T.);
#2336 = PLANE('',#2337);
#2337 = AXIS2_PLACEMENT_3D('',#2338,#2339,#2340);
#2338 = CARTESIAN_POINT('',(-2.,0.2624,-6.));
#2339 = DIRECTION('',(-5.551115123126E-17,-1.,-0.));
#2340 = DIRECTION('',(1.718305301602E-28,-9.53851054587E-45,1.));
#2341 = ( GEOMETRIC_REPRESENTATION_CONTEXT(3) 
GLOBAL_UNCERTAINTY_ASSIGNED_CONTEXT((#2345)) 
GLOBAL_UNIT_ASSIGNED_CONTEXT((#2342,#2343,#2344)) REPRESENTATION_CONTEXT
('Context #1','3D Context with UNIT and UNCERTAINTY') );
#2342 = ( LENGTH_UNIT() NAMED_UNIT(*) SI_UNIT(.MILLI.,.METRE.) );
#2343 = ( NAMED_UNIT(*) PLANE_ANGLE_UNIT() SI_UNIT($,.RADIAN.) );
#2344 = ( NAMED_UNIT(*) SI_UNIT($,.STERADIAN.) SOLID_ANGLE_UNIT() );
#2345 = UNCERTAINTY_MEASURE_WITH_UNIT(LENGTH_MEASURE(1.E-07),#2342,
  'distance_accuracy_value','confusion accuracy');
#2346 = CONTEXT_DEPENDENT_SHAPE_REPRESENTATION(#2347,#2349);
#2347 = ( REPRESENTATION_RELATIONSHIP('','',#2302,#10) 
REPRESENTATION_RELATIONSHIP_WITH_TRANSFORMATION(#2348) 
SHAPE_REPRESENTATION_RELATIONSHIP() );
#2348 = ITEM_DEFINED_TRANSFORMATION('','',#11,#135);
#2349 = PRODUCT_DEFINITION_SHAPE('Placement','Placement of an item',
  #2350);
#2350 = NEXT_ASSEMBLY_USAGE_OCCURRENCE('158925','BALL_0029','',#5,#2297,
  $);
#2351 = PRODUCT_RELATED_PRODUCT_CATEGORY('part',$,(#2299));
#2352 = SHAPE_DEFINITION_REPRESENTATION(#2353,#2359);
#2353 = PRODUCT_DEFINITION_SHAPE('','',#2354);
#2354 = PRODUCT_DEFINITION('design','',#2355,#2358);
#2355 = PRODUCT_DEFINITION_FORMATION('','',#2356);
#2356 = PRODUCT('BALL_0030','BALL_0030','',(#2357));
#2357 = PRODUCT_CONTEXT('',#2,'mechanical');
#2358 = PRODUCT_DEFINITION_CONTEXT('part definition',#2,'design');
#2359 = ADVANCED_BREP_SHAPE_REPRESENTATION('',(#11,#2360),#2398);
#2360 = MANIFOLD_SOLID_BREP('',#2361);
#2361 = CLOSED_SHELL('',(#2362,#2389));
#2362 = ADVANCED_FACE('',(#2363),#2384,.T.);
#2363 = FACE_BOUND('',#2364,.T.);
#2364 = EDGE_LOOP('',(#2365,#2374,#2383));
#2365 = ORIENTED_EDGE('',*,*,#2366,.T.);
#2366 = EDGE_CURVE('',#2367,#2367,#2369,.T.);
#2367 = VERTEX_POINT('',#2368);
#2368 = CARTESIAN_POINT('',(-2.,0.262399999997,-5.868799999998));
#2369 = CIRCLE('',#2370,0.131200000002);
#2370 = AXIS2_PLACEMENT_3D('',#2371,#2372,#2373);
#2371 = CARTESIAN_POINT('',(-2.,0.262399999997,-6.));
#2372 = DIRECTION('',(-5.551115123126E-17,-1.,0.));
#2373 = DIRECTION('',(1.718305301576E-28,-9.538510545726E-45,1.));
#2374 = ORIENTED_EDGE('',*,*,#2375,.T.);
#2375 = EDGE_CURVE('',#2367,#2376,#2378,.T.);
#2376 = VERTEX_POINT('',#2377);
#2377 = CARTESIAN_POINT('',(-2.,4.05763833864E-13,-6.));
#2378 = CIRCLE('',#2379,0.164);
#2379 = AXIS2_PLACEMENT_3D('',#2380,#2381,#2382);
#2380 = CARTESIAN_POINT('',(-2.,0.164,-6.));
#2381 = DIRECTION('',(1.,-1.110223024625E-16,-5.551115123126E-17));
#2382 = DIRECTION('',(1.110223024625E-16,1.,5.551115123126E-17));
#2383 = ORIENTED_EDGE('',*,*,#2375,.F.);
#2384 = SPHERICAL_SURFACE('',#2385,0.164);
#2385 = AXIS2_PLACEMENT_3D('',#2386,#2387,#2388);
#2386 = CARTESIAN_POINT('',(-2.,0.164,-6.));
#2387 = DIRECTION('',(-5.551115123126E-17,-1.,-0.));
#2388 = DIRECTION('',(1.536735126745E-28,-8.530593602312E-45,1.));
#2389 = ADVANCED_FACE('',(#2390),#2393,.F.);
#2390 = FACE_BOUND('',#2391,.F.);
#2391 = EDGE_LOOP('',(#2392));
#2392 = ORIENTED_EDGE('',*,*,#2366,.T.);
#2393 = PLANE('',#2394);
#2394 = AXIS2_PLACEMENT_3D('',#2395,#2396,#2397);
#2395 = CARTESIAN_POINT('',(-2.,0.2624,-6.));
#2396 = DIRECTION('',(-5.551115123126E-17,-1.,-0.));
#2397 = DIRECTION('',(1.718305301602E-28,-9.53851054587E-45,1.));
#2398 = ( GEOMETRIC_REPRESENTATION_CONTEXT(3) 
GLOBAL_UNCERTAINTY_ASSIGNED_CONTEXT((#2402)) 
GLOBAL_UNIT_ASSIGNED_CONTEXT((#2399,#2400,#2401)) REPRESENTATION_CONTEXT
('Context #1','3D Context with UNIT and UNCERTAINTY') );
#2399 = ( LENGTH_UNIT() NAMED_UNIT(*) SI_UNIT(.MILLI.,.METRE.) );
#2400 = ( NAMED_UNIT(*) PLANE_ANGLE_UNIT() SI_UNIT($,.RADIAN.) );
#2401 = ( NAMED_UNIT(*) SI_UNIT($,.STERADIAN.) SOLID_ANGLE_UNIT() );
#2402 = UNCERTAINTY_MEASURE_WITH_UNIT(LENGTH_MEASURE(1.E-07),#2399,
  'distance_accuracy_value','confusion accuracy');
#2403 = CONTEXT_DEPENDENT_SHAPE_REPRESENTATION(#2404,#2406);
#2404 = ( REPRESENTATION_RELATIONSHIP('','',#2359,#10) 
REPRESENTATION_RELATIONSHIP_WITH_TRANSFORMATION(#2405) 
SHAPE_REPRESENTATION_RELATIONSHIP() );
#2405 = ITEM_DEFINED_TRANSFORMATION('','',#11,#139);
#2406 = PRODUCT_DEFINITION_SHAPE('Placement','Placement of an item',
  #2407);
#2407 = NEXT_ASSEMBLY_USAGE_OCCURRENCE('158926','BALL_0030','',#5,#2354,
  $);
#2408 = PRODUCT_RELATED_PRODUCT_CATEGORY('part',$,(#2356));
#2409 = SHAPE_DEFINITION_REPRESENTATION(#2410,#2416);
#2410 = PRODUCT_DEFINITION_SHAPE('','',#2411);
#2411 = PRODUCT_DEFINITION('design','',#2412,#2415);
#2412 = PRODUCT_DEFINITION_FORMATION('','',#2413);
#2413 = PRODUCT('BALL_0031','BALL_0031','',(#2414));
#2414 = PRODUCT_CONTEXT('',#2,'mechanical');
#2415 = PRODUCT_DEFINITION_CONTEXT('part definition',#2,'design');
#2416 = ADVANCED_BREP_SHAPE_REPRESENTATION('',(#11,#2417),#2455);
#2417 = MANIFOLD_SOLID_BREP('',#2418);
#2418 = CLOSED_SHELL('',(#2419,#2446));
#2419 = ADVANCED_FACE('',(#2420),#2441,.T.);
#2420 = FACE_BOUND('',#2421,.T.);
#2421 = EDGE_LOOP('',(#2422,#2431,#2440));
#2422 = ORIENTED_EDGE('',*,*,#2423,.T.);
#2423 = EDGE_CURVE('',#2424,#2424,#2426,.T.);
#2424 = VERTEX_POINT('',#2425);
#2425 = CARTESIAN_POINT('',(-2.,0.262399999997,-5.868799999998));
#2426 = CIRCLE('',#2427,0.131200000002);
#2427 = AXIS2_PLACEMENT_3D('',#2428,#2429,#2430);
#2428 = CARTESIAN_POINT('',(-2.,0.262399999997,-6.));
#2429 = DIRECTION('',(-5.551115123126E-17,-1.,0.));
#2430 = DIRECTION('',(1.718305301576E-28,-9.538510545726E-45,1.));
#2431 = ORIENTED_EDGE('',*,*,#2432,.T.);
#2432 = EDGE_CURVE('',#2424,#2433,#2435,.T.);
#2433 = VERTEX_POINT('',#2434);
#2434 = CARTESIAN_POINT('',(-2.,4.05763833864E-13,-6.));
#2435 = CIRCLE('',#2436,0.164);
#2436 = AXIS2_PLACEMENT_3D('',#2437,#2438,#2439);
#2437 = CARTESIAN_POINT('',(-2.,0.164,-6.));
#2438 = DIRECTION('',(1.,-1.110223024625E-16,-5.551115123126E-17));
#2439 = DIRECTION('',(1.110223024625E-16,1.,5.551115123126E-17));
#2440 = ORIENTED_EDGE('',*,*,#2432,.F.);
#2441 = SPHERICAL_SURFACE('',#2442,0.164);
#2442 = AXIS2_PLACEMENT_3D('',#2443,#2444,#2445);
#2443 = CARTESIAN_POINT('',(-2.,0.164,-6.));
#2444 = DIRECTION('',(-5.551115123126E-17,-1.,-0.));
#2445 = DIRECTION('',(1.536735126745E-28,-8.530593602312E-45,1.));
#2446 = ADVANCED_FACE('',(#2447),#2450,.F.);
#2447 = FACE_BOUND('',#2448,.F.);
#2448 = EDGE_LOOP('',(#2449));
#2449 = ORIENTED_EDGE('',*,*,#2423,.T.);
#2450 = PLANE('',#2451);
#2451 = AXIS2_PLACEMENT_3D('',#2452,#2453,#2454);
#2452 = CARTESIAN_POINT('',(-2.,0.2624,-6.));
#2453 = DIRECTION('',(-5.551115123126E-17,-1.,-0.));
#2454 = DIRECTION('',(1.718305301602E-28,-9.53851054587E-45,1.));
#2455 = ( GEOMETRIC_REPRESENTATION_CONTEXT(3) 
GLOBAL_UNCERTAINTY_ASSIGNED_CONTEXT((#2459)) 
GLOBAL_UNIT_ASSIGNED_CONTEXT((#2456,#2457,#2458)) REPRESENTATION_CONTEXT
('Context #1','3D Context with UNIT and UNCERTAINTY') );
#2456 = ( LENGTH_UNIT() NAMED_UNIT(*) SI_UNIT(.MILLI.,.METRE.) );
#2457 = ( NAMED_UNIT(*) PLANE_ANGLE_UNIT() SI_UNIT($,.RADIAN.) );
#2458 = ( NAMED_UNIT(*) SI_UNIT($,.STERADIAN.) SOLID_ANGLE_UNIT() );
#2459 = UNCERTAINTY_MEASURE_WITH_UNIT(LENGTH_MEASURE(1.E-07),#2456,
  'distance_accuracy_value','confusion accuracy');
#2460 = CONTEXT_DEPENDENT_SHAPE_REPRESENTATION(#2461,#2463);
#2461 = ( REPRESENTATION_RELATIONSHIP('','',#2416,#10) 
REPRESENTATION_RELATIONSHIP_WITH_TRANSFORMATION(#2462) 
SHAPE_REPRESENTATION_RELATIONSHIP() );
#2462 = ITEM_DEFINED_TRANSFORMATION('','',#11,#143);
#2463 = PRODUCT_DEFINITION_SHAPE('Placement','Placement of an item',
  #2464);
#2464 = NEXT_ASSEMBLY_USAGE_OCCURRENCE('158927','BALL_0031','',#5,#2411,
  $);
#2465 = PRODUCT_RELATED_PRODUCT_CATEGORY('part',$,(#2413));
#2466 = SHAPE_DEFINITION_REPRESENTATION(#2467,#2473);
#2467 = PRODUCT_DEFINITION_SHAPE('','',#2468);
#2468 = PRODUCT_DEFINITION('design','',#2469,#2472);
#2469 = PRODUCT_DEFINITION_FORMATION('','',#2470);
#2470 = PRODUCT('BALL_0032','BALL_0032','',(#2471));
#2471 = PRODUCT_CONTEXT('',#2,'mechanical');
#2472 = PRODUCT_DEFINITION_CONTEXT('part definition',#2,'design');
#2473 = ADVANCED_BREP_SHAPE_REPRESENTATION('',(#11,#2474),#2512);
#2474 = MANIFOLD_SOLID_BREP('',#2475);
#2475 = CLOSED_SHELL('',(#2476,#2503));
#2476 = ADVANCED_FACE('',(#2477),#2498,.T.);
#2477 = FACE_BOUND('',#2478,.T.);
#2478 = EDGE_LOOP('',(#2479,#2488,#2497));
#2479 = ORIENTED_EDGE('',*,*,#2480,.T.);
#2480 = EDGE_CURVE('',#2481,#2481,#2483,.T.);
#2481 = VERTEX_POINT('',#2482);
#2482 = CARTESIAN_POINT('',(-2.,0.262399999997,-5.868799999998));
#2483 = CIRCLE('',#2484,0.131200000002);
#2484 = AXIS2_PLACEMENT_3D('',#2485,#2486,#2487);
#2485 = CARTESIAN_POINT('',(-2.,0.262399999997,-6.));
#2486 = DIRECTION('',(-5.551115123126E-17,-1.,0.));
#2487 = DIRECTION('',(1.718305301576E-28,-9.538510545726E-45,1.));
#2488 = ORIENTED_EDGE('',*,*,#2489,.T.);
#2489 = EDGE_CURVE('',#2481,#2490,#2492,.T.);
#2490 = VERTEX_POINT('',#2491);
#2491 = CARTESIAN_POINT('',(-2.,4.05763833864E-13,-6.));
#2492 = CIRCLE('',#2493,0.164);
#2493 = AXIS2_PLACEMENT_3D('',#2494,#2495,#2496);
#2494 = CARTESIAN_POINT('',(-2.,0.164,-6.));
#2495 = DIRECTION('',(1.,-1.110223024625E-16,-5.551115123126E-17));
#2496 = DIRECTION('',(1.110223024625E-16,1.,5.551115123126E-17));
#2497 = ORIENTED_EDGE('',*,*,#2489,.F.);
#2498 = SPHERICAL_SURFACE('',#2499,0.164);
#2499 = AXIS2_PLACEMENT_3D('',#2500,#2501,#2502);
#2500 = CARTESIAN_POINT('',(-2.,0.164,-6.));
#2501 = DIRECTION('',(-5.551115123126E-17,-1.,-0.));
#2502 = DIRECTION('',(1.536735126745E-28,-8.530593602312E-45,1.));
#2503 = ADVANCED_FACE('',(#2504),#2507,.F.);
#2504 = FACE_BOUND('',#2505,.F.);
#2505 = EDGE_LOOP('',(#2506));
#2506 = ORIENTED_EDGE('',*,*,#2480,.T.);
#2507 = PLANE('',#2508);
#2508 = AXIS2_PLACEMENT_3D('',#2509,#2510,#2511);
#2509 = CARTESIAN_POINT('',(-2.,0.2624,-6.));
#2510 = DIRECTION('',(-5.551115123126E-17,-1.,-0.));
#2511 = DIRECTION('',(1.718305301602E-28,-9.53851054587E-45,1.));
#2512 = ( GEOMETRIC_REPRESENTATION_CONTEXT(3) 
GLOBAL_UNCERTAINTY_ASSIGNED_CONTEXT((#2516)) 
GLOBAL_UNIT_ASSIGNED_CONTEXT((#2513,#2514,#2515)) REPRESENTATION_CONTEXT
('Context #1','3D Context with UNIT and UNCERTAINTY') );
#2513 = ( LENGTH_UNIT() NAMED_UNIT(*) SI_UNIT(.MILLI.,.METRE.) );
#2514 = ( NAMED_UNIT(*) PLANE_ANGLE_UNIT() SI_UNIT($,.RADIAN.) );
#2515 = ( NAMED_UNIT(*) SI_UNIT($,.STERADIAN.) SOLID_ANGLE_UNIT() );
#2516 = UNCERTAINTY_MEASURE_WITH_UNIT(LENGTH_MEASURE(1.E-07),#2513,
  'distance_accuracy_value','confusion accuracy');
#2517 = CONTEXT_DEPENDENT_SHAPE_REPRESENTATION(#2518,#2520);
#2518 = ( REPRESENTATION_RELATIONSHIP('','',#2473,#10) 
REPRESENTATION_RELATIONSHIP_WITH_TRANSFORMATION(#2519) 
SHAPE_REPRESENTATION_RELATIONSHIP() );
#2519 = ITEM_DEFINED_TRANSFORMATION('','',#11,#147);
#2520 = PRODUCT_DEFINITION_SHAPE('Placement','Placement of an item',
  #2521);
#2521 = NEXT_ASSEMBLY_USAGE_OCCURRENCE('158928','BALL_0032','',#5,#2468,
  $);
#2522 = PRODUCT_RELATED_PRODUCT_CATEGORY('part',$,(#2470));
#2523 = SHAPE_DEFINITION_REPRESENTATION(#2524,#2530);
#2524 = PRODUCT_DEFINITION_SHAPE('','',#2525);
#2525 = PRODUCT_DEFINITION('design','',#2526,#2529);
#2526 = PRODUCT_DEFINITION_FORMATION('','',#2527);
#2527 = PRODUCT('BALL_0033','BALL_0033','',(#2528));
#2528 = PRODUCT_CONTEXT('',#2,'mechanical');
#2529 = PRODUCT_DEFINITION_CONTEXT('part definition',#2,'design');
#2530 = ADVANCED_BREP_SHAPE_REPRESENTATION('',(#11,#2531),#2569);
#2531 = MANIFOLD_SOLID_BREP('',#2532);
#2532 = CLOSED_SHELL('',(#2533,#2560));
#2533 = ADVANCED_FACE('',(#2534),#2555,.T.);
#2534 = FACE_BOUND('',#2535,.T.);
#2535 = EDGE_LOOP('',(#2536,#2545,#2554));
#2536 = ORIENTED_EDGE('',*,*,#2537,.T.);
#2537 = EDGE_CURVE('',#2538,#2538,#2540,.T.);
#2538 = VERTEX_POINT('',#2539);
#2539 = CARTESIAN_POINT('',(-2.,0.262399999997,-5.868799999998));
#2540 = CIRCLE('',#2541,0.131200000002);
#2541 = AXIS2_PLACEMENT_3D('',#2542,#2543,#2544);
#2542 = CARTESIAN_POINT('',(-2.,0.262399999997,-6.));
#2543 = DIRECTION('',(-5.551115123126E-17,-1.,0.));
#2544 = DIRECTION('',(1.718305301576E-28,-9.538510545726E-45,1.));
#2545 = ORIENTED_EDGE('',*,*,#2546,.T.);
#2546 = EDGE_CURVE('',#2538,#2547,#2549,.T.);
#2547 = VERTEX_POINT('',#2548);
#2548 = CARTESIAN_POINT('',(-2.,4.05763833864E-13,-6.));
#2549 = CIRCLE('',#2550,0.164);
#2550 = AXIS2_PLACEMENT_3D('',#2551,#2552,#2553);
#2551 = CARTESIAN_POINT('',(-2.,0.164,-6.));
#2552 = DIRECTION('',(1.,-1.110223024625E-16,-5.551115123126E-17));
#2553 = DIRECTION('',(1.110223024625E-16,1.,5.551115123126E-17));
#2554 = ORIENTED_EDGE('',*,*,#2546,.F.);
#2555 = SPHERICAL_SURFACE('',#2556,0.164);
#2556 = AXIS2_PLACEMENT_3D('',#2557,#2558,#2559);
#2557 = CARTESIAN_POINT('',(-2.,0.164,-6.));
#2558 = DIRECTION('',(-5.551115123126E-17,-1.,-0.));
#2559 = DIRECTION('',(1.536735126745E-28,-8.530593602312E-45,1.));
#2560 = ADVANCED_FACE('',(#2561),#2564,.F.);
#2561 = FACE_BOUND('',#2562,.F.);
#2562 = EDGE_LOOP('',(#2563));
#2563 = ORIENTED_EDGE('',*,*,#2537,.T.);
#2564 = PLANE('',#2565);
#2565 = AXIS2_PLACEMENT_3D('',#2566,#2567,#2568);
#2566 = CARTESIAN_POINT('',(-2.,0.2624,-6.));
#2567 = DIRECTION('',(-5.551115123126E-17,-1.,-0.));
#2568 = DIRECTION('',(1.718305301602E-28,-9.53851054587E-45,1.));
#2569 = ( GEOMETRIC_REPRESENTATION_CONTEXT(3) 
GLOBAL_UNCERTAINTY_ASSIGNED_CONTEXT((#2573)) 
GLOBAL_UNIT_ASSIGNED_CONTEXT((#2570,#2571,#2572)) REPRESENTATION_CONTEXT
('Context #1','3D Context with UNIT and UNCERTAINTY') );
#2570 = ( LENGTH_UNIT() NAMED_UNIT(*) SI_UNIT(.MILLI.,.METRE.) );
#2571 = ( NAMED_UNIT(*) PLANE_ANGLE_UNIT() SI_UNIT($,.RADIAN.) );
#2572 = ( NAMED_UNIT(*) SI_UNIT($,.STERADIAN.) SOLID_ANGLE_UNIT() );
#2573 = UNCERTAINTY_MEASURE_WITH_UNIT(LENGTH_MEASURE(1.E-07),#2570,
  'distance_accuracy_value','confusion accuracy');
#2574 = CONTEXT_DEPENDENT_SHAPE_REPRESENTATION(#2575,#2577);
#2575 = ( REPRESENTATION_RELATIONSHIP('','',#2530,#10) 
REPRESENTATION_RELATIONSHIP_WITH_TRANSFORMATION(#2576) 
SHAPE_REPRESENTATION_RELATIONSHIP() );
#2576 = ITEM_DEFINED_TRANSFORMATION('','',#11,#151);
#2577 = PRODUCT_DEFINITION_SHAPE('Placement','Placement of an item',
  #2578);
#2578 = NEXT_ASSEMBLY_USAGE_OCCURRENCE('158929','BALL_0033','',#5,#2525,
  $);
#2579 = PRODUCT_RELATED_PRODUCT_CATEGORY('part',$,(#2527));
#2580 = SHAPE_DEFINITION_REPRESENTATION(#2581,#2587);
#2581 = PRODUCT_DEFINITION_SHAPE('','',#2582);
#2582 = PRODUCT_DEFINITION('design','',#2583,#2586);
#2583 = PRODUCT_DEFINITION_FORMATION('','',#2584);
#2584 = PRODUCT('BALL_0034','BALL_0034','',(#2585));
#2585 = PRODUCT_CONTEXT('',#2,'mechanical');
#2586 = PRODUCT_DEFINITION_CONTEXT('part definition',#2,'design');
#2587 = ADVANCED_BREP_SHAPE_REPRESENTATION('',(#11,#2588),#2626);
#2588 = MANIFOLD_SOLID_BREP('',#2589);
#2589 = CLOSED_SHELL('',(#2590,#2617));
#2590 = ADVANCED_FACE('',(#2591),#2612,.T.);
#2591 = FACE_BOUND('',#2592,.T.);
#2592 = EDGE_LOOP('',(#2593,#2602,#2611));
#2593 = ORIENTED_EDGE('',*,*,#2594,.T.);
#2594 = EDGE_CURVE('',#2595,#2595,#2597,.T.);
#2595 = VERTEX_POINT('',#2596);
#2596 = CARTESIAN_POINT('',(-2.,0.262399999997,-5.868799999998));
#2597 = CIRCLE('',#2598,0.131200000002);
#2598 = AXIS2_PLACEMENT_3D('',#2599,#2600,#2601);
#2599 = CARTESIAN_POINT('',(-2.,0.262399999997,-6.));
#2600 = DIRECTION('',(-5.551115123126E-17,-1.,0.));
#2601 = DIRECTION('',(1.718305301576E-28,-9.538510545726E-45,1.));
#2602 = ORIENTED_EDGE('',*,*,#2603,.T.);
#2603 = EDGE_CURVE('',#2595,#2604,#2606,.T.);
#2604 = VERTEX_POINT('',#2605);
#2605 = CARTESIAN_POINT('',(-2.,4.05763833864E-13,-6.));
#2606 = CIRCLE('',#2607,0.164);
#2607 = AXIS2_PLACEMENT_3D('',#2608,#2609,#2610);
#2608 = CARTESIAN_POINT('',(-2.,0.164,-6.));
#2609 = DIRECTION('',(1.,-1.110223024625E-16,-5.551115123126E-17));
#2610 = DIRECTION('',(1.110223024625E-16,1.,5.551115123126E-17));
#2611 = ORIENTED_EDGE('',*,*,#2603,.F.);
#2612 = SPHERICAL_SURFACE('',#2613,0.164);
#2613 = AXIS2_PLACEMENT_3D('',#2614,#2615,#2616);
#2614 = CARTESIAN_POINT('',(-2.,0.164,-6.));
#2615 = DIRECTION('',(-5.551115123126E-17,-1.,-0.));
#2616 = DIRECTION('',(1.536735126745E-28,-8.530593602312E-45,1.));
#2617 = ADVANCED_FACE('',(#2618),#2621,.F.);
#2618 = FACE_BOUND('',#2619,.F.);
#2619 = EDGE_LOOP('',(#2620));
#2620 = ORIENTED_EDGE('',*,*,#2594,.T.);
#2621 = PLANE('',#2622);
#2622 = AXIS2_PLACEMENT_3D('',#2623,#2624,#2625);
#2623 = CARTESIAN_POINT('',(-2.,0.2624,-6.));
#2624 = DIRECTION('',(-5.551115123126E-17,-1.,-0.));
#2625 = DIRECTION('',(1.718305301602E-28,-9.53851054587E-45,1.));
#2626 = ( GEOMETRIC_REPRESENTATION_CONTEXT(3) 
GLOBAL_UNCERTAINTY_ASSIGNED_CONTEXT((#2630)) 
GLOBAL_UNIT_ASSIGNED_CONTEXT((#2627,#2628,#2629)) REPRESENTATION_CONTEXT
('Context #1','3D Context with UNIT and UNCERTAINTY') );
#2627 = ( LENGTH_UNIT() NAMED_UNIT(*) SI_UNIT(.MILLI.,.METRE.) );
#2628 = ( NAMED_UNIT(*) PLANE_ANGLE_UNIT() SI_UNIT($,.RADIAN.) );
#2629 = ( NAMED_UNIT(*) SI_UNIT($,.STERADIAN.) SOLID_ANGLE_UNIT() );
#2630 = UNCERTAINTY_MEASURE_WITH_UNIT(LENGTH_MEASURE(1.E-07),#2627,
  'distance_accuracy_value','confusion accuracy');
#2631 = CONTEXT_DEPENDENT_SHAPE_REPRESENTATION(#2632,#2634);
#2632 = ( REPRESENTATION_RELATIONSHIP('','',#2587,#10) 
REPRESENTATION_RELATIONSHIP_WITH_TRANSFORMATION(#2633) 
SHAPE_REPRESENTATION_RELATIONSHIP() );
#2633 = ITEM_DEFINED_TRANSFORMATION('','',#11,#155);
#2634 = PRODUCT_DEFINITION_SHAPE('Placement','Placement of an item',
  #2635);
#2635 = NEXT_ASSEMBLY_USAGE_OCCURRENCE('158930','BALL_0034','',#5,#2582,
  $);
#2636 = PRODUCT_RELATED_PRODUCT_CATEGORY('part',$,(#2584));
#2637 = SHAPE_DEFINITION_REPRESENTATION(#2638,#2644);
#2638 = PRODUCT_DEFINITION_SHAPE('','',#2639);
#2639 = PRODUCT_DEFINITION('design','',#2640,#2643);
#2640 = PRODUCT_DEFINITION_FORMATION('','',#2641);
#2641 = PRODUCT('BALL_0035','BALL_0035','',(#2642));
#2642 = PRODUCT_CONTEXT('',#2,'mechanical');
#2643 = PRODUCT_DEFINITION_CONTEXT('part definition',#2,'design');
#2644 = ADVANCED_BREP_SHAPE_REPRESENTATION('',(#11,#2645),#2683);
#2645 = MANIFOLD_SOLID_BREP('',#2646);
#2646 = CLOSED_SHELL('',(#2647,#2674));
#2647 = ADVANCED_FACE('',(#2648),#2669,.T.);
#2648 = FACE_BOUND('',#2649,.T.);
#2649 = EDGE_LOOP('',(#2650,#2659,#2668));
#2650 = ORIENTED_EDGE('',*,*,#2651,.T.);
#2651 = EDGE_CURVE('',#2652,#2652,#2654,.T.);
#2652 = VERTEX_POINT('',#2653);
#2653 = CARTESIAN_POINT('',(-2.,0.262399999997,-5.868799999998));
#2654 = CIRCLE('',#2655,0.131200000002);
#2655 = AXIS2_PLACEMENT_3D('',#2656,#2657,#2658);
#2656 = CARTESIAN_POINT('',(-2.,0.262399999997,-6.));
#2657 = DIRECTION('',(-5.551115123126E-17,-1.,0.));
#2658 = DIRECTION('',(1.718305301576E-28,-9.538510545726E-45,1.));
#2659 = ORIENTED_EDGE('',*,*,#2660,.T.);
#2660 = EDGE_CURVE('',#2652,#2661,#2663,.T.);
#2661 = VERTEX_POINT('',#2662);
#2662 = CARTESIAN_POINT('',(-2.,4.05763833864E-13,-6.));
#2663 = CIRCLE('',#2664,0.164);
#2664 = AXIS2_PLACEMENT_3D('',#2665,#2666,#2667);
#2665 = CARTESIAN_POINT('',(-2.,0.164,-6.));
#2666 = DIRECTION('',(1.,-1.110223024625E-16,-5.551115123126E-17));
#2667 = DIRECTION('',(1.110223024625E-16,1.,5.551115123126E-17));
#2668 = ORIENTED_EDGE('',*,*,#2660,.F.);
#2669 = SPHERICAL_SURFACE('',#2670,0.164);
#2670 = AXIS2_PLACEMENT_3D('',#2671,#2672,#2673);
#2671 = CARTESIAN_POINT('',(-2.,0.164,-6.));
#2672 = DIRECTION('',(-5.551115123126E-17,-1.,-0.));
#2673 = DIRECTION('',(1.536735126745E-28,-8.530593602312E-45,1.));
#2674 = ADVANCED_FACE('',(#2675),#2678,.F.);
#2675 = FACE_BOUND('',#2676,.F.);
#2676 = EDGE_LOOP('',(#2677));
#2677 = ORIENTED_EDGE('',*,*,#2651,.T.);
#2678 = PLANE('',#2679);
#2679 = AXIS2_PLACEMENT_3D('',#2680,#2681,#2682);
#2680 = CARTESIAN_POINT('',(-2.,0.2624,-6.));
#2681 = DIRECTION('',(-5.551115123126E-17,-1.,-0.));
#2682 = DIRECTION('',(1.718305301602E-28,-9.53851054587E-45,1.));
#2683 = ( GEOMETRIC_REPRESENTATION_CONTEXT(3) 
GLOBAL_UNCERTAINTY_ASSIGNED_CONTEXT((#2687)) 
GLOBAL_UNIT_ASSIGNED_CONTEXT((#2684,#2685,#2686)) REPRESENTATION_CONTEXT
('Context #1','3D Context with UNIT and UNCERTAINTY') );
#2684 = ( LENGTH_UNIT() NAMED_UNIT(*) SI_UNIT(.MILLI.,.METRE.) );
#2685 = ( NAMED_UNIT(*) PLANE_ANGLE_UNIT() SI_UNIT($,.RADIAN.) );
#2686 = ( NAMED_UNIT(*) SI_UNIT($,.STERADIAN.) SOLID_ANGLE_UNIT() );
#2687 = UNCERTAINTY_MEASURE_WITH_UNIT(LENGTH_MEASURE(1.E-07),#2684,
  'distance_accuracy_value','confusion accuracy');
#2688 = CONTEXT_DEPENDENT_SHAPE_REPRESENTATION(#2689,#2691);
#2689 = ( REPRESENTATION_RELATIONSHIP('','',#2644,#10) 
REPRESENTATION_RELATIONSHIP_WITH_TRANSFORMATION(#2690) 
SHAPE_REPRESENTATION_RELATIONSHIP() );
#2690 = ITEM_DEFINED_TRANSFORMATION('','',#11,#159);
#2691 = PRODUCT_DEFINITION_SHAPE('Placement','Placement of an item',
  #2692);
#2692 = NEXT_ASSEMBLY_USAGE_OCCURRENCE('158931','BALL_0035','',#5,#2639,
  $);
#2693 = PRODUCT_RELATED_PRODUCT_CATEGORY('part',$,(#2641));
#2694 = SHAPE_DEFINITION_REPRESENTATION(#2695,#2701);
#2695 = PRODUCT_DEFINITION_SHAPE('','',#2696);
#2696 = PRODUCT_DEFINITION('design','',#2697,#2700);
#2697 = PRODUCT_DEFINITION_FORMATION('','',#2698);
#2698 = PRODUCT('BALL_0036','BALL_0036','',(#2699));
#2699 = PRODUCT_CONTEXT('',#2,'mechanical');
#2700 = PRODUCT_DEFINITION_CONTEXT('part definition',#2,'design');
#2701 = ADVANCED_BREP_SHAPE_REPRESENTATION('',(#11,#2702),#2740);
#2702 = MANIFOLD_SOLID_BREP('',#2703);
#2703 = CLOSED_SHELL('',(#2704,#2731));
#2704 = ADVANCED_FACE('',(#2705),#2726,.T.);
#2705 = FACE_BOUND('',#2706,.T.);
#2706 = EDGE_LOOP('',(#2707,#2716,#2725));
#2707 = ORIENTED_EDGE('',*,*,#2708,.T.);
#2708 = EDGE_CURVE('',#2709,#2709,#2711,.T.);
#2709 = VERTEX_POINT('',#2710);
#2710 = CARTESIAN_POINT('',(-2.,0.262399999997,-5.868799999998));
#2711 = CIRCLE('',#2712,0.131200000002);
#2712 = AXIS2_PLACEMENT_3D('',#2713,#2714,#2715);
#2713 = CARTESIAN_POINT('',(-2.,0.262399999997,-6.));
#2714 = DIRECTION('',(-5.551115123126E-17,-1.,0.));
#2715 = DIRECTION('',(1.718305301576E-28,-9.538510545726E-45,1.));
#2716 = ORIENTED_EDGE('',*,*,#2717,.T.);
#2717 = EDGE_CURVE('',#2709,#2718,#2720,.T.);
#2718 = VERTEX_POINT('',#2719);
#2719 = CARTESIAN_POINT('',(-2.,4.05763833864E-13,-6.));
#2720 = CIRCLE('',#2721,0.164);
#2721 = AXIS2_PLACEMENT_3D('',#2722,#2723,#2724);
#2722 = CARTESIAN_POINT('',(-2.,0.164,-6.));
#2723 = DIRECTION('',(1.,-1.110223024625E-16,-5.551115123126E-17));
#2724 = DIRECTION('',(1.110223024625E-16,1.,5.551115123126E-17));
#2725 = ORIENTED_EDGE('',*,*,#2717,.F.);
#2726 = SPHERICAL_SURFACE('',#2727,0.164);
#2727 = AXIS2_PLACEMENT_3D('',#2728,#2729,#2730);
#2728 = CARTESIAN_POINT('',(-2.,0.164,-6.));
#2729 = DIRECTION('',(-5.551115123126E-17,-1.,-0.));
#2730 = DIRECTION('',(1.536735126745E-28,-8.530593602312E-45,1.));
#2731 = ADVANCED_FACE('',(#2732),#2735,.F.);
#2732 = FACE_BOUND('',#2733,.F.);
#2733 = EDGE_LOOP('',(#2734));
#2734 = ORIENTED_EDGE('',*,*,#2708,.T.);
#2735 = PLANE('',#2736);
#2736 = AXIS2_PLACEMENT_3D('',#2737,#2738,#2739);
#2737 = CARTESIAN_POINT('',(-2.,0.2624,-6.));
#2738 = DIRECTION('',(-5.551115123126E-17,-1.,-0.));
#2739 = DIRECTION('',(1.718305301602E-28,-9.53851054587E-45,1.));
#2740 = ( GEOMETRIC_REPRESENTATION_CONTEXT(3) 
GLOBAL_UNCERTAINTY_ASSIGNED_CONTEXT((#2744)) 
GLOBAL_UNIT_ASSIGNED_CONTEXT((#2741,#2742,#2743)) REPRESENTATION_CONTEXT
('Context #1','3D Context with UNIT and UNCERTAINTY') );
#2741 = ( LENGTH_UNIT() NAMED_UNIT(*) SI_UNIT(.MILLI.,.METRE.) );
#2742 = ( NAMED_UNIT(*) PLANE_ANGLE_UNIT() SI_UNIT($,.RADIAN.) );
#2743 = ( NAMED_UNIT(*) SI_UNIT($,.STERADIAN.) SOLID_ANGLE_UNIT() );
#2744 = UNCERTAINTY_MEASURE_WITH_UNIT(LENGTH_MEASURE(1.E-07),#2741,
  'distance_accuracy_value','confusion accuracy');
#2745 = CONTEXT_DEPENDENT_SHAPE_REPRESENTATION(#2746,#2748);
#2746 = ( REPRESENTATION_RELATIONSHIP('','',#2701,#10) 
REPRESENTATION_RELATIONSHIP_WITH_TRANSFORMATION(#2747) 
SHAPE_REPRESENTATION_RELATIONSHIP() );
#2747 = ITEM_DEFINED_TRANSFORMATION('','',#11,#163);
#2748 = PRODUCT_DEFINITION_SHAPE('Placement','Placement of an item',
  #2749);
#2749 = NEXT_ASSEMBLY_USAGE_OCCURRENCE('158932','BALL_0036','',#5,#2696,
  $);
#2750 = PRODUCT_RELATED_PRODUCT_CATEGORY('part',$,(#2698));
#2751 = SHAPE_DEFINITION_REPRESENTATION(#2752,#2758);
#2752 = PRODUCT_DEFINITION_SHAPE('','',#2753);
#2753 = PRODUCT_DEFINITION('design','',#2754,#2757);
#2754 = PRODUCT_DEFINITION_FORMATION('','',#2755);
#2755 = PRODUCT('BALL_0037','BALL_0037','',(#2756));
#2756 = PRODUCT_CONTEXT('',#2,'mechanical');
#2757 = PRODUCT_DEFINITION_CONTEXT('part definition',#2,'design');
#2758 = ADVANCED_BREP_SHAPE_REPRESENTATION('',(#11,#2759),#2797);
#2759 = MANIFOLD_SOLID_BREP('',#2760);
#2760 = CLOSED_SHELL('',(#2761,#2788));
#2761 = ADVANCED_FACE('',(#2762),#2783,.T.);
#2762 = FACE_BOUND('',#2763,.T.);
#2763 = EDGE_LOOP('',(#2764,#2773,#2782));
#2764 = ORIENTED_EDGE('',*,*,#2765,.T.);
#2765 = EDGE_CURVE('',#2766,#2766,#2768,.T.);
#2766 = VERTEX_POINT('',#2767);
#2767 = CARTESIAN_POINT('',(-2.,0.262399999997,-5.868799999998));
#2768 = CIRCLE('',#2769,0.131200000002);
#2769 = AXIS2_PLACEMENT_3D('',#2770,#2771,#2772);
#2770 = CARTESIAN_POINT('',(-2.,0.262399999997,-6.));
#2771 = DIRECTION('',(-5.551115123126E-17,-1.,0.));
#2772 = DIRECTION('',(1.718305301576E-28,-9.538510545726E-45,1.));
#2773 = ORIENTED_EDGE('',*,*,#2774,.T.);
#2774 = EDGE_CURVE('',#2766,#2775,#2777,.T.);
#2775 = VERTEX_POINT('',#2776);
#2776 = CARTESIAN_POINT('',(-2.,4.05763833864E-13,-6.));
#2777 = CIRCLE('',#2778,0.164);
#2778 = AXIS2_PLACEMENT_3D('',#2779,#2780,#2781);
#2779 = CARTESIAN_POINT('',(-2.,0.164,-6.));
#2780 = DIRECTION('',(1.,-1.110223024625E-16,-5.551115123126E-17));
#2781 = DIRECTION('',(1.110223024625E-16,1.,5.551115123126E-17));
#2782 = ORIENTED_EDGE('',*,*,#2774,.F.);
#2783 = SPHERICAL_SURFACE('',#2784,0.164);
#2784 = AXIS2_PLACEMENT_3D('',#2785,#2786,#2787);
#2785 = CARTESIAN_POINT('',(-2.,0.164,-6.));
#2786 = DIRECTION('',(-5.551115123126E-17,-1.,-0.));
#2787 = DIRECTION('',(1.536735126745E-28,-8.530593602312E-45,1.));
#2788 = ADVANCED_FACE('',(#2789),#2792,.F.);
#2789 = FACE_BOUND('',#2790,.F.);
#2790 = EDGE_LOOP('',(#2791));
#2791 = ORIENTED_EDGE('',*,*,#2765,.T.);
#2792 = PLANE('',#2793);
#2793 = AXIS2_PLACEMENT_3D('',#2794,#2795,#2796);
#2794 = CARTESIAN_POINT('',(-2.,0.2624,-6.));
#2795 = DIRECTION('',(-5.551115123126E-17,-1.,-0.));
#2796 = DIRECTION('',(1.718305301602E-28,-9.53851054587E-45,1.));
#2797 = ( GEOMETRIC_REPRESENTATION_CONTEXT(3) 
GLOBAL_UNCERTAINTY_ASSIGNED_CONTEXT((#2801)) 
GLOBAL_UNIT_ASSIGNED_CONTEXT((#2798,#2799,#2800)) REPRESENTATION_CONTEXT
('Context #1','3D Context with UNIT and UNCERTAINTY') );
#2798 = ( LENGTH_UNIT() NAMED_UNIT(*) SI_UNIT(.MILLI.,.METRE.) );
#2799 = ( NAMED_UNIT(*) PLANE_ANGLE_UNIT() SI_UNIT($,.RADIAN.) );
#2800 = ( NAMED_UNIT(*) SI_UNIT($,.STERADIAN.) SOLID_ANGLE_UNIT() );
#2801 = UNCERTAINTY_MEASURE_WITH_UNIT(LENGTH_MEASURE(1.E-07),#2798,
  'distance_accuracy_value','confusion accuracy');
#2802 = CONTEXT_DEPENDENT_SHAPE_REPRESENTATION(#2803,#2805);
#2803 = ( REPRESENTATION_RELATIONSHIP('','',#2758,#10) 
REPRESENTATION_RELATIONSHIP_WITH_TRANSFORMATION(#2804) 
SHAPE_REPRESENTATION_RELATIONSHIP() );
#2804 = ITEM_DEFINED_TRANSFORMATION('','',#11,#167);
#2805 = PRODUCT_DEFINITION_SHAPE('Placement','Placement of an item',
  #2806);
#2806 = NEXT_ASSEMBLY_USAGE_OCCURRENCE('158933','BALL_0037','',#5,#2753,
  $);
#2807 = PRODUCT_RELATED_PRODUCT_CATEGORY('part',$,(#2755));
#2808 = SHAPE_DEFINITION_REPRESENTATION(#2809,#2815);
#2809 = PRODUCT_DEFINITION_SHAPE('','',#2810);
#2810 = PRODUCT_DEFINITION('design','',#2811,#2814);
#2811 = PRODUCT_DEFINITION_FORMATION('','',#2812);
#2812 = PRODUCT('BALL_0038','BALL_0038','',(#2813));
#2813 = PRODUCT_CONTEXT('',#2,'mechanical');
#2814 = PRODUCT_DEFINITION_CONTEXT('part definition',#2,'design');
#2815 = ADVANCED_BREP_SHAPE_REPRESENTATION('',(#11,#2816),#2854);
#2816 = MANIFOLD_SOLID_BREP('',#2817);
#2817 = CLOSED_SHELL('',(#2818,#2845));
#2818 = ADVANCED_FACE('',(#2819),#2840,.T.);
#2819 = FACE_BOUND('',#2820,.T.);
#2820 = EDGE_LOOP('',(#2821,#2830,#2839));
#2821 = ORIENTED_EDGE('',*,*,#2822,.T.);
#2822 = EDGE_CURVE('',#2823,#2823,#2825,.T.);
#2823 = VERTEX_POINT('',#2824);
#2824 = CARTESIAN_POINT('',(-2.,0.262399999997,-5.868799999998));
#2825 = CIRCLE('',#2826,0.131200000002);
#2826 = AXIS2_PLACEMENT_3D('',#2827,#2828,#2829);
#2827 = CARTESIAN_POINT('',(-2.,0.262399999997,-6.));
#2828 = DIRECTION('',(-5.551115123126E-17,-1.,0.));
#2829 = DIRECTION('',(1.718305301576E-28,-9.538510545726E-45,1.));
#2830 = ORIENTED_EDGE('',*,*,#2831,.T.);
#2831 = EDGE_CURVE('',#2823,#2832,#2834,.T.);
#2832 = VERTEX_POINT('',#2833);
#2833 = CARTESIAN_POINT('',(-2.,4.05763833864E-13,-6.));
#2834 = CIRCLE('',#2835,0.164);
#2835 = AXIS2_PLACEMENT_3D('',#2836,#2837,#2838);
#2836 = CARTESIAN_POINT('',(-2.,0.164,-6.));
#2837 = DIRECTION('',(1.,-1.110223024625E-16,-5.551115123126E-17));
#2838 = DIRECTION('',(1.110223024625E-16,1.,5.551115123126E-17));
#2839 = ORIENTED_EDGE('',*,*,#2831,.F.);
#2840 = SPHERICAL_SURFACE('',#2841,0.164);
#2841 = AXIS2_PLACEMENT_3D('',#2842,#2843,#2844);
#2842 = CARTESIAN_POINT('',(-2.,0.164,-6.));
#2843 = DIRECTION('',(-5.551115123126E-17,-1.,-0.));
#2844 = DIRECTION('',(1.536735126745E-28,-8.530593602312E-45,1.));
#2845 = ADVANCED_FACE('',(#2846),#2849,.F.);
#2846 = FACE_BOUND('',#2847,.F.);
#2847 = EDGE_LOOP('',(#2848));
#2848 = ORIENTED_EDGE('',*,*,#2822,.T.);
#2849 = PLANE('',#2850);
#2850 = AXIS2_PLACEMENT_3D('',#2851,#2852,#2853);
#2851 = CARTESIAN_POINT('',(-2.,0.2624,-6.));
#2852 = DIRECTION('',(-5.551115123126E-17,-1.,-0.));
#2853 = DIRECTION('',(1.718305301602E-28,-9.53851054587E-45,1.));
#2854 = ( GEOMETRIC_REPRESENTATION_CONTEXT(3) 
GLOBAL_UNCERTAINTY_ASSIGNED_CONTEXT((#2858)) 
GLOBAL_UNIT_ASSIGNED_CONTEXT((#2855,#2856,#2857)) REPRESENTATION_CONTEXT
('Context #1','3D Context with UNIT and UNCERTAINTY') );
#2855 = ( LENGTH_UNIT() NAMED_UNIT(*) SI_UNIT(.MILLI.,.METRE.) );
#2856 = ( NAMED_UNIT(*) PLANE_ANGLE_UNIT() SI_UNIT($,.RADIAN.) );
#2857 = ( NAMED_UNIT(*) SI_UNIT($,.STERADIAN.) SOLID_ANGLE_UNIT() );
#2858 = UNCERTAINTY_MEASURE_WITH_UNIT(LENGTH_MEASURE(1.E-07),#2855,
  'distance_accuracy_value','confusion accuracy');
#2859 = CONTEXT_DEPENDENT_SHAPE_REPRESENTATION(#2860,#2862);
#2860 = ( REPRESENTATION_RELATIONSHIP('','',#2815,#10) 
REPRESENTATION_RELATIONSHIP_WITH_TRANSFORMATION(#2861) 
SHAPE_REPRESENTATION_RELATIONSHIP() );
#2861 = ITEM_DEFINED_TRANSFORMATION('','',#11,#171);
#2862 = PRODUCT_DEFINITION_SHAPE('Placement','Placement of an item',
  #2863);
#2863 = NEXT_ASSEMBLY_USAGE_OCCURRENCE('158934','BALL_0038','',#5,#2810,
  $);
#2864 = PRODUCT_RELATED_PRODUCT_CATEGORY('part',$,(#2812));
#2865 = SHAPE_DEFINITION_REPRESENTATION(#2866,#2872);
#2866 = PRODUCT_DEFINITION_SHAPE('','',#2867);
#2867 = PRODUCT_DEFINITION('design','',#2868,#2871);
#2868 = PRODUCT_DEFINITION_FORMATION('','',#2869);
#2869 = PRODUCT('BALL_0039','BALL_0039','',(#2870));
#2870 = PRODUCT_CONTEXT('',#2,'mechanical');
#2871 = PRODUCT_DEFINITION_CONTEXT('part definition',#2,'design');
#2872 = ADVANCED_BREP_SHAPE_REPRESENTATION('',(#11,#2873),#2911);
#2873 = MANIFOLD_SOLID_BREP('',#2874);
#2874 = CLOSED_SHELL('',(#2875,#2902));
#2875 = ADVANCED_FACE('',(#2876),#2897,.T.);
#2876 = FACE_BOUND('',#2877,.T.);
#2877 = EDGE_LOOP('',(#2878,#2887,#2896));
#2878 = ORIENTED_EDGE('',*,*,#2879,.T.);
#2879 = EDGE_CURVE('',#2880,#2880,#2882,.T.);
#2880 = VERTEX_POINT('',#2881);
#2881 = CARTESIAN_POINT('',(-2.,0.262399999997,-5.868799999998));
#2882 = CIRCLE('',#2883,0.131200000002);
#2883 = AXIS2_PLACEMENT_3D('',#2884,#2885,#2886);
#2884 = CARTESIAN_POINT('',(-2.,0.262399999997,-6.));
#2885 = DIRECTION('',(-5.551115123126E-17,-1.,0.));
#2886 = DIRECTION('',(1.718305301576E-28,-9.538510545726E-45,1.));
#2887 = ORIENTED_EDGE('',*,*,#2888,.T.);
#2888 = EDGE_CURVE('',#2880,#2889,#2891,.T.);
#2889 = VERTEX_POINT('',#2890);
#2890 = CARTESIAN_POINT('',(-2.,4.05763833864E-13,-6.));
#2891 = CIRCLE('',#2892,0.164);
#2892 = AXIS2_PLACEMENT_3D('',#2893,#2894,#2895);
#2893 = CARTESIAN_POINT('',(-2.,0.164,-6.));
#2894 = DIRECTION('',(1.,-1.110223024625E-16,-5.551115123126E-17));
#2895 = DIRECTION('',(1.110223024625E-16,1.,5.551115123126E-17));
#2896 = ORIENTED_EDGE('',*,*,#2888,.F.);
#2897 = SPHERICAL_SURFACE('',#2898,0.164);
#2898 = AXIS2_PLACEMENT_3D('',#2899,#2900,#2901);
#2899 = CARTESIAN_POINT('',(-2.,0.164,-6.));
#2900 = DIRECTION('',(-5.551115123126E-17,-1.,-0.));
#2901 = DIRECTION('',(1.536735126745E-28,-8.530593602312E-45,1.));
#2902 = ADVANCED_FACE('',(#2903),#2906,.F.);
#2903 = FACE_BOUND('',#2904,.F.);
#2904 = EDGE_LOOP('',(#2905));
#2905 = ORIENTED_EDGE('',*,*,#2879,.T.);
#2906 = PLANE('',#2907);
#2907 = AXIS2_PLACEMENT_3D('',#2908,#2909,#2910);
#2908 = CARTESIAN_POINT('',(-2.,0.2624,-6.));
#2909 = DIRECTION('',(-5.551115123126E-17,-1.,-0.));
#2910 = DIRECTION('',(1.718305301602E-28,-9.53851054587E-45,1.));
#2911 = ( GEOMETRIC_REPRESENTATION_CONTEXT(3) 
GLOBAL_UNCERTAINTY_ASSIGNED_CONTEXT((#2915)) 
GLOBAL_UNIT_ASSIGNED_CONTEXT((#2912,#2913,#2914)) REPRESENTATION_CONTEXT
('Context #1','3D Context with UNIT and UNCERTAINTY') );
#2912 = ( LENGTH_UNIT() NAMED_UNIT(*) SI_UNIT(.MILLI.,.METRE.) );
#2913 = ( NAMED_UNIT(*) PLANE_ANGLE_UNIT() SI_UNIT($,.RADIAN.) );
#2914 = ( NAMED_UNIT(*) SI_UNIT($,.STERADIAN.) SOLID_ANGLE_UNIT() );
#2915 = UNCERTAINTY_MEASURE_WITH_UNIT(LENGTH_MEASURE(1.E-07),#2912,
  'distance_accuracy_value','confusion accuracy');
#2916 = CONTEXT_DEPENDENT_SHAPE_REPRESENTATION(#2917,#2919);
#2917 = ( REPRESENTATION_RELATIONSHIP('','',#2872,#10) 
REPRESENTATION_RELATIONSHIP_WITH_TRANSFORMATION(#2918) 
SHAPE_REPRESENTATION_RELATIONSHIP() );
#2918 = ITEM_DEFINED_TRANSFORMATION('','',#11,#175);
#2919 = PRODUCT_DEFINITION_SHAPE('Placement','Placement of an item',
  #2920);
#2920 = NEXT_ASSEMBLY_USAGE_OCCURRENCE('158935','BALL_0039','',#5,#2867,
  $);
#2921 = PRODUCT_RELATED_PRODUCT_CATEGORY('part',$,(#2869));
#2922 = SHAPE_DEFINITION_REPRESENTATION(#2923,#2929);
#2923 = PRODUCT_DEFINITION_SHAPE('','',#2924);
#2924 = PRODUCT_DEFINITION('design','',#2925,#2928);
#2925 = PRODUCT_DEFINITION_FORMATION('','',#2926);
#2926 = PRODUCT('BALL_0040','BALL_0040','',(#2927));
#2927 = PRODUCT_CONTEXT('',#2,'mechanical');
#2928 = PRODUCT_DEFINITION_CONTEXT('part definition',#2,'design');
#2929 = ADVANCED_BREP_SHAPE_REPRESENTATION('',(#11,#2930),#2968);
#2930 = MANIFOLD_SOLID_BREP('',#2931);
#2931 = CLOSED_SHELL('',(#2932,#2959));
#2932 = ADVANCED_FACE('',(#2933),#2954,.T.);
#2933 = FACE_BOUND('',#2934,.T.);
#2934 = EDGE_LOOP('',(#2935,#2944,#2953));
#2935 = ORIENTED_EDGE('',*,*,#2936,.T.);
#2936 = EDGE_CURVE('',#2937,#2937,#2939,.T.);
#2937 = VERTEX_POINT('',#2938);
#2938 = CARTESIAN_POINT('',(-2.,0.262399999997,-5.868799999998));
#2939 = CIRCLE('',#2940,0.131200000002);
#2940 = AXIS2_PLACEMENT_3D('',#2941,#2942,#2943);
#2941 = CARTESIAN_POINT('',(-2.,0.262399999997,-6.));
#2942 = DIRECTION('',(-5.551115123126E-17,-1.,0.));
#2943 = DIRECTION('',(1.718305301576E-28,-9.538510545726E-45,1.));
#2944 = ORIENTED_EDGE('',*,*,#2945,.T.);
#2945 = EDGE_CURVE('',#2937,#2946,#2948,.T.);
#2946 = VERTEX_POINT('',#2947);
#2947 = CARTESIAN_POINT('',(-2.,4.05763833864E-13,-6.));
#2948 = CIRCLE('',#2949,0.164);
#2949 = AXIS2_PLACEMENT_3D('',#2950,#2951,#2952);
#2950 = CARTESIAN_POINT('',(-2.,0.164,-6.));
#2951 = DIRECTION('',(1.,-1.110223024625E-16,-5.551115123126E-17));
#2952 = DIRECTION('',(1.110223024625E-16,1.,5.551115123126E-17));
#2953 = ORIENTED_EDGE('',*,*,#2945,.F.);
#2954 = SPHERICAL_SURFACE('',#2955,0.164);
#2955 = AXIS2_PLACEMENT_3D('',#2956,#2957,#2958);
#2956 = CARTESIAN_POINT('',(-2.,0.164,-6.));
#2957 = DIRECTION('',(-5.551115123126E-17,-1.,-0.));
#2958 = DIRECTION('',(1.536735126745E-28,-8.530593602312E-45,1.));
#2959 = ADVANCED_FACE('',(#2960),#2963,.F.);
#2960 = FACE_BOUND('',#2961,.F.);
#2961 = EDGE_LOOP('',(#2962));
#2962 = ORIENTED_EDGE('',*,*,#2936,.T.);
#2963 = PLANE('',#2964);
#2964 = AXIS2_PLACEMENT_3D('',#2965,#2966,#2967);
#2965 = CARTESIAN_POINT('',(-2.,0.2624,-6.));
#2966 = DIRECTION('',(-5.551115123126E-17,-1.,-0.));
#2967 = DIRECTION('',(1.718305301602E-28,-9.53851054587E-45,1.));
#2968 = ( GEOMETRIC_REPRESENTATION_CONTEXT(3) 
GLOBAL_UNCERTAINTY_ASSIGNED_CONTEXT((#2972)) 
GLOBAL_UNIT_ASSIGNED_CONTEXT((#2969,#2970,#2971)) REPRESENTATION_CONTEXT
('Context #1','3D Context with UNIT and UNCERTAINTY') );
#2969 = ( LENGTH_UNIT() NAMED_UNIT(*) SI_UNIT(.MILLI.,.METRE.) );
#2970 = ( NAMED_UNIT(*) PLANE_ANGLE_UNIT() SI_UNIT($,.RADIAN.) );
#2971 = ( NAMED_UNIT(*) SI_UNIT($,.STERADIAN.) SOLID_ANGLE_UNIT() );
#2972 = UNCERTAINTY_MEASURE_WITH_UNIT(LENGTH_MEASURE(1.E-07),#2969,
  'distance_accuracy_value','confusion accuracy');
#2973 = CONTEXT_DEPENDENT_SHAPE_REPRESENTATION(#2974,#2976);
#2974 = ( REPRESENTATION_RELATIONSHIP('','',#2929,#10) 
REPRESENTATION_RELATIONSHIP_WITH_TRANSFORMATION(#2975) 
SHAPE_REPRESENTATION_RELATIONSHIP() );
#2975 = ITEM_DEFINED_TRANSFORMATION('','',#11,#179);
#2976 = PRODUCT_DEFINITION_SHAPE('Placement','Placement of an item',
  #2977);
#2977 = NEXT_ASSEMBLY_USAGE_OCCURRENCE('158936','BALL_0040','',#5,#2924,
  $);
#2978 = PRODUCT_RELATED_PRODUCT_CATEGORY('part',$,(#2926));
#2979 = SHAPE_DEFINITION_REPRESENTATION(#2980,#2986);
#2980 = PRODUCT_DEFINITION_SHAPE('','',#2981);
#2981 = PRODUCT_DEFINITION('design','',#2982,#2985);
#2982 = PRODUCT_DEFINITION_FORMATION('','',#2983);
#2983 = PRODUCT('BALL_0041','BALL_0041','',(#2984));
#2984 = PRODUCT_CONTEXT('',#2,'mechanical');
#2985 = PRODUCT_DEFINITION_CONTEXT('part definition',#2,'design');
#2986 = ADVANCED_BREP_SHAPE_REPRESENTATION('',(#11,#2987),#3025);
#2987 = MANIFOLD_SOLID_BREP('',#2988);
#2988 = CLOSED_SHELL('',(#2989,#3016));
#2989 = ADVANCED_FACE('',(#2990),#3011,.T.);
#2990 = FACE_BOUND('',#2991,.T.);
#2991 = EDGE_LOOP('',(#2992,#3001,#3010));
#2992 = ORIENTED_EDGE('',*,*,#2993,.T.);
#2993 = EDGE_CURVE('',#2994,#2994,#2996,.T.);
#2994 = VERTEX_POINT('',#2995);
#2995 = CARTESIAN_POINT('',(-2.,0.262399999997,-5.868799999998));
#2996 = CIRCLE('',#2997,0.131200000002);
#2997 = AXIS2_PLACEMENT_3D('',#2998,#2999,#3000);
#2998 = CARTESIAN_POINT('',(-2.,0.262399999997,-6.));
#2999 = DIRECTION('',(-5.551115123126E-17,-1.,0.));
#3000 = DIRECTION('',(1.718305301576E-28,-9.538510545726E-45,1.));
#3001 = ORIENTED_EDGE('',*,*,#3002,.T.);
#3002 = EDGE_CURVE('',#2994,#3003,#3005,.T.);
#3003 = VERTEX_POINT('',#3004);
#3004 = CARTESIAN_POINT('',(-2.,4.05763833864E-13,-6.));
#3005 = CIRCLE('',#3006,0.164);
#3006 = AXIS2_PLACEMENT_3D('',#3007,#3008,#3009);
#3007 = CARTESIAN_POINT('',(-2.,0.164,-6.));
#3008 = DIRECTION('',(1.,-1.110223024625E-16,-5.551115123126E-17));
#3009 = DIRECTION('',(1.110223024625E-16,1.,5.551115123126E-17));
#3010 = ORIENTED_EDGE('',*,*,#3002,.F.);
#3011 = SPHERICAL_SURFACE('',#3012,0.164);
#3012 = AXIS2_PLACEMENT_3D('',#3013,#3014,#3015);
#3013 = CARTESIAN_POINT('',(-2.,0.164,-6.));
#3014 = DIRECTION('',(-5.551115123126E-17,-1.,-0.));
#3015 = DIRECTION('',(1.536735126745E-28,-8.530593602312E-45,1.));
#3016 = ADVANCED_FACE('',(#3017),#3020,.F.);
#3017 = FACE_BOUND('',#3018,.F.);
#3018 = EDGE_LOOP('',(#3019));
#3019 = ORIENTED_EDGE('',*,*,#2993,.T.);
#3020 = PLANE('',#3021);
#3021 = AXIS2_PLACEMENT_3D('',#3022,#3023,#3024);
#3022 = CARTESIAN_POINT('',(-2.,0.2624,-6.));
#3023 = DIRECTION('',(-5.551115123126E-17,-1.,-0.));
#3024 = DIRECTION('',(1.718305301602E-28,-9.53851054587E-45,1.));
#3025 = ( GEOMETRIC_REPRESENTATION_CONTEXT(3) 
GLOBAL_UNCERTAINTY_ASSIGNED_CONTEXT((#3029)) 
GLOBAL_UNIT_ASSIGNED_CONTEXT((#3026,#3027,#3028)) REPRESENTATION_CONTEXT
('Context #1','3D Context with UNIT and UNCERTAINTY') );
#3026 = ( LENGTH_UNIT() NAMED_UNIT(*) SI_UNIT(.MILLI.,.METRE.) );
#3027 = ( NAMED_UNIT(*) PLANE_ANGLE_UNIT() SI_UNIT($,.RADIAN.) );
#3028 = ( NAMED_UNIT(*) SI_UNIT($,.STERADIAN.) SOLID_ANGLE_UNIT() );
#3029 = UNCERTAINTY_MEASURE_WITH_UNIT(LENGTH_MEASURE(1.E-07),#3026,
  'distance_accuracy_value','confusion accuracy');
#3030 = CONTEXT_DEPENDENT_SHAPE_REPRESENTATION(#3031,#3033);
#3031 = ( REPRESENTATION_RELATIONSHIP('','',#2986,#10) 
REPRESENTATION_RELATIONSHIP_WITH_TRANSFORMATION(#3032) 
SHAPE_REPRESENTATION_RELATIONSHIP() );
#3032 = ITEM_DEFINED_TRANSFORMATION('','',#11,#183);
#3033 = PRODUCT_DEFINITION_SHAPE('Placement','Placement of an item',
  #3034);
#3034 = NEXT_ASSEMBLY_USAGE_OCCURRENCE('158937','BALL_0041','',#5,#2981,
  $);
#3035 = PRODUCT_RELATED_PRODUCT_CATEGORY('part',$,(#2983));
#3036 = SHAPE_DEFINITION_REPRESENTATION(#3037,#3043);
#3037 = PRODUCT_DEFINITION_SHAPE('','',#3038);
#3038 = PRODUCT_DEFINITION('design','',#3039,#3042);
#3039 = PRODUCT_DEFINITION_FORMATION('','',#3040);
#3040 = PRODUCT('BALL_0042','BALL_0042','',(#3041));
#3041 = PRODUCT_CONTEXT('',#2,'mechanical');
#3042 = PRODUCT_DEFINITION_CONTEXT('part definition',#2,'design');
#3043 = ADVANCED_BREP_SHAPE_REPRESENTATION('',(#11,#3044),#3082);
#3044 = MANIFOLD_SOLID_BREP('',#3045);
#3045 = CLOSED_SHELL('',(#3046,#3073));
#3046 = ADVANCED_FACE('',(#3047),#3068,.T.);
#3047 = FACE_BOUND('',#3048,.T.);
#3048 = EDGE_LOOP('',(#3049,#3058,#3067));
#3049 = ORIENTED_EDGE('',*,*,#3050,.T.);
#3050 = EDGE_CURVE('',#3051,#3051,#3053,.T.);
#3051 = VERTEX_POINT('',#3052);
#3052 = CARTESIAN_POINT('',(-2.,0.262399999997,-5.868799999998));
#3053 = CIRCLE('',#3054,0.131200000002);
#3054 = AXIS2_PLACEMENT_3D('',#3055,#3056,#3057);
#3055 = CARTESIAN_POINT('',(-2.,0.262399999997,-6.));
#3056 = DIRECTION('',(-5.551115123126E-17,-1.,0.));
#3057 = DIRECTION('',(1.718305301576E-28,-9.538510545726E-45,1.));
#3058 = ORIENTED_EDGE('',*,*,#3059,.T.);
#3059 = EDGE_CURVE('',#3051,#3060,#3062,.T.);
#3060 = VERTEX_POINT('',#3061);
#3061 = CARTESIAN_POINT('',(-2.,4.05763833864E-13,-6.));
#3062 = CIRCLE('',#3063,0.164);
#3063 = AXIS2_PLACEMENT_3D('',#3064,#3065,#3066);
#3064 = CARTESIAN_POINT('',(-2.,0.164,-6.));
#3065 = DIRECTION('',(1.,-1.110223024625E-16,-5.551115123126E-17));
#3066 = DIRECTION('',(1.110223024625E-16,1.,5.551115123126E-17));
#3067 = ORIENTED_EDGE('',*,*,#3059,.F.);
#3068 = SPHERICAL_SURFACE('',#3069,0.164);
#3069 = AXIS2_PLACEMENT_3D('',#3070,#3071,#3072);
#3070 = CARTESIAN_POINT('',(-2.,0.164,-6.));
#3071 = DIRECTION('',(-5.551115123126E-17,-1.,-0.));
#3072 = DIRECTION('',(1.536735126745E-28,-8.530593602312E-45,1.));
#3073 = ADVANCED_FACE('',(#3074),#3077,.F.);
#3074 = FACE_BOUND('',#3075,.F.);
#3075 = EDGE_LOOP('',(#3076));
#3076 = ORIENTED_EDGE('',*,*,#3050,.T.);
#3077 = PLANE('',#3078);
#3078 = AXIS2_PLACEMENT_3D('',#3079,#3080,#3081);
#3079 = CARTESIAN_POINT('',(-2.,0.2624,-6.));
#3080 = DIRECTION('',(-5.551115123126E-17,-1.,-0.));
#3081 = DIRECTION('',(1.718305301602E-28,-9.53851054587E-45,1.));
#3082 = ( GEOMETRIC_REPRESENTATION_CONTEXT(3) 
GLOBAL_UNCERTAINTY_ASSIGNED_CONTEXT((#3086)) 
GLOBAL_UNIT_ASSIGNED_CONTEXT((#3083,#3084,#3085)) REPRESENTATION_CONTEXT
('Context #1','3D Context with UNIT and UNCERTAINTY') );
#3083 = ( LENGTH_UNIT() NAMED_UNIT(*) SI_UNIT(.MILLI.,.METRE.) );
#3084 = ( NAMED_UNIT(*) PLANE_ANGLE_UNIT() SI_UNIT($,.RADIAN.) );
#3085 = ( NAMED_UNIT(*) SI_UNIT($,.STERADIAN.) SOLID_ANGLE_UNIT() );
#3086 = UNCERTAINTY_MEASURE_WITH_UNIT(LENGTH_MEASURE(1.E-07),#3083,
  'distance_accuracy_value','confusion accuracy');
#3087 = CONTEXT_DEPENDENT_SHAPE_REPRESENTATION(#3088,#3090);
#3088 = ( REPRESENTATION_RELATIONSHIP('','',#3043,#10) 
REPRESENTATION_RELATIONSHIP_WITH_TRANSFORMATION(#3089) 
SHAPE_REPRESENTATION_RELATIONSHIP() );
#3089 = ITEM_DEFINED_TRANSFORMATION('','',#11,#187);
#3090 = PRODUCT_DEFINITION_SHAPE('Placement','Placement of an item',
  #3091);
#3091 = NEXT_ASSEMBLY_USAGE_OCCURRENCE('158938','BALL_0042','',#5,#3038,
  $);
#3092 = PRODUCT_RELATED_PRODUCT_CATEGORY('part',$,(#3040));
#3093 = SHAPE_DEFINITION_REPRESENTATION(#3094,#3100);
#3094 = PRODUCT_DEFINITION_SHAPE('','',#3095);
#3095 = PRODUCT_DEFINITION('design','',#3096,#3099);
#3096 = PRODUCT_DEFINITION_FORMATION('','',#3097);
#3097 = PRODUCT('BALL_0043','BALL_0043','',(#3098));
#3098 = PRODUCT_CONTEXT('',#2,'mechanical');
#3099 = PRODUCT_DEFINITION_CONTEXT('part definition',#2,'design');
#3100 = ADVANCED_BREP_SHAPE_REPRESENTATION('',(#11,#3101),#3139);
#3101 = MANIFOLD_SOLID_BREP('',#3102);
#3102 = CLOSED_SHELL('',(#3103,#3130));
#3103 = ADVANCED_FACE('',(#3104),#3125,.T.);
#3104 = FACE_BOUND('',#3105,.T.);
#3105 = EDGE_LOOP('',(#3106,#3115,#3124));
#3106 = ORIENTED_EDGE('',*,*,#3107,.T.);
#3107 = EDGE_CURVE('',#3108,#3108,#3110,.T.);
#3108 = VERTEX_POINT('',#3109);
#3109 = CARTESIAN_POINT('',(-2.,0.262399999997,-5.868799999998));
#3110 = CIRCLE('',#3111,0.131200000002);
#3111 = AXIS2_PLACEMENT_3D('',#3112,#3113,#3114);
#3112 = CARTESIAN_POINT('',(-2.,0.262399999997,-6.));
#3113 = DIRECTION('',(-5.551115123126E-17,-1.,0.));
#3114 = DIRECTION('',(1.718305301576E-28,-9.538510545726E-45,1.));
#3115 = ORIENTED_EDGE('',*,*,#3116,.T.);
#3116 = EDGE_CURVE('',#3108,#3117,#3119,.T.);
#3117 = VERTEX_POINT('',#3118);
#3118 = CARTESIAN_POINT('',(-2.,4.05763833864E-13,-6.));
#3119 = CIRCLE('',#3120,0.164);
#3120 = AXIS2_PLACEMENT_3D('',#3121,#3122,#3123);
#3121 = CARTESIAN_POINT('',(-2.,0.164,-6.));
#3122 = DIRECTION('',(1.,-1.110223024625E-16,-5.551115123126E-17));
#3123 = DIRECTION('',(1.110223024625E-16,1.,5.551115123126E-17));
#3124 = ORIENTED_EDGE('',*,*,#3116,.F.);
#3125 = SPHERICAL_SURFACE('',#3126,0.164);
#3126 = AXIS2_PLACEMENT_3D('',#3127,#3128,#3129);
#3127 = CARTESIAN_POINT('',(-2.,0.164,-6.));
#3128 = DIRECTION('',(-5.551115123126E-17,-1.,-0.));
#3129 = DIRECTION('',(1.536735126745E-28,-8.530593602312E-45,1.));
#3130 = ADVANCED_FACE('',(#3131),#3134,.F.);
#3131 = FACE_BOUND('',#3132,.F.);
#3132 = EDGE_LOOP('',(#3133));
#3133 = ORIENTED_EDGE('',*,*,#3107,.T.);
#3134 = PLANE('',#3135);
#3135 = AXIS2_PLACEMENT_3D('',#3136,#3137,#3138);
#3136 = CARTESIAN_POINT('',(-2.,0.2624,-6.));
#3137 = DIRECTION('',(-5.551115123126E-17,-1.,-0.));
#3138 = DIRECTION('',(1.718305301602E-28,-9.53851054587E-45,1.));
#3139 = ( GEOMETRIC_REPRESENTATION_CONTEXT(3) 
GLOBAL_UNCERTAINTY_ASSIGNED_CONTEXT((#3143)) 
GLOBAL_UNIT_ASSIGNED_CONTEXT((#3140,#3141,#3142)) REPRESENTATION_CONTEXT
('Context #1','3D Context with UNIT and UNCERTAINTY') );
#3140 = ( LENGTH_UNIT() NAMED_UNIT(*) SI_UNIT(.MILLI.,.METRE.) );
#3141 = ( NAMED_UNIT(*) PLANE_ANGLE_UNIT() SI_UNIT($,.RADIAN.) );
#3142 = ( NAMED_UNIT(*) SI_UNIT($,.STERADIAN.) SOLID_ANGLE_UNIT() );
#3143 = UNCERTAINTY_MEASURE_WITH_UNIT(LENGTH_MEASURE(1.E-07),#3140,
  'distance_accuracy_value','confusion accuracy');
#3144 = CONTEXT_DEPENDENT_SHAPE_REPRESENTATION(#3145,#3147);
#3145 = ( REPRESENTATION_RELATIONSHIP('','',#3100,#10) 
REPRESENTATION_RELATIONSHIP_WITH_TRANSFORMATION(#3146) 
SHAPE_REPRESENTATION_RELATIONSHIP() );
#3146 = ITEM_DEFINED_TRANSFORMATION('','',#11,#191);
#3147 = PRODUCT_DEFINITION_SHAPE('Placement','Placement of an item',
  #3148);
#3148 = NEXT_ASSEMBLY_USAGE_OCCURRENCE('158939','BALL_0043','',#5,#3095,
  $);
#3149 = PRODUCT_RELATED_PRODUCT_CATEGORY('part',$,(#3097));
#3150 = SHAPE_DEFINITION_REPRESENTATION(#3151,#3157);
#3151 = PRODUCT_DEFINITION_SHAPE('','',#3152);
#3152 = PRODUCT_DEFINITION('design','',#3153,#3156);
#3153 = PRODUCT_DEFINITION_FORMATION('','',#3154);
#3154 = PRODUCT('BALL_0044','BALL_0044','',(#3155));
#3155 = PRODUCT_CONTEXT('',#2,'mechanical');
#3156 = PRODUCT_DEFINITION_CONTEXT('part definition',#2,'design');
#3157 = ADVANCED_BREP_SHAPE_REPRESENTATION('',(#11,#3158),#3196);
#3158 = MANIFOLD_SOLID_BREP('',#3159);
#3159 = CLOSED_SHELL('',(#3160,#3187));
#3160 = ADVANCED_FACE('',(#3161),#3182,.T.);
#3161 = FACE_BOUND('',#3162,.T.);
#3162 = EDGE_LOOP('',(#3163,#3172,#3181));
#3163 = ORIENTED_EDGE('',*,*,#3164,.T.);
#3164 = EDGE_CURVE('',#3165,#3165,#3167,.T.);
#3165 = VERTEX_POINT('',#3166);
#3166 = CARTESIAN_POINT('',(-2.,0.262399999997,-5.868799999998));
#3167 = CIRCLE('',#3168,0.131200000002);
#3168 = AXIS2_PLACEMENT_3D('',#3169,#3170,#3171);
#3169 = CARTESIAN_POINT('',(-2.,0.262399999997,-6.));
#3170 = DIRECTION('',(-5.551115123126E-17,-1.,0.));
#3171 = DIRECTION('',(1.718305301576E-28,-9.538510545726E-45,1.));
#3172 = ORIENTED_EDGE('',*,*,#3173,.T.);
#3173 = EDGE_CURVE('',#3165,#3174,#3176,.T.);
#3174 = VERTEX_POINT('',#3175);
#3175 = CARTESIAN_POINT('',(-2.,4.05763833864E-13,-6.));
#3176 = CIRCLE('',#3177,0.164);
#3177 = AXIS2_PLACEMENT_3D('',#3178,#3179,#3180);
#3178 = CARTESIAN_POINT('',(-2.,0.164,-6.));
#3179 = DIRECTION('',(1.,-1.110223024625E-16,-5.551115123126E-17));
#3180 = DIRECTION('',(1.110223024625E-16,1.,5.551115123126E-17));
#3181 = ORIENTED_EDGE('',*,*,#3173,.F.);
#3182 = SPHERICAL_SURFACE('',#3183,0.164);
#3183 = AXIS2_PLACEMENT_3D('',#3184,#3185,#3186);
#3184 = CARTESIAN_POINT('',(-2.,0.164,-6.));
#3185 = DIRECTION('',(-5.551115123126E-17,-1.,-0.));
#3186 = DIRECTION('',(1.536735126745E-28,-8.530593602312E-45,1.));
#3187 = ADVANCED_FACE('',(#3188),#3191,.F.);
#3188 = FACE_BOUND('',#3189,.F.);
#3189 = EDGE_LOOP('',(#3190));
#3190 = ORIENTED_EDGE('',*,*,#3164,.T.);
#3191 = PLANE('',#3192);
#3192 = AXIS2_PLACEMENT_3D('',#3193,#3194,#3195);
#3193 = CARTESIAN_POINT('',(-2.,0.2624,-6.));
#3194 = DIRECTION('',(-5.551115123126E-17,-1.,-0.));
#3195 = DIRECTION('',(1.718305301602E-28,-9.53851054587E-45,1.));
#3196 = ( GEOMETRIC_REPRESENTATION_CONTEXT(3) 
GLOBAL_UNCERTAINTY_ASSIGNED_CONTEXT((#3200)) 
GLOBAL_UNIT_ASSIGNED_CONTEXT((#3197,#3198,#3199)) REPRESENTATION_CONTEXT
('Context #1','3D Context with UNIT and UNCERTAINTY') );
#3197 = ( LENGTH_UNIT() NAMED_UNIT(*) SI_UNIT(.MILLI.,.METRE.) );
#3198 = ( NAMED_UNIT(*) PLANE_ANGLE_UNIT() SI_UNIT($,.RADIAN.) );
#3199 = ( NAMED_UNIT(*) SI_UNIT($,.STERADIAN.) SOLID_ANGLE_UNIT() );
#3200 = UNCERTAINTY_MEASURE_WITH_UNIT(LENGTH_MEASURE(1.E-07),#3197,
  'distance_accuracy_value','confusion accuracy');
#3201 = CONTEXT_DEPENDENT_SHAPE_REPRESENTATION(#3202,#3204);
#3202 = ( REPRESENTATION_RELATIONSHIP('','',#3157,#10) 
REPRESENTATION_RELATIONSHIP_WITH_TRANSFORMATION(#3203) 
SHAPE_REPRESENTATION_RELATIONSHIP() );
#3203 = ITEM_DEFINED_TRANSFORMATION('','',#11,#195);
#3204 = PRODUCT_DEFINITION_SHAPE('Placement','Placement of an item',
  #3205);
#3205 = NEXT_ASSEMBLY_USAGE_OCCURRENCE('158940','BALL_0044','',#5,#3152,
  $);
#3206 = PRODUCT_RELATED_PRODUCT_CATEGORY('part',$,(#3154));
#3207 = SHAPE_DEFINITION_REPRESENTATION(#3208,#3214);
#3208 = PRODUCT_DEFINITION_SHAPE('','',#3209);
#3209 = PRODUCT_DEFINITION('design','',#3210,#3213);
#3210 = PRODUCT_DEFINITION_FORMATION('','',#3211);
#3211 = PRODUCT('BALL_0045','BALL_0045','',(#3212));
#3212 = PRODUCT_CONTEXT('',#2,'mechanical');
#3213 = PRODUCT_DEFINITION_CONTEXT('part definition',#2,'design');
#3214 = ADVANCED_BREP_SHAPE_REPRESENTATION('',(#11,#3215),#3253);
#3215 = MANIFOLD_SOLID_BREP('',#3216);
#3216 = CLOSED_SHELL('',(#3217,#3244));
#3217 = ADVANCED_FACE('',(#3218),#3239,.T.);
#3218 = FACE_BOUND('',#3219,.T.);
#3219 = EDGE_LOOP('',(#3220,#3229,#3238));
#3220 = ORIENTED_EDGE('',*,*,#3221,.T.);
#3221 = EDGE_CURVE('',#3222,#3222,#3224,.T.);
#3222 = VERTEX_POINT('',#3223);
#3223 = CARTESIAN_POINT('',(-2.,0.262399999997,-5.868799999998));
#3224 = CIRCLE('',#3225,0.131200000002);
#3225 = AXIS2_PLACEMENT_3D('',#3226,#3227,#3228);
#3226 = CARTESIAN_POINT('',(-2.,0.262399999997,-6.));
#3227 = DIRECTION('',(-5.551115123126E-17,-1.,0.));
#3228 = DIRECTION('',(1.718305301576E-28,-9.538510545726E-45,1.));
#3229 = ORIENTED_EDGE('',*,*,#3230,.T.);
#3230 = EDGE_CURVE('',#3222,#3231,#3233,.T.);
#3231 = VERTEX_POINT('',#3232);
#3232 = CARTESIAN_POINT('',(-2.,4.05763833864E-13,-6.));
#3233 = CIRCLE('',#3234,0.164);
#3234 = AXIS2_PLACEMENT_3D('',#3235,#3236,#3237);
#3235 = CARTESIAN_POINT('',(-2.,0.164,-6.));
#3236 = DIRECTION('',(1.,-1.110223024625E-16,-5.551115123126E-17));
#3237 = DIRECTION('',(1.110223024625E-16,1.,5.551115123126E-17));
#3238 = ORIENTED_EDGE('',*,*,#3230,.F.);
#3239 = SPHERICAL_SURFACE('',#3240,0.164);
#3240 = AXIS2_PLACEMENT_3D('',#3241,#3242,#3243);
#3241 = CARTESIAN_POINT('',(-2.,0.164,-6.));
#3242 = DIRECTION('',(-5.551115123126E-17,-1.,-0.));
#3243 = DIRECTION('',(1.536735126745E-28,-8.530593602312E-45,1.));
#3244 = ADVANCED_FACE('',(#3245),#3248,.F.);
#3245 = FACE_BOUND('',#3246,.F.);
#3246 = EDGE_LOOP('',(#3247));
#3247 = ORIENTED_EDGE('',*,*,#3221,.T.);
#3248 = PLANE('',#3249);
#3249 = AXIS2_PLACEMENT_3D('',#3250,#3251,#3252);
#3250 = CARTESIAN_POINT('',(-2.,0.2624,-6.));
#3251 = DIRECTION('',(-5.551115123126E-17,-1.,-0.));
#3252 = DIRECTION('',(1.718305301602E-28,-9.53851054587E-45,1.));
#3253 = ( GEOMETRIC_REPRESENTATION_CONTEXT(3) 
GLOBAL_UNCERTAINTY_ASSIGNED_CONTEXT((#3257)) 
GLOBAL_UNIT_ASSIGNED_CONTEXT((#3254,#3255,#3256)) REPRESENTATION_CONTEXT
('Context #1','3D Context with UNIT and UNCERTAINTY') );
#3254 = ( LENGTH_UNIT() NAMED_UNIT(*) SI_UNIT(.MILLI.,.METRE.) );
#3255 = ( NAMED_UNIT(*) PLANE_ANGLE_UNIT() SI_UNIT($,.RADIAN.) );
#3256 = ( NAMED_UNIT(*) SI_UNIT($,.STERADIAN.) SOLID_ANGLE_UNIT() );
#3257 = UNCERTAINTY_MEASURE_WITH_UNIT(LENGTH_MEASURE(1.E-07),#3254,
  'distance_accuracy_value','confusion accuracy');
#3258 = CONTEXT_DEPENDENT_SHAPE_REPRESENTATION(#3259,#3261);
#3259 = ( REPRESENTATION_RELATIONSHIP('','',#3214,#10) 
REPRESENTATION_RELATIONSHIP_WITH_TRANSFORMATION(#3260) 
SHAPE_REPRESENTATION_RELATIONSHIP() );
#3260 = ITEM_DEFINED_TRANSFORMATION('','',#11,#199);
#3261 = PRODUCT_DEFINITION_SHAPE('Placement','Placement of an item',
  #3262);
#3262 = NEXT_ASSEMBLY_USAGE_OCCURRENCE('158941','BALL_0045','',#5,#3209,
  $);
#3263 = PRODUCT_RELATED_PRODUCT_CATEGORY('part',$,(#3211));
#3264 = SHAPE_DEFINITION_REPRESENTATION(#3265,#3271);
#3265 = PRODUCT_DEFINITION_SHAPE('','',#3266);
#3266 = PRODUCT_DEFINITION('design','',#3267,#3270);
#3267 = PRODUCT_DEFINITION_FORMATION('','',#3268);
#3268 = PRODUCT('BALL_0046','BALL_0046','',(#3269));
#3269 = PRODUCT_CONTEXT('',#2,'mechanical');
#3270 = PRODUCT_DEFINITION_CONTEXT('part definition',#2,'design');
#3271 = ADVANCED_BREP_SHAPE_REPRESENTATION('',(#11,#3272),#3310);
#3272 = MANIFOLD_SOLID_BREP('',#3273);
#3273 = CLOSED_SHELL('',(#3274,#3301));
#3274 = ADVANCED_FACE('',(#3275),#3296,.T.);
#3275 = FACE_BOUND('',#3276,.T.);
#3276 = EDGE_LOOP('',(#3277,#3286,#3295));
#3277 = ORIENTED_EDGE('',*,*,#3278,.T.);
#3278 = EDGE_CURVE('',#3279,#3279,#3281,.T.);
#3279 = VERTEX_POINT('',#3280);
#3280 = CARTESIAN_POINT('',(-2.,0.262399999997,-5.868799999998));
#3281 = CIRCLE('',#3282,0.131200000002);
#3282 = AXIS2_PLACEMENT_3D('',#3283,#3284,#3285);
#3283 = CARTESIAN_POINT('',(-2.,0.262399999997,-6.));
#3284 = DIRECTION('',(-5.551115123126E-17,-1.,0.));
#3285 = DIRECTION('',(1.718305301576E-28,-9.538510545726E-45,1.));
#3286 = ORIENTED_EDGE('',*,*,#3287,.T.);
#3287 = EDGE_CURVE('',#3279,#3288,#3290,.T.);
#3288 = VERTEX_POINT('',#3289);
#3289 = CARTESIAN_POINT('',(-2.,4.05763833864E-13,-6.));
#3290 = CIRCLE('',#3291,0.164);
#3291 = AXIS2_PLACEMENT_3D('',#3292,#3293,#3294);
#3292 = CARTESIAN_POINT('',(-2.,0.164,-6.));
#3293 = DIRECTION('',(1.,-1.110223024625E-16,-5.551115123126E-17));
#3294 = DIRECTION('',(1.110223024625E-16,1.,5.551115123126E-17));
#3295 = ORIENTED_EDGE('',*,*,#3287,.F.);
#3296 = SPHERICAL_SURFACE('',#3297,0.164);
#3297 = AXIS2_PLACEMENT_3D('',#3298,#3299,#3300);
#3298 = CARTESIAN_POINT('',(-2.,0.164,-6.));
#3299 = DIRECTION('',(-5.551115123126E-17,-1.,-0.));
#3300 = DIRECTION('',(1.536735126745E-28,-8.530593602312E-45,1.));
#3301 = ADVANCED_FACE('',(#3302),#3305,.F.);
#3302 = FACE_BOUND('',#3303,.F.);
#3303 = EDGE_LOOP('',(#3304));
#3304 = ORIENTED_EDGE('',*,*,#3278,.T.);
#3305 = PLANE('',#3306);
#3306 = AXIS2_PLACEMENT_3D('',#3307,#3308,#3309);
#3307 = CARTESIAN_POINT('',(-2.,0.2624,-6.));
#3308 = DIRECTION('',(-5.551115123126E-17,-1.,-0.));
#3309 = DIRECTION('',(1.718305301602E-28,-9.53851054587E-45,1.));
#3310 = ( GEOMETRIC_REPRESENTATION_CONTEXT(3) 
GLOBAL_UNCERTAINTY_ASSIGNED_CONTEXT((#3314)) 
GLOBAL_UNIT_ASSIGNED_CONTEXT((#3311,#3312,#3313)) REPRESENTATION_CONTEXT
('Context #1','3D Context with UNIT and UNCERTAINTY') );
#3311 = ( LENGTH_UNIT() NAMED_UNIT(*) SI_UNIT(.MILLI.,.METRE.) );
#3312 = ( NAMED_UNIT(*) PLANE_ANGLE_UNIT() SI_UNIT($,.RADIAN.) );
#3313 = ( NAMED_UNIT(*) SI_UNIT($,.STERADIAN.) SOLID_ANGLE_UNIT() );
#3314 = UNCERTAINTY_MEASURE_WITH_UNIT(LENGTH_MEASURE(1.E-07),#3311,
  'distance_accuracy_value','confusion accuracy');
#3315 = CONTEXT_DEPENDENT_SHAPE_REPRESENTATION(#3316,#3318);
#3316 = ( REPRESENTATION_RELATIONSHIP('','',#3271,#10) 
REPRESENTATION_RELATIONSHIP_WITH_TRANSFORMATION(#3317) 
SHAPE_REPRESENTATION_RELATIONSHIP() );
#3317 = ITEM_DEFINED_TRANSFORMATION('','',#11,#203);
#3318 = PRODUCT_DEFINITION_SHAPE('Placement','Placement of an item',
  #3319);
#3319 = NEXT_ASSEMBLY_USAGE_OCCURRENCE('158942','BALL_0046','',#5,#3266,
  $);
#3320 = PRODUCT_RELATED_PRODUCT_CATEGORY('part',$,(#3268));
#3321 = SHAPE_DEFINITION_REPRESENTATION(#3322,#3328);
#3322 = PRODUCT_DEFINITION_SHAPE('','',#3323);
#3323 = PRODUCT_DEFINITION('design','',#3324,#3327);
#3324 = PRODUCT_DEFINITION_FORMATION('','',#3325);
#3325 = PRODUCT('BALL_0047','BALL_0047','',(#3326));
#3326 = PRODUCT_CONTEXT('',#2,'mechanical');
#3327 = PRODUCT_DEFINITION_CONTEXT('part definition',#2,'design');
#3328 = ADVANCED_BREP_SHAPE_REPRESENTATION('',(#11,#3329),#3367);
#3329 = MANIFOLD_SOLID_BREP('',#3330);
#3330 = CLOSED_SHELL('',(#3331,#3358));
#3331 = ADVANCED_FACE('',(#3332),#3353,.T.);
#3332 = FACE_BOUND('',#3333,.T.);
#3333 = EDGE_LOOP('',(#3334,#3343,#3352));
#3334 = ORIENTED_EDGE('',*,*,#3335,.T.);
#3335 = EDGE_CURVE('',#3336,#3336,#3338,.T.);
#3336 = VERTEX_POINT('',#3337);
#3337 = CARTESIAN_POINT('',(-2.,0.262399999997,-5.868799999998));
#3338 = CIRCLE('',#3339,0.131200000002);
#3339 = AXIS2_PLACEMENT_3D('',#3340,#3341,#3342);
#3340 = CARTESIAN_POINT('',(-2.,0.262399999997,-6.));
#3341 = DIRECTION('',(-5.551115123126E-17,-1.,0.));
#3342 = DIRECTION('',(1.718305301576E-28,-9.538510545726E-45,1.));
#3343 = ORIENTED_EDGE('',*,*,#3344,.T.);
#3344 = EDGE_CURVE('',#3336,#3345,#3347,.T.);
#3345 = VERTEX_POINT('',#3346);
#3346 = CARTESIAN_POINT('',(-2.,4.05763833864E-13,-6.));
#3347 = CIRCLE('',#3348,0.164);
#3348 = AXIS2_PLACEMENT_3D('',#3349,#3350,#3351);
#3349 = CARTESIAN_POINT('',(-2.,0.164,-6.));
#3350 = DIRECTION('',(1.,-1.110223024625E-16,-5.551115123126E-17));
#3351 = DIRECTION('',(1.110223024625E-16,1.,5.551115123126E-17));
#3352 = ORIENTED_EDGE('',*,*,#3344,.F.);
#3353 = SPHERICAL_SURFACE('',#3354,0.164);
#3354 = AXIS2_PLACEMENT_3D('',#3355,#3356,#3357);
#3355 = CARTESIAN_POINT('',(-2.,0.164,-6.));
#3356 = DIRECTION('',(-5.551115123126E-17,-1.,-0.));
#3357 = DIRECTION('',(1.536735126745E-28,-8.530593602312E-45,1.));
#3358 = ADVANCED_FACE('',(#3359),#3362,.F.);
#3359 = FACE_BOUND('',#3360,.F.);
#3360 = EDGE_LOOP('',(#3361));
#3361 = ORIENTED_EDGE('',*,*,#3335,.T.);
#3362 = PLANE('',#3363);
#3363 = AXIS2_PLACEMENT_3D('',#3364,#3365,#3366);
#3364 = CARTESIAN_POINT('',(-2.,0.2624,-6.));
#3365 = DIRECTION('',(-5.551115123126E-17,-1.,-0.));
#3366 = DIRECTION('',(1.718305301602E-28,-9.53851054587E-45,1.));
#3367 = ( GEOMETRIC_REPRESENTATION_CONTEXT(3) 
GLOBAL_UNCERTAINTY_ASSIGNED_CONTEXT((#3371)) 
GLOBAL_UNIT_ASSIGNED_CONTEXT((#3368,#3369,#3370)) REPRESENTATION_CONTEXT
('Context #1','3D Context with UNIT and UNCERTAINTY') );
#3368 = ( LENGTH_UNIT() NAMED_UNIT(*) SI_UNIT(.MILLI.,.METRE.) );
#3369 = ( NAMED_UNIT(*) PLANE_ANGLE_UNIT() SI_UNIT($,.RADIAN.) );
#3370 = ( NAMED_UNIT(*) SI_UNIT($,.STERADIAN.) SOLID_ANGLE_UNIT() );
#3371 = UNCERTAINTY_MEASURE_WITH_UNIT(LENGTH_MEASURE(1.E-07),#3368,
  'distance_accuracy_value','confusion accuracy');
#3372 = CONTEXT_DEPENDENT_SHAPE_REPRESENTATION(#3373,#3375);
#3373 = ( REPRESENTATION_RELATIONSHIP('','',#3328,#10) 
REPRESENTATION_RELATIONSHIP_WITH_TRANSFORMATION(#3374) 
SHAPE_REPRESENTATION_RELATIONSHIP() );
#3374 = ITEM_DEFINED_TRANSFORMATION('','',#11,#207);
#3375 = PRODUCT_DEFINITION_SHAPE('Placement','Placement of an item',
  #3376);
#3376 = NEXT_ASSEMBLY_USAGE_OCCURRENCE('158943','BALL_0047','',#5,#3323,
  $);
#3377 = PRODUCT_RELATED_PRODUCT_CATEGORY('part',$,(#3325));
#3378 = SHAPE_DEFINITION_REPRESENTATION(#3379,#3385);
#3379 = PRODUCT_DEFINITION_SHAPE('','',#3380);
#3380 = PRODUCT_DEFINITION('design','',#3381,#3384);
#3381 = PRODUCT_DEFINITION_FORMATION('','',#3382);
#3382 = PRODUCT('BALL_0048','BALL_0048','',(#3383));
#3383 = PRODUCT_CONTEXT('',#2,'mechanical');
#3384 = PRODUCT_DEFINITION_CONTEXT('part definition',#2,'design');
#3385 = ADVANCED_BREP_SHAPE_REPRESENTATION('',(#11,#3386),#3424);
#3386 = MANIFOLD_SOLID_BREP('',#3387);
#3387 = CLOSED_SHELL('',(#3388,#3415));
#3388 = ADVANCED_FACE('',(#3389),#3410,.T.);
#3389 = FACE_BOUND('',#3390,.T.);
#3390 = EDGE_LOOP('',(#3391,#3400,#3409));
#3391 = ORIENTED_EDGE('',*,*,#3392,.T.);
#3392 = EDGE_CURVE('',#3393,#3393,#3395,.T.);
#3393 = VERTEX_POINT('',#3394);
#3394 = CARTESIAN_POINT('',(-2.,0.262399999997,-5.868799999998));
#3395 = CIRCLE('',#3396,0.131200000002);
#3396 = AXIS2_PLACEMENT_3D('',#3397,#3398,#3399);
#3397 = CARTESIAN_POINT('',(-2.,0.262399999997,-6.));
#3398 = DIRECTION('',(-5.551115123126E-17,-1.,0.));
#3399 = DIRECTION('',(1.718305301576E-28,-9.538510545726E-45,1.));
#3400 = ORIENTED_EDGE('',*,*,#3401,.T.);
#3401 = EDGE_CURVE('',#3393,#3402,#3404,.T.);
#3402 = VERTEX_POINT('',#3403);
#3403 = CARTESIAN_POINT('',(-2.,4.05763833864E-13,-6.));
#3404 = CIRCLE('',#3405,0.164);
#3405 = AXIS2_PLACEMENT_3D('',#3406,#3407,#3408);
#3406 = CARTESIAN_POINT('',(-2.,0.164,-6.));
#3407 = DIRECTION('',(1.,-1.110223024625E-16,-5.551115123126E-17));
#3408 = DIRECTION('',(1.110223024625E-16,1.,5.551115123126E-17));
#3409 = ORIENTED_EDGE('',*,*,#3401,.F.);
#3410 = SPHERICAL_SURFACE('',#3411,0.164);
#3411 = AXIS2_PLACEMENT_3D('',#3412,#3413,#3414);
#3412 = CARTESIAN_POINT('',(-2.,0.164,-6.));
#3413 = DIRECTION('',(-5.551115123126E-17,-1.,-0.));
#3414 = DIRECTION('',(1.536735126745E-28,-8.530593602312E-45,1.));
#3415 = ADVANCED_FACE('',(#3416),#3419,.F.);
#3416 = FACE_BOUND('',#3417,.F.);
#3417 = EDGE_LOOP('',(#3418));
#3418 = ORIENTED_EDGE('',*,*,#3392,.T.);
#3419 = PLANE('',#3420);
#3420 = AXIS2_PLACEMENT_3D('',#3421,#3422,#3423);
#3421 = CARTESIAN_POINT('',(-2.,0.2624,-6.));
#3422 = DIRECTION('',(-5.551115123126E-17,-1.,-0.));
#3423 = DIRECTION('',(1.718305301602E-28,-9.53851054587E-45,1.));
#3424 = ( GEOMETRIC_REPRESENTATION_CONTEXT(3) 
GLOBAL_UNCERTAINTY_ASSIGNED_CONTEXT((#3428)) 
GLOBAL_UNIT_ASSIGNED_CONTEXT((#3425,#3426,#3427)) REPRESENTATION_CONTEXT
('Context #1','3D Context with UNIT and UNCERTAINTY') );
#3425 = ( LENGTH_UNIT() NAMED_UNIT(*) SI_UNIT(.MILLI.,.METRE.) );
#3426 = ( NAMED_UNIT(*) PLANE_ANGLE_UNIT() SI_UNIT($,.RADIAN.) );
#3427 = ( NAMED_UNIT(*) SI_UNIT($,.STERADIAN.) SOLID_ANGLE_UNIT() );
#3428 = UNCERTAINTY_MEASURE_WITH_UNIT(LENGTH_MEASURE(1.E-07),#3425,
  'distance_accuracy_value','confusion accuracy');
#3429 = CONTEXT_DEPENDENT_SHAPE_REPRESENTATION(#3430,#3432);
#3430 = ( REPRESENTATION_RELATIONSHIP('','',#3385,#10) 
REPRESENTATION_RELATIONSHIP_WITH_TRANSFORMATION(#3431) 
SHAPE_REPRESENTATION_RELATIONSHIP() );
#3431 = ITEM_DEFINED_TRANSFORMATION('','',#11,#211);
#3432 = PRODUCT_DEFINITION_SHAPE('Placement','Placement of an item',
  #3433);
#3433 = NEXT_ASSEMBLY_USAGE_OCCURRENCE('158944','BALL_0048','',#5,#3380,
  $);
#3434 = PRODUCT_RELATED_PRODUCT_CATEGORY('part',$,(#3382));
#3435 = SHAPE_DEFINITION_REPRESENTATION(#3436,#3442);
#3436 = PRODUCT_DEFINITION_SHAPE('','',#3437);
#3437 = PRODUCT_DEFINITION('design','',#3438,#3441);
#3438 = PRODUCT_DEFINITION_FORMATION('','',#3439);
#3439 = PRODUCT('BALL_0049','BALL_0049','',(#3440));
#3440 = PRODUCT_CONTEXT('',#2,'mechanical');
#3441 = PRODUCT_DEFINITION_CONTEXT('part definition',#2,'design');
#3442 = ADVANCED_BREP_SHAPE_REPRESENTATION('',(#11,#3443),#3481);
#3443 = MANIFOLD_SOLID_BREP('',#3444);
#3444 = CLOSED_SHELL('',(#3445,#3472));
#3445 = ADVANCED_FACE('',(#3446),#3467,.T.);
#3446 = FACE_BOUND('',#3447,.T.);
#3447 = EDGE_LOOP('',(#3448,#3457,#3466));
#3448 = ORIENTED_EDGE('',*,*,#3449,.T.);
#3449 = EDGE_CURVE('',#3450,#3450,#3452,.T.);
#3450 = VERTEX_POINT('',#3451);
#3451 = CARTESIAN_POINT('',(-2.,0.262399999997,-5.868799999998));
#3452 = CIRCLE('',#3453,0.131200000002);
#3453 = AXIS2_PLACEMENT_3D('',#3454,#3455,#3456);
#3454 = CARTESIAN_POINT('',(-2.,0.262399999997,-6.));
#3455 = DIRECTION('',(-5.551115123126E-17,-1.,0.));
#3456 = DIRECTION('',(1.718305301576E-28,-9.538510545726E-45,1.));
#3457 = ORIENTED_EDGE('',*,*,#3458,.T.);
#3458 = EDGE_CURVE('',#3450,#3459,#3461,.T.);
#3459 = VERTEX_POINT('',#3460);
#3460 = CARTESIAN_POINT('',(-2.,4.05763833864E-13,-6.));
#3461 = CIRCLE('',#3462,0.164);
#3462 = AXIS2_PLACEMENT_3D('',#3463,#3464,#3465);
#3463 = CARTESIAN_POINT('',(-2.,0.164,-6.));
#3464 = DIRECTION('',(1.,-1.110223024625E-16,-5.551115123126E-17));
#3465 = DIRECTION('',(1.110223024625E-16,1.,5.551115123126E-17));
#3466 = ORIENTED_EDGE('',*,*,#3458,.F.);
#3467 = SPHERICAL_SURFACE('',#3468,0.164);
#3468 = AXIS2_PLACEMENT_3D('',#3469,#3470,#3471);
#3469 = CARTESIAN_POINT('',(-2.,0.164,-6.));
#3470 = DIRECTION('',(-5.551115123126E-17,-1.,-0.));
#3471 = DIRECTION('',(1.536735126745E-28,-8.530593602312E-45,1.));
#3472 = ADVANCED_FACE('',(#3473),#3476,.F.);
#3473 = FACE_BOUND('',#3474,.F.);
#3474 = EDGE_LOOP('',(#3475));
#3475 = ORIENTED_EDGE('',*,*,#3449,.T.);
#3476 = PLANE('',#3477);
#3477 = AXIS2_PLACEMENT_3D('',#3478,#3479,#3480);
#3478 = CARTESIAN_POINT('',(-2.,0.2624,-6.));
#3479 = DIRECTION('',(-5.551115123126E-17,-1.,-0.));
#3480 = DIRECTION('',(1.718305301602E-28,-9.53851054587E-45,1.));
#3481 = ( GEOMETRIC_REPRESENTATION_CONTEXT(3) 
GLOBAL_UNCERTAINTY_ASSIGNED_CONTEXT((#3485)) 
GLOBAL_UNIT_ASSIGNED_CONTEXT((#3482,#3483,#3484)) REPRESENTATION_CONTEXT
('Context #1','3D Context with UNIT and UNCERTAINTY') );
#3482 = ( LENGTH_UNIT() NAMED_UNIT(*) SI_UNIT(.MILLI.,.METRE.) );
#3483 = ( NAMED_UNIT(*) PLANE_ANGLE_UNIT() SI_UNIT($,.RADIAN.) );
#3484 = ( NAMED_UNIT(*) SI_UNIT($,.STERADIAN.) SOLID_ANGLE_UNIT() );
#3485 = UNCERTAINTY_MEASURE_WITH_UNIT(LENGTH_MEASURE(1.E-07),#3482,
  'distance_accuracy_value','confusion accuracy');
#3486 = CONTEXT_DEPENDENT_SHAPE_REPRESENTATION(#3487,#3489);
#3487 = ( REPRESENTATION_RELATIONSHIP('','',#3442,#10) 
REPRESENTATION_RELATIONSHIP_WITH_TRANSFORMATION(#3488) 
SHAPE_REPRESENTATION_RELATIONSHIP() );
#3488 = ITEM_DEFINED_TRANSFORMATION('','',#11,#215);
#3489 = PRODUCT_DEFINITION_SHAPE('Placement','Placement of an item',
  #3490);
#3490 = NEXT_ASSEMBLY_USAGE_OCCURRENCE('158945','BALL_0049','',#5,#3437,
  $);
#3491 = PRODUCT_RELATED_PRODUCT_CATEGORY('part',$,(#3439));
#3492 = SHAPE_DEFINITION_REPRESENTATION(#3493,#3499);
#3493 = PRODUCT_DEFINITION_SHAPE('','',#3494);
#3494 = PRODUCT_DEFINITION('design','',#3495,#3498);
#3495 = PRODUCT_DEFINITION_FORMATION('','',#3496);
#3496 = PRODUCT('BALL_0050','BALL_0050','',(#3497));
#3497 = PRODUCT_CONTEXT('',#2,'mechanical');
#3498 = PRODUCT_DEFINITION_CONTEXT('part definition',#2,'design');
#3499 = ADVANCED_BREP_SHAPE_REPRESENTATION('',(#11,#3500),#3538);
#3500 = MANIFOLD_SOLID_BREP('',#3501);
#3501 = CLOSED_SHELL('',(#3502,#3529));
#3502 = ADVANCED_FACE('',(#3503),#3524,.T.);
#3503 = FACE_BOUND('',#3504,.T.);
#3504 = EDGE_LOOP('',(#3505,#3514,#3523));
#3505 = ORIENTED_EDGE('',*,*,#3506,.T.);
#3506 = EDGE_CURVE('',#3507,#3507,#3509,.T.);
#3507 = VERTEX_POINT('',#3508);
#3508 = CARTESIAN_POINT('',(-2.,0.262399999997,-5.868799999998));
#3509 = CIRCLE('',#3510,0.131200000002);
#3510 = AXIS2_PLACEMENT_3D('',#3511,#3512,#3513);
#3511 = CARTESIAN_POINT('',(-2.,0.262399999997,-6.));
#3512 = DIRECTION('',(-5.551115123126E-17,-1.,0.));
#3513 = DIRECTION('',(1.718305301576E-28,-9.538510545726E-45,1.));
#3514 = ORIENTED_EDGE('',*,*,#3515,.T.);
#3515 = EDGE_CURVE('',#3507,#3516,#3518,.T.);
#3516 = VERTEX_POINT('',#3517);
#3517 = CARTESIAN_POINT('',(-2.,4.05763833864E-13,-6.));
#3518 = CIRCLE('',#3519,0.164);
#3519 = AXIS2_PLACEMENT_3D('',#3520,#3521,#3522);
#3520 = CARTESIAN_POINT('',(-2.,0.164,-6.));
#3521 = DIRECTION('',(1.,-1.110223024625E-16,-5.551115123126E-17));
#3522 = DIRECTION('',(1.110223024625E-16,1.,5.551115123126E-17));
#3523 = ORIENTED_EDGE('',*,*,#3515,.F.);
#3524 = SPHERICAL_SURFACE('',#3525,0.164);
#3525 = AXIS2_PLACEMENT_3D('',#3526,#3527,#3528);
#3526 = CARTESIAN_POINT('',(-2.,0.164,-6.));
#3527 = DIRECTION('',(-5.551115123126E-17,-1.,-0.));
#3528 = DIRECTION('',(1.536735126745E-28,-8.530593602312E-45,1.));
#3529 = ADVANCED_FACE('',(#3530),#3533,.F.);
#3530 = FACE_BOUND('',#3531,.F.);
#3531 = EDGE_LOOP('',(#3532));
#3532 = ORIENTED_EDGE('',*,*,#3506,.T.);
#3533 = PLANE('',#3534);
#3534 = AXIS2_PLACEMENT_3D('',#3535,#3536,#3537);
#3535 = CARTESIAN_POINT('',(-2.,0.2624,-6.));
#3536 = DIRECTION('',(-5.551115123126E-17,-1.,-0.));
#3537 = DIRECTION('',(1.718305301602E-28,-9.53851054587E-45,1.));
#3538 = ( GEOMETRIC_REPRESENTATION_CONTEXT(3) 
GLOBAL_UNCERTAINTY_ASSIGNED_CONTEXT((#3542)) 
GLOBAL_UNIT_ASSIGNED_CONTEXT((#3539,#3540,#3541)) REPRESENTATION_CONTEXT
('Context #1','3D Context with UNIT and UNCERTAINTY') );
#3539 = ( LENGTH_UNIT() NAMED_UNIT(*) SI_UNIT(.MILLI.,.METRE.) );
#3540 = ( NAMED_UNIT(*) PLANE_ANGLE_UNIT() SI_UNIT($,.RADIAN.) );
#3541 = ( NAMED_UNIT(*) SI_UNIT($,.STERADIAN.) SOLID_ANGLE_UNIT() );
#3542 = UNCERTAINTY_MEASURE_WITH_UNIT(LENGTH_MEASURE(1.E-07),#3539,
  'distance_accuracy_value','confusion accuracy');
#3543 = CONTEXT_DEPENDENT_SHAPE_REPRESENTATION(#3544,#3546);
#3544 = ( REPRESENTATION_RELATIONSHIP('','',#3499,#10) 
REPRESENTATION_RELATIONSHIP_WITH_TRANSFORMATION(#3545) 
SHAPE_REPRESENTATION_RELATIONSHIP() );
#3545 = ITEM_DEFINED_TRANSFORMATION('','',#11,#219);
#3546 = PRODUCT_DEFINITION_SHAPE('Placement','Placement of an item',
  #3547);
#3547 = NEXT_ASSEMBLY_USAGE_OCCURRENCE('158946','BALL_0050','',#5,#3494,
  $);
#3548 = PRODUCT_RELATED_PRODUCT_CATEGORY('part',$,(#3496));
#3549 = SHAPE_DEFINITION_REPRESENTATION(#3550,#3556);
#3550 = PRODUCT_DEFINITION_SHAPE('','',#3551);
#3551 = PRODUCT_DEFINITION('design','',#3552,#3555);
#3552 = PRODUCT_DEFINITION_FORMATION('','',#3553);
#3553 = PRODUCT('BALL_0051','BALL_0051','',(#3554));
#3554 = PRODUCT_CONTEXT('',#2,'mechanical');
#3555 = PRODUCT_DEFINITION_CONTEXT('part definition',#2,'design');
#3556 = ADVANCED_BREP_SHAPE_REPRESENTATION('',(#11,#3557),#3595);
#3557 = MANIFOLD_SOLID_BREP('',#3558);
#3558 = CLOSED_SHELL('',(#3559,#3586));
#3559 = ADVANCED_FACE('',(#3560),#3581,.T.);
#3560 = FACE_BOUND('',#3561,.T.);
#3561 = EDGE_LOOP('',(#3562,#3571,#3580));
#3562 = ORIENTED_EDGE('',*,*,#3563,.T.);
#3563 = EDGE_CURVE('',#3564,#3564,#3566,.T.);
#3564 = VERTEX_POINT('',#3565);
#3565 = CARTESIAN_POINT('',(-2.,0.262399999997,-5.868799999998));
#3566 = CIRCLE('',#3567,0.131200000002);
#3567 = AXIS2_PLACEMENT_3D('',#3568,#3569,#3570);
#3568 = CARTESIAN_POINT('',(-2.,0.262399999997,-6.));
#3569 = DIRECTION('',(-5.551115123126E-17,-1.,0.));
#3570 = DIRECTION('',(1.718305301576E-28,-9.538510545726E-45,1.));
#3571 = ORIENTED_EDGE('',*,*,#3572,.T.);
#3572 = EDGE_CURVE('',#3564,#3573,#3575,.T.);
#3573 = VERTEX_POINT('',#3574);
#3574 = CARTESIAN_POINT('',(-2.,4.05763833864E-13,-6.));
#3575 = CIRCLE('',#3576,0.164);
#3576 = AXIS2_PLACEMENT_3D('',#3577,#3578,#3579);
#3577 = CARTESIAN_POINT('',(-2.,0.164,-6.));
#3578 = DIRECTION('',(1.,-1.110223024625E-16,-5.551115123126E-17));
#3579 = DIRECTION('',(1.110223024625E-16,1.,5.551115123126E-17));
#3580 = ORIENTED_EDGE('',*,*,#3572,.F.);
#3581 = SPHERICAL_SURFACE('',#3582,0.164);
#3582 = AXIS2_PLACEMENT_3D('',#3583,#3584,#3585);
#3583 = CARTESIAN_POINT('',(-2.,0.164,-6.));
#3584 = DIRECTION('',(-5.551115123126E-17,-1.,-0.));
#3585 = DIRECTION('',(1.536735126745E-28,-8.530593602312E-45,1.));
#3586 = ADVANCED_FACE('',(#3587),#3590,.F.);
#3587 = FACE_BOUND('',#3588,.F.);
#3588 = EDGE_LOOP('',(#3589));
#3589 = ORIENTED_EDGE('',*,*,#3563,.T.);
#3590 = PLANE('',#3591);
#3591 = AXIS2_PLACEMENT_3D('',#3592,#3593,#3594);
#3592 = CARTESIAN_POINT('',(-2.,0.2624,-6.));
#3593 = DIRECTION('',(-5.551115123126E-17,-1.,-0.));
#3594 = DIRECTION('',(1.718305301602E-28,-9.53851054587E-45,1.));
#3595 = ( GEOMETRIC_REPRESENTATION_CONTEXT(3) 
GLOBAL_UNCERTAINTY_ASSIGNED_CONTEXT((#3599)) 
GLOBAL_UNIT_ASSIGNED_CONTEXT((#3596,#3597,#3598)) REPRESENTATION_CONTEXT
('Context #1','3D Context with UNIT and UNCERTAINTY') );
#3596 = ( LENGTH_UNIT() NAMED_UNIT(*) SI_UNIT(.MILLI.,.METRE.) );
#3597 = ( NAMED_UNIT(*) PLANE_ANGLE_UNIT() SI_UNIT($,.RADIAN.) );
#3598 = ( NAMED_UNIT(*) SI_UNIT($,.STERADIAN.) SOLID_ANGLE_UNIT() );
#3599 = UNCERTAINTY_MEASURE_WITH_UNIT(LENGTH_MEASURE(1.E-07),#3596,
  'distance_accuracy_value','confusion accuracy');
#3600 = CONTEXT_DEPENDENT_SHAPE_REPRESENTATION(#3601,#3603);
#3601 = ( REPRESENTATION_RELATIONSHIP('','',#3556,#10) 
REPRESENTATION_RELATIONSHIP_WITH_TRANSFORMATION(#3602) 
SHAPE_REPRESENTATION_RELATIONSHIP() );
#3602 = ITEM_DEFINED_TRANSFORMATION('','',#11,#223);
#3603 = PRODUCT_DEFINITION_SHAPE('Placement','Placement of an item',
  #3604);
#3604 = NEXT_ASSEMBLY_USAGE_OCCURRENCE('158947','BALL_0051','',#5,#3551,
  $);
#3605 = PRODUCT_RELATED_PRODUCT_CATEGORY('part',$,(#3553));
#3606 = SHAPE_DEFINITION_REPRESENTATION(#3607,#3613);
#3607 = PRODUCT_DEFINITION_SHAPE('','',#3608);
#3608 = PRODUCT_DEFINITION('design','',#3609,#3612);
#3609 = PRODUCT_DEFINITION_FORMATION('','',#3610);
#3610 = PRODUCT('BALL_0052','BALL_0052','',(#3611));
#3611 = PRODUCT_CONTEXT('',#2,'mechanical');
#3612 = PRODUCT_DEFINITION_CONTEXT('part definition',#2,'design');
#3613 = ADVANCED_BREP_SHAPE_REPRESENTATION('',(#11,#3614),#3652);
#3614 = MANIFOLD_SOLID_BREP('',#3615);
#3615 = CLOSED_SHELL('',(#3616,#3643));
#3616 = ADVANCED_FACE('',(#3617),#3638,.T.);
#3617 = FACE_BOUND('',#3618,.T.);
#3618 = EDGE_LOOP('',(#3619,#3628,#3637));
#3619 = ORIENTED_EDGE('',*,*,#3620,.T.);
#3620 = EDGE_CURVE('',#3621,#3621,#3623,.T.);
#3621 = VERTEX_POINT('',#3622);
#3622 = CARTESIAN_POINT('',(-2.,0.262399999997,-5.868799999998));
#3623 = CIRCLE('',#3624,0.131200000002);
#3624 = AXIS2_PLACEMENT_3D('',#3625,#3626,#3627);
#3625 = CARTESIAN_POINT('',(-2.,0.262399999997,-6.));
#3626 = DIRECTION('',(-5.551115123126E-17,-1.,0.));
#3627 = DIRECTION('',(1.718305301576E-28,-9.538510545726E-45,1.));
#3628 = ORIENTED_EDGE('',*,*,#3629,.T.);
#3629 = EDGE_CURVE('',#3621,#3630,#3632,.T.);
#3630 = VERTEX_POINT('',#3631);
#3631 = CARTESIAN_POINT('',(-2.,4.05763833864E-13,-6.));
#3632 = CIRCLE('',#3633,0.164);
#3633 = AXIS2_PLACEMENT_3D('',#3634,#3635,#3636);
#3634 = CARTESIAN_POINT('',(-2.,0.164,-6.));
#3635 = DIRECTION('',(1.,-1.110223024625E-16,-5.551115123126E-17));
#3636 = DIRECTION('',(1.110223024625E-16,1.,5.551115123126E-17));
#3637 = ORIENTED_EDGE('',*,*,#3629,.F.);
#3638 = SPHERICAL_SURFACE('',#3639,0.164);
#3639 = AXIS2_PLACEMENT_3D('',#3640,#3641,#3642);
#3640 = CARTESIAN_POINT('',(-2.,0.164,-6.));
#3641 = DIRECTION('',(-5.551115123126E-17,-1.,-0.));
#3642 = DIRECTION('',(1.536735126745E-28,-8.530593602312E-45,1.));
#3643 = ADVANCED_FACE('',(#3644),#3647,.F.);
#3644 = FACE_BOUND('',#3645,.F.);
#3645 = EDGE_LOOP('',(#3646));
#3646 = ORIENTED_EDGE('',*,*,#3620,.T.);
#3647 = PLANE('',#3648);
#3648 = AXIS2_PLACEMENT_3D('',#3649,#3650,#3651);
#3649 = CARTESIAN_POINT('',(-2.,0.2624,-6.));
#3650 = DIRECTION('',(-5.551115123126E-17,-1.,-0.));
#3651 = DIRECTION('',(1.718305301602E-28,-9.53851054587E-45,1.));
#3652 = ( GEOMETRIC_REPRESENTATION_CONTEXT(3) 
GLOBAL_UNCERTAINTY_ASSIGNED_CONTEXT((#3656)) 
GLOBAL_UNIT_ASSIGNED_CONTEXT((#3653,#3654,#3655)) REPRESENTATION_CONTEXT
('Context #1','3D Context with UNIT and UNCERTAINTY') );
#3653 = ( LENGTH_UNIT() NAMED_UNIT(*) SI_UNIT(.MILLI.,.METRE.) );
#3654 = ( NAMED_UNIT(*) PLANE_ANGLE_UNIT() SI_UNIT($,.RADIAN.) );
#3655 = ( NAMED_UNIT(*) SI_UNIT($,.STERADIAN.) SOLID_ANGLE_UNIT() );
#3656 = UNCERTAINTY_MEASURE_WITH_UNIT(LENGTH_MEASURE(1.E-07),#3653,
  'distance_accuracy_value','confusion accuracy');
#3657 = CONTEXT_DEPENDENT_SHAPE_REPRESENTATION(#3658,#3660);
#3658 = ( REPRESENTATION_RELATIONSHIP('','',#3613,#10) 
REPRESENTATION_RELATIONSHIP_WITH_TRANSFORMATION(#3659) 
SHAPE_REPRESENTATION_RELATIONSHIP() );
#3659 = ITEM_DEFINED_TRANSFORMATION('','',#11,#227);
#3660 = PRODUCT_DEFINITION_SHAPE('Placement','Placement of an item',
  #3661);
#3661 = NEXT_ASSEMBLY_USAGE_OCCURRENCE('158948','BALL_0052','',#5,#3608,
  $);
#3662 = PRODUCT_RELATED_PRODUCT_CATEGORY('part',$,(#3610));
#3663 = SHAPE_DEFINITION_REPRESENTATION(#3664,#3670);
#3664 = PRODUCT_DEFINITION_SHAPE('','',#3665);
#3665 = PRODUCT_DEFINITION('design','',#3666,#3669);
#3666 = PRODUCT_DEFINITION_FORMATION('','',#3667);
#3667 = PRODUCT('BALL_0053','BALL_0053','',(#3668));
#3668 = PRODUCT_CONTEXT('',#2,'mechanical');
#3669 = PRODUCT_DEFINITION_CONTEXT('part definition',#2,'design');
#3670 = ADVANCED_BREP_SHAPE_REPRESENTATION('',(#11,#3671),#3709);
#3671 = MANIFOLD_SOLID_BREP('',#3672);
#3672 = CLOSED_SHELL('',(#3673,#3700));
#3673 = ADVANCED_FACE('',(#3674),#3695,.T.);
#3674 = FACE_BOUND('',#3675,.T.);
#3675 = EDGE_LOOP('',(#3676,#3685,#3694));
#3676 = ORIENTED_EDGE('',*,*,#3677,.T.);
#3677 = EDGE_CURVE('',#3678,#3678,#3680,.T.);
#3678 = VERTEX_POINT('',#3679);
#3679 = CARTESIAN_POINT('',(-2.,0.262399999997,-5.868799999998));
#3680 = CIRCLE('',#3681,0.131200000002);
#3681 = AXIS2_PLACEMENT_3D('',#3682,#3683,#3684);
#3682 = CARTESIAN_POINT('',(-2.,0.262399999997,-6.));
#3683 = DIRECTION('',(-5.551115123126E-17,-1.,0.));
#3684 = DIRECTION('',(1.718305301576E-28,-9.538510545726E-45,1.));
#3685 = ORIENTED_EDGE('',*,*,#3686,.T.);
#3686 = EDGE_CURVE('',#3678,#3687,#3689,.T.);
#3687 = VERTEX_POINT('',#3688);
#3688 = CARTESIAN_POINT('',(-2.,4.05763833864E-13,-6.));
#3689 = CIRCLE('',#3690,0.164);
#3690 = AXIS2_PLACEMENT_3D('',#3691,#3692,#3693);
#3691 = CARTESIAN_POINT('',(-2.,0.164,-6.));
#3692 = DIRECTION('',(1.,-1.110223024625E-16,-5.551115123126E-17));
#3693 = DIRECTION('',(1.110223024625E-16,1.,5.551115123126E-17));
#3694 = ORIENTED_EDGE('',*,*,#3686,.F.);
#3695 = SPHERICAL_SURFACE('',#3696,0.164);
#3696 = AXIS2_PLACEMENT_3D('',#3697,#3698,#3699);
#3697 = CARTESIAN_POINT('',(-2.,0.164,-6.));
#3698 = DIRECTION('',(-5.551115123126E-17,-1.,-0.));
#3699 = DIRECTION('',(1.536735126745E-28,-8.530593602312E-45,1.));
#3700 = ADVANCED_FACE('',(#3701),#3704,.F.);
#3701 = FACE_BOUND('',#3702,.F.);
#3702 = EDGE_LOOP('',(#3703));
#3703 = ORIENTED_EDGE('',*,*,#3677,.T.);
#3704 = PLANE('',#3705);
#3705 = AXIS2_PLACEMENT_3D('',#3706,#3707,#3708);
#3706 = CARTESIAN_POINT('',(-2.,0.2624,-6.));
#3707 = DIRECTION('',(-5.551115123126E-17,-1.,-0.));
#3708 = DIRECTION('',(1.718305301602E-28,-9.53851054587E-45,1.));
#3709 = ( GEOMETRIC_REPRESENTATION_CONTEXT(3) 
GLOBAL_UNCERTAINTY_ASSIGNED_CONTEXT((#3713)) 
GLOBAL_UNIT_ASSIGNED_CONTEXT((#3710,#3711,#3712)) REPRESENTATION_CONTEXT
('Context #1','3D Context with UNIT and UNCERTAINTY') );
#3710 = ( LENGTH_UNIT() NAMED_UNIT(*) SI_UNIT(.MILLI.,.METRE.) );
#3711 = ( NAMED_UNIT(*) PLANE_ANGLE_UNIT() SI_UNIT($,.RADIAN.) );
#3712 = ( NAMED_UNIT(*) SI_UNIT($,.STERADIAN.) SOLID_ANGLE_UNIT() );
#3713 = UNCERTAINTY_MEASURE_WITH_UNIT(LENGTH_MEASURE(1.E-07),#3710,
  'distance_accuracy_value','confusion accuracy');
#3714 = CONTEXT_DEPENDENT_SHAPE_REPRESENTATION(#3715,#3717);
#3715 = ( REPRESENTATION_RELATIONSHIP('','',#3670,#10) 
REPRESENTATION_RELATIONSHIP_WITH_TRANSFORMATION(#3716) 
SHAPE_REPRESENTATION_RELATIONSHIP() );
#3716 = ITEM_DEFINED_TRANSFORMATION('','',#11,#231);
#3717 = PRODUCT_DEFINITION_SHAPE('Placement','Placement of an item',
  #3718);
#3718 = NEXT_ASSEMBLY_USAGE_OCCURRENCE('158949','BALL_0053','',#5,#3665,
  $);
#3719 = PRODUCT_RELATED_PRODUCT_CATEGORY('part',$,(#3667));
#3720 = SHAPE_DEFINITION_REPRESENTATION(#3721,#3727);
#3721 = PRODUCT_DEFINITION_SHAPE('','',#3722);
#3722 = PRODUCT_DEFINITION('design','',#3723,#3726);
#3723 = PRODUCT_DEFINITION_FORMATION('','',#3724);
#3724 = PRODUCT('BALL_0054','BALL_0054','',(#3725));
#3725 = PRODUCT_CONTEXT('',#2,'mechanical');
#3726 = PRODUCT_DEFINITION_CONTEXT('part definition',#2,'design');
#3727 = ADVANCED_BREP_SHAPE_REPRESENTATION('',(#11,#3728),#3766);
#3728 = MANIFOLD_SOLID_BREP('',#3729);
#3729 = CLOSED_SHELL('',(#3730,#3757));
#3730 = ADVANCED_FACE('',(#3731),#3752,.T.);
#3731 = FACE_BOUND('',#3732,.T.);
#3732 = EDGE_LOOP('',(#3733,#3742,#3751));
#3733 = ORIENTED_EDGE('',*,*,#3734,.T.);
#3734 = EDGE_CURVE('',#3735,#3735,#3737,.T.);
#3735 = VERTEX_POINT('',#3736);
#3736 = CARTESIAN_POINT('',(-2.,0.262399999997,-5.868799999998));
#3737 = CIRCLE('',#3738,0.131200000002);
#3738 = AXIS2_PLACEMENT_3D('',#3739,#3740,#3741);
#3739 = CARTESIAN_POINT('',(-2.,0.262399999997,-6.));
#3740 = DIRECTION('',(-5.551115123126E-17,-1.,0.));
#3741 = DIRECTION('',(1.718305301576E-28,-9.538510545726E-45,1.));
#3742 = ORIENTED_EDGE('',*,*,#3743,.T.);
#3743 = EDGE_CURVE('',#3735,#3744,#3746,.T.);
#3744 = VERTEX_POINT('',#3745);
#3745 = CARTESIAN_POINT('',(-2.,4.05763833864E-13,-6.));
#3746 = CIRCLE('',#3747,0.164);
#3747 = AXIS2_PLACEMENT_3D('',#3748,#3749,#3750);
#3748 = CARTESIAN_POINT('',(-2.,0.164,-6.));
#3749 = DIRECTION('',(1.,-1.110223024625E-16,-5.551115123126E-17));
#3750 = DIRECTION('',(1.110223024625E-16,1.,5.551115123126E-17));
#3751 = ORIENTED_EDGE('',*,*,#3743,.F.);
#3752 = SPHERICAL_SURFACE('',#3753,0.164);
#3753 = AXIS2_PLACEMENT_3D('',#3754,#3755,#3756);
#3754 = CARTESIAN_POINT('',(-2.,0.164,-6.));
#3755 = DIRECTION('',(-5.551115123126E-17,-1.,-0.));
#3756 = DIRECTION('',(1.536735126745E-28,-8.530593602312E-45,1.));
#3757 = ADVANCED_FACE('',(#3758),#3761,.F.);
#3758 = FACE_BOUND('',#3759,.F.);
#3759 = EDGE_LOOP('',(#3760));
#3760 = ORIENTED_EDGE('',*,*,#3734,.T.);
#3761 = PLANE('',#3762);
#3762 = AXIS2_PLACEMENT_3D('',#3763,#3764,#3765);
#3763 = CARTESIAN_POINT('',(-2.,0.2624,-6.));
#3764 = DIRECTION('',(-5.551115123126E-17,-1.,-0.));
#3765 = DIRECTION('',(1.718305301602E-28,-9.53851054587E-45,1.));
#3766 = ( GEOMETRIC_REPRESENTATION_CONTEXT(3) 
GLOBAL_UNCERTAINTY_ASSIGNED_CONTEXT((#3770)) 
GLOBAL_UNIT_ASSIGNED_CONTEXT((#3767,#3768,#3769)) REPRESENTATION_CONTEXT
('Context #1','3D Context with UNIT and UNCERTAINTY') );
#3767 = ( LENGTH_UNIT() NAMED_UNIT(*) SI_UNIT(.MILLI.,.METRE.) );
#3768 = ( NAMED_UNIT(*) PLANE_ANGLE_UNIT() SI_UNIT($,.RADIAN.) );
#3769 = ( NAMED_UNIT(*) SI_UNIT($,.STERADIAN.) SOLID_ANGLE_UNIT() );
#3770 = UNCERTAINTY_MEASURE_WITH_UNIT(LENGTH_MEASURE(1.E-07),#3767,
  'distance_accuracy_value','confusion accuracy');
#3771 = CONTEXT_DEPENDENT_SHAPE_REPRESENTATION(#3772,#3774);
#3772 = ( REPRESENTATION_RELATIONSHIP('','',#3727,#10) 
REPRESENTATION_RELATIONSHIP_WITH_TRANSFORMATION(#3773) 
SHAPE_REPRESENTATION_RELATIONSHIP() );
#3773 = ITEM_DEFINED_TRANSFORMATION('','',#11,#235);
#3774 = PRODUCT_DEFINITION_SHAPE('Placement','Placement of an item',
  #3775);
#3775 = NEXT_ASSEMBLY_USAGE_OCCURRENCE('158950','BALL_0054','',#5,#3722,
  $);
#3776 = PRODUCT_RELATED_PRODUCT_CATEGORY('part',$,(#3724));
#3777 = SHAPE_DEFINITION_REPRESENTATION(#3778,#3784);
#3778 = PRODUCT_DEFINITION_SHAPE('','',#3779);
#3779 = PRODUCT_DEFINITION('design','',#3780,#3783);
#3780 = PRODUCT_DEFINITION_FORMATION('','',#3781);
#3781 = PRODUCT('BALL_0055','BALL_0055','',(#3782));
#3782 = PRODUCT_CONTEXT('',#2,'mechanical');
#3783 = PRODUCT_DEFINITION_CONTEXT('part definition',#2,'design');
#3784 = ADVANCED_BREP_SHAPE_REPRESENTATION('',(#11,#3785),#3823);
#3785 = MANIFOLD_SOLID_BREP('',#3786);
#3786 = CLOSED_SHELL('',(#3787,#3814));
#3787 = ADVANCED_FACE('',(#3788),#3809,.T.);
#3788 = FACE_BOUND('',#3789,.T.);
#3789 = EDGE_LOOP('',(#3790,#3799,#3808));
#3790 = ORIENTED_EDGE('',*,*,#3791,.T.);
#3791 = EDGE_CURVE('',#3792,#3792,#3794,.T.);
#3792 = VERTEX_POINT('',#3793);
#3793 = CARTESIAN_POINT('',(-2.,0.262399999997,-5.868799999998));
#3794 = CIRCLE('',#3795,0.131200000002);
#3795 = AXIS2_PLACEMENT_3D('',#3796,#3797,#3798);
#3796 = CARTESIAN_POINT('',(-2.,0.262399999997,-6.));
#3797 = DIRECTION('',(-5.551115123126E-17,-1.,0.));
#3798 = DIRECTION('',(1.718305301576E-28,-9.538510545726E-45,1.));
#3799 = ORIENTED_EDGE('',*,*,#3800,.T.);
#3800 = EDGE_CURVE('',#3792,#3801,#3803,.T.);
#3801 = VERTEX_POINT('',#3802);
#3802 = CARTESIAN_POINT('',(-2.,4.05763833864E-13,-6.));
#3803 = CIRCLE('',#3804,0.164);
#3804 = AXIS2_PLACEMENT_3D('',#3805,#3806,#3807);
#3805 = CARTESIAN_POINT('',(-2.,0.164,-6.));
#3806 = DIRECTION('',(1.,-1.110223024625E-16,-5.551115123126E-17));
#3807 = DIRECTION('',(1.110223024625E-16,1.,5.551115123126E-17));
#3808 = ORIENTED_EDGE('',*,*,#3800,.F.);
#3809 = SPHERICAL_SURFACE('',#3810,0.164);
#3810 = AXIS2_PLACEMENT_3D('',#3811,#3812,#3813);
#3811 = CARTESIAN_POINT('',(-2.,0.164,-6.));
#3812 = DIRECTION('',(-5.551115123126E-17,-1.,-0.));
#3813 = DIRECTION('',(1.536735126745E-28,-8.530593602312E-45,1.));
#3814 = ADVANCED_FACE('',(#3815),#3818,.F.);
#3815 = FACE_BOUND('',#3816,.F.);
#3816 = EDGE_LOOP('',(#3817));
#3817 = ORIENTED_EDGE('',*,*,#3791,.T.);
#3818 = PLANE('',#3819);
#3819 = AXIS2_PLACEMENT_3D('',#3820,#3821,#3822);
#3820 = CARTESIAN_POINT('',(-2.,0.2624,-6.));
#3821 = DIRECTION('',(-5.551115123126E-17,-1.,-0.));
#3822 = DIRECTION('',(1.718305301602E-28,-9.53851054587E-45,1.));
#3823 = ( GEOMETRIC_REPRESENTATION_CONTEXT(3) 
GLOBAL_UNCERTAINTY_ASSIGNED_CONTEXT((#3827)) 
GLOBAL_UNIT_ASSIGNED_CONTEXT((#3824,#3825,#3826)) REPRESENTATION_CONTEXT
('Context #1','3D Context with UNIT and UNCERTAINTY') );
#3824 = ( LENGTH_UNIT() NAMED_UNIT(*) SI_UNIT(.MILLI.,.METRE.) );
#3825 = ( NAMED_UNIT(*) PLANE_ANGLE_UNIT() SI_UNIT($,.RADIAN.) );
#3826 = ( NAMED_UNIT(*) SI_UNIT($,.STERADIAN.) SOLID_ANGLE_UNIT() );
#3827 = UNCERTAINTY_MEASURE_WITH_UNIT(LENGTH_MEASURE(1.E-07),#3824,
  'distance_accuracy_value','confusion accuracy');
#3828 = CONTEXT_DEPENDENT_SHAPE_REPRESENTATION(#3829,#3831);
#3829 = ( REPRESENTATION_RELATIONSHIP('','',#3784,#10) 
REPRESENTATION_RELATIONSHIP_WITH_TRANSFORMATION(#3830) 
SHAPE_REPRESENTATION_RELATIONSHIP() );
#3830 = ITEM_DEFINED_TRANSFORMATION('','',#11,#239);
#3831 = PRODUCT_DEFINITION_SHAPE('Placement','Placement of an item',
  #3832);
#3832 = NEXT_ASSEMBLY_USAGE_OCCURRENCE('158951','BALL_0055','',#5,#3779,
  $);
#3833 = PRODUCT_RELATED_PRODUCT_CATEGORY('part',$,(#3781));
#3834 = SHAPE_DEFINITION_REPRESENTATION(#3835,#3841);
#3835 = PRODUCT_DEFINITION_SHAPE('','',#3836);
#3836 = PRODUCT_DEFINITION('design','',#3837,#3840);
#3837 = PRODUCT_DEFINITION_FORMATION('','',#3838);
#3838 = PRODUCT('BALL_0056','BALL_0056','',(#3839));
#3839 = PRODUCT_CONTEXT('',#2,'mechanical');
#3840 = PRODUCT_DEFINITION_CONTEXT('part definition',#2,'design');
#3841 = ADVANCED_BREP_SHAPE_REPRESENTATION('',(#11,#3842),#3880);
#3842 = MANIFOLD_SOLID_BREP('',#3843);
#3843 = CLOSED_SHELL('',(#3844,#3871));
#3844 = ADVANCED_FACE('',(#3845),#3866,.T.);
#3845 = FACE_BOUND('',#3846,.T.);
#3846 = EDGE_LOOP('',(#3847,#3856,#3865));
#3847 = ORIENTED_EDGE('',*,*,#3848,.T.);
#3848 = EDGE_CURVE('',#3849,#3849,#3851,.T.);
#3849 = VERTEX_POINT('',#3850);
#3850 = CARTESIAN_POINT('',(-2.,0.262399999997,-5.868799999998));
#3851 = CIRCLE('',#3852,0.131200000002);
#3852 = AXIS2_PLACEMENT_3D('',#3853,#3854,#3855);
#3853 = CARTESIAN_POINT('',(-2.,0.262399999997,-6.));
#3854 = DIRECTION('',(-5.551115123126E-17,-1.,0.));
#3855 = DIRECTION('',(1.718305301576E-28,-9.538510545726E-45,1.));
#3856 = ORIENTED_EDGE('',*,*,#3857,.T.);
#3857 = EDGE_CURVE('',#3849,#3858,#3860,.T.);
#3858 = VERTEX_POINT('',#3859);
#3859 = CARTESIAN_POINT('',(-2.,4.05763833864E-13,-6.));
#3860 = CIRCLE('',#3861,0.164);
#3861 = AXIS2_PLACEMENT_3D('',#3862,#3863,#3864);
#3862 = CARTESIAN_POINT('',(-2.,0.164,-6.));
#3863 = DIRECTION('',(1.,-1.110223024625E-16,-5.551115123126E-17));
#3864 = DIRECTION('',(1.110223024625E-16,1.,5.551115123126E-17));
#3865 = ORIENTED_EDGE('',*,*,#3857,.F.);
#3866 = SPHERICAL_SURFACE('',#3867,0.164);
#3867 = AXIS2_PLACEMENT_3D('',#3868,#3869,#3870);
#3868 = CARTESIAN_POINT('',(-2.,0.164,-6.));
#3869 = DIRECTION('',(-5.551115123126E-17,-1.,-0.));
#3870 = DIRECTION('',(1.536735126745E-28,-8.530593602312E-45,1.));
#3871 = ADVANCED_FACE('',(#3872),#3875,.F.);
#3872 = FACE_BOUND('',#3873,.F.);
#3873 = EDGE_LOOP('',(#3874));
#3874 = ORIENTED_EDGE('',*,*,#3848,.T.);
#3875 = PLANE('',#3876);
#3876 = AXIS2_PLACEMENT_3D('',#3877,#3878,#3879);
#3877 = CARTESIAN_POINT('',(-2.,0.2624,-6.));
#3878 = DIRECTION('',(-5.551115123126E-17,-1.,-0.));
#3879 = DIRECTION('',(1.718305301602E-28,-9.53851054587E-45,1.));
#3880 = ( GEOMETRIC_REPRESENTATION_CONTEXT(3) 
GLOBAL_UNCERTAINTY_ASSIGNED_CONTEXT((#3884)) 
GLOBAL_UNIT_ASSIGNED_CONTEXT((#3881,#3882,#3883)) REPRESENTATION_CONTEXT
('Context #1','3D Context with UNIT and UNCERTAINTY') );
#3881 = ( LENGTH_UNIT() NAMED_UNIT(*) SI_UNIT(.MILLI.,.METRE.) );
#3882 = ( NAMED_UNIT(*) PLANE_ANGLE_UNIT() SI_UNIT($,.RADIAN.) );
#3883 = ( NAMED_UNIT(*) SI_UNIT($,.STERADIAN.) SOLID_ANGLE_UNIT() );
#3884 = UNCERTAINTY_MEASURE_WITH_UNIT(LENGTH_MEASURE(1.E-07),#3881,
  'distance_accuracy_value','confusion accuracy');
#3885 = CONTEXT_DEPENDENT_SHAPE_REPRESENTATION(#3886,#3888);
#3886 = ( REPRESENTATION_RELATIONSHIP('','',#3841,#10) 
REPRESENTATION_RELATIONSHIP_WITH_TRANSFORMATION(#3887) 
SHAPE_REPRESENTATION_RELATIONSHIP() );
#3887 = ITEM_DEFINED_TRANSFORMATION('','',#11,#243);
#3888 = PRODUCT_DEFINITION_SHAPE('Placement','Placement of an item',
  #3889);
#3889 = NEXT_ASSEMBLY_USAGE_OCCURRENCE('158952','BALL_0056','',#5,#3836,
  $);
#3890 = PRODUCT_RELATED_PRODUCT_CATEGORY('part',$,(#3838));
#3891 = SHAPE_DEFINITION_REPRESENTATION(#3892,#3898);
#3892 = PRODUCT_DEFINITION_SHAPE('','',#3893);
#3893 = PRODUCT_DEFINITION('design','',#3894,#3897);
#3894 = PRODUCT_DEFINITION_FORMATION('','',#3895);
#3895 = PRODUCT('BALL_0057','BALL_0057','',(#3896));
#3896 = PRODUCT_CONTEXT('',#2,'mechanical');
#3897 = PRODUCT_DEFINITION_CONTEXT('part definition',#2,'design');
#3898 = ADVANCED_BREP_SHAPE_REPRESENTATION('',(#11,#3899),#3937);
#3899 = MANIFOLD_SOLID_BREP('',#3900);
#3900 = CLOSED_SHELL('',(#3901,#3928));
#3901 = ADVANCED_FACE('',(#3902),#3923,.T.);
#3902 = FACE_BOUND('',#3903,.T.);
#3903 = EDGE_LOOP('',(#3904,#3913,#3922));
#3904 = ORIENTED_EDGE('',*,*,#3905,.T.);
#3905 = EDGE_CURVE('',#3906,#3906,#3908,.T.);
#3906 = VERTEX_POINT('',#3907);
#3907 = CARTESIAN_POINT('',(-2.,0.262399999997,-5.868799999998));
#3908 = CIRCLE('',#3909,0.131200000002);
#3909 = AXIS2_PLACEMENT_3D('',#3910,#3911,#3912);
#3910 = CARTESIAN_POINT('',(-2.,0.262399999997,-6.));
#3911 = DIRECTION('',(-5.551115123126E-17,-1.,0.));
#3912 = DIRECTION('',(1.718305301576E-28,-9.538510545726E-45,1.));
#3913 = ORIENTED_EDGE('',*,*,#3914,.T.);
#3914 = EDGE_CURVE('',#3906,#3915,#3917,.T.);
#3915 = VERTEX_POINT('',#3916);
#3916 = CARTESIAN_POINT('',(-2.,4.05763833864E-13,-6.));
#3917 = CIRCLE('',#3918,0.164);
#3918 = AXIS2_PLACEMENT_3D('',#3919,#3920,#3921);
#3919 = CARTESIAN_POINT('',(-2.,0.164,-6.));
#3920 = DIRECTION('',(1.,-1.110223024625E-16,-5.551115123126E-17));
#3921 = DIRECTION('',(1.110223024625E-16,1.,5.551115123126E-17));
#3922 = ORIENTED_EDGE('',*,*,#3914,.F.);
#3923 = SPHERICAL_SURFACE('',#3924,0.164);
#3924 = AXIS2_PLACEMENT_3D('',#3925,#3926,#3927);
#3925 = CARTESIAN_POINT('',(-2.,0.164,-6.));
#3926 = DIRECTION('',(-5.551115123126E-17,-1.,-0.));
#3927 = DIRECTION('',(1.536735126745E-28,-8.530593602312E-45,1.));
#3928 = ADVANCED_FACE('',(#3929),#3932,.F.);
#3929 = FACE_BOUND('',#3930,.F.);
#3930 = EDGE_LOOP('',(#3931));
#3931 = ORIENTED_EDGE('',*,*,#3905,.T.);
#3932 = PLANE('',#3933);
#3933 = AXIS2_PLACEMENT_3D('',#3934,#3935,#3936);
#3934 = CARTESIAN_POINT('',(-2.,0.2624,-6.));
#3935 = DIRECTION('',(-5.551115123126E-17,-1.,-0.));
#3936 = DIRECTION('',(1.718305301602E-28,-9.53851054587E-45,1.));
#3937 = ( GEOMETRIC_REPRESENTATION_CONTEXT(3) 
GLOBAL_UNCERTAINTY_ASSIGNED_CONTEXT((#3941)) 
GLOBAL_UNIT_ASSIGNED_CONTEXT((#3938,#3939,#3940)) REPRESENTATION_CONTEXT
('Context #1','3D Context with UNIT and UNCERTAINTY') );
#3938 = ( LENGTH_UNIT() NAMED_UNIT(*) SI_UNIT(.MILLI.,.METRE.) );
#3939 = ( NAMED_UNIT(*) PLANE_ANGLE_UNIT() SI_UNIT($,.RADIAN.) );
#3940 = ( NAMED_UNIT(*) SI_UNIT($,.STERADIAN.) SOLID_ANGLE_UNIT() );
#3941 = UNCERTAINTY_MEASURE_WITH_UNIT(LENGTH_MEASURE(1.E-07),#3938,
  'distance_accuracy_value','confusion accuracy');
#3942 = CONTEXT_DEPENDENT_SHAPE_REPRESENTATION(#3943,#3945);
#3943 = ( REPRESENTATION_RELATIONSHIP('','',#3898,#10) 
REPRESENTATION_RELATIONSHIP_WITH_TRANSFORMATION(#3944) 
SHAPE_REPRESENTATION_RELATIONSHIP() );
#3944 = ITEM_DEFINED_TRANSFORMATION('','',#11,#247);
#3945 = PRODUCT_DEFINITION_SHAPE('Placement','Placement of an item',
  #3946);
#3946 = NEXT_ASSEMBLY_USAGE_OCCURRENCE('158953','BALL_0057','',#5,#3893,
  $);
#3947 = PRODUCT_RELATED_PRODUCT_CATEGORY('part',$,(#3895));
#3948 = SHAPE_DEFINITION_REPRESENTATION(#3949,#3955);
#3949 = PRODUCT_DEFINITION_SHAPE('','',#3950);
#3950 = PRODUCT_DEFINITION('design','',#3951,#3954);
#3951 = PRODUCT_DEFINITION_FORMATION('','',#3952);
#3952 = PRODUCT('BALL_0058','BALL_0058','',(#3953));
#3953 = PRODUCT_CONTEXT('',#2,'mechanical');
#3954 = PRODUCT_DEFINITION_CONTEXT('part definition',#2,'design');
#3955 = ADVANCED_BREP_SHAPE_REPRESENTATION('',(#11,#3956),#3994);
#3956 = MANIFOLD_SOLID_BREP('',#3957);
#3957 = CLOSED_SHELL('',(#3958,#3985));
#3958 = ADVANCED_FACE('',(#3959),#3980,.T.);
#3959 = FACE_BOUND('',#3960,.T.);
#3960 = EDGE_LOOP('',(#3961,#3970,#3979));
#3961 = ORIENTED_EDGE('',*,*,#3962,.T.);
#3962 = EDGE_CURVE('',#3963,#3963,#3965,.T.);
#3963 = VERTEX_POINT('',#3964);
#3964 = CARTESIAN_POINT('',(-2.,0.262399999997,-5.868799999998));
#3965 = CIRCLE('',#3966,0.131200000002);
#3966 = AXIS2_PLACEMENT_3D('',#3967,#3968,#3969);
#3967 = CARTESIAN_POINT('',(-2.,0.262399999997,-6.));
#3968 = DIRECTION('',(-5.551115123126E-17,-1.,0.));
#3969 = DIRECTION('',(1.718305301576E-28,-9.538510545726E-45,1.));
#3970 = ORIENTED_EDGE('',*,*,#3971,.T.);
#3971 = EDGE_CURVE('',#3963,#3972,#3974,.T.);
#3972 = VERTEX_POINT('',#3973);
#3973 = CARTESIAN_POINT('',(-2.,4.05763833864E-13,-6.));
#3974 = CIRCLE('',#3975,0.164);
#3975 = AXIS2_PLACEMENT_3D('',#3976,#3977,#3978);
#3976 = CARTESIAN_POINT('',(-2.,0.164,-6.));
#3977 = DIRECTION('',(1.,-1.110223024625E-16,-5.551115123126E-17));
#3978 = DIRECTION('',(1.110223024625E-16,1.,5.551115123126E-17));
#3979 = ORIENTED_EDGE('',*,*,#3971,.F.);
#3980 = SPHERICAL_SURFACE('',#3981,0.164);
#3981 = AXIS2_PLACEMENT_3D('',#3982,#3983,#3984);
#3982 = CARTESIAN_POINT('',(-2.,0.164,-6.));
#3983 = DIRECTION('',(-5.551115123126E-17,-1.,-0.));
#3984 = DIRECTION('',(1.536735126745E-28,-8.530593602312E-45,1.));
#3985 = ADVANCED_FACE('',(#3986),#3989,.F.);
#3986 = FACE_BOUND('',#3987,.F.);
#3987 = EDGE_LOOP('',(#3988));
#3988 = ORIENTED_EDGE('',*,*,#3962,.T.);
#3989 = PLANE('',#3990);
#3990 = AXIS2_PLACEMENT_3D('',#3991,#3992,#3993);
#3991 = CARTESIAN_POINT('',(-2.,0.2624,-6.));
#3992 = DIRECTION('',(-5.551115123126E-17,-1.,-0.));
#3993 = DIRECTION('',(1.718305301602E-28,-9.53851054587E-45,1.));
#3994 = ( GEOMETRIC_REPRESENTATION_CONTEXT(3) 
GLOBAL_UNCERTAINTY_ASSIGNED_CONTEXT((#3998)) 
GLOBAL_UNIT_ASSIGNED_CONTEXT((#3995,#3996,#3997)) REPRESENTATION_CONTEXT
('Context #1','3D Context with UNIT and UNCERTAINTY') );
#3995 = ( LENGTH_UNIT() NAMED_UNIT(*) SI_UNIT(.MILLI.,.METRE.) );
#3996 = ( NAMED_UNIT(*) PLANE_ANGLE_UNIT() SI_UNIT($,.RADIAN.) );
#3997 = ( NAMED_UNIT(*) SI_UNIT($,.STERADIAN.) SOLID_ANGLE_UNIT() );
#3998 = UNCERTAINTY_MEASURE_WITH_UNIT(LENGTH_MEASURE(1.E-07),#3995,
  'distance_accuracy_value','confusion accuracy');
#3999 = CONTEXT_DEPENDENT_SHAPE_REPRESENTATION(#4000,#4002);
#4000 = ( REPRESENTATION_RELATIONSHIP('','',#3955,#10) 
REPRESENTATION_RELATIONSHIP_WITH_TRANSFORMATION(#4001) 
SHAPE_REPRESENTATION_RELATIONSHIP() );
#4001 = ITEM_DEFINED_TRANSFORMATION('','',#11,#251);
#4002 = PRODUCT_DEFINITION_SHAPE('Placement','Placement of an item',
  #4003);
#4003 = NEXT_ASSEMBLY_USAGE_OCCURRENCE('158954','BALL_0058','',#5,#3950,
  $);
#4004 = PRODUCT_RELATED_PRODUCT_CATEGORY('part',$,(#3952));
#4005 = SHAPE_DEFINITION_REPRESENTATION(#4006,#4012);
#4006 = PRODUCT_DEFINITION_SHAPE('','',#4007);
#4007 = PRODUCT_DEFINITION('design','',#4008,#4011);
#4008 = PRODUCT_DEFINITION_FORMATION('','',#4009);
#4009 = PRODUCT('BALL_0059','BALL_0059','',(#4010));
#4010 = PRODUCT_CONTEXT('',#2,'mechanical');
#4011 = PRODUCT_DEFINITION_CONTEXT('part definition',#2,'design');
#4012 = ADVANCED_BREP_SHAPE_REPRESENTATION('',(#11,#4013),#4051);
#4013 = MANIFOLD_SOLID_BREP('',#4014);
#4014 = CLOSED_SHELL('',(#4015,#4042));
#4015 = ADVANCED_FACE('',(#4016),#4037,.T.);
#4016 = FACE_BOUND('',#4017,.T.);
#4017 = EDGE_LOOP('',(#4018,#4027,#4036));
#4018 = ORIENTED_EDGE('',*,*,#4019,.T.);
#4019 = EDGE_CURVE('',#4020,#4020,#4022,.T.);
#4020 = VERTEX_POINT('',#4021);
#4021 = CARTESIAN_POINT('',(-2.,0.262399999997,-5.868799999998));
#4022 = CIRCLE('',#4023,0.131200000002);
#4023 = AXIS2_PLACEMENT_3D('',#4024,#4025,#4026);
#4024 = CARTESIAN_POINT('',(-2.,0.262399999997,-6.));
#4025 = DIRECTION('',(-5.551115123126E-17,-1.,0.));
#4026 = DIRECTION('',(1.718305301576E-28,-9.538510545726E-45,1.));
#4027 = ORIENTED_EDGE('',*,*,#4028,.T.);
#4028 = EDGE_CURVE('',#4020,#4029,#4031,.T.);
#4029 = VERTEX_POINT('',#4030);
#4030 = CARTESIAN_POINT('',(-2.,4.05763833864E-13,-6.));
#4031 = CIRCLE('',#4032,0.164);
#4032 = AXIS2_PLACEMENT_3D('',#4033,#4034,#4035);
#4033 = CARTESIAN_POINT('',(-2.,0.164,-6.));
#4034 = DIRECTION('',(1.,-1.110223024625E-16,-5.551115123126E-17));
#4035 = DIRECTION('',(1.110223024625E-16,1.,5.551115123126E-17));
#4036 = ORIENTED_EDGE('',*,*,#4028,.F.);
#4037 = SPHERICAL_SURFACE('',#4038,0.164);
#4038 = AXIS2_PLACEMENT_3D('',#4039,#4040,#4041);
#4039 = CARTESIAN_POINT('',(-2.,0.164,-6.));
#4040 = DIRECTION('',(-5.551115123126E-17,-1.,-0.));
#4041 = DIRECTION('',(1.536735126745E-28,-8.530593602312E-45,1.));
#4042 = ADVANCED_FACE('',(#4043),#4046,.F.);
#4043 = FACE_BOUND('',#4044,.F.);
#4044 = EDGE_LOOP('',(#4045));
#4045 = ORIENTED_EDGE('',*,*,#4019,.T.);
#4046 = PLANE('',#4047);
#4047 = AXIS2_PLACEMENT_3D('',#4048,#4049,#4050);
#4048 = CARTESIAN_POINT('',(-2.,0.2624,-6.));
#4049 = DIRECTION('',(-5.551115123126E-17,-1.,-0.));
#4050 = DIRECTION('',(1.718305301602E-28,-9.53851054587E-45,1.));
#4051 = ( GEOMETRIC_REPRESENTATION_CONTEXT(3) 
GLOBAL_UNCERTAINTY_ASSIGNED_CONTEXT((#4055)) 
GLOBAL_UNIT_ASSIGNED_CONTEXT((#4052,#4053,#4054)) REPRESENTATION_CONTEXT
('Context #1','3D Context with UNIT and UNCERTAINTY') );
#4052 = ( LENGTH_UNIT() NAMED_UNIT(*) SI_UNIT(.MILLI.,.METRE.) );
#4053 = ( NAMED_UNIT(*) PLANE_ANGLE_UNIT() SI_UNIT($,.RADIAN.) );
#4054 = ( NAMED_UNIT(*) SI_UNIT($,.STERADIAN.) SOLID_ANGLE_UNIT() );
#4055 = UNCERTAINTY_MEASURE_WITH_UNIT(LENGTH_MEASURE(1.E-07),#4052,
  'distance_accuracy_value','confusion accuracy');
#4056 = CONTEXT_DEPENDENT_SHAPE_REPRESENTATION(#4057,#4059);
#4057 = ( REPRESENTATION_RELATIONSHIP('','',#4012,#10) 
REPRESENTATION_RELATIONSHIP_WITH_TRANSFORMATION(#4058) 
SHAPE_REPRESENTATION_RELATIONSHIP() );
#4058 = ITEM_DEFINED_TRANSFORMATION('','',#11,#255);
#4059 = PRODUCT_DEFINITION_SHAPE('Placement','Placement of an item',
  #4060);
#4060 = NEXT_ASSEMBLY_USAGE_OCCURRENCE('158955','BALL_0059','',#5,#4007,
  $);
#4061 = PRODUCT_RELATED_PRODUCT_CATEGORY('part',$,(#4009));
#4062 = SHAPE_DEFINITION_REPRESENTATION(#4063,#4069);
#4063 = PRODUCT_DEFINITION_SHAPE('','',#4064);
#4064 = PRODUCT_DEFINITION('design','',#4065,#4068);
#4065 = PRODUCT_DEFINITION_FORMATION('','',#4066);
#4066 = PRODUCT('BALL_0060','BALL_0060','',(#4067));
#4067 = PRODUCT_CONTEXT('',#2,'mechanical');
#4068 = PRODUCT_DEFINITION_CONTEXT('part definition',#2,'design');
#4069 = ADVANCED_BREP_SHAPE_REPRESENTATION('',(#11,#4070),#4108);
#4070 = MANIFOLD_SOLID_BREP('',#4071);
#4071 = CLOSED_SHELL('',(#4072,#4099));
#4072 = ADVANCED_FACE('',(#4073),#4094,.T.);
#4073 = FACE_BOUND('',#4074,.T.);
#4074 = EDGE_LOOP('',(#4075,#4084,#4093));
#4075 = ORIENTED_EDGE('',*,*,#4076,.T.);
#4076 = EDGE_CURVE('',#4077,#4077,#4079,.T.);
#4077 = VERTEX_POINT('',#4078);
#4078 = CARTESIAN_POINT('',(-2.,0.262399999997,-5.868799999998));
#4079 = CIRCLE('',#4080,0.131200000002);
#4080 = AXIS2_PLACEMENT_3D('',#4081,#4082,#4083);
#4081 = CARTESIAN_POINT('',(-2.,0.262399999997,-6.));
#4082 = DIRECTION('',(-5.551115123126E-17,-1.,0.));
#4083 = DIRECTION('',(1.718305301576E-28,-9.538510545726E-45,1.));
#4084 = ORIENTED_EDGE('',*,*,#4085,.T.);
#4085 = EDGE_CURVE('',#4077,#4086,#4088,.T.);
#4086 = VERTEX_POINT('',#4087);
#4087 = CARTESIAN_POINT('',(-2.,4.05763833864E-13,-6.));
#4088 = CIRCLE('',#4089,0.164);
#4089 = AXIS2_PLACEMENT_3D('',#4090,#4091,#4092);
#4090 = CARTESIAN_POINT('',(-2.,0.164,-6.));
#4091 = DIRECTION('',(1.,-1.110223024625E-16,-5.551115123126E-17));
#4092 = DIRECTION('',(1.110223024625E-16,1.,5.551115123126E-17));
#4093 = ORIENTED_EDGE('',*,*,#4085,.F.);
#4094 = SPHERICAL_SURFACE('',#4095,0.164);
#4095 = AXIS2_PLACEMENT_3D('',#4096,#4097,#4098);
#4096 = CARTESIAN_POINT('',(-2.,0.164,-6.));
#4097 = DIRECTION('',(-5.551115123126E-17,-1.,-0.));
#4098 = DIRECTION('',(1.536735126745E-28,-8.530593602312E-45,1.));
#4099 = ADVANCED_FACE('',(#4100),#4103,.F.);
#4100 = FACE_BOUND('',#4101,.F.);
#4101 = EDGE_LOOP('',(#4102));
#4102 = ORIENTED_EDGE('',*,*,#4076,.T.);
#4103 = PLANE('',#4104);
#4104 = AXIS2_PLACEMENT_3D('',#4105,#4106,#4107);
#4105 = CARTESIAN_POINT('',(-2.,0.2624,-6.));
#4106 = DIRECTION('',(-5.551115123126E-17,-1.,-0.));
#4107 = DIRECTION('',(1.718305301602E-28,-9.53851054587E-45,1.));
#4108 = ( GEOMETRIC_REPRESENTATION_CONTEXT(3) 
GLOBAL_UNCERTAINTY_ASSIGNED_CONTEXT((#4112)) 
GLOBAL_UNIT_ASSIGNED_CONTEXT((#4109,#4110,#4111)) REPRESENTATION_CONTEXT
('Context #1','3D Context with UNIT and UNCERTAINTY') );
#4109 = ( LENGTH_UNIT() NAMED_UNIT(*) SI_UNIT(.MILLI.,.METRE.) );
#4110 = ( NAMED_UNIT(*) PLANE_ANGLE_UNIT() SI_UNIT($,.RADIAN.) );
#4111 = ( NAMED_UNIT(*) SI_UNIT($,.STERADIAN.) SOLID_ANGLE_UNIT() );
#4112 = UNCERTAINTY_MEASURE_WITH_UNIT(LENGTH_MEASURE(1.E-07),#4109,
  'distance_accuracy_value','confusion accuracy');
#4113 = CONTEXT_DEPENDENT_SHAPE_REPRESENTATION(#4114,#4116);
#4114 = ( REPRESENTATION_RELATIONSHIP('','',#4069,#10) 
REPRESENTATION_RELATIONSHIP_WITH_TRANSFORMATION(#4115) 
SHAPE_REPRESENTATION_RELATIONSHIP() );
#4115 = ITEM_DEFINED_TRANSFORMATION('','',#11,#259);
#4116 = PRODUCT_DEFINITION_SHAPE('Placement','Placement of an item',
  #4117);
#4117 = NEXT_ASSEMBLY_USAGE_OCCURRENCE('158956','BALL_0060','',#5,#4064,
  $);
#4118 = PRODUCT_RELATED_PRODUCT_CATEGORY('part',$,(#4066));
#4119 = SHAPE_DEFINITION_REPRESENTATION(#4120,#4126);
#4120 = PRODUCT_DEFINITION_SHAPE('','',#4121);
#4121 = PRODUCT_DEFINITION('design','',#4122,#4125);
#4122 = PRODUCT_DEFINITION_FORMATION('','',#4123);
#4123 = PRODUCT('BALL_0061','BALL_0061','',(#4124));
#4124 = PRODUCT_CONTEXT('',#2,'mechanical');
#4125 = PRODUCT_DEFINITION_CONTEXT('part definition',#2,'design');
#4126 = ADVANCED_BREP_SHAPE_REPRESENTATION('',(#11,#4127),#4165);
#4127 = MANIFOLD_SOLID_BREP('',#4128);
#4128 = CLOSED_SHELL('',(#4129,#4156));
#4129 = ADVANCED_FACE('',(#4130),#4151,.T.);
#4130 = FACE_BOUND('',#4131,.T.);
#4131 = EDGE_LOOP('',(#4132,#4141,#4150));
#4132 = ORIENTED_EDGE('',*,*,#4133,.T.);
#4133 = EDGE_CURVE('',#4134,#4134,#4136,.T.);
#4134 = VERTEX_POINT('',#4135);
#4135 = CARTESIAN_POINT('',(-2.,0.262399999997,-5.868799999998));
#4136 = CIRCLE('',#4137,0.131200000002);
#4137 = AXIS2_PLACEMENT_3D('',#4138,#4139,#4140);
#4138 = CARTESIAN_POINT('',(-2.,0.262399999997,-6.));
#4139 = DIRECTION('',(-5.551115123126E-17,-1.,0.));
#4140 = DIRECTION('',(1.718305301576E-28,-9.538510545726E-45,1.));
#4141 = ORIENTED_EDGE('',*,*,#4142,.T.);
#4142 = EDGE_CURVE('',#4134,#4143,#4145,.T.);
#4143 = VERTEX_POINT('',#4144);
#4144 = CARTESIAN_POINT('',(-2.,4.05763833864E-13,-6.));
#4145 = CIRCLE('',#4146,0.164);
#4146 = AXIS2_PLACEMENT_3D('',#4147,#4148,#4149);
#4147 = CARTESIAN_POINT('',(-2.,0.164,-6.));
#4148 = DIRECTION('',(1.,-1.110223024625E-16,-5.551115123126E-17));
#4149 = DIRECTION('',(1.110223024625E-16,1.,5.551115123126E-17));
#4150 = ORIENTED_EDGE('',*,*,#4142,.F.);
#4151 = SPHERICAL_SURFACE('',#4152,0.164);
#4152 = AXIS2_PLACEMENT_3D('',#4153,#4154,#4155);
#4153 = CARTESIAN_POINT('',(-2.,0.164,-6.));
#4154 = DIRECTION('',(-5.551115123126E-17,-1.,-0.));
#4155 = DIRECTION('',(1.536735126745E-28,-8.530593602312E-45,1.));
#4156 = ADVANCED_FACE('',(#4157),#4160,.F.);
#4157 = FACE_BOUND('',#4158,.F.);
#4158 = EDGE_LOOP('',(#4159));
#4159 = ORIENTED_EDGE('',*,*,#4133,.T.);
#4160 = PLANE('',#4161);
#4161 = AXIS2_PLACEMENT_3D('',#4162,#4163,#4164);
#4162 = CARTESIAN_POINT('',(-2.,0.2624,-6.));
#4163 = DIRECTION('',(-5.551115123126E-17,-1.,-0.));
#4164 = DIRECTION('',(1.718305301602E-28,-9.53851054587E-45,1.));
#4165 = ( GEOMETRIC_REPRESENTATION_CONTEXT(3) 
GLOBAL_UNCERTAINTY_ASSIGNED_CONTEXT((#4169)) 
GLOBAL_UNIT_ASSIGNED_CONTEXT((#4166,#4167,#4168)) REPRESENTATION_CONTEXT
('Context #1','3D Context with UNIT and UNCERTAINTY') );
#4166 = ( LENGTH_UNIT() NAMED_UNIT(*) SI_UNIT(.MILLI.,.METRE.) );
#4167 = ( NAMED_UNIT(*) PLANE_ANGLE_UNIT() SI_UNIT($,.RADIAN.) );
#4168 = ( NAMED_UNIT(*) SI_UNIT($,.STERADIAN.) SOLID_ANGLE_UNIT() );
#4169 = UNCERTAINTY_MEASURE_WITH_UNIT(LENGTH_MEASURE(1.E-07),#4166,
  'distance_accuracy_value','confusion accuracy');
#4170 = CONTEXT_DEPENDENT_SHAPE_REPRESENTATION(#4171,#4173);
#4171 = ( REPRESENTATION_RELATIONSHIP('','',#4126,#10) 
REPRESENTATION_RELATIONSHIP_WITH_TRANSFORMATION(#4172) 
SHAPE_REPRESENTATION_RELATIONSHIP() );
#4172 = ITEM_DEFINED_TRANSFORMATION('','',#11,#263);
#4173 = PRODUCT_DEFINITION_SHAPE('Placement','Placement of an item',
  #4174);
#4174 = NEXT_ASSEMBLY_USAGE_OCCURRENCE('158957','BALL_0061','',#5,#4121,
  $);
#4175 = PRODUCT_RELATED_PRODUCT_CATEGORY('part',$,(#4123));
#4176 = SHAPE_DEFINITION_REPRESENTATION(#4177,#4183);
#4177 = PRODUCT_DEFINITION_SHAPE('','',#4178);
#4178 = PRODUCT_DEFINITION('design','',#4179,#4182);
#4179 = PRODUCT_DEFINITION_FORMATION('','',#4180);
#4180 = PRODUCT('BALL_0062','BALL_0062','',(#4181));
#4181 = PRODUCT_CONTEXT('',#2,'mechanical');
#4182 = PRODUCT_DEFINITION_CONTEXT('part definition',#2,'design');
#4183 = ADVANCED_BREP_SHAPE_REPRESENTATION('',(#11,#4184),#4222);
#4184 = MANIFOLD_SOLID_BREP('',#4185);
#4185 = CLOSED_SHELL('',(#4186,#4213));
#4186 = ADVANCED_FACE('',(#4187),#4208,.T.);
#4187 = FACE_BOUND('',#4188,.T.);
#4188 = EDGE_LOOP('',(#4189,#4198,#4207));
#4189 = ORIENTED_EDGE('',*,*,#4190,.T.);
#4190 = EDGE_CURVE('',#4191,#4191,#4193,.T.);
#4191 = VERTEX_POINT('',#4192);
#4192 = CARTESIAN_POINT('',(-2.,0.262399999997,-5.868799999998));
#4193 = CIRCLE('',#4194,0.131200000002);
#4194 = AXIS2_PLACEMENT_3D('',#4195,#4196,#4197);
#4195 = CARTESIAN_POINT('',(-2.,0.262399999997,-6.));
#4196 = DIRECTION('',(-5.551115123126E-17,-1.,0.));
#4197 = DIRECTION('',(1.718305301576E-28,-9.538510545726E-45,1.));
#4198 = ORIENTED_EDGE('',*,*,#4199,.T.);
#4199 = EDGE_CURVE('',#4191,#4200,#4202,.T.);
#4200 = VERTEX_POINT('',#4201);
#4201 = CARTESIAN_POINT('',(-2.,4.05763833864E-13,-6.));
#4202 = CIRCLE('',#4203,0.164);
#4203 = AXIS2_PLACEMENT_3D('',#4204,#4205,#4206);
#4204 = CARTESIAN_POINT('',(-2.,0.164,-6.));
#4205 = DIRECTION('',(1.,-1.110223024625E-16,-5.551115123126E-17));
#4206 = DIRECTION('',(1.110223024625E-16,1.,5.551115123126E-17));
#4207 = ORIENTED_EDGE('',*,*,#4199,.F.);
#4208 = SPHERICAL_SURFACE('',#4209,0.164);
#4209 = AXIS2_PLACEMENT_3D('',#4210,#4211,#4212);
#4210 = CARTESIAN_POINT('',(-2.,0.164,-6.));
#4211 = DIRECTION('',(-5.551115123126E-17,-1.,-0.));
#4212 = DIRECTION('',(1.536735126745E-28,-8.530593602312E-45,1.));
#4213 = ADVANCED_FACE('',(#4214),#4217,.F.);
#4214 = FACE_BOUND('',#4215,.F.);
#4215 = EDGE_LOOP('',(#4216));
#4216 = ORIENTED_EDGE('',*,*,#4190,.T.);
#4217 = PLANE('',#4218);
#4218 = AXIS2_PLACEMENT_3D('',#4219,#4220,#4221);
#4219 = CARTESIAN_POINT('',(-2.,0.2624,-6.));
#4220 = DIRECTION('',(-5.551115123126E-17,-1.,-0.));
#4221 = DIRECTION('',(1.718305301602E-28,-9.53851054587E-45,1.));
#4222 = ( GEOMETRIC_REPRESENTATION_CONTEXT(3) 
GLOBAL_UNCERTAINTY_ASSIGNED_CONTEXT((#4226)) 
GLOBAL_UNIT_ASSIGNED_CONTEXT((#4223,#4224,#4225)) REPRESENTATION_CONTEXT
('Context #1','3D Context with UNIT and UNCERTAINTY') );
#4223 = ( LENGTH_UNIT() NAMED_UNIT(*) SI_UNIT(.MILLI.,.METRE.) );
#4224 = ( NAMED_UNIT(*) PLANE_ANGLE_UNIT() SI_UNIT($,.RADIAN.) );
#4225 = ( NAMED_UNIT(*) SI_UNIT($,.STERADIAN.) SOLID_ANGLE_UNIT() );
#4226 = UNCERTAINTY_MEASURE_WITH_UNIT(LENGTH_MEASURE(1.E-07),#4223,
  'distance_accuracy_value','confusion accuracy');
#4227 = CONTEXT_DEPENDENT_SHAPE_REPRESENTATION(#4228,#4230);
#4228 = ( REPRESENTATION_RELATIONSHIP('','',#4183,#10) 
REPRESENTATION_RELATIONSHIP_WITH_TRANSFORMATION(#4229) 
SHAPE_REPRESENTATION_RELATIONSHIP() );
#4229 = ITEM_DEFINED_TRANSFORMATION('','',#11,#267);
#4230 = PRODUCT_DEFINITION_SHAPE('Placement','Placement of an item',
  #4231);
#4231 = NEXT_ASSEMBLY_USAGE_OCCURRENCE('158958','BALL_0062','',#5,#4178,
  $);
#4232 = PRODUCT_RELATED_PRODUCT_CATEGORY('part',$,(#4180));
#4233 = SHAPE_DEFINITION_REPRESENTATION(#4234,#4240);
#4234 = PRODUCT_DEFINITION_SHAPE('','',#4235);
#4235 = PRODUCT_DEFINITION('design','',#4236,#4239);
#4236 = PRODUCT_DEFINITION_FORMATION('','',#4237);
#4237 = PRODUCT('BALL_0063','BALL_0063','',(#4238));
#4238 = PRODUCT_CONTEXT('',#2,'mechanical');
#4239 = PRODUCT_DEFINITION_CONTEXT('part definition',#2,'design');
#4240 = ADVANCED_BREP_SHAPE_REPRESENTATION('',(#11,#4241),#4279);
#4241 = MANIFOLD_SOLID_BREP('',#4242);
#4242 = CLOSED_SHELL('',(#4243,#4270));
#4243 = ADVANCED_FACE('',(#4244),#4265,.T.);
#4244 = FACE_BOUND('',#4245,.T.);
#4245 = EDGE_LOOP('',(#4246,#4255,#4264));
#4246 = ORIENTED_EDGE('',*,*,#4247,.T.);
#4247 = EDGE_CURVE('',#4248,#4248,#4250,.T.);
#4248 = VERTEX_POINT('',#4249);
#4249 = CARTESIAN_POINT('',(-2.,0.262399999997,-5.868799999998));
#4250 = CIRCLE('',#4251,0.131200000002);
#4251 = AXIS2_PLACEMENT_3D('',#4252,#4253,#4254);
#4252 = CARTESIAN_POINT('',(-2.,0.262399999997,-6.));
#4253 = DIRECTION('',(-5.551115123126E-17,-1.,0.));
#4254 = DIRECTION('',(1.718305301576E-28,-9.538510545726E-45,1.));
#4255 = ORIENTED_EDGE('',*,*,#4256,.T.);
#4256 = EDGE_CURVE('',#4248,#4257,#4259,.T.);
#4257 = VERTEX_POINT('',#4258);
#4258 = CARTESIAN_POINT('',(-2.,4.05763833864E-13,-6.));
#4259 = CIRCLE('',#4260,0.164);
#4260 = AXIS2_PLACEMENT_3D('',#4261,#4262,#4263);
#4261 = CARTESIAN_POINT('',(-2.,0.164,-6.));
#4262 = DIRECTION('',(1.,-1.110223024625E-16,-5.551115123126E-17));
#4263 = DIRECTION('',(1.110223024625E-16,1.,5.551115123126E-17));
#4264 = ORIENTED_EDGE('',*,*,#4256,.F.);
#4265 = SPHERICAL_SURFACE('',#4266,0.164);
#4266 = AXIS2_PLACEMENT_3D('',#4267,#4268,#4269);
#4267 = CARTESIAN_POINT('',(-2.,0.164,-6.));
#4268 = DIRECTION('',(-5.551115123126E-17,-1.,-0.));
#4269 = DIRECTION('',(1.536735126745E-28,-8.530593602312E-45,1.));
#4270 = ADVANCED_FACE('',(#4271),#4274,.F.);
#4271 = FACE_BOUND('',#4272,.F.);
#4272 = EDGE_LOOP('',(#4273));
#4273 = ORIENTED_EDGE('',*,*,#4247,.T.);
#4274 = PLANE('',#4275);
#4275 = AXIS2_PLACEMENT_3D('',#4276,#4277,#4278);
#4276 = CARTESIAN_POINT('',(-2.,0.2624,-6.));
#4277 = DIRECTION('',(-5.551115123126E-17,-1.,-0.));
#4278 = DIRECTION('',(1.718305301602E-28,-9.53851054587E-45,1.));
#4279 = ( GEOMETRIC_REPRESENTATION_CONTEXT(3) 
GLOBAL_UNCERTAINTY_ASSIGNED_CONTEXT((#4283)) 
GLOBAL_UNIT_ASSIGNED_CONTEXT((#4280,#4281,#4282)) REPRESENTATION_CONTEXT
('Context #1','3D Context with UNIT and UNCERTAINTY') );
#4280 = ( LENGTH_UNIT() NAMED_UNIT(*) SI_UNIT(.MILLI.,.METRE.) );
#4281 = ( NAMED_UNIT(*) PLANE_ANGLE_UNIT() SI_UNIT($,.RADIAN.) );
#4282 = ( NAMED_UNIT(*) SI_UNIT($,.STERADIAN.) SOLID_ANGLE_UNIT() );
#4283 = UNCERTAINTY_MEASURE_WITH_UNIT(LENGTH_MEASURE(1.E-07),#4280,
  'distance_accuracy_value','confusion accuracy');
#4284 = CONTEXT_DEPENDENT_SHAPE_REPRESENTATION(#4285,#4287);
#4285 = ( REPRESENTATION_RELATIONSHIP('','',#4240,#10) 
REPRESENTATION_RELATIONSHIP_WITH_TRANSFORMATION(#4286) 
SHAPE_REPRESENTATION_RELATIONSHIP() );
#4286 = ITEM_DEFINED_TRANSFORMATION('','',#11,#271);
#4287 = PRODUCT_DEFINITION_SHAPE('Placement','Placement of an item',
  #4288);
#4288 = NEXT_ASSEMBLY_USAGE_OCCURRENCE('158959','BALL_0063','',#5,#4235,
  $);
#4289 = PRODUCT_RELATED_PRODUCT_CATEGORY('part',$,(#4237));
#4290 = SHAPE_DEFINITION_REPRESENTATION(#4291,#4297);
#4291 = PRODUCT_DEFINITION_SHAPE('','',#4292);
#4292 = PRODUCT_DEFINITION('design','',#4293,#4296);
#4293 = PRODUCT_DEFINITION_FORMATION('','',#4294);
#4294 = PRODUCT('BALL_0064','BALL_0064','',(#4295));
#4295 = PRODUCT_CONTEXT('',#2,'mechanical');
#4296 = PRODUCT_DEFINITION_CONTEXT('part definition',#2,'design');
#4297 = ADVANCED_BREP_SHAPE_REPRESENTATION('',(#11,#4298),#4336);
#4298 = MANIFOLD_SOLID_BREP('',#4299);
#4299 = CLOSED_SHELL('',(#4300,#4327));
#4300 = ADVANCED_FACE('',(#4301),#4322,.T.);
#4301 = FACE_BOUND('',#4302,.T.);
#4302 = EDGE_LOOP('',(#4303,#4312,#4321));
#4303 = ORIENTED_EDGE('',*,*,#4304,.T.);
#4304 = EDGE_CURVE('',#4305,#4305,#4307,.T.);
#4305 = VERTEX_POINT('',#4306);
#4306 = CARTESIAN_POINT('',(-2.,0.262399999997,-5.868799999998));
#4307 = CIRCLE('',#4308,0.131200000002);
#4308 = AXIS2_PLACEMENT_3D('',#4309,#4310,#4311);
#4309 = CARTESIAN_POINT('',(-2.,0.262399999997,-6.));
#4310 = DIRECTION('',(-5.551115123126E-17,-1.,0.));
#4311 = DIRECTION('',(1.718305301576E-28,-9.538510545726E-45,1.));
#4312 = ORIENTED_EDGE('',*,*,#4313,.T.);
#4313 = EDGE_CURVE('',#4305,#4314,#4316,.T.);
#4314 = VERTEX_POINT('',#4315);
#4315 = CARTESIAN_POINT('',(-2.,4.05763833864E-13,-6.));
#4316 = CIRCLE('',#4317,0.164);
#4317 = AXIS2_PLACEMENT_3D('',#4318,#4319,#4320);
#4318 = CARTESIAN_POINT('',(-2.,0.164,-6.));
#4319 = DIRECTION('',(1.,-1.110223024625E-16,-5.551115123126E-17));
#4320 = DIRECTION('',(1.110223024625E-16,1.,5.551115123126E-17));
#4321 = ORIENTED_EDGE('',*,*,#4313,.F.);
#4322 = SPHERICAL_SURFACE('',#4323,0.164);
#4323 = AXIS2_PLACEMENT_3D('',#4324,#4325,#4326);
#4324 = CARTESIAN_POINT('',(-2.,0.164,-6.));
#4325 = DIRECTION('',(-5.551115123126E-17,-1.,-0.));
#4326 = DIRECTION('',(1.536735126745E-28,-8.530593602312E-45,1.));
#4327 = ADVANCED_FACE('',(#4328),#4331,.F.);
#4328 = FACE_BOUND('',#4329,.F.);
#4329 = EDGE_LOOP('',(#4330));
#4330 = ORIENTED_EDGE('',*,*,#4304,.T.);
#4331 = PLANE('',#4332);
#4332 = AXIS2_PLACEMENT_3D('',#4333,#4334,#4335);
#4333 = CARTESIAN_POINT('',(-2.,0.2624,-6.));
#4334 = DIRECTION('',(-5.551115123126E-17,-1.,-0.));
#4335 = DIRECTION('',(1.718305301602E-28,-9.53851054587E-45,1.));
#4336 = ( GEOMETRIC_REPRESENTATION_CONTEXT(3) 
GLOBAL_UNCERTAINTY_ASSIGNED_CONTEXT((#4340)) 
GLOBAL_UNIT_ASSIGNED_CONTEXT((#4337,#4338,#4339)) REPRESENTATION_CONTEXT
('Context #1','3D Context with UNIT and UNCERTAINTY') );
#4337 = ( LENGTH_UNIT() NAMED_UNIT(*) SI_UNIT(.MILLI.,.METRE.) );
#4338 = ( NAMED_UNIT(*) PLANE_ANGLE_UNIT() SI_UNIT($,.RADIAN.) );
#4339 = ( NAMED_UNIT(*) SI_UNIT($,.STERADIAN.) SOLID_ANGLE_UNIT() );
#4340 = UNCERTAINTY_MEASURE_WITH_UNIT(LENGTH_MEASURE(1.E-07),#4337,
  'distance_accuracy_value','confusion accuracy');
#4341 = CONTEXT_DEPENDENT_SHAPE_REPRESENTATION(#4342,#4344);
#4342 = ( REPRESENTATION_RELATIONSHIP('','',#4297,#10) 
REPRESENTATION_RELATIONSHIP_WITH_TRANSFORMATION(#4343) 
SHAPE_REPRESENTATION_RELATIONSHIP() );
#4343 = ITEM_DEFINED_TRANSFORMATION('','',#11,#275);
#4344 = PRODUCT_DEFINITION_SHAPE('Placement','Placement of an item',
  #4345);
#4345 = NEXT_ASSEMBLY_USAGE_OCCURRENCE('158960','BALL_0064','',#5,#4292,
  $);
#4346 = PRODUCT_RELATED_PRODUCT_CATEGORY('part',$,(#4294));
#4347 = SHAPE_DEFINITION_REPRESENTATION(#4348,#4354);
#4348 = PRODUCT_DEFINITION_SHAPE('','',#4349);
#4349 = PRODUCT_DEFINITION('design','',#4350,#4353);
#4350 = PRODUCT_DEFINITION_FORMATION('','',#4351);
#4351 = PRODUCT('BALL_0065','BALL_0065','',(#4352));
#4352 = PRODUCT_CONTEXT('',#2,'mechanical');
#4353 = PRODUCT_DEFINITION_CONTEXT('part definition',#2,'design');
#4354 = ADVANCED_BREP_SHAPE_REPRESENTATION('',(#11,#4355),#4393);
#4355 = MANIFOLD_SOLID_BREP('',#4356);
#4356 = CLOSED_SHELL('',(#4357,#4384));
#4357 = ADVANCED_FACE('',(#4358),#4379,.T.);
#4358 = FACE_BOUND('',#4359,.T.);
#4359 = EDGE_LOOP('',(#4360,#4369,#4378));
#4360 = ORIENTED_EDGE('',*,*,#4361,.T.);
#4361 = EDGE_CURVE('',#4362,#4362,#4364,.T.);
#4362 = VERTEX_POINT('',#4363);
#4363 = CARTESIAN_POINT('',(-2.,0.262399999997,-5.868799999998));
#4364 = CIRCLE('',#4365,0.131200000002);
#4365 = AXIS2_PLACEMENT_3D('',#4366,#4367,#4368);
#4366 = CARTESIAN_POINT('',(-2.,0.262399999997,-6.));
#4367 = DIRECTION('',(-5.551115123126E-17,-1.,0.));
#4368 = DIRECTION('',(1.718305301576E-28,-9.538510545726E-45,1.));
#4369 = ORIENTED_EDGE('',*,*,#4370,.T.);
#4370 = EDGE_CURVE('',#4362,#4371,#4373,.T.);
#4371 = VERTEX_POINT('',#4372);
#4372 = CARTESIAN_POINT('',(-2.,4.05763833864E-13,-6.));
#4373 = CIRCLE('',#4374,0.164);
#4374 = AXIS2_PLACEMENT_3D('',#4375,#4376,#4377);
#4375 = CARTESIAN_POINT('',(-2.,0.164,-6.));
#4376 = DIRECTION('',(1.,-1.110223024625E-16,-5.551115123126E-17));
#4377 = DIRECTION('',(1.110223024625E-16,1.,5.551115123126E-17));
#4378 = ORIENTED_EDGE('',*,*,#4370,.F.);
#4379 = SPHERICAL_SURFACE('',#4380,0.164);
#4380 = AXIS2_PLACEMENT_3D('',#4381,#4382,#4383);
#4381 = CARTESIAN_POINT('',(-2.,0.164,-6.));
#4382 = DIRECTION('',(-5.551115123126E-17,-1.,-0.));
#4383 = DIRECTION('',(1.536735126745E-28,-8.530593602312E-45,1.));
#4384 = ADVANCED_FACE('',(#4385),#4388,.F.);
#4385 = FACE_BOUND('',#4386,.F.);
#4386 = EDGE_LOOP('',(#4387));
#4387 = ORIENTED_EDGE('',*,*,#4361,.T.);
#4388 = PLANE('',#4389);
#4389 = AXIS2_PLACEMENT_3D('',#4390,#4391,#4392);
#4390 = CARTESIAN_POINT('',(-2.,0.2624,-6.));
#4391 = DIRECTION('',(-5.551115123126E-17,-1.,-0.));
#4392 = DIRECTION('',(1.718305301602E-28,-9.53851054587E-45,1.));
#4393 = ( GEOMETRIC_REPRESENTATION_CONTEXT(3) 
GLOBAL_UNCERTAINTY_ASSIGNED_CONTEXT((#4397)) 
GLOBAL_UNIT_ASSIGNED_CONTEXT((#4394,#4395,#4396)) REPRESENTATION_CONTEXT
('Context #1','3D Context with UNIT and UNCERTAINTY') );
#4394 = ( LENGTH_UNIT() NAMED_UNIT(*) SI_UNIT(.MILLI.,.METRE.) );
#4395 = ( NAMED_UNIT(*) PLANE_ANGLE_UNIT() SI_UNIT($,.RADIAN.) );
#4396 = ( NAMED_UNIT(*) SI_UNIT($,.STERADIAN.) SOLID_ANGLE_UNIT() );
#4397 = UNCERTAINTY_MEASURE_WITH_UNIT(LENGTH_MEASURE(1.E-07),#4394,
  'distance_accuracy_value','confusion accuracy');
#4398 = CONTEXT_DEPENDENT_SHAPE_REPRESENTATION(#4399,#4401);
#4399 = ( REPRESENTATION_RELATIONSHIP('','',#4354,#10) 
REPRESENTATION_RELATIONSHIP_WITH_TRANSFORMATION(#4400) 
SHAPE_REPRESENTATION_RELATIONSHIP() );
#4400 = ITEM_DEFINED_TRANSFORMATION('','',#11,#279);
#4401 = PRODUCT_DEFINITION_SHAPE('Placement','Placement of an item',
  #4402);
#4402 = NEXT_ASSEMBLY_USAGE_OCCURRENCE('158961','BALL_0065','',#5,#4349,
  $);
#4403 = PRODUCT_RELATED_PRODUCT_CATEGORY('part',$,(#4351));
#4404 = SHAPE_DEFINITION_REPRESENTATION(#4405,#4411);
#4405 = PRODUCT_DEFINITION_SHAPE('','',#4406);
#4406 = PRODUCT_DEFINITION('design','',#4407,#4410);
#4407 = PRODUCT_DEFINITION_FORMATION('','',#4408);
#4408 = PRODUCT('BALL_0066','BALL_0066','',(#4409));
#4409 = PRODUCT_CONTEXT('',#2,'mechanical');
#4410 = PRODUCT_DEFINITION_CONTEXT('part definition',#2,'design');
#4411 = ADVANCED_BREP_SHAPE_REPRESENTATION('',(#11,#4412),#4450);
#4412 = MANIFOLD_SOLID_BREP('',#4413);
#4413 = CLOSED_SHELL('',(#4414,#4441));
#4414 = ADVANCED_FACE('',(#4415),#4436,.T.);
#4415 = FACE_BOUND('',#4416,.T.);
#4416 = EDGE_LOOP('',(#4417,#4426,#4435));
#4417 = ORIENTED_EDGE('',*,*,#4418,.T.);
#4418 = EDGE_CURVE('',#4419,#4419,#4421,.T.);
#4419 = VERTEX_POINT('',#4420);
#4420 = CARTESIAN_POINT('',(-2.,0.262399999997,-5.868799999998));
#4421 = CIRCLE('',#4422,0.131200000002);
#4422 = AXIS2_PLACEMENT_3D('',#4423,#4424,#4425);
#4423 = CARTESIAN_POINT('',(-2.,0.262399999997,-6.));
#4424 = DIRECTION('',(-5.551115123126E-17,-1.,0.));
#4425 = DIRECTION('',(1.718305301576E-28,-9.538510545726E-45,1.));
#4426 = ORIENTED_EDGE('',*,*,#4427,.T.);
#4427 = EDGE_CURVE('',#4419,#4428,#4430,.T.);
#4428 = VERTEX_POINT('',#4429);
#4429 = CARTESIAN_POINT('',(-2.,4.05763833864E-13,-6.));
#4430 = CIRCLE('',#4431,0.164);
#4431 = AXIS2_PLACEMENT_3D('',#4432,#4433,#4434);
#4432 = CARTESIAN_POINT('',(-2.,0.164,-6.));
#4433 = DIRECTION('',(1.,-1.110223024625E-16,-5.551115123126E-17));
#4434 = DIRECTION('',(1.110223024625E-16,1.,5.551115123126E-17));
#4435 = ORIENTED_EDGE('',*,*,#4427,.F.);
#4436 = SPHERICAL_SURFACE('',#4437,0.164);
#4437 = AXIS2_PLACEMENT_3D('',#4438,#4439,#4440);
#4438 = CARTESIAN_POINT('',(-2.,0.164,-6.));
#4439 = DIRECTION('',(-5.551115123126E-17,-1.,-0.));
#4440 = DIRECTION('',(1.536735126745E-28,-8.530593602312E-45,1.));
#4441 = ADVANCED_FACE('',(#4442),#4445,.F.);
#4442 = FACE_BOUND('',#4443,.F.);
#4443 = EDGE_LOOP('',(#4444));
#4444 = ORIENTED_EDGE('',*,*,#4418,.T.);
#4445 = PLANE('',#4446);
#4446 = AXIS2_PLACEMENT_3D('',#4447,#4448,#4449);
#4447 = CARTESIAN_POINT('',(-2.,0.2624,-6.));
#4448 = DIRECTION('',(-5.551115123126E-17,-1.,-0.));
#4449 = DIRECTION('',(1.718305301602E-28,-9.53851054587E-45,1.));
#4450 = ( GEOMETRIC_REPRESENTATION_CONTEXT(3) 
GLOBAL_UNCERTAINTY_ASSIGNED_CONTEXT((#4454)) 
GLOBAL_UNIT_ASSIGNED_CONTEXT((#4451,#4452,#4453)) REPRESENTATION_CONTEXT
('Context #1','3D Context with UNIT and UNCERTAINTY') );
#4451 = ( LENGTH_UNIT() NAMED_UNIT(*) SI_UNIT(.MILLI.,.METRE.) );
#4452 = ( NAMED_UNIT(*) PLANE_ANGLE_UNIT() SI_UNIT($,.RADIAN.) );
#4453 = ( NAMED_UNIT(*) SI_UNIT($,.STERADIAN.) SOLID_ANGLE_UNIT() );
#4454 = UNCERTAINTY_MEASURE_WITH_UNIT(LENGTH_MEASURE(1.E-07),#4451,
  'distance_accuracy_value','confusion accuracy');
#4455 = CONTEXT_DEPENDENT_SHAPE_REPRESENTATION(#4456,#4458);
#4456 = ( REPRESENTATION_RELATIONSHIP('','',#4411,#10) 
REPRESENTATION_RELATIONSHIP_WITH_TRANSFORMATION(#4457) 
SHAPE_REPRESENTATION_RELATIONSHIP() );
#4457 = ITEM_DEFINED_TRANSFORMATION('','',#11,#283);
#4458 = PRODUCT_DEFINITION_SHAPE('Placement','Placement of an item',
  #4459);
#4459 = NEXT_ASSEMBLY_USAGE_OCCURRENCE('158962','BALL_0066','',#5,#4406,
  $);
#4460 = PRODUCT_RELATED_PRODUCT_CATEGORY('part',$,(#4408));
#4461 = SHAPE_DEFINITION_REPRESENTATION(#4462,#4468);
#4462 = PRODUCT_DEFINITION_SHAPE('','',#4463);
#4463 = PRODUCT_DEFINITION('design','',#4464,#4467);
#4464 = PRODUCT_DEFINITION_FORMATION('','',#4465);
#4465 = PRODUCT('BALL_0067','BALL_0067','',(#4466));
#4466 = PRODUCT_CONTEXT('',#2,'mechanical');
#4467 = PRODUCT_DEFINITION_CONTEXT('part definition',#2,'design');
#4468 = ADVANCED_BREP_SHAPE_REPRESENTATION('',(#11,#4469),#4507);
#4469 = MANIFOLD_SOLID_BREP('',#4470);
#4470 = CLOSED_SHELL('',(#4471,#4498));
#4471 = ADVANCED_FACE('',(#4472),#4493,.T.);
#4472 = FACE_BOUND('',#4473,.T.);
#4473 = EDGE_LOOP('',(#4474,#4483,#4492));
#4474 = ORIENTED_EDGE('',*,*,#4475,.T.);
#4475 = EDGE_CURVE('',#4476,#4476,#4478,.T.);
#4476 = VERTEX_POINT('',#4477);
#4477 = CARTESIAN_POINT('',(-2.,0.262399999997,-5.868799999998));
#4478 = CIRCLE('',#4479,0.131200000002);
#4479 = AXIS2_PLACEMENT_3D('',#4480,#4481,#4482);
#4480 = CARTESIAN_POINT('',(-2.,0.262399999997,-6.));
#4481 = DIRECTION('',(-5.551115123126E-17,-1.,0.));
#4482 = DIRECTION('',(1.718305301576E-28,-9.538510545726E-45,1.));
#4483 = ORIENTED_EDGE('',*,*,#4484,.T.);
#4484 = EDGE_CURVE('',#4476,#4485,#4487,.T.);
#4485 = VERTEX_POINT('',#4486);
#4486 = CARTESIAN_POINT('',(-2.,4.05763833864E-13,-6.));
#4487 = CIRCLE('',#4488,0.164);
#4488 = AXIS2_PLACEMENT_3D('',#4489,#4490,#4491);
#4489 = CARTESIAN_POINT('',(-2.,0.164,-6.));
#4490 = DIRECTION('',(1.,-1.110223024625E-16,-5.551115123126E-17));
#4491 = DIRECTION('',(1.110223024625E-16,1.,5.551115123126E-17));
#4492 = ORIENTED_EDGE('',*,*,#4484,.F.);
#4493 = SPHERICAL_SURFACE('',#4494,0.164);
#4494 = AXIS2_PLACEMENT_3D('',#4495,#4496,#4497);
#4495 = CARTESIAN_POINT('',(-2.,0.164,-6.));
#4496 = DIRECTION('',(-5.551115123126E-17,-1.,-0.));
#4497 = DIRECTION('',(1.536735126745E-28,-8.530593602312E-45,1.));
#4498 = ADVANCED_FACE('',(#4499),#4502,.F.);
#4499 = FACE_BOUND('',#4500,.F.);
#4500 = EDGE_LOOP('',(#4501));
#4501 = ORIENTED_EDGE('',*,*,#4475,.T.);
#4502 = PLANE('',#4503);
#4503 = AXIS2_PLACEMENT_3D('',#4504,#4505,#4506);
#4504 = CARTESIAN_POINT('',(-2.,0.2624,-6.));
#4505 = DIRECTION('',(-5.551115123126E-17,-1.,-0.));
#4506 = DIRECTION('',(1.718305301602E-28,-9.53851054587E-45,1.));
#4507 = ( GEOMETRIC_REPRESENTATION_CONTEXT(3) 
GLOBAL_UNCERTAINTY_ASSIGNED_CONTEXT((#4511)) 
GLOBAL_UNIT_ASSIGNED_CONTEXT((#4508,#4509,#4510)) REPRESENTATION_CONTEXT
('Context #1','3D Context with UNIT and UNCERTAINTY') );
#4508 = ( LENGTH_UNIT() NAMED_UNIT(*) SI_UNIT(.MILLI.,.METRE.) );
#4509 = ( NAMED_UNIT(*) PLANE_ANGLE_UNIT() SI_UNIT($,.RADIAN.) );
#4510 = ( NAMED_UNIT(*) SI_UNIT($,.STERADIAN.) SOLID_ANGLE_UNIT() );
#4511 = UNCERTAINTY_MEASURE_WITH_UNIT(LENGTH_MEASURE(1.E-07),#4508,
  'distance_accuracy_value','confusion accuracy');
#4512 = CONTEXT_DEPENDENT_SHAPE_REPRESENTATION(#4513,#4515);
#4513 = ( REPRESENTATION_RELATIONSHIP('','',#4468,#10) 
REPRESENTATION_RELATIONSHIP_WITH_TRANSFORMATION(#4514) 
SHAPE_REPRESENTATION_RELATIONSHIP() );
#4514 = ITEM_DEFINED_TRANSFORMATION('','',#11,#287);
#4515 = PRODUCT_DEFINITION_SHAPE('Placement','Placement of an item',
  #4516);
#4516 = NEXT_ASSEMBLY_USAGE_OCCURRENCE('158963','BALL_0067','',#5,#4463,
  $);
#4517 = PRODUCT_RELATED_PRODUCT_CATEGORY('part',$,(#4465));
#4518 = SHAPE_DEFINITION_REPRESENTATION(#4519,#4525);
#4519 = PRODUCT_DEFINITION_SHAPE('','',#4520);
#4520 = PRODUCT_DEFINITION('design','',#4521,#4524);
#4521 = PRODUCT_DEFINITION_FORMATION('','',#4522);
#4522 = PRODUCT('BALL_0068','BALL_0068','',(#4523));
#4523 = PRODUCT_CONTEXT('',#2,'mechanical');
#4524 = PRODUCT_DEFINITION_CONTEXT('part definition',#2,'design');
#4525 = ADVANCED_BREP_SHAPE_REPRESENTATION('',(#11,#4526),#4564);
#4526 = MANIFOLD_SOLID_BREP('',#4527);
#4527 = CLOSED_SHELL('',(#4528,#4555));
#4528 = ADVANCED_FACE('',(#4529),#4550,.T.);
#4529 = FACE_BOUND('',#4530,.T.);
#4530 = EDGE_LOOP('',(#4531,#4540,#4549));
#4531 = ORIENTED_EDGE('',*,*,#4532,.T.);
#4532 = EDGE_CURVE('',#4533,#4533,#4535,.T.);
#4533 = VERTEX_POINT('',#4534);
#4534 = CARTESIAN_POINT('',(-2.,0.262399999997,-5.868799999998));
#4535 = CIRCLE('',#4536,0.131200000002);
#4536 = AXIS2_PLACEMENT_3D('',#4537,#4538,#4539);
#4537 = CARTESIAN_POINT('',(-2.,0.262399999997,-6.));
#4538 = DIRECTION('',(-5.551115123126E-17,-1.,0.));
#4539 = DIRECTION('',(1.718305301576E-28,-9.538510545726E-45,1.));
#4540 = ORIENTED_EDGE('',*,*,#4541,.T.);
#4541 = EDGE_CURVE('',#4533,#4542,#4544,.T.);
#4542 = VERTEX_POINT('',#4543);
#4543 = CARTESIAN_POINT('',(-2.,4.05763833864E-13,-6.));
#4544 = CIRCLE('',#4545,0.164);
#4545 = AXIS2_PLACEMENT_3D('',#4546,#4547,#4548);
#4546 = CARTESIAN_POINT('',(-2.,0.164,-6.));
#4547 = DIRECTION('',(1.,-1.110223024625E-16,-5.551115123126E-17));
#4548 = DIRECTION('',(1.110223024625E-16,1.,5.551115123126E-17));
#4549 = ORIENTED_EDGE('',*,*,#4541,.F.);
#4550 = SPHERICAL_SURFACE('',#4551,0.164);
#4551 = AXIS2_PLACEMENT_3D('',#4552,#4553,#4554);
#4552 = CARTESIAN_POINT('',(-2.,0.164,-6.));
#4553 = DIRECTION('',(-5.551115123126E-17,-1.,-0.));
#4554 = DIRECTION('',(1.536735126745E-28,-8.530593602312E-45,1.));
#4555 = ADVANCED_FACE('',(#4556),#4559,.F.);
#4556 = FACE_BOUND('',#4557,.F.);
#4557 = EDGE_LOOP('',(#4558));
#4558 = ORIENTED_EDGE('',*,*,#4532,.T.);
#4559 = PLANE('',#4560);
#4560 = AXIS2_PLACEMENT_3D('',#4561,#4562,#4563);
#4561 = CARTESIAN_POINT('',(-2.,0.2624,-6.));
#4562 = DIRECTION('',(-5.551115123126E-17,-1.,-0.));
#4563 = DIRECTION('',(1.718305301602E-28,-9.53851054587E-45,1.));
#4564 = ( GEOMETRIC_REPRESENTATION_CONTEXT(3) 
GLOBAL_UNCERTAINTY_ASSIGNED_CONTEXT((#4568)) 
GLOBAL_UNIT_ASSIGNED_CONTEXT((#4565,#4566,#4567)) REPRESENTATION_CONTEXT
('Context #1','3D Context with UNIT and UNCERTAINTY') );
#4565 = ( LENGTH_UNIT() NAMED_UNIT(*) SI_UNIT(.MILLI.,.METRE.) );
#4566 = ( NAMED_UNIT(*) PLANE_ANGLE_UNIT() SI_UNIT($,.RADIAN.) );
#4567 = ( NAMED_UNIT(*) SI_UNIT($,.STERADIAN.) SOLID_ANGLE_UNIT() );
#4568 = UNCERTAINTY_MEASURE_WITH_UNIT(LENGTH_MEASURE(1.E-07),#4565,
  'distance_accuracy_value','confusion accuracy');
#4569 = CONTEXT_DEPENDENT_SHAPE_REPRESENTATION(#4570,#4572);
#4570 = ( REPRESENTATION_RELATIONSHIP('','',#4525,#10) 
REPRESENTATION_RELATIONSHIP_WITH_TRANSFORMATION(#4571) 
SHAPE_REPRESENTATION_RELATIONSHIP() );
#4571 = ITEM_DEFINED_TRANSFORMATION('','',#11,#291);
#4572 = PRODUCT_DEFINITION_SHAPE('Placement','Placement of an item',
  #4573);
#4573 = NEXT_ASSEMBLY_USAGE_OCCURRENCE('158964','BALL_0068','',#5,#4520,
  $);
#4574 = PRODUCT_RELATED_PRODUCT_CATEGORY('part',$,(#4522));
#4575 = SHAPE_DEFINITION_REPRESENTATION(#4576,#4582);
#4576 = PRODUCT_DEFINITION_SHAPE('','',#4577);
#4577 = PRODUCT_DEFINITION('design','',#4578,#4581);
#4578 = PRODUCT_DEFINITION_FORMATION('','',#4579);
#4579 = PRODUCT('BALL_0069','BALL_0069','',(#4580));
#4580 = PRODUCT_CONTEXT('',#2,'mechanical');
#4581 = PRODUCT_DEFINITION_CONTEXT('part definition',#2,'design');
#4582 = ADVANCED_BREP_SHAPE_REPRESENTATION('',(#11,#4583),#4621);
#4583 = MANIFOLD_SOLID_BREP('',#4584);
#4584 = CLOSED_SHELL('',(#4585,#4612));
#4585 = ADVANCED_FACE('',(#4586),#4607,.T.);
#4586 = FACE_BOUND('',#4587,.T.);
#4587 = EDGE_LOOP('',(#4588,#4597,#4606));
#4588 = ORIENTED_EDGE('',*,*,#4589,.T.);
#4589 = EDGE_CURVE('',#4590,#4590,#4592,.T.);
#4590 = VERTEX_POINT('',#4591);
#4591 = CARTESIAN_POINT('',(-2.,0.262399999997,-5.868799999998));
#4592 = CIRCLE('',#4593,0.131200000002);
#4593 = AXIS2_PLACEMENT_3D('',#4594,#4595,#4596);
#4594 = CARTESIAN_POINT('',(-2.,0.262399999997,-6.));
#4595 = DIRECTION('',(-5.551115123126E-17,-1.,0.));
#4596 = DIRECTION('',(1.718305301576E-28,-9.538510545726E-45,1.));
#4597 = ORIENTED_EDGE('',*,*,#4598,.T.);
#4598 = EDGE_CURVE('',#4590,#4599,#4601,.T.);
#4599 = VERTEX_POINT('',#4600);
#4600 = CARTESIAN_POINT('',(-2.,4.05763833864E-13,-6.));
#4601 = CIRCLE('',#4602,0.164);
#4602 = AXIS2_PLACEMENT_3D('',#4603,#4604,#4605);
#4603 = CARTESIAN_POINT('',(-2.,0.164,-6.));
#4604 = DIRECTION('',(1.,-1.110223024625E-16,-5.551115123126E-17));
#4605 = DIRECTION('',(1.110223024625E-16,1.,5.551115123126E-17));
#4606 = ORIENTED_EDGE('',*,*,#4598,.F.);
#4607 = SPHERICAL_SURFACE('',#4608,0.164);
#4608 = AXIS2_PLACEMENT_3D('',#4609,#4610,#4611);
#4609 = CARTESIAN_POINT('',(-2.,0.164,-6.));
#4610 = DIRECTION('',(-5.551115123126E-17,-1.,-0.));
#4611 = DIRECTION('',(1.536735126745E-28,-8.530593602312E-45,1.));
#4612 = ADVANCED_FACE('',(#4613),#4616,.F.);
#4613 = FACE_BOUND('',#4614,.F.);
#4614 = EDGE_LOOP('',(#4615));
#4615 = ORIENTED_EDGE('',*,*,#4589,.T.);
#4616 = PLANE('',#4617);
#4617 = AXIS2_PLACEMENT_3D('',#4618,#4619,#4620);
#4618 = CARTESIAN_POINT('',(-2.,0.2624,-6.));
#4619 = DIRECTION('',(-5.551115123126E-17,-1.,-0.));
#4620 = DIRECTION('',(1.718305301602E-28,-9.53851054587E-45,1.));
#4621 = ( GEOMETRIC_REPRESENTATION_CONTEXT(3) 
GLOBAL_UNCERTAINTY_ASSIGNED_CONTEXT((#4625)) 
GLOBAL_UNIT_ASSIGNED_CONTEXT((#4622,#4623,#4624)) REPRESENTATION_CONTEXT
('Context #1','3D Context with UNIT and UNCERTAINTY') );
#4622 = ( LENGTH_UNIT() NAMED_UNIT(*) SI_UNIT(.MILLI.,.METRE.) );
#4623 = ( NAMED_UNIT(*) PLANE_ANGLE_UNIT() SI_UNIT($,.RADIAN.) );
#4624 = ( NAMED_UNIT(*) SI_UNIT($,.STERADIAN.) SOLID_ANGLE_UNIT() );
#4625 = UNCERTAINTY_MEASURE_WITH_UNIT(LENGTH_MEASURE(1.E-07),#4622,
  'distance_accuracy_value','confusion accuracy');
#4626 = CONTEXT_DEPENDENT_SHAPE_REPRESENTATION(#4627,#4629);
#4627 = ( REPRESENTATION_RELATIONSHIP('','',#4582,#10) 
REPRESENTATION_RELATIONSHIP_WITH_TRANSFORMATION(#4628) 
SHAPE_REPRESENTATION_RELATIONSHIP() );
#4628 = ITEM_DEFINED_TRANSFORMATION('','',#11,#295);
#4629 = PRODUCT_DEFINITION_SHAPE('Placement','Placement of an item',
  #4630);
#4630 = NEXT_ASSEMBLY_USAGE_OCCURRENCE('158965','BALL_0069','',#5,#4577,
  $);
#4631 = PRODUCT_RELATED_PRODUCT_CATEGORY('part',$,(#4579));
#4632 = SHAPE_DEFINITION_REPRESENTATION(#4633,#4639);
#4633 = PRODUCT_DEFINITION_SHAPE('','',#4634);
#4634 = PRODUCT_DEFINITION('design','',#4635,#4638);
#4635 = PRODUCT_DEFINITION_FORMATION('','',#4636);
#4636 = PRODUCT('BALL_0070','BALL_0070','',(#4637));
#4637 = PRODUCT_CONTEXT('',#2,'mechanical');
#4638 = PRODUCT_DEFINITION_CONTEXT('part definition',#2,'design');
#4639 = ADVANCED_BREP_SHAPE_REPRESENTATION('',(#11,#4640),#4678);
#4640 = MANIFOLD_SOLID_BREP('',#4641);
#4641 = CLOSED_SHELL('',(#4642,#4669));
#4642 = ADVANCED_FACE('',(#4643),#4664,.T.);
#4643 = FACE_BOUND('',#4644,.T.);
#4644 = EDGE_LOOP('',(#4645,#4654,#4663));
#4645 = ORIENTED_EDGE('',*,*,#4646,.T.);
#4646 = EDGE_CURVE('',#4647,#4647,#4649,.T.);
#4647 = VERTEX_POINT('',#4648);
#4648 = CARTESIAN_POINT('',(-2.,0.262399999997,-5.868799999998));
#4649 = CIRCLE('',#4650,0.131200000002);
#4650 = AXIS2_PLACEMENT_3D('',#4651,#4652,#4653);
#4651 = CARTESIAN_POINT('',(-2.,0.262399999997,-6.));
#4652 = DIRECTION('',(-5.551115123126E-17,-1.,0.));
#4653 = DIRECTION('',(1.718305301576E-28,-9.538510545726E-45,1.));
#4654 = ORIENTED_EDGE('',*,*,#4655,.T.);
#4655 = EDGE_CURVE('',#4647,#4656,#4658,.T.);
#4656 = VERTEX_POINT('',#4657);
#4657 = CARTESIAN_POINT('',(-2.,4.05763833864E-13,-6.));
#4658 = CIRCLE('',#4659,0.164);
#4659 = AXIS2_PLACEMENT_3D('',#4660,#4661,#4662);
#4660 = CARTESIAN_POINT('',(-2.,0.164,-6.));
#4661 = DIRECTION('',(1.,-1.110223024625E-16,-5.551115123126E-17));
#4662 = DIRECTION('',(1.110223024625E-16,1.,5.551115123126E-17));
#4663 = ORIENTED_EDGE('',*,*,#4655,.F.);
#4664 = SPHERICAL_SURFACE('',#4665,0.164);
#4665 = AXIS2_PLACEMENT_3D('',#4666,#4667,#4668);
#4666 = CARTESIAN_POINT('',(-2.,0.164,-6.));
#4667 = DIRECTION('',(-5.551115123126E-17,-1.,-0.));
#4668 = DIRECTION('',(1.536735126745E-28,-8.530593602312E-45,1.));
#4669 = ADVANCED_FACE('',(#4670),#4673,.F.);
#4670 = FACE_BOUND('',#4671,.F.);
#4671 = EDGE_LOOP('',(#4672));
#4672 = ORIENTED_EDGE('',*,*,#4646,.T.);
#4673 = PLANE('',#4674);
#4674 = AXIS2_PLACEMENT_3D('',#4675,#4676,#4677);
#4675 = CARTESIAN_POINT('',(-2.,0.2624,-6.));
#4676 = DIRECTION('',(-5.551115123126E-17,-1.,-0.));
#4677 = DIRECTION('',(1.718305301602E-28,-9.53851054587E-45,1.));
#4678 = ( GEOMETRIC_REPRESENTATION_CONTEXT(3) 
GLOBAL_UNCERTAINTY_ASSIGNED_CONTEXT((#4682)) 
GLOBAL_UNIT_ASSIGNED_CONTEXT((#4679,#4680,#4681)) REPRESENTATION_CONTEXT
('Context #1','3D Context with UNIT and UNCERTAINTY') );
#4679 = ( LENGTH_UNIT() NAMED_UNIT(*) SI_UNIT(.MILLI.,.METRE.) );
#4680 = ( NAMED_UNIT(*) PLANE_ANGLE_UNIT() SI_UNIT($,.RADIAN.) );
#4681 = ( NAMED_UNIT(*) SI_UNIT($,.STERADIAN.) SOLID_ANGLE_UNIT() );
#4682 = UNCERTAINTY_MEASURE_WITH_UNIT(LENGTH_MEASURE(1.E-07),#4679,
  'distance_accuracy_value','confusion accuracy');
#4683 = CONTEXT_DEPENDENT_SHAPE_REPRESENTATION(#4684,#4686);
#4684 = ( REPRESENTATION_RELATIONSHIP('','',#4639,#10) 
REPRESENTATION_RELATIONSHIP_WITH_TRANSFORMATION(#4685) 
SHAPE_REPRESENTATION_RELATIONSHIP() );
#4685 = ITEM_DEFINED_TRANSFORMATION('','',#11,#299);
#4686 = PRODUCT_DEFINITION_SHAPE('Placement','Placement of an item',
  #4687);
#4687 = NEXT_ASSEMBLY_USAGE_OCCURRENCE('158966','BALL_0070','',#5,#4634,
  $);
#4688 = PRODUCT_RELATED_PRODUCT_CATEGORY('part',$,(#4636));
#4689 = SHAPE_DEFINITION_REPRESENTATION(#4690,#4696);
#4690 = PRODUCT_DEFINITION_SHAPE('','',#4691);
#4691 = PRODUCT_DEFINITION('design','',#4692,#4695);
#4692 = PRODUCT_DEFINITION_FORMATION('','',#4693);
#4693 = PRODUCT('BALL_0071','BALL_0071','',(#4694));
#4694 = PRODUCT_CONTEXT('',#2,'mechanical');
#4695 = PRODUCT_DEFINITION_CONTEXT('part definition',#2,'design');
#4696 = ADVANCED_BREP_SHAPE_REPRESENTATION('',(#11,#4697),#4735);
#4697 = MANIFOLD_SOLID_BREP('',#4698);
#4698 = CLOSED_SHELL('',(#4699,#4726));
#4699 = ADVANCED_FACE('',(#4700),#4721,.T.);
#4700 = FACE_BOUND('',#4701,.T.);
#4701 = EDGE_LOOP('',(#4702,#4711,#4720));
#4702 = ORIENTED_EDGE('',*,*,#4703,.T.);
#4703 = EDGE_CURVE('',#4704,#4704,#4706,.T.);
#4704 = VERTEX_POINT('',#4705);
#4705 = CARTESIAN_POINT('',(-2.,0.262399999997,-5.868799999998));
#4706 = CIRCLE('',#4707,0.131200000002);
#4707 = AXIS2_PLACEMENT_3D('',#4708,#4709,#4710);
#4708 = CARTESIAN_POINT('',(-2.,0.262399999997,-6.));
#4709 = DIRECTION('',(-5.551115123126E-17,-1.,0.));
#4710 = DIRECTION('',(1.718305301576E-28,-9.538510545726E-45,1.));
#4711 = ORIENTED_EDGE('',*,*,#4712,.T.);
#4712 = EDGE_CURVE('',#4704,#4713,#4715,.T.);
#4713 = VERTEX_POINT('',#4714);
#4714 = CARTESIAN_POINT('',(-2.,4.05763833864E-13,-6.));
#4715 = CIRCLE('',#4716,0.164);
#4716 = AXIS2_PLACEMENT_3D('',#4717,#4718,#4719);
#4717 = CARTESIAN_POINT('',(-2.,0.164,-6.));
#4718 = DIRECTION('',(1.,-1.110223024625E-16,-5.551115123126E-17));
#4719 = DIRECTION('',(1.110223024625E-16,1.,5.551115123126E-17));
#4720 = ORIENTED_EDGE('',*,*,#4712,.F.);
#4721 = SPHERICAL_SURFACE('',#4722,0.164);
#4722 = AXIS2_PLACEMENT_3D('',#4723,#4724,#4725);
#4723 = CARTESIAN_POINT('',(-2.,0.164,-6.));
#4724 = DIRECTION('',(-5.551115123126E-17,-1.,-0.));
#4725 = DIRECTION('',(1.536735126745E-28,-8.530593602312E-45,1.));
#4726 = ADVANCED_FACE('',(#4727),#4730,.F.);
#4727 = FACE_BOUND('',#4728,.F.);
#4728 = EDGE_LOOP('',(#4729));
#4729 = ORIENTED_EDGE('',*,*,#4703,.T.);
#4730 = PLANE('',#4731);
#4731 = AXIS2_PLACEMENT_3D('',#4732,#4733,#4734);
#4732 = CARTESIAN_POINT('',(-2.,0.2624,-6.));
#4733 = DIRECTION('',(-5.551115123126E-17,-1.,-0.));
#4734 = DIRECTION('',(1.718305301602E-28,-9.53851054587E-45,1.));
#4735 = ( GEOMETRIC_REPRESENTATION_CONTEXT(3) 
GLOBAL_UNCERTAINTY_ASSIGNED_CONTEXT((#4739)) 
GLOBAL_UNIT_ASSIGNED_CONTEXT((#4736,#4737,#4738)) REPRESENTATION_CONTEXT
('Context #1','3D Context with UNIT and UNCERTAINTY') );
#4736 = ( LENGTH_UNIT() NAMED_UNIT(*) SI_UNIT(.MILLI.,.METRE.) );
#4737 = ( NAMED_UNIT(*) PLANE_ANGLE_UNIT() SI_UNIT($,.RADIAN.) );
#4738 = ( NAMED_UNIT(*) SI_UNIT($,.STERADIAN.) SOLID_ANGLE_UNIT() );
#4739 = UNCERTAINTY_MEASURE_WITH_UNIT(LENGTH_MEASURE(1.E-07),#4736,
  'distance_accuracy_value','confusion accuracy');
#4740 = CONTEXT_DEPENDENT_SHAPE_REPRESENTATION(#4741,#4743);
#4741 = ( REPRESENTATION_RELATIONSHIP('','',#4696,#10) 
REPRESENTATION_RELATIONSHIP_WITH_TRANSFORMATION(#4742) 
SHAPE_REPRESENTATION_RELATIONSHIP() );
#4742 = ITEM_DEFINED_TRANSFORMATION('','',#11,#303);
#4743 = PRODUCT_DEFINITION_SHAPE('Placement','Placement of an item',
  #4744);
#4744 = NEXT_ASSEMBLY_USAGE_OCCURRENCE('158967','BALL_0071','',#5,#4691,
  $);
#4745 = PRODUCT_RELATED_PRODUCT_CATEGORY('part',$,(#4693));
#4746 = SHAPE_DEFINITION_REPRESENTATION(#4747,#4753);
#4747 = PRODUCT_DEFINITION_SHAPE('','',#4748);
#4748 = PRODUCT_DEFINITION('design','',#4749,#4752);
#4749 = PRODUCT_DEFINITION_FORMATION('','',#4750);
#4750 = PRODUCT('BALL_0072','BALL_0072','',(#4751));
#4751 = PRODUCT_CONTEXT('',#2,'mechanical');
#4752 = PRODUCT_DEFINITION_CONTEXT('part definition',#2,'design');
#4753 = ADVANCED_BREP_SHAPE_REPRESENTATION('',(#11,#4754),#4792);
#4754 = MANIFOLD_SOLID_BREP('',#4755);
#4755 = CLOSED_SHELL('',(#4756,#4783));
#4756 = ADVANCED_FACE('',(#4757),#4778,.T.);
#4757 = FACE_BOUND('',#4758,.T.);
#4758 = EDGE_LOOP('',(#4759,#4768,#4777));
#4759 = ORIENTED_EDGE('',*,*,#4760,.T.);
#4760 = EDGE_CURVE('',#4761,#4761,#4763,.T.);
#4761 = VERTEX_POINT('',#4762);
#4762 = CARTESIAN_POINT('',(-2.,0.262399999997,-5.868799999998));
#4763 = CIRCLE('',#4764,0.131200000002);
#4764 = AXIS2_PLACEMENT_3D('',#4765,#4766,#4767);
#4765 = CARTESIAN_POINT('',(-2.,0.262399999997,-6.));
#4766 = DIRECTION('',(-5.551115123126E-17,-1.,0.));
#4767 = DIRECTION('',(1.718305301576E-28,-9.538510545726E-45,1.));
#4768 = ORIENTED_EDGE('',*,*,#4769,.T.);
#4769 = EDGE_CURVE('',#4761,#4770,#4772,.T.);
#4770 = VERTEX_POINT('',#4771);
#4771 = CARTESIAN_POINT('',(-2.,4.05763833864E-13,-6.));
#4772 = CIRCLE('',#4773,0.164);
#4773 = AXIS2_PLACEMENT_3D('',#4774,#4775,#4776);
#4774 = CARTESIAN_POINT('',(-2.,0.164,-6.));
#4775 = DIRECTION('',(1.,-1.110223024625E-16,-5.551115123126E-17));
#4776 = DIRECTION('',(1.110223024625E-16,1.,5.551115123126E-17));
#4777 = ORIENTED_EDGE('',*,*,#4769,.F.);
#4778 = SPHERICAL_SURFACE('',#4779,0.164);
#4779 = AXIS2_PLACEMENT_3D('',#4780,#4781,#4782);
#4780 = CARTESIAN_POINT('',(-2.,0.164,-6.));
#4781 = DIRECTION('',(-5.551115123126E-17,-1.,-0.));
#4782 = DIRECTION('',(1.536735126745E-28,-8.530593602312E-45,1.));
#4783 = ADVANCED_FACE('',(#4784),#4787,.F.);
#4784 = FACE_BOUND('',#4785,.F.);
#4785 = EDGE_LOOP('',(#4786));
#4786 = ORIENTED_EDGE('',*,*,#4760,.T.);
#4787 = PLANE('',#4788);
#4788 = AXIS2_PLACEMENT_3D('',#4789,#4790,#4791);
#4789 = CARTESIAN_POINT('',(-2.,0.2624,-6.));
#4790 = DIRECTION('',(-5.551115123126E-17,-1.,-0.));
#4791 = DIRECTION('',(1.718305301602E-28,-9.53851054587E-45,1.));
#4792 = ( GEOMETRIC_REPRESENTATION_CONTEXT(3) 
GLOBAL_UNCERTAINTY_ASSIGNED_CONTEXT((#4796)) 
GLOBAL_UNIT_ASSIGNED_CONTEXT((#4793,#4794,#4795)) REPRESENTATION_CONTEXT
('Context #1','3D Context with UNIT and UNCERTAINTY') );
#4793 = ( LENGTH_UNIT() NAMED_UNIT(*) SI_UNIT(.MILLI.,.METRE.) );
#4794 = ( NAMED_UNIT(*) PLANE_ANGLE_UNIT() SI_UNIT($,.RADIAN.) );
#4795 = ( NAMED_UNIT(*) SI_UNIT($,.STERADIAN.) SOLID_ANGLE_UNIT() );
#4796 = UNCERTAINTY_MEASURE_WITH_UNIT(LENGTH_MEASURE(1.E-07),#4793,
  'distance_accuracy_value','confusion accuracy');
#4797 = CONTEXT_DEPENDENT_SHAPE_REPRESENTATION(#4798,#4800);
#4798 = ( REPRESENTATION_RELATIONSHIP('','',#4753,#10) 
REPRESENTATION_RELATIONSHIP_WITH_TRANSFORMATION(#4799) 
SHAPE_REPRESENTATION_RELATIONSHIP() );
#4799 = ITEM_DEFINED_TRANSFORMATION('','',#11,#307);
#4800 = PRODUCT_DEFINITION_SHAPE('Placement','Placement of an item',
  #4801);
#4801 = NEXT_ASSEMBLY_USAGE_OCCURRENCE('158968','BALL_0072','',#5,#4748,
  $);
#4802 = PRODUCT_RELATED_PRODUCT_CATEGORY('part',$,(#4750));
#4803 = SHAPE_DEFINITION_REPRESENTATION(#4804,#4810);
#4804 = PRODUCT_DEFINITION_SHAPE('','',#4805);
#4805 = PRODUCT_DEFINITION('design','',#4806,#4809);
#4806 = PRODUCT_DEFINITION_FORMATION('','',#4807);
#4807 = PRODUCT('BALL_0073','BALL_0073','',(#4808));
#4808 = PRODUCT_CONTEXT('',#2,'mechanical');
#4809 = PRODUCT_DEFINITION_CONTEXT('part definition',#2,'design');
#4810 = ADVANCED_BREP_SHAPE_REPRESENTATION('',(#11,#4811),#4849);
#4811 = MANIFOLD_SOLID_BREP('',#4812);
#4812 = CLOSED_SHELL('',(#4813,#4840));
#4813 = ADVANCED_FACE('',(#4814),#4835,.T.);
#4814 = FACE_BOUND('',#4815,.T.);
#4815 = EDGE_LOOP('',(#4816,#4825,#4834));
#4816 = ORIENTED_EDGE('',*,*,#4817,.T.);
#4817 = EDGE_CURVE('',#4818,#4818,#4820,.T.);
#4818 = VERTEX_POINT('',#4819);
#4819 = CARTESIAN_POINT('',(-2.,0.262399999997,-5.868799999998));
#4820 = CIRCLE('',#4821,0.131200000002);
#4821 = AXIS2_PLACEMENT_3D('',#4822,#4823,#4824);
#4822 = CARTESIAN_POINT('',(-2.,0.262399999997,-6.));
#4823 = DIRECTION('',(-5.551115123126E-17,-1.,0.));
#4824 = DIRECTION('',(1.718305301576E-28,-9.538510545726E-45,1.));
#4825 = ORIENTED_EDGE('',*,*,#4826,.T.);
#4826 = EDGE_CURVE('',#4818,#4827,#4829,.T.);
#4827 = VERTEX_POINT('',#4828);
#4828 = CARTESIAN_POINT('',(-2.,4.05763833864E-13,-6.));
#4829 = CIRCLE('',#4830,0.164);
#4830 = AXIS2_PLACEMENT_3D('',#4831,#4832,#4833);
#4831 = CARTESIAN_POINT('',(-2.,0.164,-6.));
#4832 = DIRECTION('',(1.,-1.110223024625E-16,-5.551115123126E-17));
#4833 = DIRECTION('',(1.110223024625E-16,1.,5.551115123126E-17));
#4834 = ORIENTED_EDGE('',*,*,#4826,.F.);
#4835 = SPHERICAL_SURFACE('',#4836,0.164);
#4836 = AXIS2_PLACEMENT_3D('',#4837,#4838,#4839);
#4837 = CARTESIAN_POINT('',(-2.,0.164,-6.));
#4838 = DIRECTION('',(-5.551115123126E-17,-1.,-0.));
#4839 = DIRECTION('',(1.536735126745E-28,-8.530593602312E-45,1.));
#4840 = ADVANCED_FACE('',(#4841),#4844,.F.);
#4841 = FACE_BOUND('',#4842,.F.);
#4842 = EDGE_LOOP('',(#4843));
#4843 = ORIENTED_EDGE('',*,*,#4817,.T.);
#4844 = PLANE('',#4845);
#4845 = AXIS2_PLACEMENT_3D('',#4846,#4847,#4848);
#4846 = CARTESIAN_POINT('',(-2.,0.2624,-6.));
#4847 = DIRECTION('',(-5.551115123126E-17,-1.,-0.));
#4848 = DIRECTION('',(1.718305301602E-28,-9.53851054587E-45,1.));
#4849 = ( GEOMETRIC_REPRESENTATION_CONTEXT(3) 
GLOBAL_UNCERTAINTY_ASSIGNED_CONTEXT((#4853)) 
GLOBAL_UNIT_ASSIGNED_CONTEXT((#4850,#4851,#4852)) REPRESENTATION_CONTEXT
('Context #1','3D Context with UNIT and UNCERTAINTY') );
#4850 = ( LENGTH_UNIT() NAMED_UNIT(*) SI_UNIT(.MILLI.,.METRE.) );
#4851 = ( NAMED_UNIT(*) PLANE_ANGLE_UNIT() SI_UNIT($,.RADIAN.) );
#4852 = ( NAMED_UNIT(*) SI_UNIT($,.STERADIAN.) SOLID_ANGLE_UNIT() );
#4853 = UNCERTAINTY_MEASURE_WITH_UNIT(LENGTH_MEASURE(1.E-07),#4850,
  'distance_accuracy_value','confusion accuracy');
#4854 = CONTEXT_DEPENDENT_SHAPE_REPRESENTATION(#4855,#4857);
#4855 = ( REPRESENTATION_RELATIONSHIP('','',#4810,#10) 
REPRESENTATION_RELATIONSHIP_WITH_TRANSFORMATION(#4856) 
SHAPE_REPRESENTATION_RELATIONSHIP() );
#4856 = ITEM_DEFINED_TRANSFORMATION('','',#11,#311);
#4857 = PRODUCT_DEFINITION_SHAPE('Placement','Placement of an item',
  #4858);
#4858 = NEXT_ASSEMBLY_USAGE_OCCURRENCE('158969','BALL_0073','',#5,#4805,
  $);
#4859 = PRODUCT_RELATED_PRODUCT_CATEGORY('part',$,(#4807));
#4860 = SHAPE_DEFINITION_REPRESENTATION(#4861,#4867);
#4861 = PRODUCT_DEFINITION_SHAPE('','',#4862);
#4862 = PRODUCT_DEFINITION('design','',#4863,#4866);
#4863 = PRODUCT_DEFINITION_FORMATION('','',#4864);
#4864 = PRODUCT('BALL_0074','BALL_0074','',(#4865));
#4865 = PRODUCT_CONTEXT('',#2,'mechanical');
#4866 = PRODUCT_DEFINITION_CONTEXT('part definition',#2,'design');
#4867 = ADVANCED_BREP_SHAPE_REPRESENTATION('',(#11,#4868),#4906);
#4868 = MANIFOLD_SOLID_BREP('',#4869);
#4869 = CLOSED_SHELL('',(#4870,#4897));
#4870 = ADVANCED_FACE('',(#4871),#4892,.T.);
#4871 = FACE_BOUND('',#4872,.T.);
#4872 = EDGE_LOOP('',(#4873,#4882,#4891));
#4873 = ORIENTED_EDGE('',*,*,#4874,.T.);
#4874 = EDGE_CURVE('',#4875,#4875,#4877,.T.);
#4875 = VERTEX_POINT('',#4876);
#4876 = CARTESIAN_POINT('',(-2.,0.262399999997,-5.868799999998));
#4877 = CIRCLE('',#4878,0.131200000002);
#4878 = AXIS2_PLACEMENT_3D('',#4879,#4880,#4881);
#4879 = CARTESIAN_POINT('',(-2.,0.262399999997,-6.));
#4880 = DIRECTION('',(-5.551115123126E-17,-1.,0.));
#4881 = DIRECTION('',(1.718305301576E-28,-9.538510545726E-45,1.));
#4882 = ORIENTED_EDGE('',*,*,#4883,.T.);
#4883 = EDGE_CURVE('',#4875,#4884,#4886,.T.);
#4884 = VERTEX_POINT('',#4885);
#4885 = CARTESIAN_POINT('',(-2.,4.05763833864E-13,-6.));
#4886 = CIRCLE('',#4887,0.164);
#4887 = AXIS2_PLACEMENT_3D('',#4888,#4889,#4890);
#4888 = CARTESIAN_POINT('',(-2.,0.164,-6.));
#4889 = DIRECTION('',(1.,-1.110223024625E-16,-5.551115123126E-17));
#4890 = DIRECTION('',(1.110223024625E-16,1.,5.551115123126E-17));
#4891 = ORIENTED_EDGE('',*,*,#4883,.F.);
#4892 = SPHERICAL_SURFACE('',#4893,0.164);
#4893 = AXIS2_PLACEMENT_3D('',#4894,#4895,#4896);
#4894 = CARTESIAN_POINT('',(-2.,0.164,-6.));
#4895 = DIRECTION('',(-5.551115123126E-17,-1.,-0.));
#4896 = DIRECTION('',(1.536735126745E-28,-8.530593602312E-45,1.));
#4897 = ADVANCED_FACE('',(#4898),#4901,.F.);
#4898 = FACE_BOUND('',#4899,.F.);
#4899 = EDGE_LOOP('',(#4900));
#4900 = ORIENTED_EDGE('',*,*,#4874,.T.);
#4901 = PLANE('',#4902);
#4902 = AXIS2_PLACEMENT_3D('',#4903,#4904,#4905);
#4903 = CARTESIAN_POINT('',(-2.,0.2624,-6.));
#4904 = DIRECTION('',(-5.551115123126E-17,-1.,-0.));
#4905 = DIRECTION('',(1.718305301602E-28,-9.53851054587E-45,1.));
#4906 = ( GEOMETRIC_REPRESENTATION_CONTEXT(3) 
GLOBAL_UNCERTAINTY_ASSIGNED_CONTEXT((#4910)) 
GLOBAL_UNIT_ASSIGNED_CONTEXT((#4907,#4908,#4909)) REPRESENTATION_CONTEXT
('Context #1','3D Context with UNIT and UNCERTAINTY') );
#4907 = ( LENGTH_UNIT() NAMED_UNIT(*) SI_UNIT(.MILLI.,.METRE.) );
#4908 = ( NAMED_UNIT(*) PLANE_ANGLE_UNIT() SI_UNIT($,.RADIAN.) );
#4909 = ( NAMED_UNIT(*) SI_UNIT($,.STERADIAN.) SOLID_ANGLE_UNIT() );
#4910 = UNCERTAINTY_MEASURE_WITH_UNIT(LENGTH_MEASURE(1.E-07),#4907,
  'distance_accuracy_value','confusion accuracy');
#4911 = CONTEXT_DEPENDENT_SHAPE_REPRESENTATION(#4912,#4914);
#4912 = ( REPRESENTATION_RELATIONSHIP('','',#4867,#10) 
REPRESENTATION_RELATIONSHIP_WITH_TRANSFORMATION(#4913) 
SHAPE_REPRESENTATION_RELATIONSHIP() );
#4913 = ITEM_DEFINED_TRANSFORMATION('','',#11,#315);
#4914 = PRODUCT_DEFINITION_SHAPE('Placement','Placement of an item',
  #4915);
#4915 = NEXT_ASSEMBLY_USAGE_OCCURRENCE('158970','BALL_0074','',#5,#4862,
  $);
#4916 = PRODUCT_RELATED_PRODUCT_CATEGORY('part',$,(#4864));
#4917 = SHAPE_DEFINITION_REPRESENTATION(#4918,#4924);
#4918 = PRODUCT_DEFINITION_SHAPE('','',#4919);
#4919 = PRODUCT_DEFINITION('design','',#4920,#4923);
#4920 = PRODUCT_DEFINITION_FORMATION('','',#4921);
#4921 = PRODUCT('BALL_0075','BALL_0075','',(#4922));
#4922 = PRODUCT_CONTEXT('',#2,'mechanical');
#4923 = PRODUCT_DEFINITION_CONTEXT('part definition',#2,'design');
#4924 = ADVANCED_BREP_SHAPE_REPRESENTATION('',(#11,#4925),#4963);
#4925 = MANIFOLD_SOLID_BREP('',#4926);
#4926 = CLOSED_SHELL('',(#4927,#4954));
#4927 = ADVANCED_FACE('',(#4928),#4949,.T.);
#4928 = FACE_BOUND('',#4929,.T.);
#4929 = EDGE_LOOP('',(#4930,#4939,#4948));
#4930 = ORIENTED_EDGE('',*,*,#4931,.T.);
#4931 = EDGE_CURVE('',#4932,#4932,#4934,.T.);
#4932 = VERTEX_POINT('',#4933);
#4933 = CARTESIAN_POINT('',(-2.,0.262399999997,-5.868799999998));
#4934 = CIRCLE('',#4935,0.131200000002);
#4935 = AXIS2_PLACEMENT_3D('',#4936,#4937,#4938);
#4936 = CARTESIAN_POINT('',(-2.,0.262399999997,-6.));
#4937 = DIRECTION('',(-5.551115123126E-17,-1.,0.));
#4938 = DIRECTION('',(1.718305301576E-28,-9.538510545726E-45,1.));
#4939 = ORIENTED_EDGE('',*,*,#4940,.T.);
#4940 = EDGE_CURVE('',#4932,#4941,#4943,.T.);
#4941 = VERTEX_POINT('',#4942);
#4942 = CARTESIAN_POINT('',(-2.,4.05763833864E-13,-6.));
#4943 = CIRCLE('',#4944,0.164);
#4944 = AXIS2_PLACEMENT_3D('',#4945,#4946,#4947);
#4945 = CARTESIAN_POINT('',(-2.,0.164,-6.));
#4946 = DIRECTION('',(1.,-1.110223024625E-16,-5.551115123126E-17));
#4947 = DIRECTION('',(1.110223024625E-16,1.,5.551115123126E-17));
#4948 = ORIENTED_EDGE('',*,*,#4940,.F.);
#4949 = SPHERICAL_SURFACE('',#4950,0.164);
#4950 = AXIS2_PLACEMENT_3D('',#4951,#4952,#4953);
#4951 = CARTESIAN_POINT('',(-2.,0.164,-6.));
#4952 = DIRECTION('',(-5.551115123126E-17,-1.,-0.));
#4953 = DIRECTION('',(1.536735126745E-28,-8.530593602312E-45,1.));
#4954 = ADVANCED_FACE('',(#4955),#4958,.F.);
#4955 = FACE_BOUND('',#4956,.F.);
#4956 = EDGE_LOOP('',(#4957));
#4957 = ORIENTED_EDGE('',*,*,#4931,.T.);
#4958 = PLANE('',#4959);
#4959 = AXIS2_PLACEMENT_3D('',#4960,#4961,#4962);
#4960 = CARTESIAN_POINT('',(-2.,0.2624,-6.));
#4961 = DIRECTION('',(-5.551115123126E-17,-1.,-0.));
#4962 = DIRECTION('',(1.718305301602E-28,-9.53851054587E-45,1.));
#4963 = ( GEOMETRIC_REPRESENTATION_CONTEXT(3) 
GLOBAL_UNCERTAINTY_ASSIGNED_CONTEXT((#4967)) 
GLOBAL_UNIT_ASSIGNED_CONTEXT((#4964,#4965,#4966)) REPRESENTATION_CONTEXT
('Context #1','3D Context with UNIT and UNCERTAINTY') );
#4964 = ( LENGTH_UNIT() NAMED_UNIT(*) SI_UNIT(.MILLI.,.METRE.) );
#4965 = ( NAMED_UNIT(*) PLANE_ANGLE_UNIT() SI_UNIT($,.RADIAN.) );
#4966 = ( NAMED_UNIT(*) SI_UNIT($,.STERADIAN.) SOLID_ANGLE_UNIT() );
#4967 = UNCERTAINTY_MEASURE_WITH_UNIT(LENGTH_MEASURE(1.E-07),#4964,
  'distance_accuracy_value','confusion accuracy');
#4968 = CONTEXT_DEPENDENT_SHAPE_REPRESENTATION(#4969,#4971);
#4969 = ( REPRESENTATION_RELATIONSHIP('','',#4924,#10) 
REPRESENTATION_RELATIONSHIP_WITH_TRANSFORMATION(#4970) 
SHAPE_REPRESENTATION_RELATIONSHIP() );
#4970 = ITEM_DEFINED_TRANSFORMATION('','',#11,#319);
#4971 = PRODUCT_DEFINITION_SHAPE('Placement','Placement of an item',
  #4972);
#4972 = NEXT_ASSEMBLY_USAGE_OCCURRENCE('158971','BALL_0075','',#5,#4919,
  $);
#4973 = PRODUCT_RELATED_PRODUCT_CATEGORY('part',$,(#4921));
#4974 = SHAPE_DEFINITION_REPRESENTATION(#4975,#4981);
#4975 = PRODUCT_DEFINITION_SHAPE('','',#4976);
#4976 = PRODUCT_DEFINITION('design','',#4977,#4980);
#4977 = PRODUCT_DEFINITION_FORMATION('','',#4978);
#4978 = PRODUCT('BALL_0076','BALL_0076','',(#4979));
#4979 = PRODUCT_CONTEXT('',#2,'mechanical');
#4980 = PRODUCT_DEFINITION_CONTEXT('part definition',#2,'design');
#4981 = ADVANCED_BREP_SHAPE_REPRESENTATION('',(#11,#4982),#5020);
#4982 = MANIFOLD_SOLID_BREP('',#4983);
#4983 = CLOSED_SHELL('',(#4984,#5011));
#4984 = ADVANCED_FACE('',(#4985),#5006,.T.);
#4985 = FACE_BOUND('',#4986,.T.);
#4986 = EDGE_LOOP('',(#4987,#4996,#5005));
#4987 = ORIENTED_EDGE('',*,*,#4988,.T.);
#4988 = EDGE_CURVE('',#4989,#4989,#4991,.T.);
#4989 = VERTEX_POINT('',#4990);
#4990 = CARTESIAN_POINT('',(-2.,0.262399999997,-5.868799999998));
#4991 = CIRCLE('',#4992,0.131200000002);
#4992 = AXIS2_PLACEMENT_3D('',#4993,#4994,#4995);
#4993 = CARTESIAN_POINT('',(-2.,0.262399999997,-6.));
#4994 = DIRECTION('',(-5.551115123126E-17,-1.,0.));
#4995 = DIRECTION('',(1.718305301576E-28,-9.538510545726E-45,1.));
#4996 = ORIENTED_EDGE('',*,*,#4997,.T.);
#4997 = EDGE_CURVE('',#4989,#4998,#5000,.T.);
#4998 = VERTEX_POINT('',#4999);
#4999 = CARTESIAN_POINT('',(-2.,4.05763833864E-13,-6.));
#5000 = CIRCLE('',#5001,0.164);
#5001 = AXIS2_PLACEMENT_3D('',#5002,#5003,#5004);
#5002 = CARTESIAN_POINT('',(-2.,0.164,-6.));
#5003 = DIRECTION('',(1.,-1.110223024625E-16,-5.551115123126E-17));
#5004 = DIRECTION('',(1.110223024625E-16,1.,5.551115123126E-17));
#5005 = ORIENTED_EDGE('',*,*,#4997,.F.);
#5006 = SPHERICAL_SURFACE('',#5007,0.164);
#5007 = AXIS2_PLACEMENT_3D('',#5008,#5009,#5010);
#5008 = CARTESIAN_POINT('',(-2.,0.164,-6.));
#5009 = DIRECTION('',(-5.551115123126E-17,-1.,-0.));
#5010 = DIRECTION('',(1.536735126745E-28,-8.530593602312E-45,1.));
#5011 = ADVANCED_FACE('',(#5012),#5015,.F.);
#5012 = FACE_BOUND('',#5013,.F.);
#5013 = EDGE_LOOP('',(#5014));
#5014 = ORIENTED_EDGE('',*,*,#4988,.T.);
#5015 = PLANE('',#5016);
#5016 = AXIS2_PLACEMENT_3D('',#5017,#5018,#5019);
#5017 = CARTESIAN_POINT('',(-2.,0.2624,-6.));
#5018 = DIRECTION('',(-5.551115123126E-17,-1.,-0.));
#5019 = DIRECTION('',(1.718305301602E-28,-9.53851054587E-45,1.));
#5020 = ( GEOMETRIC_REPRESENTATION_CONTEXT(3) 
GLOBAL_UNCERTAINTY_ASSIGNED_CONTEXT((#5024)) 
GLOBAL_UNIT_ASSIGNED_CONTEXT((#5021,#5022,#5023)) REPRESENTATION_CONTEXT
('Context #1','3D Context with UNIT and UNCERTAINTY') );
#5021 = ( LENGTH_UNIT() NAMED_UNIT(*) SI_UNIT(.MILLI.,.METRE.) );
#5022 = ( NAMED_UNIT(*) PLANE_ANGLE_UNIT() SI_UNIT($,.RADIAN.) );
#5023 = ( NAMED_UNIT(*) SI_UNIT($,.STERADIAN.) SOLID_ANGLE_UNIT() );
#5024 = UNCERTAINTY_MEASURE_WITH_UNIT(LENGTH_MEASURE(1.E-07),#5021,
  'distance_accuracy_value','confusion accuracy');
#5025 = CONTEXT_DEPENDENT_SHAPE_REPRESENTATION(#5026,#5028);
#5026 = ( REPRESENTATION_RELATIONSHIP('','',#4981,#10) 
REPRESENTATION_RELATIONSHIP_WITH_TRANSFORMATION(#5027) 
SHAPE_REPRESENTATION_RELATIONSHIP() );
#5027 = ITEM_DEFINED_TRANSFORMATION('','',#11,#323);
#5028 = PRODUCT_DEFINITION_SHAPE('Placement','Placement of an item',
  #5029);
#5029 = NEXT_ASSEMBLY_USAGE_OCCURRENCE('158972','BALL_0076','',#5,#4976,
  $);
#5030 = PRODUCT_RELATED_PRODUCT_CATEGORY('part',$,(#4978));
#5031 = SHAPE_DEFINITION_REPRESENTATION(#5032,#5038);
#5032 = PRODUCT_DEFINITION_SHAPE('','',#5033);
#5033 = PRODUCT_DEFINITION('design','',#5034,#5037);
#5034 = PRODUCT_DEFINITION_FORMATION('','',#5035);
#5035 = PRODUCT('BALL_0077','BALL_0077','',(#5036));
#5036 = PRODUCT_CONTEXT('',#2,'mechanical');
#5037 = PRODUCT_DEFINITION_CONTEXT('part definition',#2,'design');
#5038 = ADVANCED_BREP_SHAPE_REPRESENTATION('',(#11,#5039),#5077);
#5039 = MANIFOLD_SOLID_BREP('',#5040);
#5040 = CLOSED_SHELL('',(#5041,#5068));
#5041 = ADVANCED_FACE('',(#5042),#5063,.T.);
#5042 = FACE_BOUND('',#5043,.T.);
#5043 = EDGE_LOOP('',(#5044,#5053,#5062));
#5044 = ORIENTED_EDGE('',*,*,#5045,.T.);
#5045 = EDGE_CURVE('',#5046,#5046,#5048,.T.);
#5046 = VERTEX_POINT('',#5047);
#5047 = CARTESIAN_POINT('',(-2.,0.262399999997,-5.868799999998));
#5048 = CIRCLE('',#5049,0.131200000002);
#5049 = AXIS2_PLACEMENT_3D('',#5050,#5051,#5052);
#5050 = CARTESIAN_POINT('',(-2.,0.262399999997,-6.));
#5051 = DIRECTION('',(-5.551115123126E-17,-1.,0.));
#5052 = DIRECTION('',(1.718305301576E-28,-9.538510545726E-45,1.));
#5053 = ORIENTED_EDGE('',*,*,#5054,.T.);
#5054 = EDGE_CURVE('',#5046,#5055,#5057,.T.);
#5055 = VERTEX_POINT('',#5056);
#5056 = CARTESIAN_POINT('',(-2.,4.05763833864E-13,-6.));
#5057 = CIRCLE('',#5058,0.164);
#5058 = AXIS2_PLACEMENT_3D('',#5059,#5060,#5061);
#5059 = CARTESIAN_POINT('',(-2.,0.164,-6.));
#5060 = DIRECTION('',(1.,-1.110223024625E-16,-5.551115123126E-17));
#5061 = DIRECTION('',(1.110223024625E-16,1.,5.551115123126E-17));
#5062 = ORIENTED_EDGE('',*,*,#5054,.F.);
#5063 = SPHERICAL_SURFACE('',#5064,0.164);
#5064 = AXIS2_PLACEMENT_3D('',#5065,#5066,#5067);
#5065 = CARTESIAN_POINT('',(-2.,0.164,-6.));
#5066 = DIRECTION('',(-5.551115123126E-17,-1.,-0.));
#5067 = DIRECTION('',(1.536735126745E-28,-8.530593602312E-45,1.));
#5068 = ADVANCED_FACE('',(#5069),#5072,.F.);
#5069 = FACE_BOUND('',#5070,.F.);
#5070 = EDGE_LOOP('',(#5071));
#5071 = ORIENTED_EDGE('',*,*,#5045,.T.);
#5072 = PLANE('',#5073);
#5073 = AXIS2_PLACEMENT_3D('',#5074,#5075,#5076);
#5074 = CARTESIAN_POINT('',(-2.,0.2624,-6.));
#5075 = DIRECTION('',(-5.551115123126E-17,-1.,-0.));
#5076 = DIRECTION('',(1.718305301602E-28,-9.53851054587E-45,1.));
#5077 = ( GEOMETRIC_REPRESENTATION_CONTEXT(3) 
GLOBAL_UNCERTAINTY_ASSIGNED_CONTEXT((#5081)) 
GLOBAL_UNIT_ASSIGNED_CONTEXT((#5078,#5079,#5080)) REPRESENTATION_CONTEXT
('Context #1','3D Context with UNIT and UNCERTAINTY') );
#5078 = ( LENGTH_UNIT() NAMED_UNIT(*) SI_UNIT(.MILLI.,.METRE.) );
#5079 = ( NAMED_UNIT(*) PLANE_ANGLE_UNIT() SI_UNIT($,.RADIAN.) );
#5080 = ( NAMED_UNIT(*) SI_UNIT($,.STERADIAN.) SOLID_ANGLE_UNIT() );
#5081 = UNCERTAINTY_MEASURE_WITH_UNIT(LENGTH_MEASURE(1.E-07),#5078,
  'distance_accuracy_value','confusion accuracy');
#5082 = CONTEXT_DEPENDENT_SHAPE_REPRESENTATION(#5083,#5085);
#5083 = ( REPRESENTATION_RELATIONSHIP('','',#5038,#10) 
REPRESENTATION_RELATIONSHIP_WITH_TRANSFORMATION(#5084) 
SHAPE_REPRESENTATION_RELATIONSHIP() );
#5084 = ITEM_DEFINED_TRANSFORMATION('','',#11,#327);
#5085 = PRODUCT_DEFINITION_SHAPE('Placement','Placement of an item',
  #5086);
#5086 = NEXT_ASSEMBLY_USAGE_OCCURRENCE('158973','BALL_0077','',#5,#5033,
  $);
#5087 = PRODUCT_RELATED_PRODUCT_CATEGORY('part',$,(#5035));
#5088 = SHAPE_DEFINITION_REPRESENTATION(#5089,#5095);
#5089 = PRODUCT_DEFINITION_SHAPE('','',#5090);
#5090 = PRODUCT_DEFINITION('design','',#5091,#5094);
#5091 = PRODUCT_DEFINITION_FORMATION('','',#5092);
#5092 = PRODUCT('BALL_0078','BALL_0078','',(#5093));
#5093 = PRODUCT_CONTEXT('',#2,'mechanical');
#5094 = PRODUCT_DEFINITION_CONTEXT('part definition',#2,'design');
#5095 = ADVANCED_BREP_SHAPE_REPRESENTATION('',(#11,#5096),#5134);
#5096 = MANIFOLD_SOLID_BREP('',#5097);
#5097 = CLOSED_SHELL('',(#5098,#5125));
#5098 = ADVANCED_FACE('',(#5099),#5120,.T.);
#5099 = FACE_BOUND('',#5100,.T.);
#5100 = EDGE_LOOP('',(#5101,#5110,#5119));
#5101 = ORIENTED_EDGE('',*,*,#5102,.T.);
#5102 = EDGE_CURVE('',#5103,#5103,#5105,.T.);
#5103 = VERTEX_POINT('',#5104);
#5104 = CARTESIAN_POINT('',(-2.,0.262399999997,-5.868799999998));
#5105 = CIRCLE('',#5106,0.131200000002);
#5106 = AXIS2_PLACEMENT_3D('',#5107,#5108,#5109);
#5107 = CARTESIAN_POINT('',(-2.,0.262399999997,-6.));
#5108 = DIRECTION('',(-5.551115123126E-17,-1.,0.));
#5109 = DIRECTION('',(1.718305301576E-28,-9.538510545726E-45,1.));
#5110 = ORIENTED_EDGE('',*,*,#5111,.T.);
#5111 = EDGE_CURVE('',#5103,#5112,#5114,.T.);
#5112 = VERTEX_POINT('',#5113);
#5113 = CARTESIAN_POINT('',(-2.,4.05763833864E-13,-6.));
#5114 = CIRCLE('',#5115,0.164);
#5115 = AXIS2_PLACEMENT_3D('',#5116,#5117,#5118);
#5116 = CARTESIAN_POINT('',(-2.,0.164,-6.));
#5117 = DIRECTION('',(1.,-1.110223024625E-16,-5.551115123126E-17));
#5118 = DIRECTION('',(1.110223024625E-16,1.,5.551115123126E-17));
#5119 = ORIENTED_EDGE('',*,*,#5111,.F.);
#5120 = SPHERICAL_SURFACE('',#5121,0.164);
#5121 = AXIS2_PLACEMENT_3D('',#5122,#5123,#5124);
#5122 = CARTESIAN_POINT('',(-2.,0.164,-6.));
#5123 = DIRECTION('',(-5.551115123126E-17,-1.,-0.));
#5124 = DIRECTION('',(1.536735126745E-28,-8.530593602312E-45,1.));
#5125 = ADVANCED_FACE('',(#5126),#5129,.F.);
#5126 = FACE_BOUND('',#5127,.F.);
#5127 = EDGE_LOOP('',(#5128));
#5128 = ORIENTED_EDGE('',*,*,#5102,.T.);
#5129 = PLANE('',#5130);
#5130 = AXIS2_PLACEMENT_3D('',#5131,#5132,#5133);
#5131 = CARTESIAN_POINT('',(-2.,0.2624,-6.));
#5132 = DIRECTION('',(-5.551115123126E-17,-1.,-0.));
#5133 = DIRECTION('',(1.718305301602E-28,-9.53851054587E-45,1.));
#5134 = ( GEOMETRIC_REPRESENTATION_CONTEXT(3) 
GLOBAL_UNCERTAINTY_ASSIGNED_CONTEXT((#5138)) 
GLOBAL_UNIT_ASSIGNED_CONTEXT((#5135,#5136,#5137)) REPRESENTATION_CONTEXT
('Context #1','3D Context with UNIT and UNCERTAINTY') );
#5135 = ( LENGTH_UNIT() NAMED_UNIT(*) SI_UNIT(.MILLI.,.METRE.) );
#5136 = ( NAMED_UNIT(*) PLANE_ANGLE_UNIT() SI_UNIT($,.RADIAN.) );
#5137 = ( NAMED_UNIT(*) SI_UNIT($,.STERADIAN.) SOLID_ANGLE_UNIT() );
#5138 = UNCERTAINTY_MEASURE_WITH_UNIT(LENGTH_MEASURE(1.E-07),#5135,
  'distance_accuracy_value','confusion accuracy');
#5139 = CONTEXT_DEPENDENT_SHAPE_REPRESENTATION(#5140,#5142);
#5140 = ( REPRESENTATION_RELATIONSHIP('','',#5095,#10) 
REPRESENTATION_RELATIONSHIP_WITH_TRANSFORMATION(#5141) 
SHAPE_REPRESENTATION_RELATIONSHIP() );
#5141 = ITEM_DEFINED_TRANSFORMATION('','',#11,#331);
#5142 = PRODUCT_DEFINITION_SHAPE('Placement','Placement of an item',
  #5143);
#5143 = NEXT_ASSEMBLY_USAGE_OCCURRENCE('158974','BALL_0078','',#5,#5090,
  $);
#5144 = PRODUCT_RELATED_PRODUCT_CATEGORY('part',$,(#5092));
#5145 = SHAPE_DEFINITION_REPRESENTATION(#5146,#5152);
#5146 = PRODUCT_DEFINITION_SHAPE('','',#5147);
#5147 = PRODUCT_DEFINITION('design','',#5148,#5151);
#5148 = PRODUCT_DEFINITION_FORMATION('','',#5149);
#5149 = PRODUCT('BALL_0079','BALL_0079','',(#5150));
#5150 = PRODUCT_CONTEXT('',#2,'mechanical');
#5151 = PRODUCT_DEFINITION_CONTEXT('part definition',#2,'design');
#5152 = ADVANCED_BREP_SHAPE_REPRESENTATION('',(#11,#5153),#5191);
#5153 = MANIFOLD_SOLID_BREP('',#5154);
#5154 = CLOSED_SHELL('',(#5155,#5182));
#5155 = ADVANCED_FACE('',(#5156),#5177,.T.);
#5156 = FACE_BOUND('',#5157,.T.);
#5157 = EDGE_LOOP('',(#5158,#5167,#5176));
#5158 = ORIENTED_EDGE('',*,*,#5159,.T.);
#5159 = EDGE_CURVE('',#5160,#5160,#5162,.T.);
#5160 = VERTEX_POINT('',#5161);
#5161 = CARTESIAN_POINT('',(-2.,0.262399999997,-5.868799999998));
#5162 = CIRCLE('',#5163,0.131200000002);
#5163 = AXIS2_PLACEMENT_3D('',#5164,#5165,#5166);
#5164 = CARTESIAN_POINT('',(-2.,0.262399999997,-6.));
#5165 = DIRECTION('',(-5.551115123126E-17,-1.,0.));
#5166 = DIRECTION('',(1.718305301576E-28,-9.538510545726E-45,1.));
#5167 = ORIENTED_EDGE('',*,*,#5168,.T.);
#5168 = EDGE_CURVE('',#5160,#5169,#5171,.T.);
#5169 = VERTEX_POINT('',#5170);
#5170 = CARTESIAN_POINT('',(-2.,4.05763833864E-13,-6.));
#5171 = CIRCLE('',#5172,0.164);
#5172 = AXIS2_PLACEMENT_3D('',#5173,#5174,#5175);
#5173 = CARTESIAN_POINT('',(-2.,0.164,-6.));
#5174 = DIRECTION('',(1.,-1.110223024625E-16,-5.551115123126E-17));
#5175 = DIRECTION('',(1.110223024625E-16,1.,5.551115123126E-17));
#5176 = ORIENTED_EDGE('',*,*,#5168,.F.);
#5177 = SPHERICAL_SURFACE('',#5178,0.164);
#5178 = AXIS2_PLACEMENT_3D('',#5179,#5180,#5181);
#5179 = CARTESIAN_POINT('',(-2.,0.164,-6.));
#5180 = DIRECTION('',(-5.551115123126E-17,-1.,-0.));
#5181 = DIRECTION('',(1.536735126745E-28,-8.530593602312E-45,1.));
#5182 = ADVANCED_FACE('',(#5183),#5186,.F.);
#5183 = FACE_BOUND('',#5184,.F.);
#5184 = EDGE_LOOP('',(#5185));
#5185 = ORIENTED_EDGE('',*,*,#5159,.T.);
#5186 = PLANE('',#5187);
#5187 = AXIS2_PLACEMENT_3D('',#5188,#5189,#5190);
#5188 = CARTESIAN_POINT('',(-2.,0.2624,-6.));
#5189 = DIRECTION('',(-5.551115123126E-17,-1.,-0.));
#5190 = DIRECTION('',(1.718305301602E-28,-9.53851054587E-45,1.));
#5191 = ( GEOMETRIC_REPRESENTATION_CONTEXT(3) 
GLOBAL_UNCERTAINTY_ASSIGNED_CONTEXT((#5195)) 
GLOBAL_UNIT_ASSIGNED_CONTEXT((#5192,#5193,#5194)) REPRESENTATION_CONTEXT
('Context #1','3D Context with UNIT and UNCERTAINTY') );
#5192 = ( LENGTH_UNIT() NAMED_UNIT(*) SI_UNIT(.MILLI.,.METRE.) );
#5193 = ( NAMED_UNIT(*) PLANE_ANGLE_UNIT() SI_UNIT($,.RADIAN.) );
#5194 = ( NAMED_UNIT(*) SI_UNIT($,.STERADIAN.) SOLID_ANGLE_UNIT() );
#5195 = UNCERTAINTY_MEASURE_WITH_UNIT(LENGTH_MEASURE(1.E-07),#5192,
  'distance_accuracy_value','confusion accuracy');
#5196 = CONTEXT_DEPENDENT_SHAPE_REPRESENTATION(#5197,#5199);
#5197 = ( REPRESENTATION_RELATIONSHIP('','',#5152,#10) 
REPRESENTATION_RELATIONSHIP_WITH_TRANSFORMATION(#5198) 
SHAPE_REPRESENTATION_RELATIONSHIP() );
#5198 = ITEM_DEFINED_TRANSFORMATION('','',#11,#335);
#5199 = PRODUCT_DEFINITION_SHAPE('Placement','Placement of an item',
  #5200);
#5200 = NEXT_ASSEMBLY_USAGE_OCCURRENCE('158975','BALL_0079','',#5,#5147,
  $);
#5201 = PRODUCT_RELATED_PRODUCT_CATEGORY('part',$,(#5149));
#5202 = SHAPE_DEFINITION_REPRESENTATION(#5203,#5209);
#5203 = PRODUCT_DEFINITION_SHAPE('','',#5204);
#5204 = PRODUCT_DEFINITION('design','',#5205,#5208);
#5205 = PRODUCT_DEFINITION_FORMATION('','',#5206);
#5206 = PRODUCT('BALL_0080','BALL_0080','',(#5207));
#5207 = PRODUCT_CONTEXT('',#2,'mechanical');
#5208 = PRODUCT_DEFINITION_CONTEXT('part definition',#2,'design');
#5209 = ADVANCED_BREP_SHAPE_REPRESENTATION('',(#11,#5210),#5248);
#5210 = MANIFOLD_SOLID_BREP('',#5211);
#5211 = CLOSED_SHELL('',(#5212,#5239));
#5212 = ADVANCED_FACE('',(#5213),#5234,.T.);
#5213 = FACE_BOUND('',#5214,.T.);
#5214 = EDGE_LOOP('',(#5215,#5224,#5233));
#5215 = ORIENTED_EDGE('',*,*,#5216,.T.);
#5216 = EDGE_CURVE('',#5217,#5217,#5219,.T.);
#5217 = VERTEX_POINT('',#5218);
#5218 = CARTESIAN_POINT('',(-2.,0.262399999997,-5.868799999998));
#5219 = CIRCLE('',#5220,0.131200000002);
#5220 = AXIS2_PLACEMENT_3D('',#5221,#5222,#5223);
#5221 = CARTESIAN_POINT('',(-2.,0.262399999997,-6.));
#5222 = DIRECTION('',(-5.551115123126E-17,-1.,0.));
#5223 = DIRECTION('',(1.718305301576E-28,-9.538510545726E-45,1.));
#5224 = ORIENTED_EDGE('',*,*,#5225,.T.);
#5225 = EDGE_CURVE('',#5217,#5226,#5228,.T.);
#5226 = VERTEX_POINT('',#5227);
#5227 = CARTESIAN_POINT('',(-2.,4.05763833864E-13,-6.));
#5228 = CIRCLE('',#5229,0.164);
#5229 = AXIS2_PLACEMENT_3D('',#5230,#5231,#5232);
#5230 = CARTESIAN_POINT('',(-2.,0.164,-6.));
#5231 = DIRECTION('',(1.,-1.110223024625E-16,-5.551115123126E-17));
#5232 = DIRECTION('',(1.110223024625E-16,1.,5.551115123126E-17));
#5233 = ORIENTED_EDGE('',*,*,#5225,.F.);
#5234 = SPHERICAL_SURFACE('',#5235,0.164);
#5235 = AXIS2_PLACEMENT_3D('',#5236,#5237,#5238);
#5236 = CARTESIAN_POINT('',(-2.,0.164,-6.));
#5237 = DIRECTION('',(-5.551115123126E-17,-1.,-0.));
#5238 = DIRECTION('',(1.536735126745E-28,-8.530593602312E-45,1.));
#5239 = ADVANCED_FACE('',(#5240),#5243,.F.);
#5240 = FACE_BOUND('',#5241,.F.);
#5241 = EDGE_LOOP('',(#5242));
#5242 = ORIENTED_EDGE('',*,*,#5216,.T.);
#5243 = PLANE('',#5244);
#5244 = AXIS2_PLACEMENT_3D('',#5245,#5246,#5247);
#5245 = CARTESIAN_POINT('',(-2.,0.2624,-6.));
#5246 = DIRECTION('',(-5.551115123126E-17,-1.,-0.));
#5247 = DIRECTION('',(1.718305301602E-28,-9.53851054587E-45,1.));
#5248 = ( GEOMETRIC_REPRESENTATION_CONTEXT(3) 
GLOBAL_UNCERTAINTY_ASSIGNED_CONTEXT((#5252)) 
GLOBAL_UNIT_ASSIGNED_CONTEXT((#5249,#5250,#5251)) REPRESENTATION_CONTEXT
('Context #1','3D Context with UNIT and UNCERTAINTY') );
#5249 = ( LENGTH_UNIT() NAMED_UNIT(*) SI_UNIT(.MILLI.,.METRE.) );
#5250 = ( NAMED_UNIT(*) PLANE_ANGLE_UNIT() SI_UNIT($,.RADIAN.) );
#5251 = ( NAMED_UNIT(*) SI_UNIT($,.STERADIAN.) SOLID_ANGLE_UNIT() );
#5252 = UNCERTAINTY_MEASURE_WITH_UNIT(LENGTH_MEASURE(1.E-07),#5249,
  'distance_accuracy_value','confusion accuracy');
#5253 = CONTEXT_DEPENDENT_SHAPE_REPRESENTATION(#5254,#5256);
#5254 = ( REPRESENTATION_RELATIONSHIP('','',#5209,#10) 
REPRESENTATION_RELATIONSHIP_WITH_TRANSFORMATION(#5255) 
SHAPE_REPRESENTATION_RELATIONSHIP() );
#5255 = ITEM_DEFINED_TRANSFORMATION('','',#11,#339);
#5256 = PRODUCT_DEFINITION_SHAPE('Placement','Placement of an item',
  #5257);
#5257 = NEXT_ASSEMBLY_USAGE_OCCURRENCE('158976','BALL_0080','',#5,#5204,
  $);
#5258 = PRODUCT_RELATED_PRODUCT_CATEGORY('part',$,(#5206));
#5259 = SHAPE_DEFINITION_REPRESENTATION(#5260,#5266);
#5260 = PRODUCT_DEFINITION_SHAPE('','',#5261);
#5261 = PRODUCT_DEFINITION('design','',#5262,#5265);
#5262 = PRODUCT_DEFINITION_FORMATION('','',#5263);
#5263 = PRODUCT('BALL_0081','BALL_0081','',(#5264));
#5264 = PRODUCT_CONTEXT('',#2,'mechanical');
#5265 = PRODUCT_DEFINITION_CONTEXT('part definition',#2,'design');
#5266 = ADVANCED_BREP_SHAPE_REPRESENTATION('',(#11,#5267),#5305);
#5267 = MANIFOLD_SOLID_BREP('',#5268);
#5268 = CLOSED_SHELL('',(#5269,#5296));
#5269 = ADVANCED_FACE('',(#5270),#5291,.T.);
#5270 = FACE_BOUND('',#5271,.T.);
#5271 = EDGE_LOOP('',(#5272,#5281,#5290));
#5272 = ORIENTED_EDGE('',*,*,#5273,.T.);
#5273 = EDGE_CURVE('',#5274,#5274,#5276,.T.);
#5274 = VERTEX_POINT('',#5275);
#5275 = CARTESIAN_POINT('',(-2.,0.262399999997,-5.868799999998));
#5276 = CIRCLE('',#5277,0.131200000002);
#5277 = AXIS2_PLACEMENT_3D('',#5278,#5279,#5280);
#5278 = CARTESIAN_POINT('',(-2.,0.262399999997,-6.));
#5279 = DIRECTION('',(-5.551115123126E-17,-1.,0.));
#5280 = DIRECTION('',(1.718305301576E-28,-9.538510545726E-45,1.));
#5281 = ORIENTED_EDGE('',*,*,#5282,.T.);
#5282 = EDGE_CURVE('',#5274,#5283,#5285,.T.);
#5283 = VERTEX_POINT('',#5284);
#5284 = CARTESIAN_POINT('',(-2.,4.05763833864E-13,-6.));
#5285 = CIRCLE('',#5286,0.164);
#5286 = AXIS2_PLACEMENT_3D('',#5287,#5288,#5289);
#5287 = CARTESIAN_POINT('',(-2.,0.164,-6.));
#5288 = DIRECTION('',(1.,-1.110223024625E-16,-5.551115123126E-17));
#5289 = DIRECTION('',(1.110223024625E-16,1.,5.551115123126E-17));
#5290 = ORIENTED_EDGE('',*,*,#5282,.F.);
#5291 = SPHERICAL_SURFACE('',#5292,0.164);
#5292 = AXIS2_PLACEMENT_3D('',#5293,#5294,#5295);
#5293 = CARTESIAN_POINT('',(-2.,0.164,-6.));
#5294 = DIRECTION('',(-5.551115123126E-17,-1.,-0.));
#5295 = DIRECTION('',(1.536735126745E-28,-8.530593602312E-45,1.));
#5296 = ADVANCED_FACE('',(#5297),#5300,.F.);
#5297 = FACE_BOUND('',#5298,.F.);
#5298 = EDGE_LOOP('',(#5299));
#5299 = ORIENTED_EDGE('',*,*,#5273,.T.);
#5300 = PLANE('',#5301);
#5301 = AXIS2_PLACEMENT_3D('',#5302,#5303,#5304);
#5302 = CARTESIAN_POINT('',(-2.,0.2624,-6.));
#5303 = DIRECTION('',(-5.551115123126E-17,-1.,-0.));
#5304 = DIRECTION('',(1.718305301602E-28,-9.53851054587E-45,1.));
#5305 = ( GEOMETRIC_REPRESENTATION_CONTEXT(3) 
GLOBAL_UNCERTAINTY_ASSIGNED_CONTEXT((#5309)) 
GLOBAL_UNIT_ASSIGNED_CONTEXT((#5306,#5307,#5308)) REPRESENTATION_CONTEXT
('Context #1','3D Context with UNIT and UNCERTAINTY') );
#5306 = ( LENGTH_UNIT() NAMED_UNIT(*) SI_UNIT(.MILLI.,.METRE.) );
#5307 = ( NAMED_UNIT(*) PLANE_ANGLE_UNIT() SI_UNIT($,.RADIAN.) );
#5308 = ( NAMED_UNIT(*) SI_UNIT($,.STERADIAN.) SOLID_ANGLE_UNIT() );
#5309 = UNCERTAINTY_MEASURE_WITH_UNIT(LENGTH_MEASURE(1.E-07),#5306,
  'distance_accuracy_value','confusion accuracy');
#5310 = CONTEXT_DEPENDENT_SHAPE_REPRESENTATION(#5311,#5313);
#5311 = ( REPRESENTATION_RELATIONSHIP('','',#5266,#10) 
REPRESENTATION_RELATIONSHIP_WITH_TRANSFORMATION(#5312) 
SHAPE_REPRESENTATION_RELATIONSHIP() );
#5312 = ITEM_DEFINED_TRANSFORMATION('','',#11,#343);
#5313 = PRODUCT_DEFINITION_SHAPE('Placement','Placement of an item',
  #5314);
#5314 = NEXT_ASSEMBLY_USAGE_OCCURRENCE('158977','BALL_0081','',#5,#5261,
  $);
#5315 = PRODUCT_RELATED_PRODUCT_CATEGORY('part',$,(#5263));
#5316 = SHAPE_DEFINITION_REPRESENTATION(#5317,#5323);
#5317 = PRODUCT_DEFINITION_SHAPE('','',#5318);
#5318 = PRODUCT_DEFINITION('design','',#5319,#5322);
#5319 = PRODUCT_DEFINITION_FORMATION('','',#5320);
#5320 = PRODUCT('BALL_0082','BALL_0082','',(#5321));
#5321 = PRODUCT_CONTEXT('',#2,'mechanical');
#5322 = PRODUCT_DEFINITION_CONTEXT('part definition',#2,'design');
#5323 = ADVANCED_BREP_SHAPE_REPRESENTATION('',(#11,#5324),#5362);
#5324 = MANIFOLD_SOLID_BREP('',#5325);
#5325 = CLOSED_SHELL('',(#5326,#5353));
#5326 = ADVANCED_FACE('',(#5327),#5348,.T.);
#5327 = FACE_BOUND('',#5328,.T.);
#5328 = EDGE_LOOP('',(#5329,#5338,#5347));
#5329 = ORIENTED_EDGE('',*,*,#5330,.T.);
#5330 = EDGE_CURVE('',#5331,#5331,#5333,.T.);
#5331 = VERTEX_POINT('',#5332);
#5332 = CARTESIAN_POINT('',(-2.,0.262399999997,-5.868799999998));
#5333 = CIRCLE('',#5334,0.131200000002);
#5334 = AXIS2_PLACEMENT_3D('',#5335,#5336,#5337);
#5335 = CARTESIAN_POINT('',(-2.,0.262399999997,-6.));
#5336 = DIRECTION('',(-5.551115123126E-17,-1.,0.));
#5337 = DIRECTION('',(1.718305301576E-28,-9.538510545726E-45,1.));
#5338 = ORIENTED_EDGE('',*,*,#5339,.T.);
#5339 = EDGE_CURVE('',#5331,#5340,#5342,.T.);
#5340 = VERTEX_POINT('',#5341);
#5341 = CARTESIAN_POINT('',(-2.,4.05763833864E-13,-6.));
#5342 = CIRCLE('',#5343,0.164);
#5343 = AXIS2_PLACEMENT_3D('',#5344,#5345,#5346);
#5344 = CARTESIAN_POINT('',(-2.,0.164,-6.));
#5345 = DIRECTION('',(1.,-1.110223024625E-16,-5.551115123126E-17));
#5346 = DIRECTION('',(1.110223024625E-16,1.,5.551115123126E-17));
#5347 = ORIENTED_EDGE('',*,*,#5339,.F.);
#5348 = SPHERICAL_SURFACE('',#5349,0.164);
#5349 = AXIS2_PLACEMENT_3D('',#5350,#5351,#5352);
#5350 = CARTESIAN_POINT('',(-2.,0.164,-6.));
#5351 = DIRECTION('',(-5.551115123126E-17,-1.,-0.));
#5352 = DIRECTION('',(1.536735126745E-28,-8.530593602312E-45,1.));
#5353 = ADVANCED_FACE('',(#5354),#5357,.F.);
#5354 = FACE_BOUND('',#5355,.F.);
#5355 = EDGE_LOOP('',(#5356));
#5356 = ORIENTED_EDGE('',*,*,#5330,.T.);
#5357 = PLANE('',#5358);
#5358 = AXIS2_PLACEMENT_3D('',#5359,#5360,#5361);
#5359 = CARTESIAN_POINT('',(-2.,0.2624,-6.));
#5360 = DIRECTION('',(-5.551115123126E-17,-1.,-0.));
#5361 = DIRECTION('',(1.718305301602E-28,-9.53851054587E-45,1.));
#5362 = ( GEOMETRIC_REPRESENTATION_CONTEXT(3) 
GLOBAL_UNCERTAINTY_ASSIGNED_CONTEXT((#5366)) 
GLOBAL_UNIT_ASSIGNED_CONTEXT((#5363,#5364,#5365)) REPRESENTATION_CONTEXT
('Context #1','3D Context with UNIT and UNCERTAINTY') );
#5363 = ( LENGTH_UNIT() NAMED_UNIT(*) SI_UNIT(.MILLI.,.METRE.) );
#5364 = ( NAMED_UNIT(*) PLANE_ANGLE_UNIT() SI_UNIT($,.RADIAN.) );
#5365 = ( NAMED_UNIT(*) SI_UNIT($,.STERADIAN.) SOLID_ANGLE_UNIT() );
#5366 = UNCERTAINTY_MEASURE_WITH_UNIT(LENGTH_MEASURE(1.E-07),#5363,
  'distance_accuracy_value','confusion accuracy');
#5367 = CONTEXT_DEPENDENT_SHAPE_REPRESENTATION(#5368,#5370);
#5368 = ( REPRESENTATION_RELATIONSHIP('','',#5323,#10) 
REPRESENTATION_RELATIONSHIP_WITH_TRANSFORMATION(#5369) 
SHAPE_REPRESENTATION_RELATIONSHIP() );
#5369 = ITEM_DEFINED_TRANSFORMATION('','',#11,#347);
#5370 = PRODUCT_DEFINITION_SHAPE('Placement','Placement of an item',
  #5371);
#5371 = NEXT_ASSEMBLY_USAGE_OCCURRENCE('158978','BALL_0082','',#5,#5318,
  $);
#5372 = PRODUCT_RELATED_PRODUCT_CATEGORY('part',$,(#5320));
#5373 = SHAPE_DEFINITION_REPRESENTATION(#5374,#5380);
#5374 = PRODUCT_DEFINITION_SHAPE('','',#5375);
#5375 = PRODUCT_DEFINITION('design','',#5376,#5379);
#5376 = PRODUCT_DEFINITION_FORMATION('','',#5377);
#5377 = PRODUCT('BALL_0083','BALL_0083','',(#5378));
#5378 = PRODUCT_CONTEXT('',#2,'mechanical');
#5379 = PRODUCT_DEFINITION_CONTEXT('part definition',#2,'design');
#5380 = ADVANCED_BREP_SHAPE_REPRESENTATION('',(#11,#5381),#5419);
#5381 = MANIFOLD_SOLID_BREP('',#5382);
#5382 = CLOSED_SHELL('',(#5383,#5410));
#5383 = ADVANCED_FACE('',(#5384),#5405,.T.);
#5384 = FACE_BOUND('',#5385,.T.);
#5385 = EDGE_LOOP('',(#5386,#5395,#5404));
#5386 = ORIENTED_EDGE('',*,*,#5387,.T.);
#5387 = EDGE_CURVE('',#5388,#5388,#5390,.T.);
#5388 = VERTEX_POINT('',#5389);
#5389 = CARTESIAN_POINT('',(-2.,0.262399999997,-5.868799999998));
#5390 = CIRCLE('',#5391,0.131200000002);
#5391 = AXIS2_PLACEMENT_3D('',#5392,#5393,#5394);
#5392 = CARTESIAN_POINT('',(-2.,0.262399999997,-6.));
#5393 = DIRECTION('',(-5.551115123126E-17,-1.,0.));
#5394 = DIRECTION('',(1.718305301576E-28,-9.538510545726E-45,1.));
#5395 = ORIENTED_EDGE('',*,*,#5396,.T.);
#5396 = EDGE_CURVE('',#5388,#5397,#5399,.T.);
#5397 = VERTEX_POINT('',#5398);
#5398 = CARTESIAN_POINT('',(-2.,4.05763833864E-13,-6.));
#5399 = CIRCLE('',#5400,0.164);
#5400 = AXIS2_PLACEMENT_3D('',#5401,#5402,#5403);
#5401 = CARTESIAN_POINT('',(-2.,0.164,-6.));
#5402 = DIRECTION('',(1.,-1.110223024625E-16,-5.551115123126E-17));
#5403 = DIRECTION('',(1.110223024625E-16,1.,5.551115123126E-17));
#5404 = ORIENTED_EDGE('',*,*,#5396,.F.);
#5405 = SPHERICAL_SURFACE('',#5406,0.164);
#5406 = AXIS2_PLACEMENT_3D('',#5407,#5408,#5409);
#5407 = CARTESIAN_POINT('',(-2.,0.164,-6.));
#5408 = DIRECTION('',(-5.551115123126E-17,-1.,-0.));
#5409 = DIRECTION('',(1.536735126745E-28,-8.530593602312E-45,1.));
#5410 = ADVANCED_FACE('',(#5411),#5414,.F.);
#5411 = FACE_BOUND('',#5412,.F.);
#5412 = EDGE_LOOP('',(#5413));
#5413 = ORIENTED_EDGE('',*,*,#5387,.T.);
#5414 = PLANE('',#5415);
#5415 = AXIS2_PLACEMENT_3D('',#5416,#5417,#5418);
#5416 = CARTESIAN_POINT('',(-2.,0.2624,-6.));
#5417 = DIRECTION('',(-5.551115123126E-17,-1.,-0.));
#5418 = DIRECTION('',(1.718305301602E-28,-9.53851054587E-45,1.));
#5419 = ( GEOMETRIC_REPRESENTATION_CONTEXT(3) 
GLOBAL_UNCERTAINTY_ASSIGNED_CONTEXT((#5423)) 
GLOBAL_UNIT_ASSIGNED_CONTEXT((#5420,#5421,#5422)) REPRESENTATION_CONTEXT
('Context #1','3D Context with UNIT and UNCERTAINTY') );
#5420 = ( LENGTH_UNIT() NAMED_UNIT(*) SI_UNIT(.MILLI.,.METRE.) );
#5421 = ( NAMED_UNIT(*) PLANE_ANGLE_UNIT() SI_UNIT($,.RADIAN.) );
#5422 = ( NAMED_UNIT(*) SI_UNIT($,.STERADIAN.) SOLID_ANGLE_UNIT() );
#5423 = UNCERTAINTY_MEASURE_WITH_UNIT(LENGTH_MEASURE(1.E-07),#5420,
  'distance_accuracy_value','confusion accuracy');
#5424 = CONTEXT_DEPENDENT_SHAPE_REPRESENTATION(#5425,#5427);
#5425 = ( REPRESENTATION_RELATIONSHIP('','',#5380,#10) 
REPRESENTATION_RELATIONSHIP_WITH_TRANSFORMATION(#5426) 
SHAPE_REPRESENTATION_RELATIONSHIP() );
#5426 = ITEM_DEFINED_TRANSFORMATION('','',#11,#351);
#5427 = PRODUCT_DEFINITION_SHAPE('Placement','Placement of an item',
  #5428);
#5428 = NEXT_ASSEMBLY_USAGE_OCCURRENCE('158979','BALL_0083','',#5,#5375,
  $);
#5429 = PRODUCT_RELATED_PRODUCT_CATEGORY('part',$,(#5377));
#5430 = SHAPE_DEFINITION_REPRESENTATION(#5431,#5437);
#5431 = PRODUCT_DEFINITION_SHAPE('','',#5432);
#5432 = PRODUCT_DEFINITION('design','',#5433,#5436);
#5433 = PRODUCT_DEFINITION_FORMATION('','',#5434);
#5434 = PRODUCT('BALL_0084','BALL_0084','',(#5435));
#5435 = PRODUCT_CONTEXT('',#2,'mechanical');
#5436 = PRODUCT_DEFINITION_CONTEXT('part definition',#2,'design');
#5437 = ADVANCED_BREP_SHAPE_REPRESENTATION('',(#11,#5438),#5476);
#5438 = MANIFOLD_SOLID_BREP('',#5439);
#5439 = CLOSED_SHELL('',(#5440,#5467));
#5440 = ADVANCED_FACE('',(#5441),#5462,.T.);
#5441 = FACE_BOUND('',#5442,.T.);
#5442 = EDGE_LOOP('',(#5443,#5452,#5461));
#5443 = ORIENTED_EDGE('',*,*,#5444,.T.);
#5444 = EDGE_CURVE('',#5445,#5445,#5447,.T.);
#5445 = VERTEX_POINT('',#5446);
#5446 = CARTESIAN_POINT('',(-2.,0.262399999997,-5.868799999998));
#5447 = CIRCLE('',#5448,0.131200000002);
#5448 = AXIS2_PLACEMENT_3D('',#5449,#5450,#5451);
#5449 = CARTESIAN_POINT('',(-2.,0.262399999997,-6.));
#5450 = DIRECTION('',(-5.551115123126E-17,-1.,0.));
#5451 = DIRECTION('',(1.718305301576E-28,-9.538510545726E-45,1.));
#5452 = ORIENTED_EDGE('',*,*,#5453,.T.);
#5453 = EDGE_CURVE('',#5445,#5454,#5456,.T.);
#5454 = VERTEX_POINT('',#5455);
#5455 = CARTESIAN_POINT('',(-2.,4.05763833864E-13,-6.));
#5456 = CIRCLE('',#5457,0.164);
#5457 = AXIS2_PLACEMENT_3D('',#5458,#5459,#5460);
#5458 = CARTESIAN_POINT('',(-2.,0.164,-6.));
#5459 = DIRECTION('',(1.,-1.110223024625E-16,-5.551115123126E-17));
#5460 = DIRECTION('',(1.110223024625E-16,1.,5.551115123126E-17));
#5461 = ORIENTED_EDGE('',*,*,#5453,.F.);
#5462 = SPHERICAL_SURFACE('',#5463,0.164);
#5463 = AXIS2_PLACEMENT_3D('',#5464,#5465,#5466);
#5464 = CARTESIAN_POINT('',(-2.,0.164,-6.));
#5465 = DIRECTION('',(-5.551115123126E-17,-1.,-0.));
#5466 = DIRECTION('',(1.536735126745E-28,-8.530593602312E-45,1.));
#5467 = ADVANCED_FACE('',(#5468),#5471,.F.);
#5468 = FACE_BOUND('',#5469,.F.);
#5469 = EDGE_LOOP('',(#5470));
#5470 = ORIENTED_EDGE('',*,*,#5444,.T.);
#5471 = PLANE('',#5472);
#5472 = AXIS2_PLACEMENT_3D('',#5473,#5474,#5475);
#5473 = CARTESIAN_POINT('',(-2.,0.2624,-6.));
#5474 = DIRECTION('',(-5.551115123126E-17,-1.,-0.));
#5475 = DIRECTION('',(1.718305301602E-28,-9.53851054587E-45,1.));
#5476 = ( GEOMETRIC_REPRESENTATION_CONTEXT(3) 
GLOBAL_UNCERTAINTY_ASSIGNED_CONTEXT((#5480)) 
GLOBAL_UNIT_ASSIGNED_CONTEXT((#5477,#5478,#5479)) REPRESENTATION_CONTEXT
('Context #1','3D Context with UNIT and UNCERTAINTY') );
#5477 = ( LENGTH_UNIT() NAMED_UNIT(*) SI_UNIT(.MILLI.,.METRE.) );
#5478 = ( NAMED_UNIT(*) PLANE_ANGLE_UNIT() SI_UNIT($,.RADIAN.) );
#5479 = ( NAMED_UNIT(*) SI_UNIT($,.STERADIAN.) SOLID_ANGLE_UNIT() );
#5480 = UNCERTAINTY_MEASURE_WITH_UNIT(LENGTH_MEASURE(1.E-07),#5477,
  'distance_accuracy_value','confusion accuracy');
#5481 = CONTEXT_DEPENDENT_SHAPE_REPRESENTATION(#5482,#5484);
#5482 = ( REPRESENTATION_RELATIONSHIP('','',#5437,#10) 
REPRESENTATION_RELATIONSHIP_WITH_TRANSFORMATION(#5483) 
SHAPE_REPRESENTATION_RELATIONSHIP() );
#5483 = ITEM_DEFINED_TRANSFORMATION('','',#11,#355);
#5484 = PRODUCT_DEFINITION_SHAPE('Placement','Placement of an item',
  #5485);
#5485 = NEXT_ASSEMBLY_USAGE_OCCURRENCE('158980','BALL_0084','',#5,#5432,
  $);
#5486 = PRODUCT_RELATED_PRODUCT_CATEGORY('part',$,(#5434));
#5487 = SHAPE_DEFINITION_REPRESENTATION(#5488,#5494);
#5488 = PRODUCT_DEFINITION_SHAPE('','',#5489);
#5489 = PRODUCT_DEFINITION('design','',#5490,#5493);
#5490 = PRODUCT_DEFINITION_FORMATION('','',#5491);
#5491 = PRODUCT('BALL_0085','BALL_0085','',(#5492));
#5492 = PRODUCT_CONTEXT('',#2,'mechanical');
#5493 = PRODUCT_DEFINITION_CONTEXT('part definition',#2,'design');
#5494 = ADVANCED_BREP_SHAPE_REPRESENTATION('',(#11,#5495),#5533);
#5495 = MANIFOLD_SOLID_BREP('',#5496);
#5496 = CLOSED_SHELL('',(#5497,#5524));
#5497 = ADVANCED_FACE('',(#5498),#5519,.T.);
#5498 = FACE_BOUND('',#5499,.T.);
#5499 = EDGE_LOOP('',(#5500,#5509,#5518));
#5500 = ORIENTED_EDGE('',*,*,#5501,.T.);
#5501 = EDGE_CURVE('',#5502,#5502,#5504,.T.);
#5502 = VERTEX_POINT('',#5503);
#5503 = CARTESIAN_POINT('',(-2.,0.262399999997,-5.868799999998));
#5504 = CIRCLE('',#5505,0.131200000002);
#5505 = AXIS2_PLACEMENT_3D('',#5506,#5507,#5508);
#5506 = CARTESIAN_POINT('',(-2.,0.262399999997,-6.));
#5507 = DIRECTION('',(-5.551115123126E-17,-1.,0.));
#5508 = DIRECTION('',(1.718305301576E-28,-9.538510545726E-45,1.));
#5509 = ORIENTED_EDGE('',*,*,#5510,.T.);
#5510 = EDGE_CURVE('',#5502,#5511,#5513,.T.);
#5511 = VERTEX_POINT('',#5512);
#5512 = CARTESIAN_POINT('',(-2.,4.05763833864E-13,-6.));
#5513 = CIRCLE('',#5514,0.164);
#5514 = AXIS2_PLACEMENT_3D('',#5515,#5516,#5517);
#5515 = CARTESIAN_POINT('',(-2.,0.164,-6.));
#5516 = DIRECTION('',(1.,-1.110223024625E-16,-5.551115123126E-17));
#5517 = DIRECTION('',(1.110223024625E-16,1.,5.551115123126E-17));
#5518 = ORIENTED_EDGE('',*,*,#5510,.F.);
#5519 = SPHERICAL_SURFACE('',#5520,0.164);
#5520 = AXIS2_PLACEMENT_3D('',#5521,#5522,#5523);
#5521 = CARTESIAN_POINT('',(-2.,0.164,-6.));
#5522 = DIRECTION('',(-5.551115123126E-17,-1.,-0.));
#5523 = DIRECTION('',(1.536735126745E-28,-8.530593602312E-45,1.));
#5524 = ADVANCED_FACE('',(#5525),#5528,.F.);
#5525 = FACE_BOUND('',#5526,.F.);
#5526 = EDGE_LOOP('',(#5527));
#5527 = ORIENTED_EDGE('',*,*,#5501,.T.);
#5528 = PLANE('',#5529);
#5529 = AXIS2_PLACEMENT_3D('',#5530,#5531,#5532);
#5530 = CARTESIAN_POINT('',(-2.,0.2624,-6.));
#5531 = DIRECTION('',(-5.551115123126E-17,-1.,-0.));
#5532 = DIRECTION('',(1.718305301602E-28,-9.53851054587E-45,1.));
#5533 = ( GEOMETRIC_REPRESENTATION_CONTEXT(3) 
GLOBAL_UNCERTAINTY_ASSIGNED_CONTEXT((#5537)) 
GLOBAL_UNIT_ASSIGNED_CONTEXT((#5534,#5535,#5536)) REPRESENTATION_CONTEXT
('Context #1','3D Context with UNIT and UNCERTAINTY') );
#5534 = ( LENGTH_UNIT() NAMED_UNIT(*) SI_UNIT(.MILLI.,.METRE.) );
#5535 = ( NAMED_UNIT(*) PLANE_ANGLE_UNIT() SI_UNIT($,.RADIAN.) );
#5536 = ( NAMED_UNIT(*) SI_UNIT($,.STERADIAN.) SOLID_ANGLE_UNIT() );
#5537 = UNCERTAINTY_MEASURE_WITH_UNIT(LENGTH_MEASURE(1.E-07),#5534,
  'distance_accuracy_value','confusion accuracy');
#5538 = CONTEXT_DEPENDENT_SHAPE_REPRESENTATION(#5539,#5541);
#5539 = ( REPRESENTATION_RELATIONSHIP('','',#5494,#10) 
REPRESENTATION_RELATIONSHIP_WITH_TRANSFORMATION(#5540) 
SHAPE_REPRESENTATION_RELATIONSHIP() );
#5540 = ITEM_DEFINED_TRANSFORMATION('','',#11,#359);
#5541 = PRODUCT_DEFINITION_SHAPE('Placement','Placement of an item',
  #5542);
#5542 = NEXT_ASSEMBLY_USAGE_OCCURRENCE('158981','BALL_0085','',#5,#5489,
  $);
#5543 = PRODUCT_RELATED_PRODUCT_CATEGORY('part',$,(#5491));
#5544 = SHAPE_DEFINITION_REPRESENTATION(#5545,#5551);
#5545 = PRODUCT_DEFINITION_SHAPE('','',#5546);
#5546 = PRODUCT_DEFINITION('design','',#5547,#5550);
#5547 = PRODUCT_DEFINITION_FORMATION('','',#5548);
#5548 = PRODUCT('BALL_0086','BALL_0086','',(#5549));
#5549 = PRODUCT_CONTEXT('',#2,'mechanical');
#5550 = PRODUCT_DEFINITION_CONTEXT('part definition',#2,'design');
#5551 = ADVANCED_BREP_SHAPE_REPRESENTATION('',(#11,#5552),#5590);
#5552 = MANIFOLD_SOLID_BREP('',#5553);
#5553 = CLOSED_SHELL('',(#5554,#5581));
#5554 = ADVANCED_FACE('',(#5555),#5576,.T.);
#5555 = FACE_BOUND('',#5556,.T.);
#5556 = EDGE_LOOP('',(#5557,#5566,#5575));
#5557 = ORIENTED_EDGE('',*,*,#5558,.T.);
#5558 = EDGE_CURVE('',#5559,#5559,#5561,.T.);
#5559 = VERTEX_POINT('',#5560);
#5560 = CARTESIAN_POINT('',(-2.,0.262399999997,-5.868799999998));
#5561 = CIRCLE('',#5562,0.131200000002);
#5562 = AXIS2_PLACEMENT_3D('',#5563,#5564,#5565);
#5563 = CARTESIAN_POINT('',(-2.,0.262399999997,-6.));
#5564 = DIRECTION('',(-5.551115123126E-17,-1.,0.));
#5565 = DIRECTION('',(1.718305301576E-28,-9.538510545726E-45,1.));
#5566 = ORIENTED_EDGE('',*,*,#5567,.T.);
#5567 = EDGE_CURVE('',#5559,#5568,#5570,.T.);
#5568 = VERTEX_POINT('',#5569);
#5569 = CARTESIAN_POINT('',(-2.,4.05763833864E-13,-6.));
#5570 = CIRCLE('',#5571,0.164);
#5571 = AXIS2_PLACEMENT_3D('',#5572,#5573,#5574);
#5572 = CARTESIAN_POINT('',(-2.,0.164,-6.));
#5573 = DIRECTION('',(1.,-1.110223024625E-16,-5.551115123126E-17));
#5574 = DIRECTION('',(1.110223024625E-16,1.,5.551115123126E-17));
#5575 = ORIENTED_EDGE('',*,*,#5567,.F.);
#5576 = SPHERICAL_SURFACE('',#5577,0.164);
#5577 = AXIS2_PLACEMENT_3D('',#5578,#5579,#5580);
#5578 = CARTESIAN_POINT('',(-2.,0.164,-6.));
#5579 = DIRECTION('',(-5.551115123126E-17,-1.,-0.));
#5580 = DIRECTION('',(1.536735126745E-28,-8.530593602312E-45,1.));
#5581 = ADVANCED_FACE('',(#5582),#5585,.F.);
#5582 = FACE_BOUND('',#5583,.F.);
#5583 = EDGE_LOOP('',(#5584));
#5584 = ORIENTED_EDGE('',*,*,#5558,.T.);
#5585 = PLANE('',#5586);
#5586 = AXIS2_PLACEMENT_3D('',#5587,#5588,#5589);
#5587 = CARTESIAN_POINT('',(-2.,0.2624,-6.));
#5588 = DIRECTION('',(-5.551115123126E-17,-1.,-0.));
#5589 = DIRECTION('',(1.718305301602E-28,-9.53851054587E-45,1.));
#5590 = ( GEOMETRIC_REPRESENTATION_CONTEXT(3) 
GLOBAL_UNCERTAINTY_ASSIGNED_CONTEXT((#5594)) 
GLOBAL_UNIT_ASSIGNED_CONTEXT((#5591,#5592,#5593)) REPRESENTATION_CONTEXT
('Context #1','3D Context with UNIT and UNCERTAINTY') );
#5591 = ( LENGTH_UNIT() NAMED_UNIT(*) SI_UNIT(.MILLI.,.METRE.) );
#5592 = ( NAMED_UNIT(*) PLANE_ANGLE_UNIT() SI_UNIT($,.RADIAN.) );
#5593 = ( NAMED_UNIT(*) SI_UNIT($,.STERADIAN.) SOLID_ANGLE_UNIT() );
#5594 = UNCERTAINTY_MEASURE_WITH_UNIT(LENGTH_MEASURE(1.E-07),#5591,
  'distance_accuracy_value','confusion accuracy');
#5595 = CONTEXT_DEPENDENT_SHAPE_REPRESENTATION(#5596,#5598);
#5596 = ( REPRESENTATION_RELATIONSHIP('','',#5551,#10) 
REPRESENTATION_RELATIONSHIP_WITH_TRANSFORMATION(#5597) 
SHAPE_REPRESENTATION_RELATIONSHIP() );
#5597 = ITEM_DEFINED_TRANSFORMATION('','',#11,#363);
#5598 = PRODUCT_DEFINITION_SHAPE('Placement','Placement of an item',
  #5599);
#5599 = NEXT_ASSEMBLY_USAGE_OCCURRENCE('158982','BALL_0086','',#5,#5546,
  $);
#5600 = PRODUCT_RELATED_PRODUCT_CATEGORY('part',$,(#5548));
#5601 = SHAPE_DEFINITION_REPRESENTATION(#5602,#5608);
#5602 = PRODUCT_DEFINITION_SHAPE('','',#5603);
#5603 = PRODUCT_DEFINITION('design','',#5604,#5607);
#5604 = PRODUCT_DEFINITION_FORMATION('','',#5605);
#5605 = PRODUCT('BALL_0087','BALL_0087','',(#5606));
#5606 = PRODUCT_CONTEXT('',#2,'mechanical');
#5607 = PRODUCT_DEFINITION_CONTEXT('part definition',#2,'design');
#5608 = ADVANCED_BREP_SHAPE_REPRESENTATION('',(#11,#5609),#5647);
#5609 = MANIFOLD_SOLID_BREP('',#5610);
#5610 = CLOSED_SHELL('',(#5611,#5638));
#5611 = ADVANCED_FACE('',(#5612),#5633,.T.);
#5612 = FACE_BOUND('',#5613,.T.);
#5613 = EDGE_LOOP('',(#5614,#5623,#5632));
#5614 = ORIENTED_EDGE('',*,*,#5615,.T.);
#5615 = EDGE_CURVE('',#5616,#5616,#5618,.T.);
#5616 = VERTEX_POINT('',#5617);
#5617 = CARTESIAN_POINT('',(-2.,0.262399999997,-5.868799999998));
#5618 = CIRCLE('',#5619,0.131200000002);
#5619 = AXIS2_PLACEMENT_3D('',#5620,#5621,#5622);
#5620 = CARTESIAN_POINT('',(-2.,0.262399999997,-6.));
#5621 = DIRECTION('',(-5.551115123126E-17,-1.,0.));
#5622 = DIRECTION('',(1.718305301576E-28,-9.538510545726E-45,1.));
#5623 = ORIENTED_EDGE('',*,*,#5624,.T.);
#5624 = EDGE_CURVE('',#5616,#5625,#5627,.T.);
#5625 = VERTEX_POINT('',#5626);
#5626 = CARTESIAN_POINT('',(-2.,4.05763833864E-13,-6.));
#5627 = CIRCLE('',#5628,0.164);
#5628 = AXIS2_PLACEMENT_3D('',#5629,#5630,#5631);
#5629 = CARTESIAN_POINT('',(-2.,0.164,-6.));
#5630 = DIRECTION('',(1.,-1.110223024625E-16,-5.551115123126E-17));
#5631 = DIRECTION('',(1.110223024625E-16,1.,5.551115123126E-17));
#5632 = ORIENTED_EDGE('',*,*,#5624,.F.);
#5633 = SPHERICAL_SURFACE('',#5634,0.164);
#5634 = AXIS2_PLACEMENT_3D('',#5635,#5636,#5637);
#5635 = CARTESIAN_POINT('',(-2.,0.164,-6.));
#5636 = DIRECTION('',(-5.551115123126E-17,-1.,-0.));
#5637 = DIRECTION('',(1.536735126745E-28,-8.530593602312E-45,1.));
#5638 = ADVANCED_FACE('',(#5639),#5642,.F.);
#5639 = FACE_BOUND('',#5640,.F.);
#5640 = EDGE_LOOP('',(#5641));
#5641 = ORIENTED_EDGE('',*,*,#5615,.T.);
#5642 = PLANE('',#5643);
#5643 = AXIS2_PLACEMENT_3D('',#5644,#5645,#5646);
#5644 = CARTESIAN_POINT('',(-2.,0.2624,-6.));
#5645 = DIRECTION('',(-5.551115123126E-17,-1.,-0.));
#5646 = DIRECTION('',(1.718305301602E-28,-9.53851054587E-45,1.));
#5647 = ( GEOMETRIC_REPRESENTATION_CONTEXT(3) 
GLOBAL_UNCERTAINTY_ASSIGNED_CONTEXT((#5651)) 
GLOBAL_UNIT_ASSIGNED_CONTEXT((#5648,#5649,#5650)) REPRESENTATION_CONTEXT
('Context #1','3D Context with UNIT and UNCERTAINTY') );
#5648 = ( LENGTH_UNIT() NAMED_UNIT(*) SI_UNIT(.MILLI.,.METRE.) );
#5649 = ( NAMED_UNIT(*) PLANE_ANGLE_UNIT() SI_UNIT($,.RADIAN.) );
#5650 = ( NAMED_UNIT(*) SI_UNIT($,.STERADIAN.) SOLID_ANGLE_UNIT() );
#5651 = UNCERTAINTY_MEASURE_WITH_UNIT(LENGTH_MEASURE(1.E-07),#5648,
  'distance_accuracy_value','confusion accuracy');
#5652 = CONTEXT_DEPENDENT_SHAPE_REPRESENTATION(#5653,#5655);
#5653 = ( REPRESENTATION_RELATIONSHIP('','',#5608,#10) 
REPRESENTATION_RELATIONSHIP_WITH_TRANSFORMATION(#5654) 
SHAPE_REPRESENTATION_RELATIONSHIP() );
#5654 = ITEM_DEFINED_TRANSFORMATION('','',#11,#367);
#5655 = PRODUCT_DEFINITION_SHAPE('Placement','Placement of an item',
  #5656);
#5656 = NEXT_ASSEMBLY_USAGE_OCCURRENCE('158983','BALL_0087','',#5,#5603,
  $);
#5657 = PRODUCT_RELATED_PRODUCT_CATEGORY('part',$,(#5605));
#5658 = SHAPE_DEFINITION_REPRESENTATION(#5659,#5665);
#5659 = PRODUCT_DEFINITION_SHAPE('','',#5660);
#5660 = PRODUCT_DEFINITION('design','',#5661,#5664);
#5661 = PRODUCT_DEFINITION_FORMATION('','',#5662);
#5662 = PRODUCT('BALL_0088','BALL_0088','',(#5663));
#5663 = PRODUCT_CONTEXT('',#2,'mechanical');
#5664 = PRODUCT_DEFINITION_CONTEXT('part definition',#2,'design');
#5665 = ADVANCED_BREP_SHAPE_REPRESENTATION('',(#11,#5666),#5704);
#5666 = MANIFOLD_SOLID_BREP('',#5667);
#5667 = CLOSED_SHELL('',(#5668,#5695));
#5668 = ADVANCED_FACE('',(#5669),#5690,.T.);
#5669 = FACE_BOUND('',#5670,.T.);
#5670 = EDGE_LOOP('',(#5671,#5680,#5689));
#5671 = ORIENTED_EDGE('',*,*,#5672,.T.);
#5672 = EDGE_CURVE('',#5673,#5673,#5675,.T.);
#5673 = VERTEX_POINT('',#5674);
#5674 = CARTESIAN_POINT('',(-2.,0.262399999997,-5.868799999998));
#5675 = CIRCLE('',#5676,0.131200000002);
#5676 = AXIS2_PLACEMENT_3D('',#5677,#5678,#5679);
#5677 = CARTESIAN_POINT('',(-2.,0.262399999997,-6.));
#5678 = DIRECTION('',(-5.551115123126E-17,-1.,0.));
#5679 = DIRECTION('',(1.718305301576E-28,-9.538510545726E-45,1.));
#5680 = ORIENTED_EDGE('',*,*,#5681,.T.);
#5681 = EDGE_CURVE('',#5673,#5682,#5684,.T.);
#5682 = VERTEX_POINT('',#5683);
#5683 = CARTESIAN_POINT('',(-2.,4.05763833864E-13,-6.));
#5684 = CIRCLE('',#5685,0.164);
#5685 = AXIS2_PLACEMENT_3D('',#5686,#5687,#5688);
#5686 = CARTESIAN_POINT('',(-2.,0.164,-6.));
#5687 = DIRECTION('',(1.,-1.110223024625E-16,-5.551115123126E-17));
#5688 = DIRECTION('',(1.110223024625E-16,1.,5.551115123126E-17));
#5689 = ORIENTED_EDGE('',*,*,#5681,.F.);
#5690 = SPHERICAL_SURFACE('',#5691,0.164);
#5691 = AXIS2_PLACEMENT_3D('',#5692,#5693,#5694);
#5692 = CARTESIAN_POINT('',(-2.,0.164,-6.));
#5693 = DIRECTION('',(-5.551115123126E-17,-1.,-0.));
#5694 = DIRECTION('',(1.536735126745E-28,-8.530593602312E-45,1.));
#5695 = ADVANCED_FACE('',(#5696),#5699,.F.);
#5696 = FACE_BOUND('',#5697,.F.);
#5697 = EDGE_LOOP('',(#5698));
#5698 = ORIENTED_EDGE('',*,*,#5672,.T.);
#5699 = PLANE('',#5700);
#5700 = AXIS2_PLACEMENT_3D('',#5701,#5702,#5703);
#5701 = CARTESIAN_POINT('',(-2.,0.2624,-6.));
#5702 = DIRECTION('',(-5.551115123126E-17,-1.,-0.));
#5703 = DIRECTION('',(1.718305301602E-28,-9.53851054587E-45,1.));
#5704 = ( GEOMETRIC_REPRESENTATION_CONTEXT(3) 
GLOBAL_UNCERTAINTY_ASSIGNED_CONTEXT((#5708)) 
GLOBAL_UNIT_ASSIGNED_CONTEXT((#5705,#5706,#5707)) REPRESENTATION_CONTEXT
('Context #1','3D Context with UNIT and UNCERTAINTY') );
#5705 = ( LENGTH_UNIT() NAMED_UNIT(*) SI_UNIT(.MILLI.,.METRE.) );
#5706 = ( NAMED_UNIT(*) PLANE_ANGLE_UNIT() SI_UNIT($,.RADIAN.) );
#5707 = ( NAMED_UNIT(*) SI_UNIT($,.STERADIAN.) SOLID_ANGLE_UNIT() );
#5708 = UNCERTAINTY_MEASURE_WITH_UNIT(LENGTH_MEASURE(1.E-07),#5705,
  'distance_accuracy_value','confusion accuracy');
#5709 = CONTEXT_DEPENDENT_SHAPE_REPRESENTATION(#5710,#5712);
#5710 = ( REPRESENTATION_RELATIONSHIP('','',#5665,#10) 
REPRESENTATION_RELATIONSHIP_WITH_TRANSFORMATION(#5711) 
SHAPE_REPRESENTATION_RELATIONSHIP() );
#5711 = ITEM_DEFINED_TRANSFORMATION('','',#11,#371);
#5712 = PRODUCT_DEFINITION_SHAPE('Placement','Placement of an item',
  #5713);
#5713 = NEXT_ASSEMBLY_USAGE_OCCURRENCE('158984','BALL_0088','',#5,#5660,
  $);
#5714 = PRODUCT_RELATED_PRODUCT_CATEGORY('part',$,(#5662));
#5715 = SHAPE_DEFINITION_REPRESENTATION(#5716,#5722);
#5716 = PRODUCT_DEFINITION_SHAPE('','',#5717);
#5717 = PRODUCT_DEFINITION('design','',#5718,#5721);
#5718 = PRODUCT_DEFINITION_FORMATION('','',#5719);
#5719 = PRODUCT('BALL_0089','BALL_0089','',(#5720));
#5720 = PRODUCT_CONTEXT('',#2,'mechanical');
#5721 = PRODUCT_DEFINITION_CONTEXT('part definition',#2,'design');
#5722 = ADVANCED_BREP_SHAPE_REPRESENTATION('',(#11,#5723),#5761);
#5723 = MANIFOLD_SOLID_BREP('',#5724);
#5724 = CLOSED_SHELL('',(#5725,#5752));
#5725 = ADVANCED_FACE('',(#5726),#5747,.T.);
#5726 = FACE_BOUND('',#5727,.T.);
#5727 = EDGE_LOOP('',(#5728,#5737,#5746));
#5728 = ORIENTED_EDGE('',*,*,#5729,.T.);
#5729 = EDGE_CURVE('',#5730,#5730,#5732,.T.);
#5730 = VERTEX_POINT('',#5731);
#5731 = CARTESIAN_POINT('',(-2.,0.262399999997,-5.868799999998));
#5732 = CIRCLE('',#5733,0.131200000002);
#5733 = AXIS2_PLACEMENT_3D('',#5734,#5735,#5736);
#5734 = CARTESIAN_POINT('',(-2.,0.262399999997,-6.));
#5735 = DIRECTION('',(-5.551115123126E-17,-1.,0.));
#5736 = DIRECTION('',(1.718305301576E-28,-9.538510545726E-45,1.));
#5737 = ORIENTED_EDGE('',*,*,#5738,.T.);
#5738 = EDGE_CURVE('',#5730,#5739,#5741,.T.);
#5739 = VERTEX_POINT('',#5740);
#5740 = CARTESIAN_POINT('',(-2.,4.05763833864E-13,-6.));
#5741 = CIRCLE('',#5742,0.164);
#5742 = AXIS2_PLACEMENT_3D('',#5743,#5744,#5745);
#5743 = CARTESIAN_POINT('',(-2.,0.164,-6.));
#5744 = DIRECTION('',(1.,-1.110223024625E-16,-5.551115123126E-17));
#5745 = DIRECTION('',(1.110223024625E-16,1.,5.551115123126E-17));
#5746 = ORIENTED_EDGE('',*,*,#5738,.F.);
#5747 = SPHERICAL_SURFACE('',#5748,0.164);
#5748 = AXIS2_PLACEMENT_3D('',#5749,#5750,#5751);
#5749 = CARTESIAN_POINT('',(-2.,0.164,-6.));
#5750 = DIRECTION('',(-5.551115123126E-17,-1.,-0.));
#5751 = DIRECTION('',(1.536735126745E-28,-8.530593602312E-45,1.));
#5752 = ADVANCED_FACE('',(#5753),#5756,.F.);
#5753 = FACE_BOUND('',#5754,.F.);
#5754 = EDGE_LOOP('',(#5755));
#5755 = ORIENTED_EDGE('',*,*,#5729,.T.);
#5756 = PLANE('',#5757);
#5757 = AXIS2_PLACEMENT_3D('',#5758,#5759,#5760);
#5758 = CARTESIAN_POINT('',(-2.,0.2624,-6.));
#5759 = DIRECTION('',(-5.551115123126E-17,-1.,-0.));
#5760 = DIRECTION('',(1.718305301602E-28,-9.53851054587E-45,1.));
#5761 = ( GEOMETRIC_REPRESENTATION_CONTEXT(3) 
GLOBAL_UNCERTAINTY_ASSIGNED_CONTEXT((#5765)) 
GLOBAL_UNIT_ASSIGNED_CONTEXT((#5762,#5763,#5764)) REPRESENTATION_CONTEXT
('Context #1','3D Context with UNIT and UNCERTAINTY') );
#5762 = ( LENGTH_UNIT() NAMED_UNIT(*) SI_UNIT(.MILLI.,.METRE.) );
#5763 = ( NAMED_UNIT(*) PLANE_ANGLE_UNIT() SI_UNIT($,.RADIAN.) );
#5764 = ( NAMED_UNIT(*) SI_UNIT($,.STERADIAN.) SOLID_ANGLE_UNIT() );
#5765 = UNCERTAINTY_MEASURE_WITH_UNIT(LENGTH_MEASURE(1.E-07),#5762,
  'distance_accuracy_value','confusion accuracy');
#5766 = CONTEXT_DEPENDENT_SHAPE_REPRESENTATION(#5767,#5769);
#5767 = ( REPRESENTATION_RELATIONSHIP('','',#5722,#10) 
REPRESENTATION_RELATIONSHIP_WITH_TRANSFORMATION(#5768) 
SHAPE_REPRESENTATION_RELATIONSHIP() );
#5768 = ITEM_DEFINED_TRANSFORMATION('','',#11,#375);
#5769 = PRODUCT_DEFINITION_SHAPE('Placement','Placement of an item',
  #5770);
#5770 = NEXT_ASSEMBLY_USAGE_OCCURRENCE('158985','BALL_0089','',#5,#5717,
  $);
#5771 = PRODUCT_RELATED_PRODUCT_CATEGORY('part',$,(#5719));
#5772 = SHAPE_DEFINITION_REPRESENTATION(#5773,#5779);
#5773 = PRODUCT_DEFINITION_SHAPE('','',#5774);
#5774 = PRODUCT_DEFINITION('design','',#5775,#5778);
#5775 = PRODUCT_DEFINITION_FORMATION('','',#5776);
#5776 = PRODUCT('BALL_0090','BALL_0090','',(#5777));
#5777 = PRODUCT_CONTEXT('',#2,'mechanical');
#5778 = PRODUCT_DEFINITION_CONTEXT('part definition',#2,'design');
#5779 = ADVANCED_BREP_SHAPE_REPRESENTATION('',(#11,#5780),#5818);
#5780 = MANIFOLD_SOLID_BREP('',#5781);
#5781 = CLOSED_SHELL('',(#5782,#5809));
#5782 = ADVANCED_FACE('',(#5783),#5804,.T.);
#5783 = FACE_BOUND('',#5784,.T.);
#5784 = EDGE_LOOP('',(#5785,#5794,#5803));
#5785 = ORIENTED_EDGE('',*,*,#5786,.T.);
#5786 = EDGE_CURVE('',#5787,#5787,#5789,.T.);
#5787 = VERTEX_POINT('',#5788);
#5788 = CARTESIAN_POINT('',(-2.,0.262399999997,-5.868799999998));
#5789 = CIRCLE('',#5790,0.131200000002);
#5790 = AXIS2_PLACEMENT_3D('',#5791,#5792,#5793);
#5791 = CARTESIAN_POINT('',(-2.,0.262399999997,-6.));
#5792 = DIRECTION('',(-5.551115123126E-17,-1.,0.));
#5793 = DIRECTION('',(1.718305301576E-28,-9.538510545726E-45,1.));
#5794 = ORIENTED_EDGE('',*,*,#5795,.T.);
#5795 = EDGE_CURVE('',#5787,#5796,#5798,.T.);
#5796 = VERTEX_POINT('',#5797);
#5797 = CARTESIAN_POINT('',(-2.,4.05763833864E-13,-6.));
#5798 = CIRCLE('',#5799,0.164);
#5799 = AXIS2_PLACEMENT_3D('',#5800,#5801,#5802);
#5800 = CARTESIAN_POINT('',(-2.,0.164,-6.));
#5801 = DIRECTION('',(1.,-1.110223024625E-16,-5.551115123126E-17));
#5802 = DIRECTION('',(1.110223024625E-16,1.,5.551115123126E-17));
#5803 = ORIENTED_EDGE('',*,*,#5795,.F.);
#5804 = SPHERICAL_SURFACE('',#5805,0.164);
#5805 = AXIS2_PLACEMENT_3D('',#5806,#5807,#5808);
#5806 = CARTESIAN_POINT('',(-2.,0.164,-6.));
#5807 = DIRECTION('',(-5.551115123126E-17,-1.,-0.));
#5808 = DIRECTION('',(1.536735126745E-28,-8.530593602312E-45,1.));
#5809 = ADVANCED_FACE('',(#5810),#5813,.F.);
#5810 = FACE_BOUND('',#5811,.F.);
#5811 = EDGE_LOOP('',(#5812));
#5812 = ORIENTED_EDGE('',*,*,#5786,.T.);
#5813 = PLANE('',#5814);
#5814 = AXIS2_PLACEMENT_3D('',#5815,#5816,#5817);
#5815 = CARTESIAN_POINT('',(-2.,0.2624,-6.));
#5816 = DIRECTION('',(-5.551115123126E-17,-1.,-0.));
#5817 = DIRECTION('',(1.718305301602E-28,-9.53851054587E-45,1.));
#5818 = ( GEOMETRIC_REPRESENTATION_CONTEXT(3) 
GLOBAL_UNCERTAINTY_ASSIGNED_CONTEXT((#5822)) 
GLOBAL_UNIT_ASSIGNED_CONTEXT((#5819,#5820,#5821)) REPRESENTATION_CONTEXT
('Context #1','3D Context with UNIT and UNCERTAINTY') );
#5819 = ( LENGTH_UNIT() NAMED_UNIT(*) SI_UNIT(.MILLI.,.METRE.) );
#5820 = ( NAMED_UNIT(*) PLANE_ANGLE_UNIT() SI_UNIT($,.RADIAN.) );
#5821 = ( NAMED_UNIT(*) SI_UNIT($,.STERADIAN.) SOLID_ANGLE_UNIT() );
#5822 = UNCERTAINTY_MEASURE_WITH_UNIT(LENGTH_MEASURE(1.E-07),#5819,
  'distance_accuracy_value','confusion accuracy');
#5823 = CONTEXT_DEPENDENT_SHAPE_REPRESENTATION(#5824,#5826);
#5824 = ( REPRESENTATION_RELATIONSHIP('','',#5779,#10) 
REPRESENTATION_RELATIONSHIP_WITH_TRANSFORMATION(#5825) 
SHAPE_REPRESENTATION_RELATIONSHIP() );
#5825 = ITEM_DEFINED_TRANSFORMATION('','',#11,#379);
#5826 = PRODUCT_DEFINITION_SHAPE('Placement','Placement of an item',
  #5827);
#5827 = NEXT_ASSEMBLY_USAGE_OCCURRENCE('158986','BALL_0090','',#5,#5774,
  $);
#5828 = PRODUCT_RELATED_PRODUCT_CATEGORY('part',$,(#5776));
#5829 = SHAPE_DEFINITION_REPRESENTATION(#5830,#5836);
#5830 = PRODUCT_DEFINITION_SHAPE('','',#5831);
#5831 = PRODUCT_DEFINITION('design','',#5832,#5835);
#5832 = PRODUCT_DEFINITION_FORMATION('','',#5833);
#5833 = PRODUCT('BALL_0091','BALL_0091','',(#5834));
#5834 = PRODUCT_CONTEXT('',#2,'mechanical');
#5835 = PRODUCT_DEFINITION_CONTEXT('part definition',#2,'design');
#5836 = ADVANCED_BREP_SHAPE_REPRESENTATION('',(#11,#5837),#5875);
#5837 = MANIFOLD_SOLID_BREP('',#5838);
#5838 = CLOSED_SHELL('',(#5839,#5866));
#5839 = ADVANCED_FACE('',(#5840),#5861,.T.);
#5840 = FACE_BOUND('',#5841,.T.);
#5841 = EDGE_LOOP('',(#5842,#5851,#5860));
#5842 = ORIENTED_EDGE('',*,*,#5843,.T.);
#5843 = EDGE_CURVE('',#5844,#5844,#5846,.T.);
#5844 = VERTEX_POINT('',#5845);
#5845 = CARTESIAN_POINT('',(-2.,0.262399999997,-5.868799999998));
#5846 = CIRCLE('',#5847,0.131200000002);
#5847 = AXIS2_PLACEMENT_3D('',#5848,#5849,#5850);
#5848 = CARTESIAN_POINT('',(-2.,0.262399999997,-6.));
#5849 = DIRECTION('',(-5.551115123126E-17,-1.,0.));
#5850 = DIRECTION('',(1.718305301576E-28,-9.538510545726E-45,1.));
#5851 = ORIENTED_EDGE('',*,*,#5852,.T.);
#5852 = EDGE_CURVE('',#5844,#5853,#5855,.T.);
#5853 = VERTEX_POINT('',#5854);
#5854 = CARTESIAN_POINT('',(-2.,4.05763833864E-13,-6.));
#5855 = CIRCLE('',#5856,0.164);
#5856 = AXIS2_PLACEMENT_3D('',#5857,#5858,#5859);
#5857 = CARTESIAN_POINT('',(-2.,0.164,-6.));
#5858 = DIRECTION('',(1.,-1.110223024625E-16,-5.551115123126E-17));
#5859 = DIRECTION('',(1.110223024625E-16,1.,5.551115123126E-17));
#5860 = ORIENTED_EDGE('',*,*,#5852,.F.);
#5861 = SPHERICAL_SURFACE('',#5862,0.164);
#5862 = AXIS2_PLACEMENT_3D('',#5863,#5864,#5865);
#5863 = CARTESIAN_POINT('',(-2.,0.164,-6.));
#5864 = DIRECTION('',(-5.551115123126E-17,-1.,-0.));
#5865 = DIRECTION('',(1.536735126745E-28,-8.530593602312E-45,1.));
#5866 = ADVANCED_FACE('',(#5867),#5870,.F.);
#5867 = FACE_BOUND('',#5868,.F.);
#5868 = EDGE_LOOP('',(#5869));
#5869 = ORIENTED_EDGE('',*,*,#5843,.T.);
#5870 = PLANE('',#5871);
#5871 = AXIS2_PLACEMENT_3D('',#5872,#5873,#5874);
#5872 = CARTESIAN_POINT('',(-2.,0.2624,-6.));
#5873 = DIRECTION('',(-5.551115123126E-17,-1.,-0.));
#5874 = DIRECTION('',(1.718305301602E-28,-9.53851054587E-45,1.));
#5875 = ( GEOMETRIC_REPRESENTATION_CONTEXT(3) 
GLOBAL_UNCERTAINTY_ASSIGNED_CONTEXT((#5879)) 
GLOBAL_UNIT_ASSIGNED_CONTEXT((#5876,#5877,#5878)) REPRESENTATION_CONTEXT
('Context #1','3D Context with UNIT and UNCERTAINTY') );
#5876 = ( LENGTH_UNIT() NAMED_UNIT(*) SI_UNIT(.MILLI.,.METRE.) );
#5877 = ( NAMED_UNIT(*) PLANE_ANGLE_UNIT() SI_UNIT($,.RADIAN.) );
#5878 = ( NAMED_UNIT(*) SI_UNIT($,.STERADIAN.) SOLID_ANGLE_UNIT() );
#5879 = UNCERTAINTY_MEASURE_WITH_UNIT(LENGTH_MEASURE(1.E-07),#5876,
  'distance_accuracy_value','confusion accuracy');
#5880 = CONTEXT_DEPENDENT_SHAPE_REPRESENTATION(#5881,#5883);
#5881 = ( REPRESENTATION_RELATIONSHIP('','',#5836,#10) 
REPRESENTATION_RELATIONSHIP_WITH_TRANSFORMATION(#5882) 
SHAPE_REPRESENTATION_RELATIONSHIP() );
#5882 = ITEM_DEFINED_TRANSFORMATION('','',#11,#383);
#5883 = PRODUCT_DEFINITION_SHAPE('Placement','Placement of an item',
  #5884);
#5884 = NEXT_ASSEMBLY_USAGE_OCCURRENCE('158987','BALL_0091','',#5,#5831,
  $);
#5885 = PRODUCT_RELATED_PRODUCT_CATEGORY('part',$,(#5833));
#5886 = SHAPE_DEFINITION_REPRESENTATION(#5887,#5893);
#5887 = PRODUCT_DEFINITION_SHAPE('','',#5888);
#5888 = PRODUCT_DEFINITION('design','',#5889,#5892);
#5889 = PRODUCT_DEFINITION_FORMATION('','',#5890);
#5890 = PRODUCT('BALL_0092','BALL_0092','',(#5891));
#5891 = PRODUCT_CONTEXT('',#2,'mechanical');
#5892 = PRODUCT_DEFINITION_CONTEXT('part definition',#2,'design');
#5893 = ADVANCED_BREP_SHAPE_REPRESENTATION('',(#11,#5894),#5932);
#5894 = MANIFOLD_SOLID_BREP('',#5895);
#5895 = CLOSED_SHELL('',(#5896,#5923));
#5896 = ADVANCED_FACE('',(#5897),#5918,.T.);
#5897 = FACE_BOUND('',#5898,.T.);
#5898 = EDGE_LOOP('',(#5899,#5908,#5917));
#5899 = ORIENTED_EDGE('',*,*,#5900,.T.);
#5900 = EDGE_CURVE('',#5901,#5901,#5903,.T.);
#5901 = VERTEX_POINT('',#5902);
#5902 = CARTESIAN_POINT('',(-2.,0.262399999997,-5.868799999998));
#5903 = CIRCLE('',#5904,0.131200000002);
#5904 = AXIS2_PLACEMENT_3D('',#5905,#5906,#5907);
#5905 = CARTESIAN_POINT('',(-2.,0.262399999997,-6.));
#5906 = DIRECTION('',(-5.551115123126E-17,-1.,0.));
#5907 = DIRECTION('',(1.718305301576E-28,-9.538510545726E-45,1.));
#5908 = ORIENTED_EDGE('',*,*,#5909,.T.);
#5909 = EDGE_CURVE('',#5901,#5910,#5912,.T.);
#5910 = VERTEX_POINT('',#5911);
#5911 = CARTESIAN_POINT('',(-2.,4.05763833864E-13,-6.));
#5912 = CIRCLE('',#5913,0.164);
#5913 = AXIS2_PLACEMENT_3D('',#5914,#5915,#5916);
#5914 = CARTESIAN_POINT('',(-2.,0.164,-6.));
#5915 = DIRECTION('',(1.,-1.110223024625E-16,-5.551115123126E-17));
#5916 = DIRECTION('',(1.110223024625E-16,1.,5.551115123126E-17));
#5917 = ORIENTED_EDGE('',*,*,#5909,.F.);
#5918 = SPHERICAL_SURFACE('',#5919,0.164);
#5919 = AXIS2_PLACEMENT_3D('',#5920,#5921,#5922);
#5920 = CARTESIAN_POINT('',(-2.,0.164,-6.));
#5921 = DIRECTION('',(-5.551115123126E-17,-1.,-0.));
#5922 = DIRECTION('',(1.536735126745E-28,-8.530593602312E-45,1.));
#5923 = ADVANCED_FACE('',(#5924),#5927,.F.);
#5924 = FACE_BOUND('',#5925,.F.);
#5925 = EDGE_LOOP('',(#5926));
#5926 = ORIENTED_EDGE('',*,*,#5900,.T.);
#5927 = PLANE('',#5928);
#5928 = AXIS2_PLACEMENT_3D('',#5929,#5930,#5931);
#5929 = CARTESIAN_POINT('',(-2.,0.2624,-6.));
#5930 = DIRECTION('',(-5.551115123126E-17,-1.,-0.));
#5931 = DIRECTION('',(1.718305301602E-28,-9.53851054587E-45,1.));
#5932 = ( GEOMETRIC_REPRESENTATION_CONTEXT(3) 
GLOBAL_UNCERTAINTY_ASSIGNED_CONTEXT((#5936)) 
GLOBAL_UNIT_ASSIGNED_CONTEXT((#5933,#5934,#5935)) REPRESENTATION_CONTEXT
('Context #1','3D Context with UNIT and UNCERTAINTY') );
#5933 = ( LENGTH_UNIT() NAMED_UNIT(*) SI_UNIT(.MILLI.,.METRE.) );
#5934 = ( NAMED_UNIT(*) PLANE_ANGLE_UNIT() SI_UNIT($,.RADIAN.) );
#5935 = ( NAMED_UNIT(*) SI_UNIT($,.STERADIAN.) SOLID_ANGLE_UNIT() );
#5936 = UNCERTAINTY_MEASURE_WITH_UNIT(LENGTH_MEASURE(1.E-07),#5933,
  'distance_accuracy_value','confusion accuracy');
#5937 = CONTEXT_DEPENDENT_SHAPE_REPRESENTATION(#5938,#5940);
#5938 = ( REPRESENTATION_RELATIONSHIP('','',#5893,#10) 
REPRESENTATION_RELATIONSHIP_WITH_TRANSFORMATION(#5939) 
SHAPE_REPRESENTATION_RELATIONSHIP() );
#5939 = ITEM_DEFINED_TRANSFORMATION('','',#11,#387);
#5940 = PRODUCT_DEFINITION_SHAPE('Placement','Placement of an item',
  #5941);
#5941 = NEXT_ASSEMBLY_USAGE_OCCURRENCE('158988','BALL_0092','',#5,#5888,
  $);
#5942 = PRODUCT_RELATED_PRODUCT_CATEGORY('part',$,(#5890));
#5943 = SHAPE_DEFINITION_REPRESENTATION(#5944,#5950);
#5944 = PRODUCT_DEFINITION_SHAPE('','',#5945);
#5945 = PRODUCT_DEFINITION('design','',#5946,#5949);
#5946 = PRODUCT_DEFINITION_FORMATION('','',#5947);
#5947 = PRODUCT('BALL_0093','BALL_0093','',(#5948));
#5948 = PRODUCT_CONTEXT('',#2,'mechanical');
#5949 = PRODUCT_DEFINITION_CONTEXT('part definition',#2,'design');
#5950 = ADVANCED_BREP_SHAPE_REPRESENTATION('',(#11,#5951),#5989);
#5951 = MANIFOLD_SOLID_BREP('',#5952);
#5952 = CLOSED_SHELL('',(#5953,#5980));
#5953 = ADVANCED_FACE('',(#5954),#5975,.T.);
#5954 = FACE_BOUND('',#5955,.T.);
#5955 = EDGE_LOOP('',(#5956,#5965,#5974));
#5956 = ORIENTED_EDGE('',*,*,#5957,.T.);
#5957 = EDGE_CURVE('',#5958,#5958,#5960,.T.);
#5958 = VERTEX_POINT('',#5959);
#5959 = CARTESIAN_POINT('',(-2.,0.262399999997,-5.868799999998));
#5960 = CIRCLE('',#5961,0.131200000002);
#5961 = AXIS2_PLACEMENT_3D('',#5962,#5963,#5964);
#5962 = CARTESIAN_POINT('',(-2.,0.262399999997,-6.));
#5963 = DIRECTION('',(-5.551115123126E-17,-1.,0.));
#5964 = DIRECTION('',(1.718305301576E-28,-9.538510545726E-45,1.));
#5965 = ORIENTED_EDGE('',*,*,#5966,.T.);
#5966 = EDGE_CURVE('',#5958,#5967,#5969,.T.);
#5967 = VERTEX_POINT('',#5968);
#5968 = CARTESIAN_POINT('',(-2.,4.05763833864E-13,-6.));
#5969 = CIRCLE('',#5970,0.164);
#5970 = AXIS2_PLACEMENT_3D('',#5971,#5972,#5973);
#5971 = CARTESIAN_POINT('',(-2.,0.164,-6.));
#5972 = DIRECTION('',(1.,-1.110223024625E-16,-5.551115123126E-17));
#5973 = DIRECTION('',(1.110223024625E-16,1.,5.551115123126E-17));
#5974 = ORIENTED_EDGE('',*,*,#5966,.F.);
#5975 = SPHERICAL_SURFACE('',#5976,0.164);
#5976 = AXIS2_PLACEMENT_3D('',#5977,#5978,#5979);
#5977 = CARTESIAN_POINT('',(-2.,0.164,-6.));
#5978 = DIRECTION('',(-5.551115123126E-17,-1.,-0.));
#5979 = DIRECTION('',(1.536735126745E-28,-8.530593602312E-45,1.));
#5980 = ADVANCED_FACE('',(#5981),#5984,.F.);
#5981 = FACE_BOUND('',#5982,.F.);
#5982 = EDGE_LOOP('',(#5983));
#5983 = ORIENTED_EDGE('',*,*,#5957,.T.);
#5984 = PLANE('',#5985);
#5985 = AXIS2_PLACEMENT_3D('',#5986,#5987,#5988);
#5986 = CARTESIAN_POINT('',(-2.,0.2624,-6.));
#5987 = DIRECTION('',(-5.551115123126E-17,-1.,-0.));
#5988 = DIRECTION('',(1.718305301602E-28,-9.53851054587E-45,1.));
#5989 = ( GEOMETRIC_REPRESENTATION_CONTEXT(3) 
GLOBAL_UNCERTAINTY_ASSIGNED_CONTEXT((#5993)) 
GLOBAL_UNIT_ASSIGNED_CONTEXT((#5990,#5991,#5992)) REPRESENTATION_CONTEXT
('Context #1','3D Context with UNIT and UNCERTAINTY') );
#5990 = ( LENGTH_UNIT() NAMED_UNIT(*) SI_UNIT(.MILLI.,.METRE.) );
#5991 = ( NAMED_UNIT(*) PLANE_ANGLE_UNIT() SI_UNIT($,.RADIAN.) );
#5992 = ( NAMED_UNIT(*) SI_UNIT($,.STERADIAN.) SOLID_ANGLE_UNIT() );
#5993 = UNCERTAINTY_MEASURE_WITH_UNIT(LENGTH_MEASURE(1.E-07),#5990,
  'distance_accuracy_value','confusion accuracy');
#5994 = CONTEXT_DEPENDENT_SHAPE_REPRESENTATION(#5995,#5997);
#5995 = ( REPRESENTATION_RELATIONSHIP('','',#5950,#10) 
REPRESENTATION_RELATIONSHIP_WITH_TRANSFORMATION(#5996) 
SHAPE_REPRESENTATION_RELATIONSHIP() );
#5996 = ITEM_DEFINED_TRANSFORMATION('','',#11,#391);
#5997 = PRODUCT_DEFINITION_SHAPE('Placement','Placement of an item',
  #5998);
#5998 = NEXT_ASSEMBLY_USAGE_OCCURRENCE('158989','BALL_0093','',#5,#5945,
  $);
#5999 = PRODUCT_RELATED_PRODUCT_CATEGORY('part',$,(#5947));
#6000 = SHAPE_DEFINITION_REPRESENTATION(#6001,#6007);
#6001 = PRODUCT_DEFINITION_SHAPE('','',#6002);
#6002 = PRODUCT_DEFINITION('design','',#6003,#6006);
#6003 = PRODUCT_DEFINITION_FORMATION('','',#6004);
#6004 = PRODUCT('BALL_0094','BALL_0094','',(#6005));
#6005 = PRODUCT_CONTEXT('',#2,'mechanical');
#6006 = PRODUCT_DEFINITION_CONTEXT('part definition',#2,'design');
#6007 = ADVANCED_BREP_SHAPE_REPRESENTATION('',(#11,#6008),#6046);
#6008 = MANIFOLD_SOLID_BREP('',#6009);
#6009 = CLOSED_SHELL('',(#6010,#6037));
#6010 = ADVANCED_FACE('',(#6011),#6032,.T.);
#6011 = FACE_BOUND('',#6012,.T.);
#6012 = EDGE_LOOP('',(#6013,#6022,#6031));
#6013 = ORIENTED_EDGE('',*,*,#6014,.T.);
#6014 = EDGE_CURVE('',#6015,#6015,#6017,.T.);
#6015 = VERTEX_POINT('',#6016);
#6016 = CARTESIAN_POINT('',(-2.,0.262399999997,-5.868799999998));
#6017 = CIRCLE('',#6018,0.131200000002);
#6018 = AXIS2_PLACEMENT_3D('',#6019,#6020,#6021);
#6019 = CARTESIAN_POINT('',(-2.,0.262399999997,-6.));
#6020 = DIRECTION('',(-5.551115123126E-17,-1.,0.));
#6021 = DIRECTION('',(1.718305301576E-28,-9.538510545726E-45,1.));
#6022 = ORIENTED_EDGE('',*,*,#6023,.T.);
#6023 = EDGE_CURVE('',#6015,#6024,#6026,.T.);
#6024 = VERTEX_POINT('',#6025);
#6025 = CARTESIAN_POINT('',(-2.,4.05763833864E-13,-6.));
#6026 = CIRCLE('',#6027,0.164);
#6027 = AXIS2_PLACEMENT_3D('',#6028,#6029,#6030);
#6028 = CARTESIAN_POINT('',(-2.,0.164,-6.));
#6029 = DIRECTION('',(1.,-1.110223024625E-16,-5.551115123126E-17));
#6030 = DIRECTION('',(1.110223024625E-16,1.,5.551115123126E-17));
#6031 = ORIENTED_EDGE('',*,*,#6023,.F.);
#6032 = SPHERICAL_SURFACE('',#6033,0.164);
#6033 = AXIS2_PLACEMENT_3D('',#6034,#6035,#6036);
#6034 = CARTESIAN_POINT('',(-2.,0.164,-6.));
#6035 = DIRECTION('',(-5.551115123126E-17,-1.,-0.));
#6036 = DIRECTION('',(1.536735126745E-28,-8.530593602312E-45,1.));
#6037 = ADVANCED_FACE('',(#6038),#6041,.F.);
#6038 = FACE_BOUND('',#6039,.F.);
#6039 = EDGE_LOOP('',(#6040));
#6040 = ORIENTED_EDGE('',*,*,#6014,.T.);
#6041 = PLANE('',#6042);
#6042 = AXIS2_PLACEMENT_3D('',#6043,#6044,#6045);
#6043 = CARTESIAN_POINT('',(-2.,0.2624,-6.));
#6044 = DIRECTION('',(-5.551115123126E-17,-1.,-0.));
#6045 = DIRECTION('',(1.718305301602E-28,-9.53851054587E-45,1.));
#6046 = ( GEOMETRIC_REPRESENTATION_CONTEXT(3) 
GLOBAL_UNCERTAINTY_ASSIGNED_CONTEXT((#6050)) 
GLOBAL_UNIT_ASSIGNED_CONTEXT((#6047,#6048,#6049)) REPRESENTATION_CONTEXT
('Context #1','3D Context with UNIT and UNCERTAINTY') );
#6047 = ( LENGTH_UNIT() NAMED_UNIT(*) SI_UNIT(.MILLI.,.METRE.) );
#6048 = ( NAMED_UNIT(*) PLANE_ANGLE_UNIT() SI_UNIT($,.RADIAN.) );
#6049 = ( NAMED_UNIT(*) SI_UNIT($,.STERADIAN.) SOLID_ANGLE_UNIT() );
#6050 = UNCERTAINTY_MEASURE_WITH_UNIT(LENGTH_MEASURE(1.E-07),#6047,
  'distance_accuracy_value','confusion accuracy');
#6051 = CONTEXT_DEPENDENT_SHAPE_REPRESENTATION(#6052,#6054);
#6052 = ( REPRESENTATION_RELATIONSHIP('','',#6007,#10) 
REPRESENTATION_RELATIONSHIP_WITH_TRANSFORMATION(#6053) 
SHAPE_REPRESENTATION_RELATIONSHIP() );
#6053 = ITEM_DEFINED_TRANSFORMATION('','',#11,#395);
#6054 = PRODUCT_DEFINITION_SHAPE('Placement','Placement of an item',
  #6055);
#6055 = NEXT_ASSEMBLY_USAGE_OCCURRENCE('158990','BALL_0094','',#5,#6002,
  $);
#6056 = PRODUCT_RELATED_PRODUCT_CATEGORY('part',$,(#6004));
#6057 = SHAPE_DEFINITION_REPRESENTATION(#6058,#6064);
#6058 = PRODUCT_DEFINITION_SHAPE('','',#6059);
#6059 = PRODUCT_DEFINITION('design','',#6060,#6063);
#6060 = PRODUCT_DEFINITION_FORMATION('','',#6061);
#6061 = PRODUCT('BALL_0095','BALL_0095','',(#6062));
#6062 = PRODUCT_CONTEXT('',#2,'mechanical');
#6063 = PRODUCT_DEFINITION_CONTEXT('part definition',#2,'design');
#6064 = ADVANCED_BREP_SHAPE_REPRESENTATION('',(#11,#6065),#6103);
#6065 = MANIFOLD_SOLID_BREP('',#6066);
#6066 = CLOSED_SHELL('',(#6067,#6094));
#6067 = ADVANCED_FACE('',(#6068),#6089,.T.);
#6068 = FACE_BOUND('',#6069,.T.);
#6069 = EDGE_LOOP('',(#6070,#6079,#6088));
#6070 = ORIENTED_EDGE('',*,*,#6071,.T.);
#6071 = EDGE_CURVE('',#6072,#6072,#6074,.T.);
#6072 = VERTEX_POINT('',#6073);
#6073 = CARTESIAN_POINT('',(-2.,0.262399999997,-5.868799999998));
#6074 = CIRCLE('',#6075,0.131200000002);
#6075 = AXIS2_PLACEMENT_3D('',#6076,#6077,#6078);
#6076 = CARTESIAN_POINT('',(-2.,0.262399999997,-6.));
#6077 = DIRECTION('',(-5.551115123126E-17,-1.,0.));
#6078 = DIRECTION('',(1.718305301576E-28,-9.538510545726E-45,1.));
#6079 = ORIENTED_EDGE('',*,*,#6080,.T.);
#6080 = EDGE_CURVE('',#6072,#6081,#6083,.T.);
#6081 = VERTEX_POINT('',#6082);
#6082 = CARTESIAN_POINT('',(-2.,4.05763833864E-13,-6.));
#6083 = CIRCLE('',#6084,0.164);
#6084 = AXIS2_PLACEMENT_3D('',#6085,#6086,#6087);
#6085 = CARTESIAN_POINT('',(-2.,0.164,-6.));
#6086 = DIRECTION('',(1.,-1.110223024625E-16,-5.551115123126E-17));
#6087 = DIRECTION('',(1.110223024625E-16,1.,5.551115123126E-17));
#6088 = ORIENTED_EDGE('',*,*,#6080,.F.);
#6089 = SPHERICAL_SURFACE('',#6090,0.164);
#6090 = AXIS2_PLACEMENT_3D('',#6091,#6092,#6093);
#6091 = CARTESIAN_POINT('',(-2.,0.164,-6.));
#6092 = DIRECTION('',(-5.551115123126E-17,-1.,-0.));
#6093 = DIRECTION('',(1.536735126745E-28,-8.530593602312E-45,1.));
#6094 = ADVANCED_FACE('',(#6095),#6098,.F.);
#6095 = FACE_BOUND('',#6096,.F.);
#6096 = EDGE_LOOP('',(#6097));
#6097 = ORIENTED_EDGE('',*,*,#6071,.T.);
#6098 = PLANE('',#6099);
#6099 = AXIS2_PLACEMENT_3D('',#6100,#6101,#6102);
#6100 = CARTESIAN_POINT('',(-2.,0.2624,-6.));
#6101 = DIRECTION('',(-5.551115123126E-17,-1.,-0.));
#6102 = DIRECTION('',(1.718305301602E-28,-9.53851054587E-45,1.));
#6103 = ( GEOMETRIC_REPRESENTATION_CONTEXT(3) 
GLOBAL_UNCERTAINTY_ASSIGNED_CONTEXT((#6107)) 
GLOBAL_UNIT_ASSIGNED_CONTEXT((#6104,#6105,#6106)) REPRESENTATION_CONTEXT
('Context #1','3D Context with UNIT and UNCERTAINTY') );
#6104 = ( LENGTH_UNIT() NAMED_UNIT(*) SI_UNIT(.MILLI.,.METRE.) );
#6105 = ( NAMED_UNIT(*) PLANE_ANGLE_UNIT() SI_UNIT($,.RADIAN.) );
#6106 = ( NAMED_UNIT(*) SI_UNIT($,.STERADIAN.) SOLID_ANGLE_UNIT() );
#6107 = UNCERTAINTY_MEASURE_WITH_UNIT(LENGTH_MEASURE(1.E-07),#6104,
  'distance_accuracy_value','confusion accuracy');
#6108 = CONTEXT_DEPENDENT_SHAPE_REPRESENTATION(#6109,#6111);
#6109 = ( REPRESENTATION_RELATIONSHIP('','',#6064,#10) 
REPRESENTATION_RELATIONSHIP_WITH_TRANSFORMATION(#6110) 
SHAPE_REPRESENTATION_RELATIONSHIP() );
#6110 = ITEM_DEFINED_TRANSFORMATION('','',#11,#399);
#6111 = PRODUCT_DEFINITION_SHAPE('Placement','Placement of an item',
  #6112);
#6112 = NEXT_ASSEMBLY_USAGE_OCCURRENCE('158991','BALL_0095','',#5,#6059,
  $);
#6113 = PRODUCT_RELATED_PRODUCT_CATEGORY('part',$,(#6061));
#6114 = SHAPE_DEFINITION_REPRESENTATION(#6115,#6121);
#6115 = PRODUCT_DEFINITION_SHAPE('','',#6116);
#6116 = PRODUCT_DEFINITION('design','',#6117,#6120);
#6117 = PRODUCT_DEFINITION_FORMATION('','',#6118);
#6118 = PRODUCT('BALL_0096','BALL_0096','',(#6119));
#6119 = PRODUCT_CONTEXT('',#2,'mechanical');
#6120 = PRODUCT_DEFINITION_CONTEXT('part definition',#2,'design');
#6121 = ADVANCED_BREP_SHAPE_REPRESENTATION('',(#11,#6122),#6160);
#6122 = MANIFOLD_SOLID_BREP('',#6123);
#6123 = CLOSED_SHELL('',(#6124,#6151));
#6124 = ADVANCED_FACE('',(#6125),#6146,.T.);
#6125 = FACE_BOUND('',#6126,.T.);
#6126 = EDGE_LOOP('',(#6127,#6136,#6145));
#6127 = ORIENTED_EDGE('',*,*,#6128,.T.);
#6128 = EDGE_CURVE('',#6129,#6129,#6131,.T.);
#6129 = VERTEX_POINT('',#6130);
#6130 = CARTESIAN_POINT('',(-2.,0.262399999997,-5.868799999998));
#6131 = CIRCLE('',#6132,0.131200000002);
#6132 = AXIS2_PLACEMENT_3D('',#6133,#6134,#6135);
#6133 = CARTESIAN_POINT('',(-2.,0.262399999997,-6.));
#6134 = DIRECTION('',(-5.551115123126E-17,-1.,0.));
#6135 = DIRECTION('',(1.718305301576E-28,-9.538510545726E-45,1.));
#6136 = ORIENTED_EDGE('',*,*,#6137,.T.);
#6137 = EDGE_CURVE('',#6129,#6138,#6140,.T.);
#6138 = VERTEX_POINT('',#6139);
#6139 = CARTESIAN_POINT('',(-2.,4.05763833864E-13,-6.));
#6140 = CIRCLE('',#6141,0.164);
#6141 = AXIS2_PLACEMENT_3D('',#6142,#6143,#6144);
#6142 = CARTESIAN_POINT('',(-2.,0.164,-6.));
#6143 = DIRECTION('',(1.,-1.110223024625E-16,-5.551115123126E-17));
#6144 = DIRECTION('',(1.110223024625E-16,1.,5.551115123126E-17));
#6145 = ORIENTED_EDGE('',*,*,#6137,.F.);
#6146 = SPHERICAL_SURFACE('',#6147,0.164);
#6147 = AXIS2_PLACEMENT_3D('',#6148,#6149,#6150);
#6148 = CARTESIAN_POINT('',(-2.,0.164,-6.));
#6149 = DIRECTION('',(-5.551115123126E-17,-1.,-0.));
#6150 = DIRECTION('',(1.536735126745E-28,-8.530593602312E-45,1.));
#6151 = ADVANCED_FACE('',(#6152),#6155,.F.);
#6152 = FACE_BOUND('',#6153,.F.);
#6153 = EDGE_LOOP('',(#6154));
#6154 = ORIENTED_EDGE('',*,*,#6128,.T.);
#6155 = PLANE('',#6156);
#6156 = AXIS2_PLACEMENT_3D('',#6157,#6158,#6159);
#6157 = CARTESIAN_POINT('',(-2.,0.2624,-6.));
#6158 = DIRECTION('',(-5.551115123126E-17,-1.,-0.));
#6159 = DIRECTION('',(1.718305301602E-28,-9.53851054587E-45,1.));
#6160 = ( GEOMETRIC_REPRESENTATION_CONTEXT(3) 
GLOBAL_UNCERTAINTY_ASSIGNED_CONTEXT((#6164)) 
GLOBAL_UNIT_ASSIGNED_CONTEXT((#6161,#6162,#6163)) REPRESENTATION_CONTEXT
('Context #1','3D Context with UNIT and UNCERTAINTY') );
#6161 = ( LENGTH_UNIT() NAMED_UNIT(*) SI_UNIT(.MILLI.,.METRE.) );
#6162 = ( NAMED_UNIT(*) PLANE_ANGLE_UNIT() SI_UNIT($,.RADIAN.) );
#6163 = ( NAMED_UNIT(*) SI_UNIT($,.STERADIAN.) SOLID_ANGLE_UNIT() );
#6164 = UNCERTAINTY_MEASURE_WITH_UNIT(LENGTH_MEASURE(1.E-07),#6161,
  'distance_accuracy_value','confusion accuracy');
#6165 = CONTEXT_DEPENDENT_SHAPE_REPRESENTATION(#6166,#6168);
#6166 = ( REPRESENTATION_RELATIONSHIP('','',#6121,#10) 
REPRESENTATION_RELATIONSHIP_WITH_TRANSFORMATION(#6167) 
SHAPE_REPRESENTATION_RELATIONSHIP() );
#6167 = ITEM_DEFINED_TRANSFORMATION('','',#11,#403);
#6168 = PRODUCT_DEFINITION_SHAPE('Placement','Placement of an item',
  #6169);
#6169 = NEXT_ASSEMBLY_USAGE_OCCURRENCE('158992','BALL_0096','',#5,#6116,
  $);
#6170 = PRODUCT_RELATED_PRODUCT_CATEGORY('part',$,(#6118));
#6171 = MECHANICAL_DESIGN_GEOMETRIC_PRESENTATION_REPRESENTATION('',(
    #6172),#6046);
#6172 = STYLED_ITEM('color',(#6173),#6008);
#6173 = PRESENTATION_STYLE_ASSIGNMENT((#6174,#6180));
#6174 = SURFACE_STYLE_USAGE(.BOTH.,#6175);
#6175 = SURFACE_SIDE_STYLE('',(#6176));
#6176 = SURFACE_STYLE_FILL_AREA(#6177);
#6177 = FILL_AREA_STYLE('',(#6178));
#6178 = FILL_AREA_STYLE_COLOUR('',#6179);
#6179 = COLOUR_RGB('',0.796078452645,0.823529417451,0.937254901616);
#6180 = CURVE_STYLE('',#6181,POSITIVE_LENGTH_MEASURE(0.1),#6182);
#6181 = DRAUGHTING_PRE_DEFINED_CURVE_FONT('continuous');
#6182 = COLOUR_RGB('',9.803921802644E-02,9.803921802644E-02,
  9.803921802644E-02);
#6183 = MECHANICAL_DESIGN_GEOMETRIC_PRESENTATION_REPRESENTATION('',(
    #6184),#5305);
#6184 = STYLED_ITEM('color',(#6185),#5267);
#6185 = PRESENTATION_STYLE_ASSIGNMENT((#6186,#6191));
#6186 = SURFACE_STYLE_USAGE(.BOTH.,#6187);
#6187 = SURFACE_SIDE_STYLE('',(#6188));
#6188 = SURFACE_STYLE_FILL_AREA(#6189);
#6189 = FILL_AREA_STYLE('',(#6190));
#6190 = FILL_AREA_STYLE_COLOUR('',#6179);
#6191 = CURVE_STYLE('',#6192,POSITIVE_LENGTH_MEASURE(0.1),#6182);
#6192 = DRAUGHTING_PRE_DEFINED_CURVE_FONT('continuous');
#6193 = MECHANICAL_DESIGN_GEOMETRIC_PRESENTATION_REPRESENTATION('',(
    #6194),#4621);
#6194 = STYLED_ITEM('color',(#6195),#4583);
#6195 = PRESENTATION_STYLE_ASSIGNMENT((#6196,#6201));
#6196 = SURFACE_STYLE_USAGE(.BOTH.,#6197);
#6197 = SURFACE_SIDE_STYLE('',(#6198));
#6198 = SURFACE_STYLE_FILL_AREA(#6199);
#6199 = FILL_AREA_STYLE('',(#6200));
#6200 = FILL_AREA_STYLE_COLOUR('',#6179);
#6201 = CURVE_STYLE('',#6202,POSITIVE_LENGTH_MEASURE(0.1),#6182);
#6202 = DRAUGHTING_PRE_DEFINED_CURVE_FONT('continuous');
#6203 = MECHANICAL_DESIGN_GEOMETRIC_PRESENTATION_REPRESENTATION('',(
    #6204),#4108);
#6204 = STYLED_ITEM('color',(#6205),#4070);
#6205 = PRESENTATION_STYLE_ASSIGNMENT((#6206,#6211));
#6206 = SURFACE_STYLE_USAGE(.BOTH.,#6207);
#6207 = SURFACE_SIDE_STYLE('',(#6208));
#6208 = SURFACE_STYLE_FILL_AREA(#6209);
#6209 = FILL_AREA_STYLE('',(#6210));
#6210 = FILL_AREA_STYLE_COLOUR('',#6179);
#6211 = CURVE_STYLE('',#6212,POSITIVE_LENGTH_MEASURE(0.1),#6182);
#6212 = DRAUGHTING_PRE_DEFINED_CURVE_FONT('continuous');
#6213 = MECHANICAL_DESIGN_GEOMETRIC_PRESENTATION_REPRESENTATION('',(
    #6214),#3082);
#6214 = STYLED_ITEM('color',(#6215),#3044);
#6215 = PRESENTATION_STYLE_ASSIGNMENT((#6216,#6221));
#6216 = SURFACE_STYLE_USAGE(.BOTH.,#6217);
#6217 = SURFACE_SIDE_STYLE('',(#6218));
#6218 = SURFACE_STYLE_FILL_AREA(#6219);
#6219 = FILL_AREA_STYLE('',(#6220));
#6220 = FILL_AREA_STYLE_COLOUR('',#6179);
#6221 = CURVE_STYLE('',#6222,POSITIVE_LENGTH_MEASURE(0.1),#6182);
#6222 = DRAUGHTING_PRE_DEFINED_CURVE_FONT('continuous');
#6223 = MECHANICAL_DESIGN_GEOMETRIC_PRESENTATION_REPRESENTATION('',(
    #6224),#4792);
#6224 = STYLED_ITEM('color',(#6225),#4754);
#6225 = PRESENTATION_STYLE_ASSIGNMENT((#6226,#6231));
#6226 = SURFACE_STYLE_USAGE(.BOTH.,#6227);
#6227 = SURFACE_SIDE_STYLE('',(#6228));
#6228 = SURFACE_STYLE_FILL_AREA(#6229);
#6229 = FILL_AREA_STYLE('',(#6230));
#6230 = FILL_AREA_STYLE_COLOUR('',#6179);
#6231 = CURVE_STYLE('',#6232,POSITIVE_LENGTH_MEASURE(0.1),#6182);
#6232 = DRAUGHTING_PRE_DEFINED_CURVE_FONT('continuous');
#6233 = MECHANICAL_DESIGN_GEOMETRIC_PRESENTATION_REPRESENTATION('',(
    #6234),#4450);
#6234 = STYLED_ITEM('color',(#6235),#4412);
#6235 = PRESENTATION_STYLE_ASSIGNMENT((#6236,#6241));
#6236 = SURFACE_STYLE_USAGE(.BOTH.,#6237);
#6237 = SURFACE_SIDE_STYLE('',(#6238));
#6238 = SURFACE_STYLE_FILL_AREA(#6239);
#6239 = FILL_AREA_STYLE('',(#6240));
#6240 = FILL_AREA_STYLE_COLOUR('',#6179);
#6241 = CURVE_STYLE('',#6242,POSITIVE_LENGTH_MEASURE(0.1),#6182);
#6242 = DRAUGHTING_PRE_DEFINED_CURVE_FONT('continuous');
#6243 = MECHANICAL_DESIGN_GEOMETRIC_PRESENTATION_REPRESENTATION('',(
    #6244),#4735);
#6244 = STYLED_ITEM('color',(#6245),#4697);
#6245 = PRESENTATION_STYLE_ASSIGNMENT((#6246,#6251));
#6246 = SURFACE_STYLE_USAGE(.BOTH.,#6247);
#6247 = SURFACE_SIDE_STYLE('',(#6248));
#6248 = SURFACE_STYLE_FILL_AREA(#6249);
#6249 = FILL_AREA_STYLE('',(#6250));
#6250 = FILL_AREA_STYLE_COLOUR('',#6179);
#6251 = CURVE_STYLE('',#6252,POSITIVE_LENGTH_MEASURE(0.1),#6182);
#6252 = DRAUGHTING_PRE_DEFINED_CURVE_FONT('continuous');
#6253 = MECHANICAL_DESIGN_GEOMETRIC_PRESENTATION_REPRESENTATION('',(
    #6254),#1429);
#6254 = STYLED_ITEM('color',(#6255),#1391);
#6255 = PRESENTATION_STYLE_ASSIGNMENT((#6256,#6261));
#6256 = SURFACE_STYLE_USAGE(.BOTH.,#6257);
#6257 = SURFACE_SIDE_STYLE('',(#6258));
#6258 = SURFACE_STYLE_FILL_AREA(#6259);
#6259 = FILL_AREA_STYLE('',(#6260));
#6260 = FILL_AREA_STYLE_COLOUR('',#6179);
#6261 = CURVE_STYLE('',#6262,POSITIVE_LENGTH_MEASURE(0.1),#6182);
#6262 = DRAUGHTING_PRE_DEFINED_CURVE_FONT('continuous');
#6263 = MECHANICAL_DESIGN_GEOMETRIC_PRESENTATION_REPRESENTATION('',(
    #6264),#1486);
#6264 = STYLED_ITEM('color',(#6265),#1448);
#6265 = PRESENTATION_STYLE_ASSIGNMENT((#6266,#6271));
#6266 = SURFACE_STYLE_USAGE(.BOTH.,#6267);
#6267 = SURFACE_SIDE_STYLE('',(#6268));
#6268 = SURFACE_STYLE_FILL_AREA(#6269);
#6269 = FILL_AREA_STYLE('',(#6270));
#6270 = FILL_AREA_STYLE_COLOUR('',#6179);
#6271 = CURVE_STYLE('',#6272,POSITIVE_LENGTH_MEASURE(0.1),#6182);
#6272 = DRAUGHTING_PRE_DEFINED_CURVE_FONT('continuous');
#6273 = MECHANICAL_DESIGN_GEOMETRIC_PRESENTATION_REPRESENTATION('',(
    #6274),#6160);
#6274 = STYLED_ITEM('color',(#6275),#6122);
#6275 = PRESENTATION_STYLE_ASSIGNMENT((#6276,#6281));
#6276 = SURFACE_STYLE_USAGE(.BOTH.,#6277);
#6277 = SURFACE_SIDE_STYLE('',(#6278));
#6278 = SURFACE_STYLE_FILL_AREA(#6279);
#6279 = FILL_AREA_STYLE('',(#6280));
#6280 = FILL_AREA_STYLE_COLOUR('',#6179);
#6281 = CURVE_STYLE('',#6282,POSITIVE_LENGTH_MEASURE(0.1),#6182);
#6282 = DRAUGHTING_PRE_DEFINED_CURVE_FONT('continuous');
#6283 = MECHANICAL_DESIGN_GEOMETRIC_PRESENTATION_REPRESENTATION('',(
    #6284),#2626);
#6284 = STYLED_ITEM('color',(#6285),#2588);
#6285 = PRESENTATION_STYLE_ASSIGNMENT((#6286,#6291));
#6286 = SURFACE_STYLE_USAGE(.BOTH.,#6287);
#6287 = SURFACE_SIDE_STYLE('',(#6288));
#6288 = SURFACE_STYLE_FILL_AREA(#6289);
#6289 = FILL_AREA_STYLE('',(#6290));
#6290 = FILL_AREA_STYLE_COLOUR('',#6179);
#6291 = CURVE_STYLE('',#6292,POSITIVE_LENGTH_MEASURE(0.1),#6182);
#6292 = DRAUGHTING_PRE_DEFINED_CURVE_FONT('continuous');
#6293 = MECHANICAL_DESIGN_GEOMETRIC_PRESENTATION_REPRESENTATION('',(
    #6294),#1144);
#6294 = STYLED_ITEM('color',(#6295),#1106);
#6295 = PRESENTATION_STYLE_ASSIGNMENT((#6296,#6301));
#6296 = SURFACE_STYLE_USAGE(.BOTH.,#6297);
#6297 = SURFACE_SIDE_STYLE('',(#6298));
#6298 = SURFACE_STYLE_FILL_AREA(#6299);
#6299 = FILL_AREA_STYLE('',(#6300));
#6300 = FILL_AREA_STYLE_COLOUR('',#6179);
#6301 = CURVE_STYLE('',#6302,POSITIVE_LENGTH_MEASURE(0.1),#6182);
#6302 = DRAUGHTING_PRE_DEFINED_CURVE_FONT('continuous');
#6303 = MECHANICAL_DESIGN_GEOMETRIC_PRESENTATION_REPRESENTATION('',(
    #6304),#5362);
#6304 = STYLED_ITEM('color',(#6305),#5324);
#6305 = PRESENTATION_STYLE_ASSIGNMENT((#6306,#6311));
#6306 = SURFACE_STYLE_USAGE(.BOTH.,#6307);
#6307 = SURFACE_SIDE_STYLE('',(#6308));
#6308 = SURFACE_STYLE_FILL_AREA(#6309);
#6309 = FILL_AREA_STYLE('',(#6310));
#6310 = FILL_AREA_STYLE_COLOUR('',#6179);
#6311 = CURVE_STYLE('',#6312,POSITIVE_LENGTH_MEASURE(0.1),#6182);
#6312 = DRAUGHTING_PRE_DEFINED_CURVE_FONT('continuous');
#6313 = MECHANICAL_DESIGN_GEOMETRIC_PRESENTATION_REPRESENTATION('',(
    #6314),#859);
#6314 = STYLED_ITEM('color',(#6315),#821);
#6315 = PRESENTATION_STYLE_ASSIGNMENT((#6316,#6321));
#6316 = SURFACE_STYLE_USAGE(.BOTH.,#6317);
#6317 = SURFACE_SIDE_STYLE('',(#6318));
#6318 = SURFACE_STYLE_FILL_AREA(#6319);
#6319 = FILL_AREA_STYLE('',(#6320));
#6320 = FILL_AREA_STYLE_COLOUR('',#6179);
#6321 = CURVE_STYLE('',#6322,POSITIVE_LENGTH_MEASURE(0.1),#6182);
#6322 = DRAUGHTING_PRE_DEFINED_CURVE_FONT('continuous');
#6323 = MECHANICAL_DESIGN_GEOMETRIC_PRESENTATION_REPRESENTATION('',(
    #6324),#1771);
#6324 = STYLED_ITEM('color',(#6325),#1733);
#6325 = PRESENTATION_STYLE_ASSIGNMENT((#6326,#6331));
#6326 = SURFACE_STYLE_USAGE(.BOTH.,#6327);
#6327 = SURFACE_SIDE_STYLE('',(#6328));
#6328 = SURFACE_STYLE_FILL_AREA(#6329);
#6329 = FILL_AREA_STYLE('',(#6330));
#6330 = FILL_AREA_STYLE_COLOUR('',#6179);
#6331 = CURVE_STYLE('',#6332,POSITIVE_LENGTH_MEASURE(0.1),#6182);
#6332 = DRAUGHTING_PRE_DEFINED_CURVE_FONT('continuous');
#6333 = MECHANICAL_DESIGN_GEOMETRIC_PRESENTATION_REPRESENTATION('',(
    #6334),#3196);
#6334 = STYLED_ITEM('color',(#6335),#3158);
#6335 = PRESENTATION_STYLE_ASSIGNMENT((#6336,#6341));
#6336 = SURFACE_STYLE_USAGE(.BOTH.,#6337);
#6337 = SURFACE_SIDE_STYLE('',(#6338));
#6338 = SURFACE_STYLE_FILL_AREA(#6339);
#6339 = FILL_AREA_STYLE('',(#6340));
#6340 = FILL_AREA_STYLE_COLOUR('',#6179);
#6341 = CURVE_STYLE('',#6342,POSITIVE_LENGTH_MEASURE(0.1),#6182);
#6342 = DRAUGHTING_PRE_DEFINED_CURVE_FONT('continuous');
#6343 = MECHANICAL_DESIGN_GEOMETRIC_PRESENTATION_REPRESENTATION('',(
    #6344),#5476);
#6344 = STYLED_ITEM('color',(#6345),#5438);
#6345 = PRESENTATION_STYLE_ASSIGNMENT((#6346,#6351));
#6346 = SURFACE_STYLE_USAGE(.BOTH.,#6347);
#6347 = SURFACE_SIDE_STYLE('',(#6348));
#6348 = SURFACE_STYLE_FILL_AREA(#6349);
#6349 = FILL_AREA_STYLE('',(#6350));
#6350 = FILL_AREA_STYLE_COLOUR('',#6179);
#6351 = CURVE_STYLE('',#6352,POSITIVE_LENGTH_MEASURE(0.1),#6182);
#6352 = DRAUGHTING_PRE_DEFINED_CURVE_FONT('continuous');
#6353 = MECHANICAL_DESIGN_GEOMETRIC_PRESENTATION_REPRESENTATION('',(
    #6354),#1258);
#6354 = STYLED_ITEM('color',(#6355),#1220);
#6355 = PRESENTATION_STYLE_ASSIGNMENT((#6356,#6361));
#6356 = SURFACE_STYLE_USAGE(.BOTH.,#6357);
#6357 = SURFACE_SIDE_STYLE('',(#6358));
#6358 = SURFACE_STYLE_FILL_AREA(#6359);
#6359 = FILL_AREA_STYLE('',(#6360));
#6360 = FILL_AREA_STYLE_COLOUR('',#6179);
#6361 = CURVE_STYLE('',#6362,POSITIVE_LENGTH_MEASURE(0.1),#6182);
#6362 = DRAUGHTING_PRE_DEFINED_CURVE_FONT('continuous');
#6363 = MECHANICAL_DESIGN_GEOMETRIC_PRESENTATION_REPRESENTATION('',(
    #6364),#5932);
#6364 = STYLED_ITEM('color',(#6365),#5894);
#6365 = PRESENTATION_STYLE_ASSIGNMENT((#6366,#6371));
#6366 = SURFACE_STYLE_USAGE(.BOTH.,#6367);
#6367 = SURFACE_SIDE_STYLE('',(#6368));
#6368 = SURFACE_STYLE_FILL_AREA(#6369);
#6369 = FILL_AREA_STYLE('',(#6370));
#6370 = FILL_AREA_STYLE_COLOUR('',#6179);
#6371 = CURVE_STYLE('',#6372,POSITIVE_LENGTH_MEASURE(0.1),#6182);
#6372 = DRAUGHTING_PRE_DEFINED_CURVE_FONT('continuous');
#6373 = MECHANICAL_DESIGN_GEOMETRIC_PRESENTATION_REPRESENTATION('',(
    #6374),#2854);
#6374 = STYLED_ITEM('color',(#6375),#2816);
#6375 = PRESENTATION_STYLE_ASSIGNMENT((#6376,#6381));
#6376 = SURFACE_STYLE_USAGE(.BOTH.,#6377);
#6377 = SURFACE_SIDE_STYLE('',(#6378));
#6378 = SURFACE_STYLE_FILL_AREA(#6379);
#6379 = FILL_AREA_STYLE('',(#6380));
#6380 = FILL_AREA_STYLE_COLOUR('',#6179);
#6381 = CURVE_STYLE('',#6382,POSITIVE_LENGTH_MEASURE(0.1),#6182);
#6382 = DRAUGHTING_PRE_DEFINED_CURVE_FONT('continuous');
#6383 = MECHANICAL_DESIGN_GEOMETRIC_PRESENTATION_REPRESENTATION('',(
    #6384),#5020);
#6384 = STYLED_ITEM('color',(#6385),#4982);
#6385 = PRESENTATION_STYLE_ASSIGNMENT((#6386,#6391));
#6386 = SURFACE_STYLE_USAGE(.BOTH.,#6387);
#6387 = SURFACE_SIDE_STYLE('',(#6388));
#6388 = SURFACE_STYLE_FILL_AREA(#6389);
#6389 = FILL_AREA_STYLE('',(#6390));
#6390 = FILL_AREA_STYLE_COLOUR('',#6179);
#6391 = CURVE_STYLE('',#6392,POSITIVE_LENGTH_MEASURE(0.1),#6182);
#6392 = DRAUGHTING_PRE_DEFINED_CURVE_FONT('continuous');
#6393 = MECHANICAL_DESIGN_GEOMETRIC_PRESENTATION_REPRESENTATION('',(
    #6394),#2341);
#6394 = STYLED_ITEM('color',(#6395),#2303);
#6395 = PRESENTATION_STYLE_ASSIGNMENT((#6396,#6401));
#6396 = SURFACE_STYLE_USAGE(.BOTH.,#6397);
#6397 = SURFACE_SIDE_STYLE('',(#6398));
#6398 = SURFACE_STYLE_FILL_AREA(#6399);
#6399 = FILL_AREA_STYLE('',(#6400));
#6400 = FILL_AREA_STYLE_COLOUR('',#6179);
#6401 = CURVE_STYLE('',#6402,POSITIVE_LENGTH_MEASURE(0.1),#6182);
#6402 = DRAUGHTING_PRE_DEFINED_CURVE_FONT('continuous');
#6403 = MECHANICAL_DESIGN_GEOMETRIC_PRESENTATION_REPRESENTATION('',(
    #6404),#4678);
#6404 = STYLED_ITEM('color',(#6405),#4640);
#6405 = PRESENTATION_STYLE_ASSIGNMENT((#6406,#6411));
#6406 = SURFACE_STYLE_USAGE(.BOTH.,#6407);
#6407 = SURFACE_SIDE_STYLE('',(#6408));
#6408 = SURFACE_STYLE_FILL_AREA(#6409);
#6409 = FILL_AREA_STYLE('',(#6410));
#6410 = FILL_AREA_STYLE_COLOUR('',#6179);
#6411 = CURVE_STYLE('',#6412,POSITIVE_LENGTH_MEASURE(0.1),#6182);
#6412 = DRAUGHTING_PRE_DEFINED_CURVE_FONT('continuous');
#6413 = MECHANICAL_DESIGN_GEOMETRIC_PRESENTATION_REPRESENTATION('',(
    #6414),#5248);
#6414 = STYLED_ITEM('color',(#6415),#5210);
#6415 = PRESENTATION_STYLE_ASSIGNMENT((#6416,#6421));
#6416 = SURFACE_STYLE_USAGE(.BOTH.,#6417);
#6417 = SURFACE_SIDE_STYLE('',(#6418));
#6418 = SURFACE_STYLE_FILL_AREA(#6419);
#6419 = FILL_AREA_STYLE('',(#6420));
#6420 = FILL_AREA_STYLE_COLOUR('',#6179);
#6421 = CURVE_STYLE('',#6422,POSITIVE_LENGTH_MEASURE(0.1),#6182);
#6422 = DRAUGHTING_PRE_DEFINED_CURVE_FONT('continuous');
#6423 = MECHANICAL_DESIGN_GEOMETRIC_PRESENTATION_REPRESENTATION('',(
    #6424),#4051);
#6424 = STYLED_ITEM('color',(#6425),#4013);
#6425 = PRESENTATION_STYLE_ASSIGNMENT((#6426,#6431));
#6426 = SURFACE_STYLE_USAGE(.BOTH.,#6427);
#6427 = SURFACE_SIDE_STYLE('',(#6428));
#6428 = SURFACE_STYLE_FILL_AREA(#6429);
#6429 = FILL_AREA_STYLE('',(#6430));
#6430 = FILL_AREA_STYLE_COLOUR('',#6179);
#6431 = CURVE_STYLE('',#6432,POSITIVE_LENGTH_MEASURE(0.1),#6182);
#6432 = DRAUGHTING_PRE_DEFINED_CURVE_FONT('continuous');
#6433 = MECHANICAL_DESIGN_GEOMETRIC_PRESENTATION_REPRESENTATION('',(
    #6434),#2284);
#6434 = STYLED_ITEM('color',(#6435),#2246);
#6435 = PRESENTATION_STYLE_ASSIGNMENT((#6436,#6441));
#6436 = SURFACE_STYLE_USAGE(.BOTH.,#6437);
#6437 = SURFACE_SIDE_STYLE('',(#6438));
#6438 = SURFACE_STYLE_FILL_AREA(#6439);
#6439 = FILL_AREA_STYLE('',(#6440));
#6440 = FILL_AREA_STYLE_COLOUR('',#6179);
#6441 = CURVE_STYLE('',#6442,POSITIVE_LENGTH_MEASURE(0.1),#6182);
#6442 = DRAUGHTING_PRE_DEFINED_CURVE_FONT('continuous');
#6443 = MECHANICAL_DESIGN_GEOMETRIC_PRESENTATION_REPRESENTATION('',(
    #6444),#1372);
#6444 = STYLED_ITEM('color',(#6445),#1334);
#6445 = PRESENTATION_STYLE_ASSIGNMENT((#6446,#6451));
#6446 = SURFACE_STYLE_USAGE(.BOTH.,#6447);
#6447 = SURFACE_SIDE_STYLE('',(#6448));
#6448 = SURFACE_STYLE_FILL_AREA(#6449);
#6449 = FILL_AREA_STYLE('',(#6450));
#6450 = FILL_AREA_STYLE_COLOUR('',#6179);
#6451 = CURVE_STYLE('',#6452,POSITIVE_LENGTH_MEASURE(0.1),#6182);
#6452 = DRAUGHTING_PRE_DEFINED_CURVE_FONT('continuous');
#6453 = MECHANICAL_DESIGN_GEOMETRIC_PRESENTATION_REPRESENTATION('',(
    #6454),#2455);
#6454 = STYLED_ITEM('color',(#6455),#2417);
#6455 = PRESENTATION_STYLE_ASSIGNMENT((#6456,#6461));
#6456 = SURFACE_STYLE_USAGE(.BOTH.,#6457);
#6457 = SURFACE_SIDE_STYLE('',(#6458));
#6458 = SURFACE_STYLE_FILL_AREA(#6459);
#6459 = FILL_AREA_STYLE('',(#6460));
#6460 = FILL_AREA_STYLE_COLOUR('',#6179);
#6461 = CURVE_STYLE('',#6462,POSITIVE_LENGTH_MEASURE(0.1),#6182);
#6462 = DRAUGHTING_PRE_DEFINED_CURVE_FONT('continuous');
#6463 = MECHANICAL_DESIGN_GEOMETRIC_PRESENTATION_REPRESENTATION('',(
    #6464),#916);
#6464 = STYLED_ITEM('color',(#6465),#878);
#6465 = PRESENTATION_STYLE_ASSIGNMENT((#6466,#6471));
#6466 = SURFACE_STYLE_USAGE(.BOTH.,#6467);
#6467 = SURFACE_SIDE_STYLE('',(#6468));
#6468 = SURFACE_STYLE_FILL_AREA(#6469);
#6469 = FILL_AREA_STYLE('',(#6470));
#6470 = FILL_AREA_STYLE_COLOUR('',#6179);
#6471 = CURVE_STYLE('',#6472,POSITIVE_LENGTH_MEASURE(0.1),#6182);
#6472 = DRAUGHTING_PRE_DEFINED_CURVE_FONT('continuous');
#6473 = MECHANICAL_DESIGN_GEOMETRIC_PRESENTATION_REPRESENTATION('',(
    #6474),#5704);
#6474 = STYLED_ITEM('color',(#6475),#5666);
#6475 = PRESENTATION_STYLE_ASSIGNMENT((#6476,#6481));
#6476 = SURFACE_STYLE_USAGE(.BOTH.,#6477);
#6477 = SURFACE_SIDE_STYLE('',(#6478));
#6478 = SURFACE_STYLE_FILL_AREA(#6479);
#6479 = FILL_AREA_STYLE('',(#6480));
#6480 = FILL_AREA_STYLE_COLOUR('',#6179);
#6481 = CURVE_STYLE('',#6482,POSITIVE_LENGTH_MEASURE(0.1),#6182);
#6482 = DRAUGHTING_PRE_DEFINED_CURVE_FONT('continuous');
#6483 = MECHANICAL_DESIGN_GEOMETRIC_PRESENTATION_REPRESENTATION('',(
    #6484),#5533);
#6484 = STYLED_ITEM('color',(#6485),#5495);
#6485 = PRESENTATION_STYLE_ASSIGNMENT((#6486,#6491));
#6486 = SURFACE_STYLE_USAGE(.BOTH.,#6487);
#6487 = SURFACE_SIDE_STYLE('',(#6488));
#6488 = SURFACE_STYLE_FILL_AREA(#6489);
#6489 = FILL_AREA_STYLE('',(#6490));
#6490 = FILL_AREA_STYLE_COLOUR('',#6179);
#6491 = CURVE_STYLE('',#6492,POSITIVE_LENGTH_MEASURE(0.1),#6182);
#6492 = DRAUGHTING_PRE_DEFINED_CURVE_FONT('continuous');
#6493 = MECHANICAL_DESIGN_GEOMETRIC_PRESENTATION_REPRESENTATION('',(
    #6494),#3937);
#6494 = STYLED_ITEM('color',(#6495),#3899);
#6495 = PRESENTATION_STYLE_ASSIGNMENT((#6496,#6501));
#6496 = SURFACE_STYLE_USAGE(.BOTH.,#6497);
#6497 = SURFACE_SIDE_STYLE('',(#6498));
#6498 = SURFACE_STYLE_FILL_AREA(#6499);
#6499 = FILL_AREA_STYLE('',(#6500));
#6500 = FILL_AREA_STYLE_COLOUR('',#6179);
#6501 = CURVE_STYLE('',#6502,POSITIVE_LENGTH_MEASURE(0.1),#6182);
#6502 = DRAUGHTING_PRE_DEFINED_CURVE_FONT('continuous');
#6503 = MECHANICAL_DESIGN_GEOMETRIC_PRESENTATION_REPRESENTATION('',(
    #6504),#3139);
#6504 = STYLED_ITEM('color',(#6505),#3101);
#6505 = PRESENTATION_STYLE_ASSIGNMENT((#6506,#6511));
#6506 = SURFACE_STYLE_USAGE(.BOTH.,#6507);
#6507 = SURFACE_SIDE_STYLE('',(#6508));
#6508 = SURFACE_STYLE_FILL_AREA(#6509);
#6509 = FILL_AREA_STYLE('',(#6510));
#6510 = FILL_AREA_STYLE_COLOUR('',#6179);
#6511 = CURVE_STYLE('',#6512,POSITIVE_LENGTH_MEASURE(0.1),#6182);
#6512 = DRAUGHTING_PRE_DEFINED_CURVE_FONT('continuous');
#6513 = MECHANICAL_DESIGN_GEOMETRIC_PRESENTATION_REPRESENTATION('',(
    #6514),#2683);
#6514 = STYLED_ITEM('color',(#6515),#2645);
#6515 = PRESENTATION_STYLE_ASSIGNMENT((#6516,#6521));
#6516 = SURFACE_STYLE_USAGE(.BOTH.,#6517);
#6517 = SURFACE_SIDE_STYLE('',(#6518));
#6518 = SURFACE_STYLE_FILL_AREA(#6519);
#6519 = FILL_AREA_STYLE('',(#6520));
#6520 = FILL_AREA_STYLE_COLOUR('',#6179);
#6521 = CURVE_STYLE('',#6522,POSITIVE_LENGTH_MEASURE(0.1),#6182);
#6522 = DRAUGHTING_PRE_DEFINED_CURVE_FONT('continuous');
#6523 = MECHANICAL_DESIGN_GEOMETRIC_PRESENTATION_REPRESENTATION('',(
    #6524),#5590);
#6524 = STYLED_ITEM('color',(#6525),#5552);
#6525 = PRESENTATION_STYLE_ASSIGNMENT((#6526,#6531));
#6526 = SURFACE_STYLE_USAGE(.BOTH.,#6527);
#6527 = SURFACE_SIDE_STYLE('',(#6528));
#6528 = SURFACE_STYLE_FILL_AREA(#6529);
#6529 = FILL_AREA_STYLE('',(#6530));
#6530 = FILL_AREA_STYLE_COLOUR('',#6179);
#6531 = CURVE_STYLE('',#6532,POSITIVE_LENGTH_MEASURE(0.1),#6182);
#6532 = DRAUGHTING_PRE_DEFINED_CURVE_FONT('continuous');
#6533 = MECHANICAL_DESIGN_GEOMETRIC_PRESENTATION_REPRESENTATION('',(
    #6534),#3424);
#6534 = STYLED_ITEM('color',(#6535),#3386);
#6535 = PRESENTATION_STYLE_ASSIGNMENT((#6536,#6541));
#6536 = SURFACE_STYLE_USAGE(.BOTH.,#6537);
#6537 = SURFACE_SIDE_STYLE('',(#6538));
#6538 = SURFACE_STYLE_FILL_AREA(#6539);
#6539 = FILL_AREA_STYLE('',(#6540));
#6540 = FILL_AREA_STYLE_COLOUR('',#6179);
#6541 = CURVE_STYLE('',#6542,POSITIVE_LENGTH_MEASURE(0.1),#6182);
#6542 = DRAUGHTING_PRE_DEFINED_CURVE_FONT('continuous');
#6543 = MECHANICAL_DESIGN_GEOMETRIC_PRESENTATION_REPRESENTATION('',(
    #6544),#3823);
#6544 = STYLED_ITEM('color',(#6545),#3785);
#6545 = PRESENTATION_STYLE_ASSIGNMENT((#6546,#6551));
#6546 = SURFACE_STYLE_USAGE(.BOTH.,#6547);
#6547 = SURFACE_SIDE_STYLE('',(#6548));
#6548 = SURFACE_STYLE_FILL_AREA(#6549);
#6549 = FILL_AREA_STYLE('',(#6550));
#6550 = FILL_AREA_STYLE_COLOUR('',#6179);
#6551 = CURVE_STYLE('',#6552,POSITIVE_LENGTH_MEASURE(0.1),#6182);
#6552 = DRAUGHTING_PRE_DEFINED_CURVE_FONT('continuous');
#6553 = MECHANICAL_DESIGN_GEOMETRIC_PRESENTATION_REPRESENTATION('',(
    #6554),#5077);
#6554 = STYLED_ITEM('color',(#6555),#5039);
#6555 = PRESENTATION_STYLE_ASSIGNMENT((#6556,#6561));
#6556 = SURFACE_STYLE_USAGE(.BOTH.,#6557);
#6557 = SURFACE_SIDE_STYLE('',(#6558));
#6558 = SURFACE_STYLE_FILL_AREA(#6559);
#6559 = FILL_AREA_STYLE('',(#6560));
#6560 = FILL_AREA_STYLE_COLOUR('',#6179);
#6561 = CURVE_STYLE('',#6562,POSITIVE_LENGTH_MEASURE(0.1),#6182);
#6562 = DRAUGHTING_PRE_DEFINED_CURVE_FONT('continuous');
#6563 = MECHANICAL_DESIGN_GEOMETRIC_PRESENTATION_REPRESENTATION('',(
    #6564),#4279);
#6564 = STYLED_ITEM('color',(#6565),#4241);
#6565 = PRESENTATION_STYLE_ASSIGNMENT((#6566,#6571));
#6566 = SURFACE_STYLE_USAGE(.BOTH.,#6567);
#6567 = SURFACE_SIDE_STYLE('',(#6568));
#6568 = SURFACE_STYLE_FILL_AREA(#6569);
#6569 = FILL_AREA_STYLE('',(#6570));
#6570 = FILL_AREA_STYLE_COLOUR('',#6179);
#6571 = CURVE_STYLE('',#6572,POSITIVE_LENGTH_MEASURE(0.1),#6182);
#6572 = DRAUGHTING_PRE_DEFINED_CURVE_FONT('continuous');
#6573 = MECHANICAL_DESIGN_GEOMETRIC_PRESENTATION_REPRESENTATION('',(
    #6574),#5419);
#6574 = STYLED_ITEM('color',(#6575),#5381);
#6575 = PRESENTATION_STYLE_ASSIGNMENT((#6576,#6581));
#6576 = SURFACE_STYLE_USAGE(.BOTH.,#6577);
#6577 = SURFACE_SIDE_STYLE('',(#6578));
#6578 = SURFACE_STYLE_FILL_AREA(#6579);
#6579 = FILL_AREA_STYLE('',(#6580));
#6580 = FILL_AREA_STYLE_COLOUR('',#6179);
#6581 = CURVE_STYLE('',#6582,POSITIVE_LENGTH_MEASURE(0.1),#6182);
#6582 = DRAUGHTING_PRE_DEFINED_CURVE_FONT('continuous');
#6583 = MECHANICAL_DESIGN_GEOMETRIC_PRESENTATION_REPRESENTATION('',(
    #6584),#4849);
#6584 = STYLED_ITEM('color',(#6585),#4811);
#6585 = PRESENTATION_STYLE_ASSIGNMENT((#6586,#6591));
#6586 = SURFACE_STYLE_USAGE(.BOTH.,#6587);
#6587 = SURFACE_SIDE_STYLE('',(#6588));
#6588 = SURFACE_STYLE_FILL_AREA(#6589);
#6589 = FILL_AREA_STYLE('',(#6590));
#6590 = FILL_AREA_STYLE_COLOUR('',#6179);
#6591 = CURVE_STYLE('',#6592,POSITIVE_LENGTH_MEASURE(0.1),#6182);
#6592 = DRAUGHTING_PRE_DEFINED_CURVE_FONT('continuous');
#6593 = MECHANICAL_DESIGN_GEOMETRIC_PRESENTATION_REPRESENTATION('',(
    #6594),#3595);
#6594 = STYLED_ITEM('color',(#6595),#3557);
#6595 = PRESENTATION_STYLE_ASSIGNMENT((#6596,#6601));
#6596 = SURFACE_STYLE_USAGE(.BOTH.,#6597);
#6597 = SURFACE_SIDE_STYLE('',(#6598));
#6598 = SURFACE_STYLE_FILL_AREA(#6599);
#6599 = FILL_AREA_STYLE('',(#6600));
#6600 = FILL_AREA_STYLE_COLOUR('',#6179);
#6601 = CURVE_STYLE('',#6602,POSITIVE_LENGTH_MEASURE(0.1),#6182);
#6602 = DRAUGHTING_PRE_DEFINED_CURVE_FONT('continuous');
#6603 = MECHANICAL_DESIGN_GEOMETRIC_PRESENTATION_REPRESENTATION('',(
    #6604),#3481);
#6604 = STYLED_ITEM('color',(#6605),#3443);
#6605 = PRESENTATION_STYLE_ASSIGNMENT((#6606,#6611));
#6606 = SURFACE_STYLE_USAGE(.BOTH.,#6607);
#6607 = SURFACE_SIDE_STYLE('',(#6608));
#6608 = SURFACE_STYLE_FILL_AREA(#6609);
#6609 = FILL_AREA_STYLE('',(#6610));
#6610 = FILL_AREA_STYLE_COLOUR('',#6179);
#6611 = CURVE_STYLE('',#6612,POSITIVE_LENGTH_MEASURE(0.1),#6182);
#6612 = DRAUGHTING_PRE_DEFINED_CURVE_FONT('continuous');
#6613 = MECHANICAL_DESIGN_GEOMETRIC_PRESENTATION_REPRESENTATION('',(
    #6614),#2968);
#6614 = STYLED_ITEM('color',(#6615),#2930);
#6615 = PRESENTATION_STYLE_ASSIGNMENT((#6616,#6621));
#6616 = SURFACE_STYLE_USAGE(.BOTH.,#6617);
#6617 = SURFACE_SIDE_STYLE('',(#6618));
#6618 = SURFACE_STYLE_FILL_AREA(#6619);
#6619 = FILL_AREA_STYLE('',(#6620));
#6620 = FILL_AREA_STYLE_COLOUR('',#6179);
#6621 = CURVE_STYLE('',#6622,POSITIVE_LENGTH_MEASURE(0.1),#6182);
#6622 = DRAUGHTING_PRE_DEFINED_CURVE_FONT('continuous');
#6623 = MECHANICAL_DESIGN_GEOMETRIC_PRESENTATION_REPRESENTATION('',(
    #6624),#2740);
#6624 = STYLED_ITEM('color',(#6625),#2702);
#6625 = PRESENTATION_STYLE_ASSIGNMENT((#6626,#6631));
#6626 = SURFACE_STYLE_USAGE(.BOTH.,#6627);
#6627 = SURFACE_SIDE_STYLE('',(#6628));
#6628 = SURFACE_STYLE_FILL_AREA(#6629);
#6629 = FILL_AREA_STYLE('',(#6630));
#6630 = FILL_AREA_STYLE_COLOUR('',#6179);
#6631 = CURVE_STYLE('',#6632,POSITIVE_LENGTH_MEASURE(0.1),#6182);
#6632 = DRAUGHTING_PRE_DEFINED_CURVE_FONT('continuous');
#6633 = MECHANICAL_DESIGN_GEOMETRIC_PRESENTATION_REPRESENTATION('',(
    #6634),#1942);
#6634 = STYLED_ITEM('color',(#6635),#1904);
#6635 = PRESENTATION_STYLE_ASSIGNMENT((#6636,#6641));
#6636 = SURFACE_STYLE_USAGE(.BOTH.,#6637);
#6637 = SURFACE_SIDE_STYLE('',(#6638));
#6638 = SURFACE_STYLE_FILL_AREA(#6639);
#6639 = FILL_AREA_STYLE('',(#6640));
#6640 = FILL_AREA_STYLE_COLOUR('',#6179);
#6641 = CURVE_STYLE('',#6642,POSITIVE_LENGTH_MEASURE(0.1),#6182);
#6642 = DRAUGHTING_PRE_DEFINED_CURVE_FONT('continuous');
#6643 = MECHANICAL_DESIGN_GEOMETRIC_PRESENTATION_REPRESENTATION('',(
    #6644),#3709);
#6644 = STYLED_ITEM('color',(#6645),#3671);
#6645 = PRESENTATION_STYLE_ASSIGNMENT((#6646,#6651));
#6646 = SURFACE_STYLE_USAGE(.BOTH.,#6647);
#6647 = SURFACE_SIDE_STYLE('',(#6648));
#6648 = SURFACE_STYLE_FILL_AREA(#6649);
#6649 = FILL_AREA_STYLE('',(#6650));
#6650 = FILL_AREA_STYLE_COLOUR('',#6179);
#6651 = CURVE_STYLE('',#6652,POSITIVE_LENGTH_MEASURE(0.1),#6182);
#6652 = DRAUGHTING_PRE_DEFINED_CURVE_FONT('continuous');
#6653 = MECHANICAL_DESIGN_GEOMETRIC_PRESENTATION_REPRESENTATION('',(
    #6654),#2512);
#6654 = STYLED_ITEM('color',(#6655),#2474);
#6655 = PRESENTATION_STYLE_ASSIGNMENT((#6656,#6661));
#6656 = SURFACE_STYLE_USAGE(.BOTH.,#6657);
#6657 = SURFACE_SIDE_STYLE('',(#6658));
#6658 = SURFACE_STYLE_FILL_AREA(#6659);
#6659 = FILL_AREA_STYLE('',(#6660));
#6660 = FILL_AREA_STYLE_COLOUR('',#6179);
#6661 = CURVE_STYLE('',#6662,POSITIVE_LENGTH_MEASURE(0.1),#6182);
#6662 = DRAUGHTING_PRE_DEFINED_CURVE_FONT('continuous');
#6663 = MECHANICAL_DESIGN_GEOMETRIC_PRESENTATION_REPRESENTATION('',(
    #6664),#1543);
#6664 = STYLED_ITEM('color',(#6665),#1505);
#6665 = PRESENTATION_STYLE_ASSIGNMENT((#6666,#6671));
#6666 = SURFACE_STYLE_USAGE(.BOTH.,#6667);
#6667 = SURFACE_SIDE_STYLE('',(#6668));
#6668 = SURFACE_STYLE_FILL_AREA(#6669);
#6669 = FILL_AREA_STYLE('',(#6670));
#6670 = FILL_AREA_STYLE_COLOUR('',#6179);
#6671 = CURVE_STYLE('',#6672,POSITIVE_LENGTH_MEASURE(0.1),#6182);
#6672 = DRAUGHTING_PRE_DEFINED_CURVE_FONT('continuous');
#6673 = MECHANICAL_DESIGN_GEOMETRIC_PRESENTATION_REPRESENTATION('',(
    #6674),#6103);
#6674 = STYLED_ITEM('color',(#6675),#6065);
#6675 = PRESENTATION_STYLE_ASSIGNMENT((#6676,#6681));
#6676 = SURFACE_STYLE_USAGE(.BOTH.,#6677);
#6677 = SURFACE_SIDE_STYLE('',(#6678));
#6678 = SURFACE_STYLE_FILL_AREA(#6679);
#6679 = FILL_AREA_STYLE('',(#6680));
#6680 = FILL_AREA_STYLE_COLOUR('',#6179);
#6681 = CURVE_STYLE('',#6682,POSITIVE_LENGTH_MEASURE(0.1),#6182);
#6682 = DRAUGHTING_PRE_DEFINED_CURVE_FONT('continuous');
#6683 = MECHANICAL_DESIGN_GEOMETRIC_PRESENTATION_REPRESENTATION('',(
    #6684),#5647);
#6684 = STYLED_ITEM('color',(#6685),#5609);
#6685 = PRESENTATION_STYLE_ASSIGNMENT((#6686,#6691));
#6686 = SURFACE_STYLE_USAGE(.BOTH.,#6687);
#6687 = SURFACE_SIDE_STYLE('',(#6688));
#6688 = SURFACE_STYLE_FILL_AREA(#6689);
#6689 = FILL_AREA_STYLE('',(#6690));
#6690 = FILL_AREA_STYLE_COLOUR('',#6179);
#6691 = CURVE_STYLE('',#6692,POSITIVE_LENGTH_MEASURE(0.1),#6182);
#6692 = DRAUGHTING_PRE_DEFINED_CURVE_FONT('continuous');
#6693 = MECHANICAL_DESIGN_GEOMETRIC_PRESENTATION_REPRESENTATION('',(
    #6694),#4507);
#6694 = STYLED_ITEM('color',(#6695),#4469);
#6695 = PRESENTATION_STYLE_ASSIGNMENT((#6696,#6701));
#6696 = SURFACE_STYLE_USAGE(.BOTH.,#6697);
#6697 = SURFACE_SIDE_STYLE('',(#6698));
#6698 = SURFACE_STYLE_FILL_AREA(#6699);
#6699 = FILL_AREA_STYLE('',(#6700));
#6700 = FILL_AREA_STYLE_COLOUR('',#6179);
#6701 = CURVE_STYLE('',#6702,POSITIVE_LENGTH_MEASURE(0.1),#6182);
#6702 = DRAUGHTING_PRE_DEFINED_CURVE_FONT('continuous');
#6703 = MECHANICAL_DESIGN_GEOMETRIC_PRESENTATION_REPRESENTATION('',(
    #6704),#4222);
#6704 = STYLED_ITEM('color',(#6705),#4184);
#6705 = PRESENTATION_STYLE_ASSIGNMENT((#6706,#6711));
#6706 = SURFACE_STYLE_USAGE(.BOTH.,#6707);
#6707 = SURFACE_SIDE_STYLE('',(#6708));
#6708 = SURFACE_STYLE_FILL_AREA(#6709);
#6709 = FILL_AREA_STYLE('',(#6710));
#6710 = FILL_AREA_STYLE_COLOUR('',#6179);
#6711 = CURVE_STYLE('',#6712,POSITIVE_LENGTH_MEASURE(0.1),#6182);
#6712 = DRAUGHTING_PRE_DEFINED_CURVE_FONT('continuous');
#6713 = MECHANICAL_DESIGN_GEOMETRIC_PRESENTATION_REPRESENTATION('',(
    #6714),#973);
#6714 = STYLED_ITEM('color',(#6715),#935);
#6715 = PRESENTATION_STYLE_ASSIGNMENT((#6716,#6721));
#6716 = SURFACE_STYLE_USAGE(.BOTH.,#6717);
#6717 = SURFACE_SIDE_STYLE('',(#6718));
#6718 = SURFACE_STYLE_FILL_AREA(#6719);
#6719 = FILL_AREA_STYLE('',(#6720));
#6720 = FILL_AREA_STYLE_COLOUR('',#6179);
#6721 = CURVE_STYLE('',#6722,POSITIVE_LENGTH_MEASURE(0.1),#6182);
#6722 = DRAUGHTING_PRE_DEFINED_CURVE_FONT('continuous');
#6723 = MECHANICAL_DESIGN_GEOMETRIC_PRESENTATION_REPRESENTATION('',(
    #6724),#3367);
#6724 = STYLED_ITEM('color',(#6725),#3329);
#6725 = PRESENTATION_STYLE_ASSIGNMENT((#6726,#6731));
#6726 = SURFACE_STYLE_USAGE(.BOTH.,#6727);
#6727 = SURFACE_SIDE_STYLE('',(#6728));
#6728 = SURFACE_STYLE_FILL_AREA(#6729);
#6729 = FILL_AREA_STYLE('',(#6730));
#6730 = FILL_AREA_STYLE_COLOUR('',#6179);
#6731 = CURVE_STYLE('',#6732,POSITIVE_LENGTH_MEASURE(0.1),#6182);
#6732 = DRAUGHTING_PRE_DEFINED_CURVE_FONT('continuous');
#6733 = MECHANICAL_DESIGN_GEOMETRIC_PRESENTATION_REPRESENTATION('',(
    #6734),#2911);
#6734 = STYLED_ITEM('color',(#6735),#2873);
#6735 = PRESENTATION_STYLE_ASSIGNMENT((#6736,#6741));
#6736 = SURFACE_STYLE_USAGE(.BOTH.,#6737);
#6737 = SURFACE_SIDE_STYLE('',(#6738));
#6738 = SURFACE_STYLE_FILL_AREA(#6739);
#6739 = FILL_AREA_STYLE('',(#6740));
#6740 = FILL_AREA_STYLE_COLOUR('',#6179);
#6741 = CURVE_STYLE('',#6742,POSITIVE_LENGTH_MEASURE(0.1),#6182);
#6742 = DRAUGHTING_PRE_DEFINED_CURVE_FONT('continuous');
#6743 = MECHANICAL_DESIGN_GEOMETRIC_PRESENTATION_REPRESENTATION('',(
    #6744),#2398);
#6744 = STYLED_ITEM('color',(#6745),#2360);
#6745 = PRESENTATION_STYLE_ASSIGNMENT((#6746,#6751));
#6746 = SURFACE_STYLE_USAGE(.BOTH.,#6747);
#6747 = SURFACE_SIDE_STYLE('',(#6748));
#6748 = SURFACE_STYLE_FILL_AREA(#6749);
#6749 = FILL_AREA_STYLE('',(#6750));
#6750 = FILL_AREA_STYLE_COLOUR('',#6179);
#6751 = CURVE_STYLE('',#6752,POSITIVE_LENGTH_MEASURE(0.1),#6182);
#6752 = DRAUGHTING_PRE_DEFINED_CURVE_FONT('continuous');
#6753 = MECHANICAL_DESIGN_GEOMETRIC_PRESENTATION_REPRESENTATION('',(
    #6754),#1828);
#6754 = STYLED_ITEM('color',(#6755),#1790);
#6755 = PRESENTATION_STYLE_ASSIGNMENT((#6756,#6761));
#6756 = SURFACE_STYLE_USAGE(.BOTH.,#6757);
#6757 = SURFACE_SIDE_STYLE('',(#6758));
#6758 = SURFACE_STYLE_FILL_AREA(#6759);
#6759 = FILL_AREA_STYLE('',(#6760));
#6760 = FILL_AREA_STYLE_COLOUR('',#6179);
#6761 = CURVE_STYLE('',#6762,POSITIVE_LENGTH_MEASURE(0.1),#6182);
#6762 = DRAUGHTING_PRE_DEFINED_CURVE_FONT('continuous');
#6763 = MECHANICAL_DESIGN_GEOMETRIC_PRESENTATION_REPRESENTATION('',(
    #6764),#5818);
#6764 = STYLED_ITEM('color',(#6765),#5780);
#6765 = PRESENTATION_STYLE_ASSIGNMENT((#6766,#6771));
#6766 = SURFACE_STYLE_USAGE(.BOTH.,#6767);
#6767 = SURFACE_SIDE_STYLE('',(#6768));
#6768 = SURFACE_STYLE_FILL_AREA(#6769);
#6769 = FILL_AREA_STYLE('',(#6770));
#6770 = FILL_AREA_STYLE_COLOUR('',#6179);
#6771 = CURVE_STYLE('',#6772,POSITIVE_LENGTH_MEASURE(0.1),#6182);
#6772 = DRAUGHTING_PRE_DEFINED_CURVE_FONT('continuous');
#6773 = MECHANICAL_DESIGN_GEOMETRIC_PRESENTATION_REPRESENTATION('',(
    #6774),#3025);
#6774 = STYLED_ITEM('color',(#6775),#2987);
#6775 = PRESENTATION_STYLE_ASSIGNMENT((#6776,#6781));
#6776 = SURFACE_STYLE_USAGE(.BOTH.,#6777);
#6777 = SURFACE_SIDE_STYLE('',(#6778));
#6778 = SURFACE_STYLE_FILL_AREA(#6779);
#6779 = FILL_AREA_STYLE('',(#6780));
#6780 = FILL_AREA_STYLE_COLOUR('',#6179);
#6781 = CURVE_STYLE('',#6782,POSITIVE_LENGTH_MEASURE(0.1),#6182);
#6782 = DRAUGHTING_PRE_DEFINED_CURVE_FONT('continuous');
#6783 = MECHANICAL_DESIGN_GEOMETRIC_PRESENTATION_REPRESENTATION('',(
    #6784),#4906);
#6784 = STYLED_ITEM('color',(#6785),#4868);
#6785 = PRESENTATION_STYLE_ASSIGNMENT((#6786,#6791));
#6786 = SURFACE_STYLE_USAGE(.BOTH.,#6787);
#6787 = SURFACE_SIDE_STYLE('',(#6788));
#6788 = SURFACE_STYLE_FILL_AREA(#6789);
#6789 = FILL_AREA_STYLE('',(#6790));
#6790 = FILL_AREA_STYLE_COLOUR('',#6179);
#6791 = CURVE_STYLE('',#6792,POSITIVE_LENGTH_MEASURE(0.1),#6182);
#6792 = DRAUGHTING_PRE_DEFINED_CURVE_FONT('continuous');
#6793 = MECHANICAL_DESIGN_GEOMETRIC_PRESENTATION_REPRESENTATION('',(
    #6794),#2113);
#6794 = STYLED_ITEM('color',(#6795),#2075);
#6795 = PRESENTATION_STYLE_ASSIGNMENT((#6796,#6801));
#6796 = SURFACE_STYLE_USAGE(.BOTH.,#6797);
#6797 = SURFACE_SIDE_STYLE('',(#6798));
#6798 = SURFACE_STYLE_FILL_AREA(#6799);
#6799 = FILL_AREA_STYLE('',(#6800));
#6800 = FILL_AREA_STYLE_COLOUR('',#6179);
#6801 = CURVE_STYLE('',#6802,POSITIVE_LENGTH_MEASURE(0.1),#6182);
#6802 = DRAUGHTING_PRE_DEFINED_CURVE_FONT('continuous');
#6803 = MECHANICAL_DESIGN_GEOMETRIC_PRESENTATION_REPRESENTATION('',(
    #6804),#5875);
#6804 = STYLED_ITEM('color',(#6805),#5837);
#6805 = PRESENTATION_STYLE_ASSIGNMENT((#6806,#6811));
#6806 = SURFACE_STYLE_USAGE(.BOTH.,#6807);
#6807 = SURFACE_SIDE_STYLE('',(#6808));
#6808 = SURFACE_STYLE_FILL_AREA(#6809);
#6809 = FILL_AREA_STYLE('',(#6810));
#6810 = FILL_AREA_STYLE_COLOUR('',#6179);
#6811 = CURVE_STYLE('',#6812,POSITIVE_LENGTH_MEASURE(0.1),#6182);
#6812 = DRAUGHTING_PRE_DEFINED_CURVE_FONT('continuous');
#6813 = MECHANICAL_DESIGN_GEOMETRIC_PRESENTATION_REPRESENTATION('',(
    #6814),#2056);
#6814 = STYLED_ITEM('color',(#6815),#2018);
#6815 = PRESENTATION_STYLE_ASSIGNMENT((#6816,#6821));
#6816 = SURFACE_STYLE_USAGE(.BOTH.,#6817);
#6817 = SURFACE_SIDE_STYLE('',(#6818));
#6818 = SURFACE_STYLE_FILL_AREA(#6819);
#6819 = FILL_AREA_STYLE('',(#6820));
#6820 = FILL_AREA_STYLE_COLOUR('',#6179);
#6821 = CURVE_STYLE('',#6822,POSITIVE_LENGTH_MEASURE(0.1),#6182);
#6822 = DRAUGHTING_PRE_DEFINED_CURVE_FONT('continuous');
#6823 = MECHANICAL_DESIGN_GEOMETRIC_PRESENTATION_REPRESENTATION('',(
    #6824),#3880);
#6824 = STYLED_ITEM('color',(#6825),#3842);
#6825 = PRESENTATION_STYLE_ASSIGNMENT((#6826,#6831));
#6826 = SURFACE_STYLE_USAGE(.BOTH.,#6827);
#6827 = SURFACE_SIDE_STYLE('',(#6828));
#6828 = SURFACE_STYLE_FILL_AREA(#6829);
#6829 = FILL_AREA_STYLE('',(#6830));
#6830 = FILL_AREA_STYLE_COLOUR('',#6179);
#6831 = CURVE_STYLE('',#6832,POSITIVE_LENGTH_MEASURE(0.1),#6182);
#6832 = DRAUGHTING_PRE_DEFINED_CURVE_FONT('continuous');
#6833 = MECHANICAL_DESIGN_GEOMETRIC_PRESENTATION_REPRESENTATION('',(
    #6834),#3994);
#6834 = STYLED_ITEM('color',(#6835),#3956);
#6835 = PRESENTATION_STYLE_ASSIGNMENT((#6836,#6841));
#6836 = SURFACE_STYLE_USAGE(.BOTH.,#6837);
#6837 = SURFACE_SIDE_STYLE('',(#6838));
#6838 = SURFACE_STYLE_FILL_AREA(#6839);
#6839 = FILL_AREA_STYLE('',(#6840));
#6840 = FILL_AREA_STYLE_COLOUR('',#6179);
#6841 = CURVE_STYLE('',#6842,POSITIVE_LENGTH_MEASURE(0.1),#6182);
#6842 = DRAUGHTING_PRE_DEFINED_CURVE_FONT('continuous');
#6843 = MECHANICAL_DESIGN_GEOMETRIC_PRESENTATION_REPRESENTATION('',(
    #6844),#2170);
#6844 = STYLED_ITEM('color',(#6845),#2132);
#6845 = PRESENTATION_STYLE_ASSIGNMENT((#6846,#6851));
#6846 = SURFACE_STYLE_USAGE(.BOTH.,#6847);
#6847 = SURFACE_SIDE_STYLE('',(#6848));
#6848 = SURFACE_STYLE_FILL_AREA(#6849);
#6849 = FILL_AREA_STYLE('',(#6850));
#6850 = FILL_AREA_STYLE_COLOUR('',#6179);
#6851 = CURVE_STYLE('',#6852,POSITIVE_LENGTH_MEASURE(0.1),#6182);
#6852 = DRAUGHTING_PRE_DEFINED_CURVE_FONT('continuous');
#6853 = MECHANICAL_DESIGN_GEOMETRIC_PRESENTATION_REPRESENTATION('',(
    #6854),#5761);
#6854 = STYLED_ITEM('color',(#6855),#5723);
#6855 = PRESENTATION_STYLE_ASSIGNMENT((#6856,#6861));
#6856 = SURFACE_STYLE_USAGE(.BOTH.,#6857);
#6857 = SURFACE_SIDE_STYLE('',(#6858));
#6858 = SURFACE_STYLE_FILL_AREA(#6859);
#6859 = FILL_AREA_STYLE('',(#6860));
#6860 = FILL_AREA_STYLE_COLOUR('',#6179);
#6861 = CURVE_STYLE('',#6862,POSITIVE_LENGTH_MEASURE(0.1),#6182);
#6862 = DRAUGHTING_PRE_DEFINED_CURVE_FONT('continuous');
#6863 = MECHANICAL_DESIGN_GEOMETRIC_PRESENTATION_REPRESENTATION('',(
    #6864),#2227);
#6864 = STYLED_ITEM('color',(#6865),#2189);
#6865 = PRESENTATION_STYLE_ASSIGNMENT((#6866,#6871));
#6866 = SURFACE_STYLE_USAGE(.BOTH.,#6867);
#6867 = SURFACE_SIDE_STYLE('',(#6868));
#6868 = SURFACE_STYLE_FILL_AREA(#6869);
#6869 = FILL_AREA_STYLE('',(#6870));
#6870 = FILL_AREA_STYLE_COLOUR('',#6179);
#6871 = CURVE_STYLE('',#6872,POSITIVE_LENGTH_MEASURE(0.1),#6182);
#6872 = DRAUGHTING_PRE_DEFINED_CURVE_FONT('continuous');
#6873 = MECHANICAL_DESIGN_GEOMETRIC_PRESENTATION_REPRESENTATION('',(
    #6874),#1030);
#6874 = STYLED_ITEM('color',(#6875),#992);
#6875 = PRESENTATION_STYLE_ASSIGNMENT((#6876,#6881));
#6876 = SURFACE_STYLE_USAGE(.BOTH.,#6877);
#6877 = SURFACE_SIDE_STYLE('',(#6878));
#6878 = SURFACE_STYLE_FILL_AREA(#6879);
#6879 = FILL_AREA_STYLE('',(#6880));
#6880 = FILL_AREA_STYLE_COLOUR('',#6179);
#6881 = CURVE_STYLE('',#6882,POSITIVE_LENGTH_MEASURE(0.1),#6182);
#6882 = DRAUGHTING_PRE_DEFINED_CURVE_FONT('continuous');
#6883 = MECHANICAL_DESIGN_GEOMETRIC_PRESENTATION_REPRESENTATION('',(
    #6884),#2569);
#6884 = STYLED_ITEM('color',(#6885),#2531);
#6885 = PRESENTATION_STYLE_ASSIGNMENT((#6886,#6891));
#6886 = SURFACE_STYLE_USAGE(.BOTH.,#6887);
#6887 = SURFACE_SIDE_STYLE('',(#6888));
#6888 = SURFACE_STYLE_FILL_AREA(#6889);
#6889 = FILL_AREA_STYLE('',(#6890));
#6890 = FILL_AREA_STYLE_COLOUR('',#6179);
#6891 = CURVE_STYLE('',#6892,POSITIVE_LENGTH_MEASURE(0.1),#6182);
#6892 = DRAUGHTING_PRE_DEFINED_CURVE_FONT('continuous');
#6893 = MECHANICAL_DESIGN_GEOMETRIC_PRESENTATION_REPRESENTATION('',(
    #6894),#1999);
#6894 = STYLED_ITEM('color',(#6895),#1961);
#6895 = PRESENTATION_STYLE_ASSIGNMENT((#6896,#6901));
#6896 = SURFACE_STYLE_USAGE(.BOTH.,#6897);
#6897 = SURFACE_SIDE_STYLE('',(#6898));
#6898 = SURFACE_STYLE_FILL_AREA(#6899);
#6899 = FILL_AREA_STYLE('',(#6900));
#6900 = FILL_AREA_STYLE_COLOUR('',#6179);
#6901 = CURVE_STYLE('',#6902,POSITIVE_LENGTH_MEASURE(0.1),#6182);
#6902 = DRAUGHTING_PRE_DEFINED_CURVE_FONT('continuous');
#6903 = MECHANICAL_DESIGN_GEOMETRIC_PRESENTATION_REPRESENTATION('',(
    #6904),#3652);
#6904 = STYLED_ITEM('color',(#6905),#3614);
#6905 = PRESENTATION_STYLE_ASSIGNMENT((#6906,#6911));
#6906 = SURFACE_STYLE_USAGE(.BOTH.,#6907);
#6907 = SURFACE_SIDE_STYLE('',(#6908));
#6908 = SURFACE_STYLE_FILL_AREA(#6909);
#6909 = FILL_AREA_STYLE('',(#6910));
#6910 = FILL_AREA_STYLE_COLOUR('',#6179);
#6911 = CURVE_STYLE('',#6912,POSITIVE_LENGTH_MEASURE(0.1),#6182);
#6912 = DRAUGHTING_PRE_DEFINED_CURVE_FONT('continuous');
#6913 = MECHANICAL_DESIGN_GEOMETRIC_PRESENTATION_REPRESENTATION('',(
    #6914),#616);
#6914 = STYLED_ITEM('color',(#6915),#421);
#6915 = PRESENTATION_STYLE_ASSIGNMENT((#6916,#6922));
#6916 = SURFACE_STYLE_USAGE(.BOTH.,#6917);
#6917 = SURFACE_SIDE_STYLE('',(#6918));
#6918 = SURFACE_STYLE_FILL_AREA(#6919);
#6919 = FILL_AREA_STYLE('',(#6920));
#6920 = FILL_AREA_STYLE_COLOUR('',#6921);
#6921 = COLOUR_RGB('',0.250980406631,0.250980406631,0.250980406631);
#6922 = CURVE_STYLE('',#6923,POSITIVE_LENGTH_MEASURE(0.1),#6182);
#6923 = DRAUGHTING_PRE_DEFINED_CURVE_FONT('continuous');
#6924 = MECHANICAL_DESIGN_GEOMETRIC_PRESENTATION_REPRESENTATION('',(
    #6925),#4963);
#6925 = STYLED_ITEM('color',(#6926),#4925);
#6926 = PRESENTATION_STYLE_ASSIGNMENT((#6927,#6932));
#6927 = SURFACE_STYLE_USAGE(.BOTH.,#6928);
#6928 = SURFACE_SIDE_STYLE('',(#6929));
#6929 = SURFACE_STYLE_FILL_AREA(#6930);
#6930 = FILL_AREA_STYLE('',(#6931));
#6931 = FILL_AREA_STYLE_COLOUR('',#6179);
#6932 = CURVE_STYLE('',#6933,POSITIVE_LENGTH_MEASURE(0.1),#6182);
#6933 = DRAUGHTING_PRE_DEFINED_CURVE_FONT('continuous');
#6934 = MECHANICAL_DESIGN_GEOMETRIC_PRESENTATION_REPRESENTATION('',(
    #6935),#5989);
#6935 = STYLED_ITEM('color',(#6936),#5951);
#6936 = PRESENTATION_STYLE_ASSIGNMENT((#6937,#6942));
#6937 = SURFACE_STYLE_USAGE(.BOTH.,#6938);
#6938 = SURFACE_SIDE_STYLE('',(#6939));
#6939 = SURFACE_STYLE_FILL_AREA(#6940);
#6940 = FILL_AREA_STYLE('',(#6941));
#6941 = FILL_AREA_STYLE_COLOUR('',#6179);
#6942 = CURVE_STYLE('',#6943,POSITIVE_LENGTH_MEASURE(0.1),#6182);
#6943 = DRAUGHTING_PRE_DEFINED_CURVE_FONT('continuous');
#6944 = MECHANICAL_DESIGN_GEOMETRIC_PRESENTATION_REPRESENTATION('',(
    #6945),#5134);
#6945 = STYLED_ITEM('color',(#6946),#5096);
#6946 = PRESENTATION_STYLE_ASSIGNMENT((#6947,#6952));
#6947 = SURFACE_STYLE_USAGE(.BOTH.,#6948);
#6948 = SURFACE_SIDE_STYLE('',(#6949));
#6949 = SURFACE_STYLE_FILL_AREA(#6950);
#6950 = FILL_AREA_STYLE('',(#6951));
#6951 = FILL_AREA_STYLE_COLOUR('',#6179);
#6952 = CURVE_STYLE('',#6953,POSITIVE_LENGTH_MEASURE(0.1),#6182);
#6953 = DRAUGHTING_PRE_DEFINED_CURVE_FONT('continuous');
#6954 = MECHANICAL_DESIGN_GEOMETRIC_PRESENTATION_REPRESENTATION('',(
    #6955),#1315);
#6955 = STYLED_ITEM('color',(#6956),#1277);
#6956 = PRESENTATION_STYLE_ASSIGNMENT((#6957,#6962));
#6957 = SURFACE_STYLE_USAGE(.BOTH.,#6958);
#6958 = SURFACE_SIDE_STYLE('',(#6959));
#6959 = SURFACE_STYLE_FILL_AREA(#6960);
#6960 = FILL_AREA_STYLE('',(#6961));
#6961 = FILL_AREA_STYLE_COLOUR('',#6179);
#6962 = CURVE_STYLE('',#6963,POSITIVE_LENGTH_MEASURE(0.1),#6182);
#6963 = DRAUGHTING_PRE_DEFINED_CURVE_FONT('continuous');
#6964 = MECHANICAL_DESIGN_GEOMETRIC_PRESENTATION_REPRESENTATION('',(
    #6965),#3538);
#6965 = STYLED_ITEM('color',(#6966),#3500);
#6966 = PRESENTATION_STYLE_ASSIGNMENT((#6967,#6972));
#6967 = SURFACE_STYLE_USAGE(.BOTH.,#6968);
#6968 = SURFACE_SIDE_STYLE('',(#6969));
#6969 = SURFACE_STYLE_FILL_AREA(#6970);
#6970 = FILL_AREA_STYLE('',(#6971));
#6971 = FILL_AREA_STYLE_COLOUR('',#6179);
#6972 = CURVE_STYLE('',#6973,POSITIVE_LENGTH_MEASURE(0.1),#6182);
#6973 = DRAUGHTING_PRE_DEFINED_CURVE_FONT('continuous');
#6974 = MECHANICAL_DESIGN_GEOMETRIC_PRESENTATION_REPRESENTATION('',(
    #6975),#1714);
#6975 = STYLED_ITEM('color',(#6976),#1676);
#6976 = PRESENTATION_STYLE_ASSIGNMENT((#6977,#6982));
#6977 = SURFACE_STYLE_USAGE(.BOTH.,#6978);
#6978 = SURFACE_SIDE_STYLE('',(#6979));
#6979 = SURFACE_STYLE_FILL_AREA(#6980);
#6980 = FILL_AREA_STYLE('',(#6981));
#6981 = FILL_AREA_STYLE_COLOUR('',#6179);
#6982 = CURVE_STYLE('',#6983,POSITIVE_LENGTH_MEASURE(0.1),#6182);
#6983 = DRAUGHTING_PRE_DEFINED_CURVE_FONT('continuous');
#6984 = MECHANICAL_DESIGN_GEOMETRIC_PRESENTATION_REPRESENTATION('',(
    #6985),#688);
#6985 = STYLED_ITEM('color',(#6986),#635);
#6986 = PRESENTATION_STYLE_ASSIGNMENT((#6987,#6993));
#6987 = SURFACE_STYLE_USAGE(.BOTH.,#6988);
#6988 = SURFACE_SIDE_STYLE('',(#6989));
#6989 = SURFACE_STYLE_FILL_AREA(#6990);
#6990 = FILL_AREA_STYLE('',(#6991));
#6991 = FILL_AREA_STYLE_COLOUR('',#6992);
#6992 = DRAUGHTING_PRE_DEFINED_COLOUR('white');
#6993 = CURVE_STYLE('',#6994,POSITIVE_LENGTH_MEASURE(0.1),#6182);
#6994 = DRAUGHTING_PRE_DEFINED_CURVE_FONT('continuous');
#6995 = MECHANICAL_DESIGN_GEOMETRIC_PRESENTATION_REPRESENTATION('',(
    #6996),#4393);
#6996 = STYLED_ITEM('color',(#6997),#4355);
#6997 = PRESENTATION_STYLE_ASSIGNMENT((#6998,#7003));
#6998 = SURFACE_STYLE_USAGE(.BOTH.,#6999);
#6999 = SURFACE_SIDE_STYLE('',(#7000));
#7000 = SURFACE_STYLE_FILL_AREA(#7001);
#7001 = FILL_AREA_STYLE('',(#7002));
#7002 = FILL_AREA_STYLE_COLOUR('',#6179);
#7003 = CURVE_STYLE('',#7004,POSITIVE_LENGTH_MEASURE(0.1),#6182);
#7004 = DRAUGHTING_PRE_DEFINED_CURVE_FONT('continuous');
#7005 = MECHANICAL_DESIGN_GEOMETRIC_PRESENTATION_REPRESENTATION('',(
    #7006),#2797);
#7006 = STYLED_ITEM('color',(#7007),#2759);
#7007 = PRESENTATION_STYLE_ASSIGNMENT((#7008,#7013));
#7008 = SURFACE_STYLE_USAGE(.BOTH.,#7009);
#7009 = SURFACE_SIDE_STYLE('',(#7010));
#7010 = SURFACE_STYLE_FILL_AREA(#7011);
#7011 = FILL_AREA_STYLE('',(#7012));
#7012 = FILL_AREA_STYLE_COLOUR('',#6179);
#7013 = CURVE_STYLE('',#7014,POSITIVE_LENGTH_MEASURE(0.1),#6182);
#7014 = DRAUGHTING_PRE_DEFINED_CURVE_FONT('continuous');
#7015 = MECHANICAL_DESIGN_GEOMETRIC_PRESENTATION_REPRESENTATION('',(
    #7016),#1657);
#7016 = STYLED_ITEM('color',(#7017),#1619);
#7017 = PRESENTATION_STYLE_ASSIGNMENT((#7018,#7023));
#7018 = SURFACE_STYLE_USAGE(.BOTH.,#7019);
#7019 = SURFACE_SIDE_STYLE('',(#7020));
#7020 = SURFACE_STYLE_FILL_AREA(#7021);
#7021 = FILL_AREA_STYLE('',(#7022));
#7022 = FILL_AREA_STYLE_COLOUR('',#6179);
#7023 = CURVE_STYLE('',#7024,POSITIVE_LENGTH_MEASURE(0.1),#6182);
#7024 = DRAUGHTING_PRE_DEFINED_CURVE_FONT('continuous');
#7025 = MECHANICAL_DESIGN_GEOMETRIC_PRESENTATION_REPRESENTATION('',(
    #7026),#3253);
#7026 = STYLED_ITEM('color',(#7027),#3215);
#7027 = PRESENTATION_STYLE_ASSIGNMENT((#7028,#7033));
#7028 = SURFACE_STYLE_USAGE(.BOTH.,#7029);
#7029 = SURFACE_SIDE_STYLE('',(#7030));
#7030 = SURFACE_STYLE_FILL_AREA(#7031);
#7031 = FILL_AREA_STYLE('',(#7032));
#7032 = FILL_AREA_STYLE_COLOUR('',#6179);
#7033 = CURVE_STYLE('',#7034,POSITIVE_LENGTH_MEASURE(0.1),#6182);
#7034 = DRAUGHTING_PRE_DEFINED_CURVE_FONT('continuous');
#7035 = MECHANICAL_DESIGN_GEOMETRIC_PRESENTATION_REPRESENTATION('',(
    #7036),#1885);
#7036 = STYLED_ITEM('color',(#7037),#1847);
#7037 = PRESENTATION_STYLE_ASSIGNMENT((#7038,#7043));
#7038 = SURFACE_STYLE_USAGE(.BOTH.,#7039);
#7039 = SURFACE_SIDE_STYLE('',(#7040));
#7040 = SURFACE_STYLE_FILL_AREA(#7041);
#7041 = FILL_AREA_STYLE('',(#7042));
#7042 = FILL_AREA_STYLE_COLOUR('',#6179);
#7043 = CURVE_STYLE('',#7044,POSITIVE_LENGTH_MEASURE(0.1),#6182);
#7044 = DRAUGHTING_PRE_DEFINED_CURVE_FONT('continuous');
#7045 = MECHANICAL_DESIGN_GEOMETRIC_PRESENTATION_REPRESENTATION('',(
    #7046),#1087);
#7046 = STYLED_ITEM('color',(#7047),#1049);
#7047 = PRESENTATION_STYLE_ASSIGNMENT((#7048,#7053));
#7048 = SURFACE_STYLE_USAGE(.BOTH.,#7049);
#7049 = SURFACE_SIDE_STYLE('',(#7050));
#7050 = SURFACE_STYLE_FILL_AREA(#7051);
#7051 = FILL_AREA_STYLE('',(#7052));
#7052 = FILL_AREA_STYLE_COLOUR('',#6179);
#7053 = CURVE_STYLE('',#7054,POSITIVE_LENGTH_MEASURE(0.1),#6182);
#7054 = DRAUGHTING_PRE_DEFINED_CURVE_FONT('continuous');
#7055 = MECHANICAL_DESIGN_GEOMETRIC_PRESENTATION_REPRESENTATION('',(
    #7056),#4564);
#7056 = STYLED_ITEM('color',(#7057),#4526);
#7057 = PRESENTATION_STYLE_ASSIGNMENT((#7058,#7063));
#7058 = SURFACE_STYLE_USAGE(.BOTH.,#7059);
#7059 = SURFACE_SIDE_STYLE('',(#7060));
#7060 = SURFACE_STYLE_FILL_AREA(#7061);
#7061 = FILL_AREA_STYLE('',(#7062));
#7062 = FILL_AREA_STYLE_COLOUR('',#6179);
#7063 = CURVE_STYLE('',#7064,POSITIVE_LENGTH_MEASURE(0.1),#6182);
#7064 = DRAUGHTING_PRE_DEFINED_CURVE_FONT('continuous');
#7065 = MECHANICAL_DESIGN_GEOMETRIC_PRESENTATION_REPRESENTATION('',(
    #7066),#1201);
#7066 = STYLED_ITEM('color',(#7067),#1163);
#7067 = PRESENTATION_STYLE_ASSIGNMENT((#7068,#7073));
#7068 = SURFACE_STYLE_USAGE(.BOTH.,#7069);
#7069 = SURFACE_SIDE_STYLE('',(#7070));
#7070 = SURFACE_STYLE_FILL_AREA(#7071);
#7071 = FILL_AREA_STYLE('',(#7072));
#7072 = FILL_AREA_STYLE_COLOUR('',#6179);
#7073 = CURVE_STYLE('',#7074,POSITIVE_LENGTH_MEASURE(0.1),#6182);
#7074 = DRAUGHTING_PRE_DEFINED_CURVE_FONT('continuous');
#7075 = MECHANICAL_DESIGN_GEOMETRIC_PRESENTATION_REPRESENTATION('',(
    #7076),#802);
#7076 = STYLED_ITEM('color',(#7077),#764);
#7077 = PRESENTATION_STYLE_ASSIGNMENT((#7078,#7083));
#7078 = SURFACE_STYLE_USAGE(.BOTH.,#7079);
#7079 = SURFACE_SIDE_STYLE('',(#7080));
#7080 = SURFACE_STYLE_FILL_AREA(#7081);
#7081 = FILL_AREA_STYLE('',(#7082));
#7082 = FILL_AREA_STYLE_COLOUR('',#6179);
#7083 = CURVE_STYLE('',#7084,POSITIVE_LENGTH_MEASURE(0.1),#6182);
#7084 = DRAUGHTING_PRE_DEFINED_CURVE_FONT('continuous');
#7085 = MECHANICAL_DESIGN_GEOMETRIC_PRESENTATION_REPRESENTATION('',(
    #7086),#745);
#7086 = STYLED_ITEM('color',(#7087),#707);
#7087 = PRESENTATION_STYLE_ASSIGNMENT((#7088,#7093));
#7088 = SURFACE_STYLE_USAGE(.BOTH.,#7089);
#7089 = SURFACE_SIDE_STYLE('',(#7090));
#7090 = SURFACE_STYLE_FILL_AREA(#7091);
#7091 = FILL_AREA_STYLE('',(#7092));
#7092 = FILL_AREA_STYLE_COLOUR('',#6179);
#7093 = CURVE_STYLE('',#7094,POSITIVE_LENGTH_MEASURE(0.1),#6182);
#7094 = DRAUGHTING_PRE_DEFINED_CURVE_FONT('continuous');
#7095 = MECHANICAL_DESIGN_GEOMETRIC_PRESENTATION_REPRESENTATION('',(
    #7096),#5191);
#7096 = STYLED_ITEM('color',(#7097),#5153);
#7097 = PRESENTATION_STYLE_ASSIGNMENT((#7098,#7103));
#7098 = SURFACE_STYLE_USAGE(.BOTH.,#7099);
#7099 = SURFACE_SIDE_STYLE('',(#7100));
#7100 = SURFACE_STYLE_FILL_AREA(#7101);
#7101 = FILL_AREA_STYLE('',(#7102));
#7102 = FILL_AREA_STYLE_COLOUR('',#6179);
#7103 = CURVE_STYLE('',#7104,POSITIVE_LENGTH_MEASURE(0.1),#6182);
#7104 = DRAUGHTING_PRE_DEFINED_CURVE_FONT('continuous');
#7105 = MECHANICAL_DESIGN_GEOMETRIC_PRESENTATION_REPRESENTATION('',(
    #7106),#4336);
#7106 = STYLED_ITEM('color',(#7107),#4298);
#7107 = PRESENTATION_STYLE_ASSIGNMENT((#7108,#7113));
#7108 = SURFACE_STYLE_USAGE(.BOTH.,#7109);
#7109 = SURFACE_SIDE_STYLE('',(#7110));
#7110 = SURFACE_STYLE_FILL_AREA(#7111);
#7111 = FILL_AREA_STYLE('',(#7112));
#7112 = FILL_AREA_STYLE_COLOUR('',#6179);
#7113 = CURVE_STYLE('',#7114,POSITIVE_LENGTH_MEASURE(0.1),#6182);
#7114 = DRAUGHTING_PRE_DEFINED_CURVE_FONT('continuous');
#7115 = MECHANICAL_DESIGN_GEOMETRIC_PRESENTATION_REPRESENTATION('',(
    #7116),#3766);
#7116 = STYLED_ITEM('color',(#7117),#3728);
#7117 = PRESENTATION_STYLE_ASSIGNMENT((#7118,#7123));
#7118 = SURFACE_STYLE_USAGE(.BOTH.,#7119);
#7119 = SURFACE_SIDE_STYLE('',(#7120));
#7120 = SURFACE_STYLE_FILL_AREA(#7121);
#7121 = FILL_AREA_STYLE('',(#7122));
#7122 = FILL_AREA_STYLE_COLOUR('',#6179);
#7123 = CURVE_STYLE('',#7124,POSITIVE_LENGTH_MEASURE(0.1),#6182);
#7124 = DRAUGHTING_PRE_DEFINED_CURVE_FONT('continuous');
#7125 = MECHANICAL_DESIGN_GEOMETRIC_PRESENTATION_REPRESENTATION('',(
    #7126),#3310);
#7126 = STYLED_ITEM('color',(#7127),#3272);
#7127 = PRESENTATION_STYLE_ASSIGNMENT((#7128,#7133));
#7128 = SURFACE_STYLE_USAGE(.BOTH.,#7129);
#7129 = SURFACE_SIDE_STYLE('',(#7130));
#7130 = SURFACE_STYLE_FILL_AREA(#7131);
#7131 = FILL_AREA_STYLE('',(#7132));
#7132 = FILL_AREA_STYLE_COLOUR('',#6179);
#7133 = CURVE_STYLE('',#7134,POSITIVE_LENGTH_MEASURE(0.1),#6182);
#7134 = DRAUGHTING_PRE_DEFINED_CURVE_FONT('continuous');
#7135 = MECHANICAL_DESIGN_GEOMETRIC_PRESENTATION_REPRESENTATION('',(
    #7136),#4165);
#7136 = STYLED_ITEM('color',(#7137),#4127);
#7137 = PRESENTATION_STYLE_ASSIGNMENT((#7138,#7143));
#7138 = SURFACE_STYLE_USAGE(.BOTH.,#7139);
#7139 = SURFACE_SIDE_STYLE('',(#7140));
#7140 = SURFACE_STYLE_FILL_AREA(#7141);
#7141 = FILL_AREA_STYLE('',(#7142));
#7142 = FILL_AREA_STYLE_COLOUR('',#6179);
#7143 = CURVE_STYLE('',#7144,POSITIVE_LENGTH_MEASURE(0.1),#6182);
#7144 = DRAUGHTING_PRE_DEFINED_CURVE_FONT('continuous');
#7145 = MECHANICAL_DESIGN_GEOMETRIC_PRESENTATION_REPRESENTATION('',(
    #7146),#1600);
#7146 = STYLED_ITEM('color',(#7147),#1562);
#7147 = PRESENTATION_STYLE_ASSIGNMENT((#7148,#7153));
#7148 = SURFACE_STYLE_USAGE(.BOTH.,#7149);
#7149 = SURFACE_SIDE_STYLE('',(#7150));
#7150 = SURFACE_STYLE_FILL_AREA(#7151);
#7151 = FILL_AREA_STYLE('',(#7152));
#7152 = FILL_AREA_STYLE_COLOUR('',#6179);
#7153 = CURVE_STYLE('',#7154,POSITIVE_LENGTH_MEASURE(0.1),#6182);
#7154 = DRAUGHTING_PRE_DEFINED_CURVE_FONT('continuous');
ENDSEC;
END-ISO-10303-21;
