ISO-10303-21;
HEADER;
FILE_DESCRIPTION(('FreeCAD Model'),'2;1');
FILE_NAME('/var/www/3D/0T/17128426.3.1.stp','2025-08-28T15:24:18',(
    'Author'),(''),'Open CASCADE STEP processor 6.9','FreeCAD','Unknown'
  );
FILE_SCHEMA(('AUTOMOTIVE_DESIGN { 1 0 10303 214 1 1 1 1 }'));
ENDSEC;
DATA;
#1 = APPLICATION_PROTOCOL_DEFINITION('international standard',
  'automotive_design',2000,#2);
#2 = APPLICATION_CONTEXT(
  'core data for automotive mechanical design processes');
#3 = SHAPE_DEFINITION_REPRESENTATION(#4,#10);
#4 = PRODUCT_DEFINITION_SHAPE('','',#5);
#5 = PRODUCT_DEFINITION('design','',#6,#9);
#6 = PRODUCT_DEFINITION_FORMATION('','',#7);
#7 = PRODUCT('ASSEMBLY','ASSEMBLY','',(#8));
#8 = PRODUCT_CONTEXT('',#2,'mechanical');
#9 = PRODUCT_DEFINITION_CONTEXT('part definition',#2,'design');
#10 = SHAPE_REPRESENTATION('',(#11,#15,#19,#23,#27,#31,#35,#39,#43,#47,
    #51,#55,#59,#63,#67,#71,#75,#79,#83,#87,#91,#95,#99,#103,#107,#111,
    #115,#119,#123,#127,#131,#135,#139,#143,#147,#151,#155,#159,#163,
    #167,#171,#175,#179,#183,#187,#191,#195,#199,#203,#207,#211,#215,
    #219,#223,#227,#231,#235,#239,#243,#247,#251,#255,#259,#263,#267,
    #271,#275,#279,#283,#287,#291,#295,#299,#303,#307,#311,#315,#319,
    #323,#327,#331,#335,#339,#343,#347,#351,#355,#359,#363,#367,#371,
    #375,#379,#383,#387,#391,#395,#399,#403,#407,#411,#415,#419,#423,
    #427,#431,#435,#439,#443,#447,#451,#455,#459,#463,#467,#471,#475,
    #479,#483,#487,#491,#495,#499,#503,#507,#511,#515,#519,#523,#527,
    #531,#535,#539,#543,#547,#551,#555,#559,#563,#567,#571,#575,#579,
    #583,#587,#591,#595,#599,#603,#607,#611,#615,#619,#623,#627,#631,
    #635,#639,#643,#647,#651,#655,#659,#663,#667,#671,#675,#679,#683,
    #687,#691,#695,#699,#703,#707,#711,#715,#719,#723,#727,#731,#735,
    #739,#743,#747,#751,#755,#759,#763,#767,#771,#775,#779,#783,#787,
    #791,#795,#799,#803,#807,#811,#815,#819,#823,#827,#831,#835,#839,
    #843,#847,#851,#855,#859,#863,#867,#871,#875,#879,#883,#887,#891,
    #895,#899,#903,#907,#911,#915,#919,#923,#927,#931,#935,#939,#943,
    #947,#951,#955,#959,#963,#967,#971,#975,#979,#983,#987,#991,#995,
    #999,#1003,#1007,#1011,#1015,#1019,#1023,#1027,#1031,#1035,#1039,
    #1043,#1047,#1051,#1055,#1059,#1063,#1067,#1071,#1075,#1079,#1083,
    #1087,#1091,#1095,#1099,#1103,#1107,#1111,#1115,#1119,#1123,#1127,
    #1131,#1135,#1139,#1143,#1147,#1151,#1155,#1159,#1163,#1167,#1171,
    #1175,#1179,#1183,#1187,#1191,#1195,#1199,#1203,#1207,#1211,#1215,
    #1219,#1223,#1227,#1231,#1235,#1239,#1243,#1247,#1251,#1255,#1259,
    #1263,#1267,#1271,#1275,#1279,#1283,#1287,#1291,#1295,#1299,#1303,
    #1307,#1311,#1315,#1319,#1323,#1327,#1331,#1335,#1339,#1343,#1347,
    #1351,#1355,#1359,#1363,#1367,#1371,#1375,#1379,#1383,#1387,#1391,
    #1395,#1399,#1403,#1407,#1411,#1415,#1419,#1423,#1427,#1431,#1435,
    #1439,#1443,#1447,#1451,#1455,#1459),#1463);
#11 = AXIS2_PLACEMENT_3D('',#12,#13,#14);
#12 = CARTESIAN_POINT('',(0.,0.,0.));
#13 = DIRECTION('',(0.,0.,1.));
#14 = DIRECTION('',(1.,0.,-0.));
#15 = AXIS2_PLACEMENT_3D('',#16,#17,#18);
#16 = CARTESIAN_POINT('',(-6.,6.,0.125));
#17 = DIRECTION('',(0.,0.,1.));
#18 = DIRECTION('',(1.,0.,0.));
#19 = AXIS2_PLACEMENT_3D('',#20,#21,#22);
#20 = CARTESIAN_POINT('',(-5.5,6.,0.125));
#21 = DIRECTION('',(0.,0.,1.));
#22 = DIRECTION('',(1.,0.,0.));
#23 = AXIS2_PLACEMENT_3D('',#24,#25,#26);
#24 = CARTESIAN_POINT('',(-5.,6.,0.125));
#25 = DIRECTION('',(0.,0.,1.));
#26 = DIRECTION('',(1.,0.,0.));
#27 = AXIS2_PLACEMENT_3D('',#28,#29,#30);
#28 = CARTESIAN_POINT('',(-4.5,6.,0.125));
#29 = DIRECTION('',(0.,0.,1.));
#30 = DIRECTION('',(1.,0.,0.));
#31 = AXIS2_PLACEMENT_3D('',#32,#33,#34);
#32 = CARTESIAN_POINT('',(-4.,6.,0.125));
#33 = DIRECTION('',(0.,0.,1.));
#34 = DIRECTION('',(1.,0.,0.));
#35 = AXIS2_PLACEMENT_3D('',#36,#37,#38);
#36 = CARTESIAN_POINT('',(-3.5,6.,0.125));
#37 = DIRECTION('',(0.,0.,1.));
#38 = DIRECTION('',(1.,0.,0.));
#39 = AXIS2_PLACEMENT_3D('',#40,#41,#42);
#40 = CARTESIAN_POINT('',(-3.,6.,0.125));
#41 = DIRECTION('',(0.,0.,1.));
#42 = DIRECTION('',(1.,0.,0.));
#43 = AXIS2_PLACEMENT_3D('',#44,#45,#46);
#44 = CARTESIAN_POINT('',(-2.5,6.,0.125));
#45 = DIRECTION('',(0.,0.,1.));
#46 = DIRECTION('',(1.,0.,0.));
#47 = AXIS2_PLACEMENT_3D('',#48,#49,#50);
#48 = CARTESIAN_POINT('',(-2.,6.,0.125));
#49 = DIRECTION('',(0.,0.,1.));
#50 = DIRECTION('',(1.,0.,0.));
#51 = AXIS2_PLACEMENT_3D('',#52,#53,#54);
#52 = CARTESIAN_POINT('',(-1.5,6.,0.125));
#53 = DIRECTION('',(0.,0.,1.));
#54 = DIRECTION('',(1.,0.,0.));
#55 = AXIS2_PLACEMENT_3D('',#56,#57,#58);
#56 = CARTESIAN_POINT('',(-1.,6.,0.125));
#57 = DIRECTION('',(0.,0.,1.));
#58 = DIRECTION('',(1.,0.,0.));
#59 = AXIS2_PLACEMENT_3D('',#60,#61,#62);
#60 = CARTESIAN_POINT('',(-0.5,6.,0.125));
#61 = DIRECTION('',(0.,0.,1.));
#62 = DIRECTION('',(1.,0.,0.));
#63 = AXIS2_PLACEMENT_3D('',#64,#65,#66);
#64 = CARTESIAN_POINT('',(0.,6.,0.125));
#65 = DIRECTION('',(0.,0.,1.));
#66 = DIRECTION('',(1.,0.,0.));
#67 = AXIS2_PLACEMENT_3D('',#68,#69,#70);
#68 = CARTESIAN_POINT('',(0.5,6.,0.125));
#69 = DIRECTION('',(0.,0.,1.));
#70 = DIRECTION('',(1.,0.,0.));
#71 = AXIS2_PLACEMENT_3D('',#72,#73,#74);
#72 = CARTESIAN_POINT('',(1.,6.,0.125));
#73 = DIRECTION('',(0.,0.,1.));
#74 = DIRECTION('',(1.,0.,0.));
#75 = AXIS2_PLACEMENT_3D('',#76,#77,#78);
#76 = CARTESIAN_POINT('',(1.5,6.,0.125));
#77 = DIRECTION('',(0.,0.,1.));
#78 = DIRECTION('',(1.,0.,0.));
#79 = AXIS2_PLACEMENT_3D('',#80,#81,#82);
#80 = CARTESIAN_POINT('',(2.,6.,0.125));
#81 = DIRECTION('',(0.,0.,1.));
#82 = DIRECTION('',(1.,0.,0.));
#83 = AXIS2_PLACEMENT_3D('',#84,#85,#86);
#84 = CARTESIAN_POINT('',(2.5,6.,0.125));
#85 = DIRECTION('',(0.,0.,1.));
#86 = DIRECTION('',(1.,0.,0.));
#87 = AXIS2_PLACEMENT_3D('',#88,#89,#90);
#88 = CARTESIAN_POINT('',(3.,6.,0.125));
#89 = DIRECTION('',(0.,0.,1.));
#90 = DIRECTION('',(1.,0.,0.));
#91 = AXIS2_PLACEMENT_3D('',#92,#93,#94);
#92 = CARTESIAN_POINT('',(3.5,6.,0.125));
#93 = DIRECTION('',(0.,0.,1.));
#94 = DIRECTION('',(1.,0.,0.));
#95 = AXIS2_PLACEMENT_3D('',#96,#97,#98);
#96 = CARTESIAN_POINT('',(4.,6.,0.125));
#97 = DIRECTION('',(0.,0.,1.));
#98 = DIRECTION('',(1.,0.,0.));
#99 = AXIS2_PLACEMENT_3D('',#100,#101,#102);
#100 = CARTESIAN_POINT('',(4.5,6.,0.125));
#101 = DIRECTION('',(0.,0.,1.));
#102 = DIRECTION('',(1.,0.,0.));
#103 = AXIS2_PLACEMENT_3D('',#104,#105,#106);
#104 = CARTESIAN_POINT('',(5.,6.,0.125));
#105 = DIRECTION('',(0.,0.,1.));
#106 = DIRECTION('',(1.,0.,0.));
#107 = AXIS2_PLACEMENT_3D('',#108,#109,#110);
#108 = CARTESIAN_POINT('',(5.5,6.,0.125));
#109 = DIRECTION('',(0.,0.,1.));
#110 = DIRECTION('',(1.,0.,0.));
#111 = AXIS2_PLACEMENT_3D('',#112,#113,#114);
#112 = CARTESIAN_POINT('',(6.,6.,0.125));
#113 = DIRECTION('',(0.,0.,1.));
#114 = DIRECTION('',(1.,0.,0.));
#115 = AXIS2_PLACEMENT_3D('',#116,#117,#118);
#116 = CARTESIAN_POINT('',(-6.,5.5,0.125));
#117 = DIRECTION('',(0.,0.,1.));
#118 = DIRECTION('',(1.,0.,0.));
#119 = AXIS2_PLACEMENT_3D('',#120,#121,#122);
#120 = CARTESIAN_POINT('',(-5.5,5.5,0.125));
#121 = DIRECTION('',(0.,0.,1.));
#122 = DIRECTION('',(1.,0.,0.));
#123 = AXIS2_PLACEMENT_3D('',#124,#125,#126);
#124 = CARTESIAN_POINT('',(-5.,5.5,0.125));
#125 = DIRECTION('',(0.,0.,1.));
#126 = DIRECTION('',(1.,0.,0.));
#127 = AXIS2_PLACEMENT_3D('',#128,#129,#130);
#128 = CARTESIAN_POINT('',(-4.5,5.5,0.125));
#129 = DIRECTION('',(0.,0.,1.));
#130 = DIRECTION('',(1.,0.,0.));
#131 = AXIS2_PLACEMENT_3D('',#132,#133,#134);
#132 = CARTESIAN_POINT('',(-4.,5.5,0.125));
#133 = DIRECTION('',(0.,0.,1.));
#134 = DIRECTION('',(1.,0.,0.));
#135 = AXIS2_PLACEMENT_3D('',#136,#137,#138);
#136 = CARTESIAN_POINT('',(-3.5,5.5,0.125));
#137 = DIRECTION('',(0.,0.,1.));
#138 = DIRECTION('',(1.,0.,0.));
#139 = AXIS2_PLACEMENT_3D('',#140,#141,#142);
#140 = CARTESIAN_POINT('',(-3.,5.5,0.125));
#141 = DIRECTION('',(0.,0.,1.));
#142 = DIRECTION('',(1.,0.,0.));
#143 = AXIS2_PLACEMENT_3D('',#144,#145,#146);
#144 = CARTESIAN_POINT('',(-2.5,5.5,0.125));
#145 = DIRECTION('',(0.,0.,1.));
#146 = DIRECTION('',(1.,0.,0.));
#147 = AXIS2_PLACEMENT_3D('',#148,#149,#150);
#148 = CARTESIAN_POINT('',(-2.,5.5,0.125));
#149 = DIRECTION('',(0.,0.,1.));
#150 = DIRECTION('',(1.,0.,0.));
#151 = AXIS2_PLACEMENT_3D('',#152,#153,#154);
#152 = CARTESIAN_POINT('',(-1.5,5.5,0.125));
#153 = DIRECTION('',(0.,0.,1.));
#154 = DIRECTION('',(1.,0.,0.));
#155 = AXIS2_PLACEMENT_3D('',#156,#157,#158);
#156 = CARTESIAN_POINT('',(-1.,5.5,0.125));
#157 = DIRECTION('',(0.,0.,1.));
#158 = DIRECTION('',(1.,0.,0.));
#159 = AXIS2_PLACEMENT_3D('',#160,#161,#162);
#160 = CARTESIAN_POINT('',(-0.5,5.5,0.125));
#161 = DIRECTION('',(0.,0.,1.));
#162 = DIRECTION('',(1.,0.,0.));
#163 = AXIS2_PLACEMENT_3D('',#164,#165,#166);
#164 = CARTESIAN_POINT('',(0.,5.5,0.125));
#165 = DIRECTION('',(0.,0.,1.));
#166 = DIRECTION('',(1.,0.,0.));
#167 = AXIS2_PLACEMENT_3D('',#168,#169,#170);
#168 = CARTESIAN_POINT('',(0.5,5.5,0.125));
#169 = DIRECTION('',(0.,0.,1.));
#170 = DIRECTION('',(1.,0.,0.));
#171 = AXIS2_PLACEMENT_3D('',#172,#173,#174);
#172 = CARTESIAN_POINT('',(1.,5.5,0.125));
#173 = DIRECTION('',(0.,0.,1.));
#174 = DIRECTION('',(1.,0.,0.));
#175 = AXIS2_PLACEMENT_3D('',#176,#177,#178);
#176 = CARTESIAN_POINT('',(1.5,5.5,0.125));
#177 = DIRECTION('',(0.,0.,1.));
#178 = DIRECTION('',(1.,0.,0.));
#179 = AXIS2_PLACEMENT_3D('',#180,#181,#182);
#180 = CARTESIAN_POINT('',(2.,5.5,0.125));
#181 = DIRECTION('',(0.,0.,1.));
#182 = DIRECTION('',(1.,0.,0.));
#183 = AXIS2_PLACEMENT_3D('',#184,#185,#186);
#184 = CARTESIAN_POINT('',(2.5,5.5,0.125));
#185 = DIRECTION('',(0.,0.,1.));
#186 = DIRECTION('',(1.,0.,0.));
#187 = AXIS2_PLACEMENT_3D('',#188,#189,#190);
#188 = CARTESIAN_POINT('',(3.,5.5,0.125));
#189 = DIRECTION('',(0.,0.,1.));
#190 = DIRECTION('',(1.,0.,0.));
#191 = AXIS2_PLACEMENT_3D('',#192,#193,#194);
#192 = CARTESIAN_POINT('',(3.5,5.5,0.125));
#193 = DIRECTION('',(0.,0.,1.));
#194 = DIRECTION('',(1.,0.,0.));
#195 = AXIS2_PLACEMENT_3D('',#196,#197,#198);
#196 = CARTESIAN_POINT('',(4.,5.5,0.125));
#197 = DIRECTION('',(0.,0.,1.));
#198 = DIRECTION('',(1.,0.,0.));
#199 = AXIS2_PLACEMENT_3D('',#200,#201,#202);
#200 = CARTESIAN_POINT('',(4.5,5.5,0.125));
#201 = DIRECTION('',(0.,0.,1.));
#202 = DIRECTION('',(1.,0.,0.));
#203 = AXIS2_PLACEMENT_3D('',#204,#205,#206);
#204 = CARTESIAN_POINT('',(5.,5.5,0.125));
#205 = DIRECTION('',(0.,0.,1.));
#206 = DIRECTION('',(1.,0.,0.));
#207 = AXIS2_PLACEMENT_3D('',#208,#209,#210);
#208 = CARTESIAN_POINT('',(5.5,5.5,0.125));
#209 = DIRECTION('',(0.,0.,1.));
#210 = DIRECTION('',(1.,0.,0.));
#211 = AXIS2_PLACEMENT_3D('',#212,#213,#214);
#212 = CARTESIAN_POINT('',(6.,5.5,0.125));
#213 = DIRECTION('',(0.,0.,1.));
#214 = DIRECTION('',(1.,0.,0.));
#215 = AXIS2_PLACEMENT_3D('',#216,#217,#218);
#216 = CARTESIAN_POINT('',(-6.,5.,0.125));
#217 = DIRECTION('',(0.,0.,1.));
#218 = DIRECTION('',(1.,0.,0.));
#219 = AXIS2_PLACEMENT_3D('',#220,#221,#222);
#220 = CARTESIAN_POINT('',(-5.5,5.,0.125));
#221 = DIRECTION('',(0.,0.,1.));
#222 = DIRECTION('',(1.,0.,0.));
#223 = AXIS2_PLACEMENT_3D('',#224,#225,#226);
#224 = CARTESIAN_POINT('',(-5.,5.,0.125));
#225 = DIRECTION('',(0.,0.,1.));
#226 = DIRECTION('',(1.,0.,0.));
#227 = AXIS2_PLACEMENT_3D('',#228,#229,#230);
#228 = CARTESIAN_POINT('',(-4.5,5.,0.125));
#229 = DIRECTION('',(0.,0.,1.));
#230 = DIRECTION('',(1.,0.,0.));
#231 = AXIS2_PLACEMENT_3D('',#232,#233,#234);
#232 = CARTESIAN_POINT('',(-4.,5.,0.125));
#233 = DIRECTION('',(0.,0.,1.));
#234 = DIRECTION('',(1.,0.,0.));
#235 = AXIS2_PLACEMENT_3D('',#236,#237,#238);
#236 = CARTESIAN_POINT('',(-3.5,5.,0.125));
#237 = DIRECTION('',(0.,0.,1.));
#238 = DIRECTION('',(1.,0.,0.));
#239 = AXIS2_PLACEMENT_3D('',#240,#241,#242);
#240 = CARTESIAN_POINT('',(-3.,5.,0.125));
#241 = DIRECTION('',(0.,0.,1.));
#242 = DIRECTION('',(1.,0.,0.));
#243 = AXIS2_PLACEMENT_3D('',#244,#245,#246);
#244 = CARTESIAN_POINT('',(-2.5,5.,0.125));
#245 = DIRECTION('',(0.,0.,1.));
#246 = DIRECTION('',(1.,0.,0.));
#247 = AXIS2_PLACEMENT_3D('',#248,#249,#250);
#248 = CARTESIAN_POINT('',(-2.,5.,0.125));
#249 = DIRECTION('',(0.,0.,1.));
#250 = DIRECTION('',(1.,0.,0.));
#251 = AXIS2_PLACEMENT_3D('',#252,#253,#254);
#252 = CARTESIAN_POINT('',(-1.5,5.,0.125));
#253 = DIRECTION('',(0.,0.,1.));
#254 = DIRECTION('',(1.,0.,0.));
#255 = AXIS2_PLACEMENT_3D('',#256,#257,#258);
#256 = CARTESIAN_POINT('',(-1.,5.,0.125));
#257 = DIRECTION('',(0.,0.,1.));
#258 = DIRECTION('',(1.,0.,0.));
#259 = AXIS2_PLACEMENT_3D('',#260,#261,#262);
#260 = CARTESIAN_POINT('',(-0.5,5.,0.125));
#261 = DIRECTION('',(0.,0.,1.));
#262 = DIRECTION('',(1.,0.,0.));
#263 = AXIS2_PLACEMENT_3D('',#264,#265,#266);
#264 = CARTESIAN_POINT('',(0.,5.,0.125));
#265 = DIRECTION('',(0.,0.,1.));
#266 = DIRECTION('',(1.,0.,0.));
#267 = AXIS2_PLACEMENT_3D('',#268,#269,#270);
#268 = CARTESIAN_POINT('',(0.5,5.,0.125));
#269 = DIRECTION('',(0.,0.,1.));
#270 = DIRECTION('',(1.,0.,0.));
#271 = AXIS2_PLACEMENT_3D('',#272,#273,#274);
#272 = CARTESIAN_POINT('',(1.,5.,0.125));
#273 = DIRECTION('',(0.,0.,1.));
#274 = DIRECTION('',(1.,0.,0.));
#275 = AXIS2_PLACEMENT_3D('',#276,#277,#278);
#276 = CARTESIAN_POINT('',(1.5,5.,0.125));
#277 = DIRECTION('',(0.,0.,1.));
#278 = DIRECTION('',(1.,0.,0.));
#279 = AXIS2_PLACEMENT_3D('',#280,#281,#282);
#280 = CARTESIAN_POINT('',(2.,5.,0.125));
#281 = DIRECTION('',(0.,0.,1.));
#282 = DIRECTION('',(1.,0.,0.));
#283 = AXIS2_PLACEMENT_3D('',#284,#285,#286);
#284 = CARTESIAN_POINT('',(2.5,5.,0.125));
#285 = DIRECTION('',(0.,0.,1.));
#286 = DIRECTION('',(1.,0.,0.));
#287 = AXIS2_PLACEMENT_3D('',#288,#289,#290);
#288 = CARTESIAN_POINT('',(3.,5.,0.125));
#289 = DIRECTION('',(0.,0.,1.));
#290 = DIRECTION('',(1.,0.,0.));
#291 = AXIS2_PLACEMENT_3D('',#292,#293,#294);
#292 = CARTESIAN_POINT('',(3.5,5.,0.125));
#293 = DIRECTION('',(0.,0.,1.));
#294 = DIRECTION('',(1.,0.,0.));
#295 = AXIS2_PLACEMENT_3D('',#296,#297,#298);
#296 = CARTESIAN_POINT('',(4.,5.,0.125));
#297 = DIRECTION('',(0.,0.,1.));
#298 = DIRECTION('',(1.,0.,0.));
#299 = AXIS2_PLACEMENT_3D('',#300,#301,#302);
#300 = CARTESIAN_POINT('',(4.5,5.,0.125));
#301 = DIRECTION('',(0.,0.,1.));
#302 = DIRECTION('',(1.,0.,0.));
#303 = AXIS2_PLACEMENT_3D('',#304,#305,#306);
#304 = CARTESIAN_POINT('',(5.,5.,0.125));
#305 = DIRECTION('',(0.,0.,1.));
#306 = DIRECTION('',(1.,0.,0.));
#307 = AXIS2_PLACEMENT_3D('',#308,#309,#310);
#308 = CARTESIAN_POINT('',(5.5,5.,0.125));
#309 = DIRECTION('',(0.,0.,1.));
#310 = DIRECTION('',(1.,0.,0.));
#311 = AXIS2_PLACEMENT_3D('',#312,#313,#314);
#312 = CARTESIAN_POINT('',(6.,5.,0.125));
#313 = DIRECTION('',(0.,0.,1.));
#314 = DIRECTION('',(1.,0.,0.));
#315 = AXIS2_PLACEMENT_3D('',#316,#317,#318);
#316 = CARTESIAN_POINT('',(-6.,4.5,0.125));
#317 = DIRECTION('',(0.,0.,1.));
#318 = DIRECTION('',(1.,0.,0.));
#319 = AXIS2_PLACEMENT_3D('',#320,#321,#322);
#320 = CARTESIAN_POINT('',(-5.5,4.5,0.125));
#321 = DIRECTION('',(0.,0.,1.));
#322 = DIRECTION('',(1.,0.,0.));
#323 = AXIS2_PLACEMENT_3D('',#324,#325,#326);
#324 = CARTESIAN_POINT('',(-5.,4.5,0.125));
#325 = DIRECTION('',(0.,0.,1.));
#326 = DIRECTION('',(1.,0.,0.));
#327 = AXIS2_PLACEMENT_3D('',#328,#329,#330);
#328 = CARTESIAN_POINT('',(5.,4.5,0.125));
#329 = DIRECTION('',(0.,0.,1.));
#330 = DIRECTION('',(1.,0.,0.));
#331 = AXIS2_PLACEMENT_3D('',#332,#333,#334);
#332 = CARTESIAN_POINT('',(5.5,4.5,0.125));
#333 = DIRECTION('',(0.,0.,1.));
#334 = DIRECTION('',(1.,0.,0.));
#335 = AXIS2_PLACEMENT_3D('',#336,#337,#338);
#336 = CARTESIAN_POINT('',(6.,4.5,0.125));
#337 = DIRECTION('',(0.,0.,1.));
#338 = DIRECTION('',(1.,0.,0.));
#339 = AXIS2_PLACEMENT_3D('',#340,#341,#342);
#340 = CARTESIAN_POINT('',(-6.,4.,0.125));
#341 = DIRECTION('',(0.,0.,1.));
#342 = DIRECTION('',(1.,0.,0.));
#343 = AXIS2_PLACEMENT_3D('',#344,#345,#346);
#344 = CARTESIAN_POINT('',(-5.5,4.,0.125));
#345 = DIRECTION('',(0.,0.,1.));
#346 = DIRECTION('',(1.,0.,0.));
#347 = AXIS2_PLACEMENT_3D('',#348,#349,#350);
#348 = CARTESIAN_POINT('',(-5.,4.,0.125));
#349 = DIRECTION('',(0.,0.,1.));
#350 = DIRECTION('',(1.,0.,0.));
#351 = AXIS2_PLACEMENT_3D('',#352,#353,#354);
#352 = CARTESIAN_POINT('',(5.,4.,0.125));
#353 = DIRECTION('',(0.,0.,1.));
#354 = DIRECTION('',(1.,0.,0.));
#355 = AXIS2_PLACEMENT_3D('',#356,#357,#358);
#356 = CARTESIAN_POINT('',(5.5,4.,0.125));
#357 = DIRECTION('',(0.,0.,1.));
#358 = DIRECTION('',(1.,0.,0.));
#359 = AXIS2_PLACEMENT_3D('',#360,#361,#362);
#360 = CARTESIAN_POINT('',(6.,4.,0.125));
#361 = DIRECTION('',(0.,0.,1.));
#362 = DIRECTION('',(1.,0.,0.));
#363 = AXIS2_PLACEMENT_3D('',#364,#365,#366);
#364 = CARTESIAN_POINT('',(-6.,3.5,0.125));
#365 = DIRECTION('',(0.,0.,1.));
#366 = DIRECTION('',(1.,0.,0.));
#367 = AXIS2_PLACEMENT_3D('',#368,#369,#370);
#368 = CARTESIAN_POINT('',(-5.5,3.5,0.125));
#369 = DIRECTION('',(0.,0.,1.));
#370 = DIRECTION('',(1.,0.,0.));
#371 = AXIS2_PLACEMENT_3D('',#372,#373,#374);
#372 = CARTESIAN_POINT('',(-5.,3.5,0.125));
#373 = DIRECTION('',(0.,0.,1.));
#374 = DIRECTION('',(1.,0.,0.));
#375 = AXIS2_PLACEMENT_3D('',#376,#377,#378);
#376 = CARTESIAN_POINT('',(-3.5,3.5,0.125));
#377 = DIRECTION('',(0.,0.,1.));
#378 = DIRECTION('',(1.,0.,0.));
#379 = AXIS2_PLACEMENT_3D('',#380,#381,#382);
#380 = CARTESIAN_POINT('',(-3.,3.5,0.125));
#381 = DIRECTION('',(0.,0.,1.));
#382 = DIRECTION('',(1.,0.,0.));
#383 = AXIS2_PLACEMENT_3D('',#384,#385,#386);
#384 = CARTESIAN_POINT('',(-2.5,3.5,0.125));
#385 = DIRECTION('',(0.,0.,1.));
#386 = DIRECTION('',(1.,0.,0.));
#387 = AXIS2_PLACEMENT_3D('',#388,#389,#390);
#388 = CARTESIAN_POINT('',(-2.,3.5,0.125));
#389 = DIRECTION('',(0.,0.,1.));
#390 = DIRECTION('',(1.,0.,0.));
#391 = AXIS2_PLACEMENT_3D('',#392,#393,#394);
#392 = CARTESIAN_POINT('',(-1.5,3.5,0.125));
#393 = DIRECTION('',(0.,0.,1.));
#394 = DIRECTION('',(1.,0.,0.));
#395 = AXIS2_PLACEMENT_3D('',#396,#397,#398);
#396 = CARTESIAN_POINT('',(-1.,3.5,0.125));
#397 = DIRECTION('',(0.,0.,1.));
#398 = DIRECTION('',(1.,0.,0.));
#399 = AXIS2_PLACEMENT_3D('',#400,#401,#402);
#400 = CARTESIAN_POINT('',(-0.5,3.5,0.125));
#401 = DIRECTION('',(0.,0.,1.));
#402 = DIRECTION('',(1.,0.,0.));
#403 = AXIS2_PLACEMENT_3D('',#404,#405,#406);
#404 = CARTESIAN_POINT('',(0.,3.5,0.125));
#405 = DIRECTION('',(0.,0.,1.));
#406 = DIRECTION('',(1.,0.,0.));
#407 = AXIS2_PLACEMENT_3D('',#408,#409,#410);
#408 = CARTESIAN_POINT('',(0.5,3.5,0.125));
#409 = DIRECTION('',(0.,0.,1.));
#410 = DIRECTION('',(1.,0.,0.));
#411 = AXIS2_PLACEMENT_3D('',#412,#413,#414);
#412 = CARTESIAN_POINT('',(1.,3.5,0.125));
#413 = DIRECTION('',(0.,0.,1.));
#414 = DIRECTION('',(1.,0.,0.));
#415 = AXIS2_PLACEMENT_3D('',#416,#417,#418);
#416 = CARTESIAN_POINT('',(1.5,3.5,0.125));
#417 = DIRECTION('',(0.,0.,1.));
#418 = DIRECTION('',(1.,0.,0.));
#419 = AXIS2_PLACEMENT_3D('',#420,#421,#422);
#420 = CARTESIAN_POINT('',(2.,3.5,0.125));
#421 = DIRECTION('',(0.,0.,1.));
#422 = DIRECTION('',(1.,0.,0.));
#423 = AXIS2_PLACEMENT_3D('',#424,#425,#426);
#424 = CARTESIAN_POINT('',(2.5,3.5,0.125));
#425 = DIRECTION('',(0.,0.,1.));
#426 = DIRECTION('',(1.,0.,0.));
#427 = AXIS2_PLACEMENT_3D('',#428,#429,#430);
#428 = CARTESIAN_POINT('',(3.,3.5,0.125));
#429 = DIRECTION('',(0.,0.,1.));
#430 = DIRECTION('',(1.,0.,0.));
#431 = AXIS2_PLACEMENT_3D('',#432,#433,#434);
#432 = CARTESIAN_POINT('',(3.5,3.5,0.125));
#433 = DIRECTION('',(0.,0.,1.));
#434 = DIRECTION('',(1.,0.,0.));
#435 = AXIS2_PLACEMENT_3D('',#436,#437,#438);
#436 = CARTESIAN_POINT('',(5.,3.5,0.125));
#437 = DIRECTION('',(0.,0.,1.));
#438 = DIRECTION('',(1.,0.,0.));
#439 = AXIS2_PLACEMENT_3D('',#440,#441,#442);
#440 = CARTESIAN_POINT('',(5.5,3.5,0.125));
#441 = DIRECTION('',(0.,0.,1.));
#442 = DIRECTION('',(1.,0.,0.));
#443 = AXIS2_PLACEMENT_3D('',#444,#445,#446);
#444 = CARTESIAN_POINT('',(6.,3.5,0.125));
#445 = DIRECTION('',(0.,0.,1.));
#446 = DIRECTION('',(1.,0.,0.));
#447 = AXIS2_PLACEMENT_3D('',#448,#449,#450);
#448 = CARTESIAN_POINT('',(-6.,3.,0.125));
#449 = DIRECTION('',(0.,0.,1.));
#450 = DIRECTION('',(1.,0.,0.));
#451 = AXIS2_PLACEMENT_3D('',#452,#453,#454);
#452 = CARTESIAN_POINT('',(-5.5,3.,0.125));
#453 = DIRECTION('',(0.,0.,1.));
#454 = DIRECTION('',(1.,0.,0.));
#455 = AXIS2_PLACEMENT_3D('',#456,#457,#458);
#456 = CARTESIAN_POINT('',(-5.,3.,0.125));
#457 = DIRECTION('',(0.,0.,1.));
#458 = DIRECTION('',(1.,0.,0.));
#459 = AXIS2_PLACEMENT_3D('',#460,#461,#462);
#460 = CARTESIAN_POINT('',(-3.5,3.,0.125));
#461 = DIRECTION('',(0.,0.,1.));
#462 = DIRECTION('',(1.,0.,0.));
#463 = AXIS2_PLACEMENT_3D('',#464,#465,#466);
#464 = CARTESIAN_POINT('',(3.5,3.,0.125));
#465 = DIRECTION('',(0.,0.,1.));
#466 = DIRECTION('',(1.,0.,0.));
#467 = AXIS2_PLACEMENT_3D('',#468,#469,#470);
#468 = CARTESIAN_POINT('',(5.,3.,0.125));
#469 = DIRECTION('',(0.,0.,1.));
#470 = DIRECTION('',(1.,0.,0.));
#471 = AXIS2_PLACEMENT_3D('',#472,#473,#474);
#472 = CARTESIAN_POINT('',(5.5,3.,0.125));
#473 = DIRECTION('',(0.,0.,1.));
#474 = DIRECTION('',(1.,0.,0.));
#475 = AXIS2_PLACEMENT_3D('',#476,#477,#478);
#476 = CARTESIAN_POINT('',(6.,3.,0.125));
#477 = DIRECTION('',(0.,0.,1.));
#478 = DIRECTION('',(1.,0.,0.));
#479 = AXIS2_PLACEMENT_3D('',#480,#481,#482);
#480 = CARTESIAN_POINT('',(-6.,2.5,0.125));
#481 = DIRECTION('',(0.,0.,1.));
#482 = DIRECTION('',(1.,0.,0.));
#483 = AXIS2_PLACEMENT_3D('',#484,#485,#486);
#484 = CARTESIAN_POINT('',(-5.5,2.5,0.125));
#485 = DIRECTION('',(0.,0.,1.));
#486 = DIRECTION('',(1.,0.,0.));
#487 = AXIS2_PLACEMENT_3D('',#488,#489,#490);
#488 = CARTESIAN_POINT('',(-5.,2.5,0.125));
#489 = DIRECTION('',(0.,0.,1.));
#490 = DIRECTION('',(1.,0.,0.));
#491 = AXIS2_PLACEMENT_3D('',#492,#493,#494);
#492 = CARTESIAN_POINT('',(-3.5,2.5,0.125));
#493 = DIRECTION('',(0.,0.,1.));
#494 = DIRECTION('',(1.,0.,0.));
#495 = AXIS2_PLACEMENT_3D('',#496,#497,#498);
#496 = CARTESIAN_POINT('',(3.5,2.5,0.125));
#497 = DIRECTION('',(0.,0.,1.));
#498 = DIRECTION('',(1.,0.,0.));
#499 = AXIS2_PLACEMENT_3D('',#500,#501,#502);
#500 = CARTESIAN_POINT('',(5.,2.5,0.125));
#501 = DIRECTION('',(0.,0.,1.));
#502 = DIRECTION('',(1.,0.,0.));
#503 = AXIS2_PLACEMENT_3D('',#504,#505,#506);
#504 = CARTESIAN_POINT('',(5.5,2.5,0.125));
#505 = DIRECTION('',(0.,0.,1.));
#506 = DIRECTION('',(1.,0.,0.));
#507 = AXIS2_PLACEMENT_3D('',#508,#509,#510);
#508 = CARTESIAN_POINT('',(6.,2.5,0.125));
#509 = DIRECTION('',(0.,0.,1.));
#510 = DIRECTION('',(1.,0.,0.));
#511 = AXIS2_PLACEMENT_3D('',#512,#513,#514);
#512 = CARTESIAN_POINT('',(-6.,2.,0.125));
#513 = DIRECTION('',(0.,0.,1.));
#514 = DIRECTION('',(1.,0.,0.));
#515 = AXIS2_PLACEMENT_3D('',#516,#517,#518);
#516 = CARTESIAN_POINT('',(-5.5,2.,0.125));
#517 = DIRECTION('',(0.,0.,1.));
#518 = DIRECTION('',(1.,0.,0.));
#519 = AXIS2_PLACEMENT_3D('',#520,#521,#522);
#520 = CARTESIAN_POINT('',(-5.,2.,0.125));
#521 = DIRECTION('',(0.,0.,1.));
#522 = DIRECTION('',(1.,0.,0.));
#523 = AXIS2_PLACEMENT_3D('',#524,#525,#526);
#524 = CARTESIAN_POINT('',(-3.5,2.,0.125));
#525 = DIRECTION('',(0.,0.,1.));
#526 = DIRECTION('',(1.,0.,0.));
#527 = AXIS2_PLACEMENT_3D('',#528,#529,#530);
#528 = CARTESIAN_POINT('',(-2.,2.,0.125));
#529 = DIRECTION('',(0.,0.,1.));
#530 = DIRECTION('',(1.,0.,0.));
#531 = AXIS2_PLACEMENT_3D('',#532,#533,#534);
#532 = CARTESIAN_POINT('',(-1.,2.,0.125));
#533 = DIRECTION('',(0.,0.,1.));
#534 = DIRECTION('',(1.,0.,0.));
#535 = AXIS2_PLACEMENT_3D('',#536,#537,#538);
#536 = CARTESIAN_POINT('',(0.,2.,0.125));
#537 = DIRECTION('',(0.,0.,1.));
#538 = DIRECTION('',(1.,0.,0.));
#539 = AXIS2_PLACEMENT_3D('',#540,#541,#542);
#540 = CARTESIAN_POINT('',(1.,2.,0.125));
#541 = DIRECTION('',(0.,0.,1.));
#542 = DIRECTION('',(1.,0.,0.));
#543 = AXIS2_PLACEMENT_3D('',#544,#545,#546);
#544 = CARTESIAN_POINT('',(2.,2.,0.125));
#545 = DIRECTION('',(0.,0.,1.));
#546 = DIRECTION('',(1.,0.,0.));
#547 = AXIS2_PLACEMENT_3D('',#548,#549,#550);
#548 = CARTESIAN_POINT('',(3.5,2.,0.125));
#549 = DIRECTION('',(0.,0.,1.));
#550 = DIRECTION('',(1.,0.,0.));
#551 = AXIS2_PLACEMENT_3D('',#552,#553,#554);
#552 = CARTESIAN_POINT('',(5.,2.,0.125));
#553 = DIRECTION('',(0.,0.,1.));
#554 = DIRECTION('',(1.,0.,0.));
#555 = AXIS2_PLACEMENT_3D('',#556,#557,#558);
#556 = CARTESIAN_POINT('',(5.5,2.,0.125));
#557 = DIRECTION('',(0.,0.,1.));
#558 = DIRECTION('',(1.,0.,0.));
#559 = AXIS2_PLACEMENT_3D('',#560,#561,#562);
#560 = CARTESIAN_POINT('',(6.,2.,0.125));
#561 = DIRECTION('',(0.,0.,1.));
#562 = DIRECTION('',(1.,0.,0.));
#563 = AXIS2_PLACEMENT_3D('',#564,#565,#566);
#564 = CARTESIAN_POINT('',(-6.,1.5,0.125));
#565 = DIRECTION('',(0.,0.,1.));
#566 = DIRECTION('',(1.,0.,0.));
#567 = AXIS2_PLACEMENT_3D('',#568,#569,#570);
#568 = CARTESIAN_POINT('',(-5.5,1.5,0.125));
#569 = DIRECTION('',(0.,0.,1.));
#570 = DIRECTION('',(1.,0.,0.));
#571 = AXIS2_PLACEMENT_3D('',#572,#573,#574);
#572 = CARTESIAN_POINT('',(-5.,1.5,0.125));
#573 = DIRECTION('',(0.,0.,1.));
#574 = DIRECTION('',(1.,0.,0.));
#575 = AXIS2_PLACEMENT_3D('',#576,#577,#578);
#576 = CARTESIAN_POINT('',(-3.5,1.5,0.125));
#577 = DIRECTION('',(0.,0.,1.));
#578 = DIRECTION('',(1.,0.,0.));
#579 = AXIS2_PLACEMENT_3D('',#580,#581,#582);
#580 = CARTESIAN_POINT('',(-1.5,1.5,0.125));
#581 = DIRECTION('',(0.,0.,1.));
#582 = DIRECTION('',(1.,0.,0.));
#583 = AXIS2_PLACEMENT_3D('',#584,#585,#586);
#584 = CARTESIAN_POINT('',(-0.5,1.5,0.125));
#585 = DIRECTION('',(0.,0.,1.));
#586 = DIRECTION('',(1.,0.,0.));
#587 = AXIS2_PLACEMENT_3D('',#588,#589,#590);
#588 = CARTESIAN_POINT('',(0.5,1.5,0.125));
#589 = DIRECTION('',(0.,0.,1.));
#590 = DIRECTION('',(1.,0.,0.));
#591 = AXIS2_PLACEMENT_3D('',#592,#593,#594);
#592 = CARTESIAN_POINT('',(1.5,1.5,0.125));
#593 = DIRECTION('',(0.,0.,1.));
#594 = DIRECTION('',(1.,0.,0.));
#595 = AXIS2_PLACEMENT_3D('',#596,#597,#598);
#596 = CARTESIAN_POINT('',(3.5,1.5,0.125));
#597 = DIRECTION('',(0.,0.,1.));
#598 = DIRECTION('',(1.,0.,0.));
#599 = AXIS2_PLACEMENT_3D('',#600,#601,#602);
#600 = CARTESIAN_POINT('',(5.,1.5,0.125));
#601 = DIRECTION('',(0.,0.,1.));
#602 = DIRECTION('',(1.,0.,0.));
#603 = AXIS2_PLACEMENT_3D('',#604,#605,#606);
#604 = CARTESIAN_POINT('',(5.5,1.5,0.125));
#605 = DIRECTION('',(0.,0.,1.));
#606 = DIRECTION('',(1.,0.,0.));
#607 = AXIS2_PLACEMENT_3D('',#608,#609,#610);
#608 = CARTESIAN_POINT('',(6.,1.5,0.125));
#609 = DIRECTION('',(0.,0.,1.));
#610 = DIRECTION('',(1.,0.,0.));
#611 = AXIS2_PLACEMENT_3D('',#612,#613,#614);
#612 = CARTESIAN_POINT('',(-6.,1.,0.125));
#613 = DIRECTION('',(0.,0.,1.));
#614 = DIRECTION('',(1.,0.,0.));
#615 = AXIS2_PLACEMENT_3D('',#616,#617,#618);
#616 = CARTESIAN_POINT('',(-5.5,1.,0.125));
#617 = DIRECTION('',(0.,0.,1.));
#618 = DIRECTION('',(1.,0.,0.));
#619 = AXIS2_PLACEMENT_3D('',#620,#621,#622);
#620 = CARTESIAN_POINT('',(-5.,1.,0.125));
#621 = DIRECTION('',(0.,0.,1.));
#622 = DIRECTION('',(1.,0.,0.));
#623 = AXIS2_PLACEMENT_3D('',#624,#625,#626);
#624 = CARTESIAN_POINT('',(-3.5,1.,0.125));
#625 = DIRECTION('',(0.,0.,1.));
#626 = DIRECTION('',(1.,0.,0.));
#627 = AXIS2_PLACEMENT_3D('',#628,#629,#630);
#628 = CARTESIAN_POINT('',(-2.,1.,0.125));
#629 = DIRECTION('',(0.,0.,1.));
#630 = DIRECTION('',(1.,0.,0.));
#631 = AXIS2_PLACEMENT_3D('',#632,#633,#634);
#632 = CARTESIAN_POINT('',(-1.,1.,0.125));
#633 = DIRECTION('',(0.,0.,1.));
#634 = DIRECTION('',(1.,0.,0.));
#635 = AXIS2_PLACEMENT_3D('',#636,#637,#638);
#636 = CARTESIAN_POINT('',(0.,1.,0.125));
#637 = DIRECTION('',(0.,0.,1.));
#638 = DIRECTION('',(1.,0.,0.));
#639 = AXIS2_PLACEMENT_3D('',#640,#641,#642);
#640 = CARTESIAN_POINT('',(1.,1.,0.125));
#641 = DIRECTION('',(0.,0.,1.));
#642 = DIRECTION('',(1.,0.,0.));
#643 = AXIS2_PLACEMENT_3D('',#644,#645,#646);
#644 = CARTESIAN_POINT('',(2.,1.,0.125));
#645 = DIRECTION('',(0.,0.,1.));
#646 = DIRECTION('',(1.,0.,0.));
#647 = AXIS2_PLACEMENT_3D('',#648,#649,#650);
#648 = CARTESIAN_POINT('',(3.5,1.,0.125));
#649 = DIRECTION('',(0.,0.,1.));
#650 = DIRECTION('',(1.,0.,0.));
#651 = AXIS2_PLACEMENT_3D('',#652,#653,#654);
#652 = CARTESIAN_POINT('',(5.,1.,0.125));
#653 = DIRECTION('',(0.,0.,1.));
#654 = DIRECTION('',(1.,0.,0.));
#655 = AXIS2_PLACEMENT_3D('',#656,#657,#658);
#656 = CARTESIAN_POINT('',(5.5,1.,0.125));
#657 = DIRECTION('',(0.,0.,1.));
#658 = DIRECTION('',(1.,0.,0.));
#659 = AXIS2_PLACEMENT_3D('',#660,#661,#662);
#660 = CARTESIAN_POINT('',(6.,1.,0.125));
#661 = DIRECTION('',(0.,0.,1.));
#662 = DIRECTION('',(1.,0.,0.));
#663 = AXIS2_PLACEMENT_3D('',#664,#665,#666);
#664 = CARTESIAN_POINT('',(-6.,0.5,0.125));
#665 = DIRECTION('',(0.,0.,1.));
#666 = DIRECTION('',(1.,0.,0.));
#667 = AXIS2_PLACEMENT_3D('',#668,#669,#670);
#668 = CARTESIAN_POINT('',(-5.5,0.5,0.125));
#669 = DIRECTION('',(0.,0.,1.));
#670 = DIRECTION('',(1.,0.,0.));
#671 = AXIS2_PLACEMENT_3D('',#672,#673,#674);
#672 = CARTESIAN_POINT('',(-5.,0.5,0.125));
#673 = DIRECTION('',(0.,0.,1.));
#674 = DIRECTION('',(1.,0.,0.));
#675 = AXIS2_PLACEMENT_3D('',#676,#677,#678);
#676 = CARTESIAN_POINT('',(-3.5,0.5,0.125));
#677 = DIRECTION('',(0.,0.,1.));
#678 = DIRECTION('',(1.,0.,0.));
#679 = AXIS2_PLACEMENT_3D('',#680,#681,#682);
#680 = CARTESIAN_POINT('',(-1.5,0.5,0.125));
#681 = DIRECTION('',(0.,0.,1.));
#682 = DIRECTION('',(1.,0.,0.));
#683 = AXIS2_PLACEMENT_3D('',#684,#685,#686);
#684 = CARTESIAN_POINT('',(-0.5,0.5,0.125));
#685 = DIRECTION('',(0.,0.,1.));
#686 = DIRECTION('',(1.,0.,0.));
#687 = AXIS2_PLACEMENT_3D('',#688,#689,#690);
#688 = CARTESIAN_POINT('',(0.5,0.5,0.125));
#689 = DIRECTION('',(0.,0.,1.));
#690 = DIRECTION('',(1.,0.,0.));
#691 = AXIS2_PLACEMENT_3D('',#692,#693,#694);
#692 = CARTESIAN_POINT('',(1.5,0.5,0.125));
#693 = DIRECTION('',(0.,0.,1.));
#694 = DIRECTION('',(1.,0.,0.));
#695 = AXIS2_PLACEMENT_3D('',#696,#697,#698);
#696 = CARTESIAN_POINT('',(3.5,0.5,0.125));
#697 = DIRECTION('',(0.,0.,1.));
#698 = DIRECTION('',(1.,0.,0.));
#699 = AXIS2_PLACEMENT_3D('',#700,#701,#702);
#700 = CARTESIAN_POINT('',(5.,0.5,0.125));
#701 = DIRECTION('',(0.,0.,1.));
#702 = DIRECTION('',(1.,0.,0.));
#703 = AXIS2_PLACEMENT_3D('',#704,#705,#706);
#704 = CARTESIAN_POINT('',(5.5,0.5,0.125));
#705 = DIRECTION('',(0.,0.,1.));
#706 = DIRECTION('',(1.,0.,0.));
#707 = AXIS2_PLACEMENT_3D('',#708,#709,#710);
#708 = CARTESIAN_POINT('',(6.,0.5,0.125));
#709 = DIRECTION('',(0.,0.,1.));
#710 = DIRECTION('',(1.,0.,0.));
#711 = AXIS2_PLACEMENT_3D('',#712,#713,#714);
#712 = CARTESIAN_POINT('',(-6.,0.,0.125));
#713 = DIRECTION('',(0.,0.,1.));
#714 = DIRECTION('',(1.,0.,0.));
#715 = AXIS2_PLACEMENT_3D('',#716,#717,#718);
#716 = CARTESIAN_POINT('',(-5.5,0.,0.125));
#717 = DIRECTION('',(0.,0.,1.));
#718 = DIRECTION('',(1.,0.,0.));
#719 = AXIS2_PLACEMENT_3D('',#720,#721,#722);
#720 = CARTESIAN_POINT('',(-5.,0.,0.125));
#721 = DIRECTION('',(0.,0.,1.));
#722 = DIRECTION('',(1.,0.,0.));
#723 = AXIS2_PLACEMENT_3D('',#724,#725,#726);
#724 = CARTESIAN_POINT('',(-3.5,0.,0.125));
#725 = DIRECTION('',(0.,0.,1.));
#726 = DIRECTION('',(1.,0.,0.));
#727 = AXIS2_PLACEMENT_3D('',#728,#729,#730);
#728 = CARTESIAN_POINT('',(-2.,0.,0.125));
#729 = DIRECTION('',(0.,0.,1.));
#730 = DIRECTION('',(1.,0.,0.));
#731 = AXIS2_PLACEMENT_3D('',#732,#733,#734);
#732 = CARTESIAN_POINT('',(-1.,0.,0.125));
#733 = DIRECTION('',(0.,0.,1.));
#734 = DIRECTION('',(1.,0.,0.));
#735 = AXIS2_PLACEMENT_3D('',#736,#737,#738);
#736 = CARTESIAN_POINT('',(0.,0.,0.125));
#737 = DIRECTION('',(0.,0.,1.));
#738 = DIRECTION('',(1.,0.,0.));
#739 = AXIS2_PLACEMENT_3D('',#740,#741,#742);
#740 = CARTESIAN_POINT('',(1.,0.,0.125));
#741 = DIRECTION('',(0.,0.,1.));
#742 = DIRECTION('',(1.,0.,0.));
#743 = AXIS2_PLACEMENT_3D('',#744,#745,#746);
#744 = CARTESIAN_POINT('',(2.,0.,0.125));
#745 = DIRECTION('',(0.,0.,1.));
#746 = DIRECTION('',(1.,0.,0.));
#747 = AXIS2_PLACEMENT_3D('',#748,#749,#750);
#748 = CARTESIAN_POINT('',(3.5,0.,0.125));
#749 = DIRECTION('',(0.,0.,1.));
#750 = DIRECTION('',(1.,0.,0.));
#751 = AXIS2_PLACEMENT_3D('',#752,#753,#754);
#752 = CARTESIAN_POINT('',(5.,0.,0.125));
#753 = DIRECTION('',(0.,0.,1.));
#754 = DIRECTION('',(1.,0.,0.));
#755 = AXIS2_PLACEMENT_3D('',#756,#757,#758);
#756 = CARTESIAN_POINT('',(5.5,0.,0.125));
#757 = DIRECTION('',(0.,0.,1.));
#758 = DIRECTION('',(1.,0.,0.));
#759 = AXIS2_PLACEMENT_3D('',#760,#761,#762);
#760 = CARTESIAN_POINT('',(6.,0.,0.125));
#761 = DIRECTION('',(0.,0.,1.));
#762 = DIRECTION('',(1.,0.,0.));
#763 = AXIS2_PLACEMENT_3D('',#764,#765,#766);
#764 = CARTESIAN_POINT('',(-6.,-0.5,0.125));
#765 = DIRECTION('',(0.,0.,1.));
#766 = DIRECTION('',(1.,0.,0.));
#767 = AXIS2_PLACEMENT_3D('',#768,#769,#770);
#768 = CARTESIAN_POINT('',(-5.5,-0.5,0.125));
#769 = DIRECTION('',(0.,0.,1.));
#770 = DIRECTION('',(1.,0.,0.));
#771 = AXIS2_PLACEMENT_3D('',#772,#773,#774);
#772 = CARTESIAN_POINT('',(-5.,-0.5,0.125));
#773 = DIRECTION('',(0.,0.,1.));
#774 = DIRECTION('',(1.,0.,0.));
#775 = AXIS2_PLACEMENT_3D('',#776,#777,#778);
#776 = CARTESIAN_POINT('',(-3.5,-0.5,0.125));
#777 = DIRECTION('',(0.,0.,1.));
#778 = DIRECTION('',(1.,0.,0.));
#779 = AXIS2_PLACEMENT_3D('',#780,#781,#782);
#780 = CARTESIAN_POINT('',(-1.5,-0.5,0.125));
#781 = DIRECTION('',(0.,0.,1.));
#782 = DIRECTION('',(1.,0.,0.));
#783 = AXIS2_PLACEMENT_3D('',#784,#785,#786);
#784 = CARTESIAN_POINT('',(-0.5,-0.5,0.125));
#785 = DIRECTION('',(0.,0.,1.));
#786 = DIRECTION('',(1.,0.,0.));
#787 = AXIS2_PLACEMENT_3D('',#788,#789,#790);
#788 = CARTESIAN_POINT('',(0.5,-0.5,0.125));
#789 = DIRECTION('',(0.,0.,1.));
#790 = DIRECTION('',(1.,0.,0.));
#791 = AXIS2_PLACEMENT_3D('',#792,#793,#794);
#792 = CARTESIAN_POINT('',(1.5,-0.5,0.125));
#793 = DIRECTION('',(0.,0.,1.));
#794 = DIRECTION('',(1.,0.,0.));
#795 = AXIS2_PLACEMENT_3D('',#796,#797,#798);
#796 = CARTESIAN_POINT('',(3.5,-0.5,0.125));
#797 = DIRECTION('',(0.,0.,1.));
#798 = DIRECTION('',(1.,0.,0.));
#799 = AXIS2_PLACEMENT_3D('',#800,#801,#802);
#800 = CARTESIAN_POINT('',(5.,-0.5,0.125));
#801 = DIRECTION('',(0.,0.,1.));
#802 = DIRECTION('',(1.,0.,0.));
#803 = AXIS2_PLACEMENT_3D('',#804,#805,#806);
#804 = CARTESIAN_POINT('',(5.5,-0.5,0.125));
#805 = DIRECTION('',(0.,0.,1.));
#806 = DIRECTION('',(1.,0.,0.));
#807 = AXIS2_PLACEMENT_3D('',#808,#809,#810);
#808 = CARTESIAN_POINT('',(6.,-0.5,0.125));
#809 = DIRECTION('',(0.,0.,1.));
#810 = DIRECTION('',(1.,0.,0.));
#811 = AXIS2_PLACEMENT_3D('',#812,#813,#814);
#812 = CARTESIAN_POINT('',(-6.,-1.,0.125));
#813 = DIRECTION('',(0.,0.,1.));
#814 = DIRECTION('',(1.,0.,0.));
#815 = AXIS2_PLACEMENT_3D('',#816,#817,#818);
#816 = CARTESIAN_POINT('',(-5.5,-1.,0.125));
#817 = DIRECTION('',(0.,0.,1.));
#818 = DIRECTION('',(1.,0.,0.));
#819 = AXIS2_PLACEMENT_3D('',#820,#821,#822);
#820 = CARTESIAN_POINT('',(-5.,-1.,0.125));
#821 = DIRECTION('',(0.,0.,1.));
#822 = DIRECTION('',(1.,0.,0.));
#823 = AXIS2_PLACEMENT_3D('',#824,#825,#826);
#824 = CARTESIAN_POINT('',(-3.5,-1.,0.125));
#825 = DIRECTION('',(0.,0.,1.));
#826 = DIRECTION('',(1.,0.,0.));
#827 = AXIS2_PLACEMENT_3D('',#828,#829,#830);
#828 = CARTESIAN_POINT('',(-2.,-1.,0.125));
#829 = DIRECTION('',(0.,0.,1.));
#830 = DIRECTION('',(1.,0.,0.));
#831 = AXIS2_PLACEMENT_3D('',#832,#833,#834);
#832 = CARTESIAN_POINT('',(-1.,-1.,0.125));
#833 = DIRECTION('',(0.,0.,1.));
#834 = DIRECTION('',(1.,0.,0.));
#835 = AXIS2_PLACEMENT_3D('',#836,#837,#838);
#836 = CARTESIAN_POINT('',(0.,-1.,0.125));
#837 = DIRECTION('',(0.,0.,1.));
#838 = DIRECTION('',(1.,0.,0.));
#839 = AXIS2_PLACEMENT_3D('',#840,#841,#842);
#840 = CARTESIAN_POINT('',(1.,-1.,0.125));
#841 = DIRECTION('',(0.,0.,1.));
#842 = DIRECTION('',(1.,0.,0.));
#843 = AXIS2_PLACEMENT_3D('',#844,#845,#846);
#844 = CARTESIAN_POINT('',(2.,-1.,0.125));
#845 = DIRECTION('',(0.,0.,1.));
#846 = DIRECTION('',(1.,0.,0.));
#847 = AXIS2_PLACEMENT_3D('',#848,#849,#850);
#848 = CARTESIAN_POINT('',(3.5,-1.,0.125));
#849 = DIRECTION('',(0.,0.,1.));
#850 = DIRECTION('',(1.,0.,0.));
#851 = AXIS2_PLACEMENT_3D('',#852,#853,#854);
#852 = CARTESIAN_POINT('',(5.,-1.,0.125));
#853 = DIRECTION('',(0.,0.,1.));
#854 = DIRECTION('',(1.,0.,0.));
#855 = AXIS2_PLACEMENT_3D('',#856,#857,#858);
#856 = CARTESIAN_POINT('',(5.5,-1.,0.125));
#857 = DIRECTION('',(0.,0.,1.));
#858 = DIRECTION('',(1.,0.,0.));
#859 = AXIS2_PLACEMENT_3D('',#860,#861,#862);
#860 = CARTESIAN_POINT('',(6.,-1.,0.125));
#861 = DIRECTION('',(0.,0.,1.));
#862 = DIRECTION('',(1.,0.,0.));
#863 = AXIS2_PLACEMENT_3D('',#864,#865,#866);
#864 = CARTESIAN_POINT('',(-6.,-1.5,0.125));
#865 = DIRECTION('',(0.,0.,1.));
#866 = DIRECTION('',(1.,0.,0.));
#867 = AXIS2_PLACEMENT_3D('',#868,#869,#870);
#868 = CARTESIAN_POINT('',(-5.5,-1.5,0.125));
#869 = DIRECTION('',(0.,0.,1.));
#870 = DIRECTION('',(1.,0.,0.));
#871 = AXIS2_PLACEMENT_3D('',#872,#873,#874);
#872 = CARTESIAN_POINT('',(-5.,-1.5,0.125));
#873 = DIRECTION('',(0.,0.,1.));
#874 = DIRECTION('',(1.,0.,0.));
#875 = AXIS2_PLACEMENT_3D('',#876,#877,#878);
#876 = CARTESIAN_POINT('',(-3.5,-1.5,0.125));
#877 = DIRECTION('',(0.,0.,1.));
#878 = DIRECTION('',(1.,0.,0.));
#879 = AXIS2_PLACEMENT_3D('',#880,#881,#882);
#880 = CARTESIAN_POINT('',(-1.5,-1.5,0.125));
#881 = DIRECTION('',(0.,0.,1.));
#882 = DIRECTION('',(1.,0.,0.));
#883 = AXIS2_PLACEMENT_3D('',#884,#885,#886);
#884 = CARTESIAN_POINT('',(-0.5,-1.5,0.125));
#885 = DIRECTION('',(0.,0.,1.));
#886 = DIRECTION('',(1.,0.,0.));
#887 = AXIS2_PLACEMENT_3D('',#888,#889,#890);
#888 = CARTESIAN_POINT('',(0.5,-1.5,0.125));
#889 = DIRECTION('',(0.,0.,1.));
#890 = DIRECTION('',(1.,0.,0.));
#891 = AXIS2_PLACEMENT_3D('',#892,#893,#894);
#892 = CARTESIAN_POINT('',(1.5,-1.5,0.125));
#893 = DIRECTION('',(0.,0.,1.));
#894 = DIRECTION('',(1.,0.,0.));
#895 = AXIS2_PLACEMENT_3D('',#896,#897,#898);
#896 = CARTESIAN_POINT('',(3.5,-1.5,0.125));
#897 = DIRECTION('',(0.,0.,1.));
#898 = DIRECTION('',(1.,0.,0.));
#899 = AXIS2_PLACEMENT_3D('',#900,#901,#902);
#900 = CARTESIAN_POINT('',(5.,-1.5,0.125));
#901 = DIRECTION('',(0.,0.,1.));
#902 = DIRECTION('',(1.,0.,0.));
#903 = AXIS2_PLACEMENT_3D('',#904,#905,#906);
#904 = CARTESIAN_POINT('',(5.5,-1.5,0.125));
#905 = DIRECTION('',(0.,0.,1.));
#906 = DIRECTION('',(1.,0.,0.));
#907 = AXIS2_PLACEMENT_3D('',#908,#909,#910);
#908 = CARTESIAN_POINT('',(6.,-1.5,0.125));
#909 = DIRECTION('',(0.,0.,1.));
#910 = DIRECTION('',(1.,0.,0.));
#911 = AXIS2_PLACEMENT_3D('',#912,#913,#914);
#912 = CARTESIAN_POINT('',(-6.,-2.,0.125));
#913 = DIRECTION('',(0.,0.,1.));
#914 = DIRECTION('',(1.,0.,0.));
#915 = AXIS2_PLACEMENT_3D('',#916,#917,#918);
#916 = CARTESIAN_POINT('',(-5.5,-2.,0.125));
#917 = DIRECTION('',(0.,0.,1.));
#918 = DIRECTION('',(1.,0.,0.));
#919 = AXIS2_PLACEMENT_3D('',#920,#921,#922);
#920 = CARTESIAN_POINT('',(-5.,-2.,0.125));
#921 = DIRECTION('',(0.,0.,1.));
#922 = DIRECTION('',(1.,0.,0.));
#923 = AXIS2_PLACEMENT_3D('',#924,#925,#926);
#924 = CARTESIAN_POINT('',(-3.5,-2.,0.125));
#925 = DIRECTION('',(0.,0.,1.));
#926 = DIRECTION('',(1.,0.,0.));
#927 = AXIS2_PLACEMENT_3D('',#928,#929,#930);
#928 = CARTESIAN_POINT('',(-2.,-2.,0.125));
#929 = DIRECTION('',(0.,0.,1.));
#930 = DIRECTION('',(1.,0.,0.));
#931 = AXIS2_PLACEMENT_3D('',#932,#933,#934);
#932 = CARTESIAN_POINT('',(-1.,-2.,0.125));
#933 = DIRECTION('',(0.,0.,1.));
#934 = DIRECTION('',(1.,0.,0.));
#935 = AXIS2_PLACEMENT_3D('',#936,#937,#938);
#936 = CARTESIAN_POINT('',(0.,-2.,0.125));
#937 = DIRECTION('',(0.,0.,1.));
#938 = DIRECTION('',(1.,0.,0.));
#939 = AXIS2_PLACEMENT_3D('',#940,#941,#942);
#940 = CARTESIAN_POINT('',(1.,-2.,0.125));
#941 = DIRECTION('',(0.,0.,1.));
#942 = DIRECTION('',(1.,0.,0.));
#943 = AXIS2_PLACEMENT_3D('',#944,#945,#946);
#944 = CARTESIAN_POINT('',(2.,-2.,0.125));
#945 = DIRECTION('',(0.,0.,1.));
#946 = DIRECTION('',(1.,0.,0.));
#947 = AXIS2_PLACEMENT_3D('',#948,#949,#950);
#948 = CARTESIAN_POINT('',(3.5,-2.,0.125));
#949 = DIRECTION('',(0.,0.,1.));
#950 = DIRECTION('',(1.,0.,0.));
#951 = AXIS2_PLACEMENT_3D('',#952,#953,#954);
#952 = CARTESIAN_POINT('',(5.,-2.,0.125));
#953 = DIRECTION('',(0.,0.,1.));
#954 = DIRECTION('',(1.,0.,0.));
#955 = AXIS2_PLACEMENT_3D('',#956,#957,#958);
#956 = CARTESIAN_POINT('',(5.5,-2.,0.125));
#957 = DIRECTION('',(0.,0.,1.));
#958 = DIRECTION('',(1.,0.,0.));
#959 = AXIS2_PLACEMENT_3D('',#960,#961,#962);
#960 = CARTESIAN_POINT('',(6.,-2.,0.125));
#961 = DIRECTION('',(0.,0.,1.));
#962 = DIRECTION('',(1.,0.,0.));
#963 = AXIS2_PLACEMENT_3D('',#964,#965,#966);
#964 = CARTESIAN_POINT('',(-6.,-2.5,0.125));
#965 = DIRECTION('',(0.,0.,1.));
#966 = DIRECTION('',(1.,0.,0.));
#967 = AXIS2_PLACEMENT_3D('',#968,#969,#970);
#968 = CARTESIAN_POINT('',(-5.5,-2.5,0.125));
#969 = DIRECTION('',(0.,0.,1.));
#970 = DIRECTION('',(1.,0.,0.));
#971 = AXIS2_PLACEMENT_3D('',#972,#973,#974);
#972 = CARTESIAN_POINT('',(-5.,-2.5,0.125));
#973 = DIRECTION('',(0.,0.,1.));
#974 = DIRECTION('',(1.,0.,0.));
#975 = AXIS2_PLACEMENT_3D('',#976,#977,#978);
#976 = CARTESIAN_POINT('',(-3.5,-2.5,0.125));
#977 = DIRECTION('',(0.,0.,1.));
#978 = DIRECTION('',(1.,0.,0.));
#979 = AXIS2_PLACEMENT_3D('',#980,#981,#982);
#980 = CARTESIAN_POINT('',(3.5,-2.5,0.125));
#981 = DIRECTION('',(0.,0.,1.));
#982 = DIRECTION('',(1.,0.,0.));
#983 = AXIS2_PLACEMENT_3D('',#984,#985,#986);
#984 = CARTESIAN_POINT('',(5.,-2.5,0.125));
#985 = DIRECTION('',(0.,0.,1.));
#986 = DIRECTION('',(1.,0.,0.));
#987 = AXIS2_PLACEMENT_3D('',#988,#989,#990);
#988 = CARTESIAN_POINT('',(5.5,-2.5,0.125));
#989 = DIRECTION('',(0.,0.,1.));
#990 = DIRECTION('',(1.,0.,0.));
#991 = AXIS2_PLACEMENT_3D('',#992,#993,#994);
#992 = CARTESIAN_POINT('',(6.,-2.5,0.125));
#993 = DIRECTION('',(0.,0.,1.));
#994 = DIRECTION('',(1.,0.,0.));
#995 = AXIS2_PLACEMENT_3D('',#996,#997,#998);
#996 = CARTESIAN_POINT('',(-6.,-3.,0.125));
#997 = DIRECTION('',(0.,0.,1.));
#998 = DIRECTION('',(1.,0.,0.));
#999 = AXIS2_PLACEMENT_3D('',#1000,#1001,#1002);
#1000 = CARTESIAN_POINT('',(-5.5,-3.,0.125));
#1001 = DIRECTION('',(0.,0.,1.));
#1002 = DIRECTION('',(1.,0.,0.));
#1003 = AXIS2_PLACEMENT_3D('',#1004,#1005,#1006);
#1004 = CARTESIAN_POINT('',(-5.,-3.,0.125));
#1005 = DIRECTION('',(0.,0.,1.));
#1006 = DIRECTION('',(1.,0.,0.));
#1007 = AXIS2_PLACEMENT_3D('',#1008,#1009,#1010);
#1008 = CARTESIAN_POINT('',(-3.5,-3.,0.125));
#1009 = DIRECTION('',(0.,0.,1.));
#1010 = DIRECTION('',(1.,0.,0.));
#1011 = AXIS2_PLACEMENT_3D('',#1012,#1013,#1014);
#1012 = CARTESIAN_POINT('',(3.5,-3.,0.125));
#1013 = DIRECTION('',(0.,0.,1.));
#1014 = DIRECTION('',(1.,0.,0.));
#1015 = AXIS2_PLACEMENT_3D('',#1016,#1017,#1018);
#1016 = CARTESIAN_POINT('',(5.,-3.,0.125));
#1017 = DIRECTION('',(0.,0.,1.));
#1018 = DIRECTION('',(1.,0.,0.));
#1019 = AXIS2_PLACEMENT_3D('',#1020,#1021,#1022);
#1020 = CARTESIAN_POINT('',(5.5,-3.,0.125));
#1021 = DIRECTION('',(0.,0.,1.));
#1022 = DIRECTION('',(1.,0.,0.));
#1023 = AXIS2_PLACEMENT_3D('',#1024,#1025,#1026);
#1024 = CARTESIAN_POINT('',(6.,-3.,0.125));
#1025 = DIRECTION('',(0.,0.,1.));
#1026 = DIRECTION('',(1.,0.,0.));
#1027 = AXIS2_PLACEMENT_3D('',#1028,#1029,#1030);
#1028 = CARTESIAN_POINT('',(-6.,-3.5,0.125));
#1029 = DIRECTION('',(0.,0.,1.));
#1030 = DIRECTION('',(1.,0.,0.));
#1031 = AXIS2_PLACEMENT_3D('',#1032,#1033,#1034);
#1032 = CARTESIAN_POINT('',(-5.5,-3.5,0.125));
#1033 = DIRECTION('',(0.,0.,1.));
#1034 = DIRECTION('',(1.,0.,0.));
#1035 = AXIS2_PLACEMENT_3D('',#1036,#1037,#1038);
#1036 = CARTESIAN_POINT('',(-5.,-3.5,0.125));
#1037 = DIRECTION('',(0.,0.,1.));
#1038 = DIRECTION('',(1.,0.,0.));
#1039 = AXIS2_PLACEMENT_3D('',#1040,#1041,#1042);
#1040 = CARTESIAN_POINT('',(-3.5,-3.5,0.125));
#1041 = DIRECTION('',(0.,0.,1.));
#1042 = DIRECTION('',(1.,0.,0.));
#1043 = AXIS2_PLACEMENT_3D('',#1044,#1045,#1046);
#1044 = CARTESIAN_POINT('',(-3.,-3.5,0.125));
#1045 = DIRECTION('',(0.,0.,1.));
#1046 = DIRECTION('',(1.,0.,0.));
#1047 = AXIS2_PLACEMENT_3D('',#1048,#1049,#1050);
#1048 = CARTESIAN_POINT('',(-2.5,-3.5,0.125));
#1049 = DIRECTION('',(0.,0.,1.));
#1050 = DIRECTION('',(1.,0.,0.));
#1051 = AXIS2_PLACEMENT_3D('',#1052,#1053,#1054);
#1052 = CARTESIAN_POINT('',(-2.,-3.5,0.125));
#1053 = DIRECTION('',(0.,0.,1.));
#1054 = DIRECTION('',(1.,0.,0.));
#1055 = AXIS2_PLACEMENT_3D('',#1056,#1057,#1058);
#1056 = CARTESIAN_POINT('',(-1.5,-3.5,0.125));
#1057 = DIRECTION('',(0.,0.,1.));
#1058 = DIRECTION('',(1.,0.,0.));
#1059 = AXIS2_PLACEMENT_3D('',#1060,#1061,#1062);
#1060 = CARTESIAN_POINT('',(-1.,-3.5,0.125));
#1061 = DIRECTION('',(0.,0.,1.));
#1062 = DIRECTION('',(1.,0.,0.));
#1063 = AXIS2_PLACEMENT_3D('',#1064,#1065,#1066);
#1064 = CARTESIAN_POINT('',(-0.5,-3.5,0.125));
#1065 = DIRECTION('',(0.,0.,1.));
#1066 = DIRECTION('',(1.,0.,0.));
#1067 = AXIS2_PLACEMENT_3D('',#1068,#1069,#1070);
#1068 = CARTESIAN_POINT('',(0.,-3.5,0.125));
#1069 = DIRECTION('',(0.,0.,1.));
#1070 = DIRECTION('',(1.,0.,0.));
#1071 = AXIS2_PLACEMENT_3D('',#1072,#1073,#1074);
#1072 = CARTESIAN_POINT('',(0.5,-3.5,0.125));
#1073 = DIRECTION('',(0.,0.,1.));
#1074 = DIRECTION('',(1.,0.,0.));
#1075 = AXIS2_PLACEMENT_3D('',#1076,#1077,#1078);
#1076 = CARTESIAN_POINT('',(1.,-3.5,0.125));
#1077 = DIRECTION('',(0.,0.,1.));
#1078 = DIRECTION('',(1.,0.,0.));
#1079 = AXIS2_PLACEMENT_3D('',#1080,#1081,#1082);
#1080 = CARTESIAN_POINT('',(1.5,-3.5,0.125));
#1081 = DIRECTION('',(0.,0.,1.));
#1082 = DIRECTION('',(1.,0.,0.));
#1083 = AXIS2_PLACEMENT_3D('',#1084,#1085,#1086);
#1084 = CARTESIAN_POINT('',(2.,-3.5,0.125));
#1085 = DIRECTION('',(0.,0.,1.));
#1086 = DIRECTION('',(1.,0.,0.));
#1087 = AXIS2_PLACEMENT_3D('',#1088,#1089,#1090);
#1088 = CARTESIAN_POINT('',(2.5,-3.5,0.125));
#1089 = DIRECTION('',(0.,0.,1.));
#1090 = DIRECTION('',(1.,0.,0.));
#1091 = AXIS2_PLACEMENT_3D('',#1092,#1093,#1094);
#1092 = CARTESIAN_POINT('',(3.,-3.5,0.125));
#1093 = DIRECTION('',(0.,0.,1.));
#1094 = DIRECTION('',(1.,0.,0.));
#1095 = AXIS2_PLACEMENT_3D('',#1096,#1097,#1098);
#1096 = CARTESIAN_POINT('',(3.5,-3.5,0.125));
#1097 = DIRECTION('',(0.,0.,1.));
#1098 = DIRECTION('',(1.,0.,0.));
#1099 = AXIS2_PLACEMENT_3D('',#1100,#1101,#1102);
#1100 = CARTESIAN_POINT('',(5.,-3.5,0.125));
#1101 = DIRECTION('',(0.,0.,1.));
#1102 = DIRECTION('',(1.,0.,0.));
#1103 = AXIS2_PLACEMENT_3D('',#1104,#1105,#1106);
#1104 = CARTESIAN_POINT('',(5.5,-3.5,0.125));
#1105 = DIRECTION('',(0.,0.,1.));
#1106 = DIRECTION('',(1.,0.,0.));
#1107 = AXIS2_PLACEMENT_3D('',#1108,#1109,#1110);
#1108 = CARTESIAN_POINT('',(6.,-3.5,0.125));
#1109 = DIRECTION('',(0.,0.,1.));
#1110 = DIRECTION('',(1.,0.,0.));
#1111 = AXIS2_PLACEMENT_3D('',#1112,#1113,#1114);
#1112 = CARTESIAN_POINT('',(-6.,-4.,0.125));
#1113 = DIRECTION('',(0.,0.,1.));
#1114 = DIRECTION('',(1.,0.,0.));
#1115 = AXIS2_PLACEMENT_3D('',#1116,#1117,#1118);
#1116 = CARTESIAN_POINT('',(-5.5,-4.,0.125));
#1117 = DIRECTION('',(0.,0.,1.));
#1118 = DIRECTION('',(1.,0.,0.));
#1119 = AXIS2_PLACEMENT_3D('',#1120,#1121,#1122);
#1120 = CARTESIAN_POINT('',(-5.,-4.,0.125));
#1121 = DIRECTION('',(0.,0.,1.));
#1122 = DIRECTION('',(1.,0.,0.));
#1123 = AXIS2_PLACEMENT_3D('',#1124,#1125,#1126);
#1124 = CARTESIAN_POINT('',(5.,-4.,0.125));
#1125 = DIRECTION('',(0.,0.,1.));
#1126 = DIRECTION('',(1.,0.,0.));
#1127 = AXIS2_PLACEMENT_3D('',#1128,#1129,#1130);
#1128 = CARTESIAN_POINT('',(5.5,-4.,0.125));
#1129 = DIRECTION('',(0.,0.,1.));
#1130 = DIRECTION('',(1.,0.,0.));
#1131 = AXIS2_PLACEMENT_3D('',#1132,#1133,#1134);
#1132 = CARTESIAN_POINT('',(6.,-4.,0.125));
#1133 = DIRECTION('',(0.,0.,1.));
#1134 = DIRECTION('',(1.,0.,0.));
#1135 = AXIS2_PLACEMENT_3D('',#1136,#1137,#1138);
#1136 = CARTESIAN_POINT('',(-6.,-4.5,0.125));
#1137 = DIRECTION('',(0.,0.,1.));
#1138 = DIRECTION('',(1.,0.,0.));
#1139 = AXIS2_PLACEMENT_3D('',#1140,#1141,#1142);
#1140 = CARTESIAN_POINT('',(-5.5,-4.5,0.125));
#1141 = DIRECTION('',(0.,0.,1.));
#1142 = DIRECTION('',(1.,0.,0.));
#1143 = AXIS2_PLACEMENT_3D('',#1144,#1145,#1146);
#1144 = CARTESIAN_POINT('',(-5.,-4.5,0.125));
#1145 = DIRECTION('',(0.,0.,1.));
#1146 = DIRECTION('',(1.,0.,0.));
#1147 = AXIS2_PLACEMENT_3D('',#1148,#1149,#1150);
#1148 = CARTESIAN_POINT('',(5.,-4.5,0.125));
#1149 = DIRECTION('',(0.,0.,1.));
#1150 = DIRECTION('',(1.,0.,0.));
#1151 = AXIS2_PLACEMENT_3D('',#1152,#1153,#1154);
#1152 = CARTESIAN_POINT('',(5.5,-4.5,0.125));
#1153 = DIRECTION('',(0.,0.,1.));
#1154 = DIRECTION('',(1.,0.,0.));
#1155 = AXIS2_PLACEMENT_3D('',#1156,#1157,#1158);
#1156 = CARTESIAN_POINT('',(6.,-4.5,0.125));
#1157 = DIRECTION('',(0.,0.,1.));
#1158 = DIRECTION('',(1.,0.,0.));
#1159 = AXIS2_PLACEMENT_3D('',#1160,#1161,#1162);
#1160 = CARTESIAN_POINT('',(-6.,-5.,0.125));
#1161 = DIRECTION('',(0.,0.,1.));
#1162 = DIRECTION('',(1.,0.,0.));
#1163 = AXIS2_PLACEMENT_3D('',#1164,#1165,#1166);
#1164 = CARTESIAN_POINT('',(-5.5,-5.,0.125));
#1165 = DIRECTION('',(0.,0.,1.));
#1166 = DIRECTION('',(1.,0.,0.));
#1167 = AXIS2_PLACEMENT_3D('',#1168,#1169,#1170);
#1168 = CARTESIAN_POINT('',(-5.,-5.,0.125));
#1169 = DIRECTION('',(0.,0.,1.));
#1170 = DIRECTION('',(1.,0.,0.));
#1171 = AXIS2_PLACEMENT_3D('',#1172,#1173,#1174);
#1172 = CARTESIAN_POINT('',(-4.5,-5.,0.125));
#1173 = DIRECTION('',(0.,0.,1.));
#1174 = DIRECTION('',(1.,0.,0.));
#1175 = AXIS2_PLACEMENT_3D('',#1176,#1177,#1178);
#1176 = CARTESIAN_POINT('',(-4.,-5.,0.125));
#1177 = DIRECTION('',(0.,0.,1.));
#1178 = DIRECTION('',(1.,0.,0.));
#1179 = AXIS2_PLACEMENT_3D('',#1180,#1181,#1182);
#1180 = CARTESIAN_POINT('',(-3.5,-5.,0.125));
#1181 = DIRECTION('',(0.,0.,1.));
#1182 = DIRECTION('',(1.,0.,0.));
#1183 = AXIS2_PLACEMENT_3D('',#1184,#1185,#1186);
#1184 = CARTESIAN_POINT('',(-3.,-5.,0.125));
#1185 = DIRECTION('',(0.,0.,1.));
#1186 = DIRECTION('',(1.,0.,0.));
#1187 = AXIS2_PLACEMENT_3D('',#1188,#1189,#1190);
#1188 = CARTESIAN_POINT('',(-2.5,-5.,0.125));
#1189 = DIRECTION('',(0.,0.,1.));
#1190 = DIRECTION('',(1.,0.,0.));
#1191 = AXIS2_PLACEMENT_3D('',#1192,#1193,#1194);
#1192 = CARTESIAN_POINT('',(-2.,-5.,0.125));
#1193 = DIRECTION('',(0.,0.,1.));
#1194 = DIRECTION('',(1.,0.,0.));
#1195 = AXIS2_PLACEMENT_3D('',#1196,#1197,#1198);
#1196 = CARTESIAN_POINT('',(-1.5,-5.,0.125));
#1197 = DIRECTION('',(0.,0.,1.));
#1198 = DIRECTION('',(1.,0.,0.));
#1199 = AXIS2_PLACEMENT_3D('',#1200,#1201,#1202);
#1200 = CARTESIAN_POINT('',(-1.,-5.,0.125));
#1201 = DIRECTION('',(0.,0.,1.));
#1202 = DIRECTION('',(1.,0.,0.));
#1203 = AXIS2_PLACEMENT_3D('',#1204,#1205,#1206);
#1204 = CARTESIAN_POINT('',(-0.5,-5.,0.125));
#1205 = DIRECTION('',(0.,0.,1.));
#1206 = DIRECTION('',(1.,0.,0.));
#1207 = AXIS2_PLACEMENT_3D('',#1208,#1209,#1210);
#1208 = CARTESIAN_POINT('',(0.,-5.,0.125));
#1209 = DIRECTION('',(0.,0.,1.));
#1210 = DIRECTION('',(1.,0.,0.));
#1211 = AXIS2_PLACEMENT_3D('',#1212,#1213,#1214);
#1212 = CARTESIAN_POINT('',(0.5,-5.,0.125));
#1213 = DIRECTION('',(0.,0.,1.));
#1214 = DIRECTION('',(1.,0.,0.));
#1215 = AXIS2_PLACEMENT_3D('',#1216,#1217,#1218);
#1216 = CARTESIAN_POINT('',(1.,-5.,0.125));
#1217 = DIRECTION('',(0.,0.,1.));
#1218 = DIRECTION('',(1.,0.,0.));
#1219 = AXIS2_PLACEMENT_3D('',#1220,#1221,#1222);
#1220 = CARTESIAN_POINT('',(1.5,-5.,0.125));
#1221 = DIRECTION('',(0.,0.,1.));
#1222 = DIRECTION('',(1.,0.,0.));
#1223 = AXIS2_PLACEMENT_3D('',#1224,#1225,#1226);
#1224 = CARTESIAN_POINT('',(2.,-5.,0.125));
#1225 = DIRECTION('',(0.,0.,1.));
#1226 = DIRECTION('',(1.,0.,0.));
#1227 = AXIS2_PLACEMENT_3D('',#1228,#1229,#1230);
#1228 = CARTESIAN_POINT('',(2.5,-5.,0.125));
#1229 = DIRECTION('',(0.,0.,1.));
#1230 = DIRECTION('',(1.,0.,0.));
#1231 = AXIS2_PLACEMENT_3D('',#1232,#1233,#1234);
#1232 = CARTESIAN_POINT('',(3.,-5.,0.125));
#1233 = DIRECTION('',(0.,0.,1.));
#1234 = DIRECTION('',(1.,0.,0.));
#1235 = AXIS2_PLACEMENT_3D('',#1236,#1237,#1238);
#1236 = CARTESIAN_POINT('',(3.5,-5.,0.125));
#1237 = DIRECTION('',(0.,0.,1.));
#1238 = DIRECTION('',(1.,0.,0.));
#1239 = AXIS2_PLACEMENT_3D('',#1240,#1241,#1242);
#1240 = CARTESIAN_POINT('',(4.,-5.,0.125));
#1241 = DIRECTION('',(0.,0.,1.));
#1242 = DIRECTION('',(1.,0.,0.));
#1243 = AXIS2_PLACEMENT_3D('',#1244,#1245,#1246);
#1244 = CARTESIAN_POINT('',(4.5,-5.,0.125));
#1245 = DIRECTION('',(0.,0.,1.));
#1246 = DIRECTION('',(1.,0.,0.));
#1247 = AXIS2_PLACEMENT_3D('',#1248,#1249,#1250);
#1248 = CARTESIAN_POINT('',(5.,-5.,0.125));
#1249 = DIRECTION('',(0.,0.,1.));
#1250 = DIRECTION('',(1.,0.,0.));
#1251 = AXIS2_PLACEMENT_3D('',#1252,#1253,#1254);
#1252 = CARTESIAN_POINT('',(5.5,-5.,0.125));
#1253 = DIRECTION('',(0.,0.,1.));
#1254 = DIRECTION('',(1.,0.,0.));
#1255 = AXIS2_PLACEMENT_3D('',#1256,#1257,#1258);
#1256 = CARTESIAN_POINT('',(6.,-5.,0.125));
#1257 = DIRECTION('',(0.,0.,1.));
#1258 = DIRECTION('',(1.,0.,0.));
#1259 = AXIS2_PLACEMENT_3D('',#1260,#1261,#1262);
#1260 = CARTESIAN_POINT('',(-6.,-5.5,0.125));
#1261 = DIRECTION('',(0.,0.,1.));
#1262 = DIRECTION('',(1.,0.,0.));
#1263 = AXIS2_PLACEMENT_3D('',#1264,#1265,#1266);
#1264 = CARTESIAN_POINT('',(-5.5,-5.5,0.125));
#1265 = DIRECTION('',(0.,0.,1.));
#1266 = DIRECTION('',(1.,0.,0.));
#1267 = AXIS2_PLACEMENT_3D('',#1268,#1269,#1270);
#1268 = CARTESIAN_POINT('',(-5.,-5.5,0.125));
#1269 = DIRECTION('',(0.,0.,1.));
#1270 = DIRECTION('',(1.,0.,0.));
#1271 = AXIS2_PLACEMENT_3D('',#1272,#1273,#1274);
#1272 = CARTESIAN_POINT('',(-4.5,-5.5,0.125));
#1273 = DIRECTION('',(0.,0.,1.));
#1274 = DIRECTION('',(1.,0.,0.));
#1275 = AXIS2_PLACEMENT_3D('',#1276,#1277,#1278);
#1276 = CARTESIAN_POINT('',(-4.,-5.5,0.125));
#1277 = DIRECTION('',(0.,0.,1.));
#1278 = DIRECTION('',(1.,0.,0.));
#1279 = AXIS2_PLACEMENT_3D('',#1280,#1281,#1282);
#1280 = CARTESIAN_POINT('',(-3.5,-5.5,0.125));
#1281 = DIRECTION('',(0.,0.,1.));
#1282 = DIRECTION('',(1.,0.,0.));
#1283 = AXIS2_PLACEMENT_3D('',#1284,#1285,#1286);
#1284 = CARTESIAN_POINT('',(-3.,-5.5,0.125));
#1285 = DIRECTION('',(0.,0.,1.));
#1286 = DIRECTION('',(1.,0.,0.));
#1287 = AXIS2_PLACEMENT_3D('',#1288,#1289,#1290);
#1288 = CARTESIAN_POINT('',(-2.5,-5.5,0.125));
#1289 = DIRECTION('',(0.,0.,1.));
#1290 = DIRECTION('',(1.,0.,0.));
#1291 = AXIS2_PLACEMENT_3D('',#1292,#1293,#1294);
#1292 = CARTESIAN_POINT('',(-2.,-5.5,0.125));
#1293 = DIRECTION('',(0.,0.,1.));
#1294 = DIRECTION('',(1.,0.,0.));
#1295 = AXIS2_PLACEMENT_3D('',#1296,#1297,#1298);
#1296 = CARTESIAN_POINT('',(-1.5,-5.5,0.125));
#1297 = DIRECTION('',(0.,0.,1.));
#1298 = DIRECTION('',(1.,0.,0.));
#1299 = AXIS2_PLACEMENT_3D('',#1300,#1301,#1302);
#1300 = CARTESIAN_POINT('',(-1.,-5.5,0.125));
#1301 = DIRECTION('',(0.,0.,1.));
#1302 = DIRECTION('',(1.,0.,0.));
#1303 = AXIS2_PLACEMENT_3D('',#1304,#1305,#1306);
#1304 = CARTESIAN_POINT('',(-0.5,-5.5,0.125));
#1305 = DIRECTION('',(0.,0.,1.));
#1306 = DIRECTION('',(1.,0.,0.));
#1307 = AXIS2_PLACEMENT_3D('',#1308,#1309,#1310);
#1308 = CARTESIAN_POINT('',(0.,-5.5,0.125));
#1309 = DIRECTION('',(0.,0.,1.));
#1310 = DIRECTION('',(1.,0.,0.));
#1311 = AXIS2_PLACEMENT_3D('',#1312,#1313,#1314);
#1312 = CARTESIAN_POINT('',(0.5,-5.5,0.125));
#1313 = DIRECTION('',(0.,0.,1.));
#1314 = DIRECTION('',(1.,0.,0.));
#1315 = AXIS2_PLACEMENT_3D('',#1316,#1317,#1318);
#1316 = CARTESIAN_POINT('',(1.,-5.5,0.125));
#1317 = DIRECTION('',(0.,0.,1.));
#1318 = DIRECTION('',(1.,0.,0.));
#1319 = AXIS2_PLACEMENT_3D('',#1320,#1321,#1322);
#1320 = CARTESIAN_POINT('',(1.5,-5.5,0.125));
#1321 = DIRECTION('',(0.,0.,1.));
#1322 = DIRECTION('',(1.,0.,0.));
#1323 = AXIS2_PLACEMENT_3D('',#1324,#1325,#1326);
#1324 = CARTESIAN_POINT('',(2.,-5.5,0.125));
#1325 = DIRECTION('',(0.,0.,1.));
#1326 = DIRECTION('',(1.,0.,0.));
#1327 = AXIS2_PLACEMENT_3D('',#1328,#1329,#1330);
#1328 = CARTESIAN_POINT('',(2.5,-5.5,0.125));
#1329 = DIRECTION('',(0.,0.,1.));
#1330 = DIRECTION('',(1.,0.,0.));
#1331 = AXIS2_PLACEMENT_3D('',#1332,#1333,#1334);
#1332 = CARTESIAN_POINT('',(3.,-5.5,0.125));
#1333 = DIRECTION('',(0.,0.,1.));
#1334 = DIRECTION('',(1.,0.,0.));
#1335 = AXIS2_PLACEMENT_3D('',#1336,#1337,#1338);
#1336 = CARTESIAN_POINT('',(3.5,-5.5,0.125));
#1337 = DIRECTION('',(0.,0.,1.));
#1338 = DIRECTION('',(1.,0.,0.));
#1339 = AXIS2_PLACEMENT_3D('',#1340,#1341,#1342);
#1340 = CARTESIAN_POINT('',(4.,-5.5,0.125));
#1341 = DIRECTION('',(0.,0.,1.));
#1342 = DIRECTION('',(1.,0.,0.));
#1343 = AXIS2_PLACEMENT_3D('',#1344,#1345,#1346);
#1344 = CARTESIAN_POINT('',(4.5,-5.5,0.125));
#1345 = DIRECTION('',(0.,0.,1.));
#1346 = DIRECTION('',(1.,0.,0.));
#1347 = AXIS2_PLACEMENT_3D('',#1348,#1349,#1350);
#1348 = CARTESIAN_POINT('',(5.,-5.5,0.125));
#1349 = DIRECTION('',(0.,0.,1.));
#1350 = DIRECTION('',(1.,0.,0.));
#1351 = AXIS2_PLACEMENT_3D('',#1352,#1353,#1354);
#1352 = CARTESIAN_POINT('',(5.5,-5.5,0.125));
#1353 = DIRECTION('',(0.,0.,1.));
#1354 = DIRECTION('',(1.,0.,0.));
#1355 = AXIS2_PLACEMENT_3D('',#1356,#1357,#1358);
#1356 = CARTESIAN_POINT('',(6.,-5.5,0.125));
#1357 = DIRECTION('',(0.,0.,1.));
#1358 = DIRECTION('',(1.,0.,0.));
#1359 = AXIS2_PLACEMENT_3D('',#1360,#1361,#1362);
#1360 = CARTESIAN_POINT('',(-6.,-6.,0.125));
#1361 = DIRECTION('',(0.,0.,1.));
#1362 = DIRECTION('',(1.,0.,0.));
#1363 = AXIS2_PLACEMENT_3D('',#1364,#1365,#1366);
#1364 = CARTESIAN_POINT('',(-5.5,-6.,0.125));
#1365 = DIRECTION('',(0.,0.,1.));
#1366 = DIRECTION('',(1.,0.,0.));
#1367 = AXIS2_PLACEMENT_3D('',#1368,#1369,#1370);
#1368 = CARTESIAN_POINT('',(-5.,-6.,0.125));
#1369 = DIRECTION('',(0.,0.,1.));
#1370 = DIRECTION('',(1.,0.,0.));
#1371 = AXIS2_PLACEMENT_3D('',#1372,#1373,#1374);
#1372 = CARTESIAN_POINT('',(-4.5,-6.,0.125));
#1373 = DIRECTION('',(0.,0.,1.));
#1374 = DIRECTION('',(1.,0.,0.));
#1375 = AXIS2_PLACEMENT_3D('',#1376,#1377,#1378);
#1376 = CARTESIAN_POINT('',(-4.,-6.,0.125));
#1377 = DIRECTION('',(0.,0.,1.));
#1378 = DIRECTION('',(1.,0.,0.));
#1379 = AXIS2_PLACEMENT_3D('',#1380,#1381,#1382);
#1380 = CARTESIAN_POINT('',(-3.5,-6.,0.125));
#1381 = DIRECTION('',(0.,0.,1.));
#1382 = DIRECTION('',(1.,0.,0.));
#1383 = AXIS2_PLACEMENT_3D('',#1384,#1385,#1386);
#1384 = CARTESIAN_POINT('',(-3.,-6.,0.125));
#1385 = DIRECTION('',(0.,0.,1.));
#1386 = DIRECTION('',(1.,0.,0.));
#1387 = AXIS2_PLACEMENT_3D('',#1388,#1389,#1390);
#1388 = CARTESIAN_POINT('',(-2.5,-6.,0.125));
#1389 = DIRECTION('',(0.,0.,1.));
#1390 = DIRECTION('',(1.,0.,0.));
#1391 = AXIS2_PLACEMENT_3D('',#1392,#1393,#1394);
#1392 = CARTESIAN_POINT('',(-2.,-6.,0.125));
#1393 = DIRECTION('',(0.,0.,1.));
#1394 = DIRECTION('',(1.,0.,0.));
#1395 = AXIS2_PLACEMENT_3D('',#1396,#1397,#1398);
#1396 = CARTESIAN_POINT('',(-1.5,-6.,0.125));
#1397 = DIRECTION('',(0.,0.,1.));
#1398 = DIRECTION('',(1.,0.,0.));
#1399 = AXIS2_PLACEMENT_3D('',#1400,#1401,#1402);
#1400 = CARTESIAN_POINT('',(-1.,-6.,0.125));
#1401 = DIRECTION('',(0.,0.,1.));
#1402 = DIRECTION('',(1.,0.,0.));
#1403 = AXIS2_PLACEMENT_3D('',#1404,#1405,#1406);
#1404 = CARTESIAN_POINT('',(-0.5,-6.,0.125));
#1405 = DIRECTION('',(0.,0.,1.));
#1406 = DIRECTION('',(1.,0.,0.));
#1407 = AXIS2_PLACEMENT_3D('',#1408,#1409,#1410);
#1408 = CARTESIAN_POINT('',(0.,-6.,0.125));
#1409 = DIRECTION('',(0.,0.,1.));
#1410 = DIRECTION('',(1.,0.,0.));
#1411 = AXIS2_PLACEMENT_3D('',#1412,#1413,#1414);
#1412 = CARTESIAN_POINT('',(0.5,-6.,0.125));
#1413 = DIRECTION('',(0.,0.,1.));
#1414 = DIRECTION('',(1.,0.,0.));
#1415 = AXIS2_PLACEMENT_3D('',#1416,#1417,#1418);
#1416 = CARTESIAN_POINT('',(1.,-6.,0.125));
#1417 = DIRECTION('',(0.,0.,1.));
#1418 = DIRECTION('',(1.,0.,0.));
#1419 = AXIS2_PLACEMENT_3D('',#1420,#1421,#1422);
#1420 = CARTESIAN_POINT('',(1.5,-6.,0.125));
#1421 = DIRECTION('',(0.,0.,1.));
#1422 = DIRECTION('',(1.,0.,0.));
#1423 = AXIS2_PLACEMENT_3D('',#1424,#1425,#1426);
#1424 = CARTESIAN_POINT('',(2.,-6.,0.125));
#1425 = DIRECTION('',(0.,0.,1.));
#1426 = DIRECTION('',(1.,0.,0.));
#1427 = AXIS2_PLACEMENT_3D('',#1428,#1429,#1430);
#1428 = CARTESIAN_POINT('',(2.5,-6.,0.125));
#1429 = DIRECTION('',(0.,0.,1.));
#1430 = DIRECTION('',(1.,0.,0.));
#1431 = AXIS2_PLACEMENT_3D('',#1432,#1433,#1434);
#1432 = CARTESIAN_POINT('',(3.,-6.,0.125));
#1433 = DIRECTION('',(0.,0.,1.));
#1434 = DIRECTION('',(1.,0.,0.));
#1435 = AXIS2_PLACEMENT_3D('',#1436,#1437,#1438);
#1436 = CARTESIAN_POINT('',(3.5,-6.,0.125));
#1437 = DIRECTION('',(0.,0.,1.));
#1438 = DIRECTION('',(1.,0.,0.));
#1439 = AXIS2_PLACEMENT_3D('',#1440,#1441,#1442);
#1440 = CARTESIAN_POINT('',(4.,-6.,0.125));
#1441 = DIRECTION('',(0.,0.,1.));
#1442 = DIRECTION('',(1.,0.,0.));
#1443 = AXIS2_PLACEMENT_3D('',#1444,#1445,#1446);
#1444 = CARTESIAN_POINT('',(4.5,-6.,0.125));
#1445 = DIRECTION('',(0.,0.,1.));
#1446 = DIRECTION('',(1.,0.,0.));
#1447 = AXIS2_PLACEMENT_3D('',#1448,#1449,#1450);
#1448 = CARTESIAN_POINT('',(5.,-6.,0.125));
#1449 = DIRECTION('',(0.,0.,1.));
#1450 = DIRECTION('',(1.,0.,0.));
#1451 = AXIS2_PLACEMENT_3D('',#1452,#1453,#1454);
#1452 = CARTESIAN_POINT('',(5.5,-6.,0.125));
#1453 = DIRECTION('',(0.,0.,1.));
#1454 = DIRECTION('',(1.,0.,0.));
#1455 = AXIS2_PLACEMENT_3D('',#1456,#1457,#1458);
#1456 = CARTESIAN_POINT('',(6.,-6.,0.125));
#1457 = DIRECTION('',(0.,0.,1.));
#1458 = DIRECTION('',(1.,0.,0.));
#1459 = AXIS2_PLACEMENT_3D('',#1460,#1461,#1462);
#1460 = CARTESIAN_POINT('',(0.,0.,0.));
#1461 = DIRECTION('',(0.,0.,1.));
#1462 = DIRECTION('',(1.,0.,0.));
#1463 = ( GEOMETRIC_REPRESENTATION_CONTEXT(3) 
GLOBAL_UNCERTAINTY_ASSIGNED_CONTEXT((#1467)) 
GLOBAL_UNIT_ASSIGNED_CONTEXT((#1464,#1465,#1466)) REPRESENTATION_CONTEXT
('Context #1','3D Context with UNIT and UNCERTAINTY') );
#1464 = ( LENGTH_UNIT() NAMED_UNIT(*) SI_UNIT(.MILLI.,.METRE.) );
#1465 = ( NAMED_UNIT(*) PLANE_ANGLE_UNIT() SI_UNIT($,.RADIAN.) );
#1466 = ( NAMED_UNIT(*) SI_UNIT($,.STERADIAN.) SOLID_ANGLE_UNIT() );
#1467 = UNCERTAINTY_MEASURE_WITH_UNIT(LENGTH_MEASURE(1.E-07),#1464,
  'distance_accuracy_value','confusion accuracy');
#1468 = PRODUCT_RELATED_PRODUCT_CATEGORY('part',$,(#7));
#1469 = ADVANCED_BREP_SHAPE_REPRESENTATION('',(#11,#1470),#1482);
#1470 = MANIFOLD_SOLID_BREP('',#1471);
#1471 = CLOSED_SHELL('',(#1472));
#1472 = ADVANCED_FACE('',(#1473),#1477,.T.);
#1473 = FACE_BOUND('',#1474,.T.);
#1474 = VERTEX_LOOP('',#1475);
#1475 = VERTEX_POINT('',#1476);
#1476 = CARTESIAN_POINT('',(7.654042494671E-18,-1.874699728327E-33,
    -0.125));
#1477 = SPHERICAL_SURFACE('',#1478,0.125);
#1478 = AXIS2_PLACEMENT_3D('',#1479,#1480,#1481);
#1479 = CARTESIAN_POINT('',(0.,0.,0.));
#1480 = DIRECTION('',(0.,0.,1.));
#1481 = DIRECTION('',(1.,0.,-0.));
#1482 = ( GEOMETRIC_REPRESENTATION_CONTEXT(3) 
GLOBAL_UNCERTAINTY_ASSIGNED_CONTEXT((#1486)) 
GLOBAL_UNIT_ASSIGNED_CONTEXT((#1483,#1484,#1485)) REPRESENTATION_CONTEXT
('Context #1','3D Context with UNIT and UNCERTAINTY') );
#1483 = ( LENGTH_UNIT() NAMED_UNIT(*) SI_UNIT(.MILLI.,.METRE.) );
#1484 = ( NAMED_UNIT(*) PLANE_ANGLE_UNIT() SI_UNIT($,.RADIAN.) );
#1485 = ( NAMED_UNIT(*) SI_UNIT($,.STERADIAN.) SOLID_ANGLE_UNIT() );
#1486 = UNCERTAINTY_MEASURE_WITH_UNIT(LENGTH_MEASURE(1.E-07),#1483,
  'distance_accuracy_value','confusion accuracy');
#1487 = SHAPE_DEFINITION_REPRESENTATION(#1488,#1469);
#1488 = PRODUCT_DEFINITION_SHAPE('','',#1489);
#1489 = PRODUCT_DEFINITION('design','',#1490,#1493);
#1490 = PRODUCT_DEFINITION_FORMATION('','',#1491);
#1491 = PRODUCT('A1','A1','',(#1492));
#1492 = PRODUCT_CONTEXT('',#2,'mechanical');
#1493 = PRODUCT_DEFINITION_CONTEXT('part definition',#2,'design');
#1494 = CONTEXT_DEPENDENT_SHAPE_REPRESENTATION(#1495,#1497);
#1495 = ( REPRESENTATION_RELATIONSHIP('','',#1469,#10) 
REPRESENTATION_RELATIONSHIP_WITH_TRANSFORMATION(#1496) 
SHAPE_REPRESENTATION_RELATIONSHIP() );
#1496 = ITEM_DEFINED_TRANSFORMATION('','',#11,#15);
#1497 = PRODUCT_DEFINITION_SHAPE('Placement','Placement of an item',
  #1498);
#1498 = NEXT_ASSEMBLY_USAGE_OCCURRENCE('1','=>[0:1:1:2]','',#5,#1489,$);
#1499 = PRODUCT_RELATED_PRODUCT_CATEGORY('part',$,(#1491));
#1500 = ADVANCED_BREP_SHAPE_REPRESENTATION('',(#11,#1501),#1513);
#1501 = MANIFOLD_SOLID_BREP('',#1502);
#1502 = CLOSED_SHELL('',(#1503));
#1503 = ADVANCED_FACE('',(#1504),#1508,.T.);
#1504 = FACE_BOUND('',#1505,.T.);
#1505 = VERTEX_LOOP('',#1506);
#1506 = VERTEX_POINT('',#1507);
#1507 = CARTESIAN_POINT('',(7.654042494671E-18,-1.874699728327E-33,
    -0.125));
#1508 = SPHERICAL_SURFACE('',#1509,0.125);
#1509 = AXIS2_PLACEMENT_3D('',#1510,#1511,#1512);
#1510 = CARTESIAN_POINT('',(0.,0.,0.));
#1511 = DIRECTION('',(0.,0.,1.));
#1512 = DIRECTION('',(1.,0.,-0.));
#1513 = ( GEOMETRIC_REPRESENTATION_CONTEXT(3) 
GLOBAL_UNCERTAINTY_ASSIGNED_CONTEXT((#1517)) 
GLOBAL_UNIT_ASSIGNED_CONTEXT((#1514,#1515,#1516)) REPRESENTATION_CONTEXT
('Context #1','3D Context with UNIT and UNCERTAINTY') );
#1514 = ( LENGTH_UNIT() NAMED_UNIT(*) SI_UNIT(.MILLI.,.METRE.) );
#1515 = ( NAMED_UNIT(*) PLANE_ANGLE_UNIT() SI_UNIT($,.RADIAN.) );
#1516 = ( NAMED_UNIT(*) SI_UNIT($,.STERADIAN.) SOLID_ANGLE_UNIT() );
#1517 = UNCERTAINTY_MEASURE_WITH_UNIT(LENGTH_MEASURE(1.E-07),#1514,
  'distance_accuracy_value','confusion accuracy');
#1518 = SHAPE_DEFINITION_REPRESENTATION(#1519,#1500);
#1519 = PRODUCT_DEFINITION_SHAPE('','',#1520);
#1520 = PRODUCT_DEFINITION('design','',#1521,#1524);
#1521 = PRODUCT_DEFINITION_FORMATION('','',#1522);
#1522 = PRODUCT('A2','A2','',(#1523));
#1523 = PRODUCT_CONTEXT('',#2,'mechanical');
#1524 = PRODUCT_DEFINITION_CONTEXT('part definition',#2,'design');
#1525 = CONTEXT_DEPENDENT_SHAPE_REPRESENTATION(#1526,#1528);
#1526 = ( REPRESENTATION_RELATIONSHIP('','',#1500,#10) 
REPRESENTATION_RELATIONSHIP_WITH_TRANSFORMATION(#1527) 
SHAPE_REPRESENTATION_RELATIONSHIP() );
#1527 = ITEM_DEFINED_TRANSFORMATION('','',#11,#19);
#1528 = PRODUCT_DEFINITION_SHAPE('Placement','Placement of an item',
  #1529);
#1529 = NEXT_ASSEMBLY_USAGE_OCCURRENCE('2','=>[0:1:1:3]','',#5,#1520,$);
#1530 = PRODUCT_RELATED_PRODUCT_CATEGORY('part',$,(#1522));
#1531 = ADVANCED_BREP_SHAPE_REPRESENTATION('',(#11,#1532),#1544);
#1532 = MANIFOLD_SOLID_BREP('',#1533);
#1533 = CLOSED_SHELL('',(#1534));
#1534 = ADVANCED_FACE('',(#1535),#1539,.T.);
#1535 = FACE_BOUND('',#1536,.T.);
#1536 = VERTEX_LOOP('',#1537);
#1537 = VERTEX_POINT('',#1538);
#1538 = CARTESIAN_POINT('',(7.654042494671E-18,-1.874699728327E-33,
    -0.125));
#1539 = SPHERICAL_SURFACE('',#1540,0.125);
#1540 = AXIS2_PLACEMENT_3D('',#1541,#1542,#1543);
#1541 = CARTESIAN_POINT('',(0.,0.,0.));
#1542 = DIRECTION('',(0.,0.,1.));
#1543 = DIRECTION('',(1.,0.,-0.));
#1544 = ( GEOMETRIC_REPRESENTATION_CONTEXT(3) 
GLOBAL_UNCERTAINTY_ASSIGNED_CONTEXT((#1548)) 
GLOBAL_UNIT_ASSIGNED_CONTEXT((#1545,#1546,#1547)) REPRESENTATION_CONTEXT
('Context #1','3D Context with UNIT and UNCERTAINTY') );
#1545 = ( LENGTH_UNIT() NAMED_UNIT(*) SI_UNIT(.MILLI.,.METRE.) );
#1546 = ( NAMED_UNIT(*) PLANE_ANGLE_UNIT() SI_UNIT($,.RADIAN.) );
#1547 = ( NAMED_UNIT(*) SI_UNIT($,.STERADIAN.) SOLID_ANGLE_UNIT() );
#1548 = UNCERTAINTY_MEASURE_WITH_UNIT(LENGTH_MEASURE(1.E-07),#1545,
  'distance_accuracy_value','confusion accuracy');
#1549 = SHAPE_DEFINITION_REPRESENTATION(#1550,#1531);
#1550 = PRODUCT_DEFINITION_SHAPE('','',#1551);
#1551 = PRODUCT_DEFINITION('design','',#1552,#1555);
#1552 = PRODUCT_DEFINITION_FORMATION('','',#1553);
#1553 = PRODUCT('A3','A3','',(#1554));
#1554 = PRODUCT_CONTEXT('',#2,'mechanical');
#1555 = PRODUCT_DEFINITION_CONTEXT('part definition',#2,'design');
#1556 = CONTEXT_DEPENDENT_SHAPE_REPRESENTATION(#1557,#1559);
#1557 = ( REPRESENTATION_RELATIONSHIP('','',#1531,#10) 
REPRESENTATION_RELATIONSHIP_WITH_TRANSFORMATION(#1558) 
SHAPE_REPRESENTATION_RELATIONSHIP() );
#1558 = ITEM_DEFINED_TRANSFORMATION('','',#11,#23);
#1559 = PRODUCT_DEFINITION_SHAPE('Placement','Placement of an item',
  #1560);
#1560 = NEXT_ASSEMBLY_USAGE_OCCURRENCE('3','=>[0:1:1:4]','',#5,#1551,$);
#1561 = PRODUCT_RELATED_PRODUCT_CATEGORY('part',$,(#1553));
#1562 = ADVANCED_BREP_SHAPE_REPRESENTATION('',(#11,#1563),#1575);
#1563 = MANIFOLD_SOLID_BREP('',#1564);
#1564 = CLOSED_SHELL('',(#1565));
#1565 = ADVANCED_FACE('',(#1566),#1570,.T.);
#1566 = FACE_BOUND('',#1567,.T.);
#1567 = VERTEX_LOOP('',#1568);
#1568 = VERTEX_POINT('',#1569);
#1569 = CARTESIAN_POINT('',(7.654042494671E-18,-1.874699728327E-33,
    -0.125));
#1570 = SPHERICAL_SURFACE('',#1571,0.125);
#1571 = AXIS2_PLACEMENT_3D('',#1572,#1573,#1574);
#1572 = CARTESIAN_POINT('',(0.,0.,0.));
#1573 = DIRECTION('',(0.,0.,1.));
#1574 = DIRECTION('',(1.,0.,-0.));
#1575 = ( GEOMETRIC_REPRESENTATION_CONTEXT(3) 
GLOBAL_UNCERTAINTY_ASSIGNED_CONTEXT((#1579)) 
GLOBAL_UNIT_ASSIGNED_CONTEXT((#1576,#1577,#1578)) REPRESENTATION_CONTEXT
('Context #1','3D Context with UNIT and UNCERTAINTY') );
#1576 = ( LENGTH_UNIT() NAMED_UNIT(*) SI_UNIT(.MILLI.,.METRE.) );
#1577 = ( NAMED_UNIT(*) PLANE_ANGLE_UNIT() SI_UNIT($,.RADIAN.) );
#1578 = ( NAMED_UNIT(*) SI_UNIT($,.STERADIAN.) SOLID_ANGLE_UNIT() );
#1579 = UNCERTAINTY_MEASURE_WITH_UNIT(LENGTH_MEASURE(1.E-07),#1576,
  'distance_accuracy_value','confusion accuracy');
#1580 = SHAPE_DEFINITION_REPRESENTATION(#1581,#1562);
#1581 = PRODUCT_DEFINITION_SHAPE('','',#1582);
#1582 = PRODUCT_DEFINITION('design','',#1583,#1586);
#1583 = PRODUCT_DEFINITION_FORMATION('','',#1584);
#1584 = PRODUCT('A4','A4','',(#1585));
#1585 = PRODUCT_CONTEXT('',#2,'mechanical');
#1586 = PRODUCT_DEFINITION_CONTEXT('part definition',#2,'design');
#1587 = CONTEXT_DEPENDENT_SHAPE_REPRESENTATION(#1588,#1590);
#1588 = ( REPRESENTATION_RELATIONSHIP('','',#1562,#10) 
REPRESENTATION_RELATIONSHIP_WITH_TRANSFORMATION(#1589) 
SHAPE_REPRESENTATION_RELATIONSHIP() );
#1589 = ITEM_DEFINED_TRANSFORMATION('','',#11,#27);
#1590 = PRODUCT_DEFINITION_SHAPE('Placement','Placement of an item',
  #1591);
#1591 = NEXT_ASSEMBLY_USAGE_OCCURRENCE('4','=>[0:1:1:5]','',#5,#1582,$);
#1592 = PRODUCT_RELATED_PRODUCT_CATEGORY('part',$,(#1584));
#1593 = ADVANCED_BREP_SHAPE_REPRESENTATION('',(#11,#1594),#1606);
#1594 = MANIFOLD_SOLID_BREP('',#1595);
#1595 = CLOSED_SHELL('',(#1596));
#1596 = ADVANCED_FACE('',(#1597),#1601,.T.);
#1597 = FACE_BOUND('',#1598,.T.);
#1598 = VERTEX_LOOP('',#1599);
#1599 = VERTEX_POINT('',#1600);
#1600 = CARTESIAN_POINT('',(7.654042494671E-18,-1.874699728327E-33,
    -0.125));
#1601 = SPHERICAL_SURFACE('',#1602,0.125);
#1602 = AXIS2_PLACEMENT_3D('',#1603,#1604,#1605);
#1603 = CARTESIAN_POINT('',(0.,0.,0.));
#1604 = DIRECTION('',(0.,0.,1.));
#1605 = DIRECTION('',(1.,0.,-0.));
#1606 = ( GEOMETRIC_REPRESENTATION_CONTEXT(3) 
GLOBAL_UNCERTAINTY_ASSIGNED_CONTEXT((#1610)) 
GLOBAL_UNIT_ASSIGNED_CONTEXT((#1607,#1608,#1609)) REPRESENTATION_CONTEXT
('Context #1','3D Context with UNIT and UNCERTAINTY') );
#1607 = ( LENGTH_UNIT() NAMED_UNIT(*) SI_UNIT(.MILLI.,.METRE.) );
#1608 = ( NAMED_UNIT(*) PLANE_ANGLE_UNIT() SI_UNIT($,.RADIAN.) );
#1609 = ( NAMED_UNIT(*) SI_UNIT($,.STERADIAN.) SOLID_ANGLE_UNIT() );
#1610 = UNCERTAINTY_MEASURE_WITH_UNIT(LENGTH_MEASURE(1.E-07),#1607,
  'distance_accuracy_value','confusion accuracy');
#1611 = SHAPE_DEFINITION_REPRESENTATION(#1612,#1593);
#1612 = PRODUCT_DEFINITION_SHAPE('','',#1613);
#1613 = PRODUCT_DEFINITION('design','',#1614,#1617);
#1614 = PRODUCT_DEFINITION_FORMATION('','',#1615);
#1615 = PRODUCT('A5','A5','',(#1616));
#1616 = PRODUCT_CONTEXT('',#2,'mechanical');
#1617 = PRODUCT_DEFINITION_CONTEXT('part definition',#2,'design');
#1618 = CONTEXT_DEPENDENT_SHAPE_REPRESENTATION(#1619,#1621);
#1619 = ( REPRESENTATION_RELATIONSHIP('','',#1593,#10) 
REPRESENTATION_RELATIONSHIP_WITH_TRANSFORMATION(#1620) 
SHAPE_REPRESENTATION_RELATIONSHIP() );
#1620 = ITEM_DEFINED_TRANSFORMATION('','',#11,#31);
#1621 = PRODUCT_DEFINITION_SHAPE('Placement','Placement of an item',
  #1622);
#1622 = NEXT_ASSEMBLY_USAGE_OCCURRENCE('5','=>[0:1:1:6]','',#5,#1613,$);
#1623 = PRODUCT_RELATED_PRODUCT_CATEGORY('part',$,(#1615));
#1624 = ADVANCED_BREP_SHAPE_REPRESENTATION('',(#11,#1625),#1637);
#1625 = MANIFOLD_SOLID_BREP('',#1626);
#1626 = CLOSED_SHELL('',(#1627));
#1627 = ADVANCED_FACE('',(#1628),#1632,.T.);
#1628 = FACE_BOUND('',#1629,.T.);
#1629 = VERTEX_LOOP('',#1630);
#1630 = VERTEX_POINT('',#1631);
#1631 = CARTESIAN_POINT('',(7.654042494671E-18,-1.874699728327E-33,
    -0.125));
#1632 = SPHERICAL_SURFACE('',#1633,0.125);
#1633 = AXIS2_PLACEMENT_3D('',#1634,#1635,#1636);
#1634 = CARTESIAN_POINT('',(0.,0.,0.));
#1635 = DIRECTION('',(0.,0.,1.));
#1636 = DIRECTION('',(1.,0.,-0.));
#1637 = ( GEOMETRIC_REPRESENTATION_CONTEXT(3) 
GLOBAL_UNCERTAINTY_ASSIGNED_CONTEXT((#1641)) 
GLOBAL_UNIT_ASSIGNED_CONTEXT((#1638,#1639,#1640)) REPRESENTATION_CONTEXT
('Context #1','3D Context with UNIT and UNCERTAINTY') );
#1638 = ( LENGTH_UNIT() NAMED_UNIT(*) SI_UNIT(.MILLI.,.METRE.) );
#1639 = ( NAMED_UNIT(*) PLANE_ANGLE_UNIT() SI_UNIT($,.RADIAN.) );
#1640 = ( NAMED_UNIT(*) SI_UNIT($,.STERADIAN.) SOLID_ANGLE_UNIT() );
#1641 = UNCERTAINTY_MEASURE_WITH_UNIT(LENGTH_MEASURE(1.E-07),#1638,
  'distance_accuracy_value','confusion accuracy');
#1642 = SHAPE_DEFINITION_REPRESENTATION(#1643,#1624);
#1643 = PRODUCT_DEFINITION_SHAPE('','',#1644);
#1644 = PRODUCT_DEFINITION('design','',#1645,#1648);
#1645 = PRODUCT_DEFINITION_FORMATION('','',#1646);
#1646 = PRODUCT('A6','A6','',(#1647));
#1647 = PRODUCT_CONTEXT('',#2,'mechanical');
#1648 = PRODUCT_DEFINITION_CONTEXT('part definition',#2,'design');
#1649 = CONTEXT_DEPENDENT_SHAPE_REPRESENTATION(#1650,#1652);
#1650 = ( REPRESENTATION_RELATIONSHIP('','',#1624,#10) 
REPRESENTATION_RELATIONSHIP_WITH_TRANSFORMATION(#1651) 
SHAPE_REPRESENTATION_RELATIONSHIP() );
#1651 = ITEM_DEFINED_TRANSFORMATION('','',#11,#35);
#1652 = PRODUCT_DEFINITION_SHAPE('Placement','Placement of an item',
  #1653);
#1653 = NEXT_ASSEMBLY_USAGE_OCCURRENCE('6','=>[0:1:1:7]','',#5,#1644,$);
#1654 = PRODUCT_RELATED_PRODUCT_CATEGORY('part',$,(#1646));
#1655 = ADVANCED_BREP_SHAPE_REPRESENTATION('',(#11,#1656),#1668);
#1656 = MANIFOLD_SOLID_BREP('',#1657);
#1657 = CLOSED_SHELL('',(#1658));
#1658 = ADVANCED_FACE('',(#1659),#1663,.T.);
#1659 = FACE_BOUND('',#1660,.T.);
#1660 = VERTEX_LOOP('',#1661);
#1661 = VERTEX_POINT('',#1662);
#1662 = CARTESIAN_POINT('',(7.654042494671E-18,-1.874699728327E-33,
    -0.125));
#1663 = SPHERICAL_SURFACE('',#1664,0.125);
#1664 = AXIS2_PLACEMENT_3D('',#1665,#1666,#1667);
#1665 = CARTESIAN_POINT('',(0.,0.,0.));
#1666 = DIRECTION('',(0.,0.,1.));
#1667 = DIRECTION('',(1.,0.,-0.));
#1668 = ( GEOMETRIC_REPRESENTATION_CONTEXT(3) 
GLOBAL_UNCERTAINTY_ASSIGNED_CONTEXT((#1672)) 
GLOBAL_UNIT_ASSIGNED_CONTEXT((#1669,#1670,#1671)) REPRESENTATION_CONTEXT
('Context #1','3D Context with UNIT and UNCERTAINTY') );
#1669 = ( LENGTH_UNIT() NAMED_UNIT(*) SI_UNIT(.MILLI.,.METRE.) );
#1670 = ( NAMED_UNIT(*) PLANE_ANGLE_UNIT() SI_UNIT($,.RADIAN.) );
#1671 = ( NAMED_UNIT(*) SI_UNIT($,.STERADIAN.) SOLID_ANGLE_UNIT() );
#1672 = UNCERTAINTY_MEASURE_WITH_UNIT(LENGTH_MEASURE(1.E-07),#1669,
  'distance_accuracy_value','confusion accuracy');
#1673 = SHAPE_DEFINITION_REPRESENTATION(#1674,#1655);
#1674 = PRODUCT_DEFINITION_SHAPE('','',#1675);
#1675 = PRODUCT_DEFINITION('design','',#1676,#1679);
#1676 = PRODUCT_DEFINITION_FORMATION('','',#1677);
#1677 = PRODUCT('A7','A7','',(#1678));
#1678 = PRODUCT_CONTEXT('',#2,'mechanical');
#1679 = PRODUCT_DEFINITION_CONTEXT('part definition',#2,'design');
#1680 = CONTEXT_DEPENDENT_SHAPE_REPRESENTATION(#1681,#1683);
#1681 = ( REPRESENTATION_RELATIONSHIP('','',#1655,#10) 
REPRESENTATION_RELATIONSHIP_WITH_TRANSFORMATION(#1682) 
SHAPE_REPRESENTATION_RELATIONSHIP() );
#1682 = ITEM_DEFINED_TRANSFORMATION('','',#11,#39);
#1683 = PRODUCT_DEFINITION_SHAPE('Placement','Placement of an item',
  #1684);
#1684 = NEXT_ASSEMBLY_USAGE_OCCURRENCE('7','=>[0:1:1:8]','',#5,#1675,$);
#1685 = PRODUCT_RELATED_PRODUCT_CATEGORY('part',$,(#1677));
#1686 = ADVANCED_BREP_SHAPE_REPRESENTATION('',(#11,#1687),#1699);
#1687 = MANIFOLD_SOLID_BREP('',#1688);
#1688 = CLOSED_SHELL('',(#1689));
#1689 = ADVANCED_FACE('',(#1690),#1694,.T.);
#1690 = FACE_BOUND('',#1691,.T.);
#1691 = VERTEX_LOOP('',#1692);
#1692 = VERTEX_POINT('',#1693);
#1693 = CARTESIAN_POINT('',(7.654042494671E-18,-1.874699728327E-33,
    -0.125));
#1694 = SPHERICAL_SURFACE('',#1695,0.125);
#1695 = AXIS2_PLACEMENT_3D('',#1696,#1697,#1698);
#1696 = CARTESIAN_POINT('',(0.,0.,0.));
#1697 = DIRECTION('',(0.,0.,1.));
#1698 = DIRECTION('',(1.,0.,-0.));
#1699 = ( GEOMETRIC_REPRESENTATION_CONTEXT(3) 
GLOBAL_UNCERTAINTY_ASSIGNED_CONTEXT((#1703)) 
GLOBAL_UNIT_ASSIGNED_CONTEXT((#1700,#1701,#1702)) REPRESENTATION_CONTEXT
('Context #1','3D Context with UNIT and UNCERTAINTY') );
#1700 = ( LENGTH_UNIT() NAMED_UNIT(*) SI_UNIT(.MILLI.,.METRE.) );
#1701 = ( NAMED_UNIT(*) PLANE_ANGLE_UNIT() SI_UNIT($,.RADIAN.) );
#1702 = ( NAMED_UNIT(*) SI_UNIT($,.STERADIAN.) SOLID_ANGLE_UNIT() );
#1703 = UNCERTAINTY_MEASURE_WITH_UNIT(LENGTH_MEASURE(1.E-07),#1700,
  'distance_accuracy_value','confusion accuracy');
#1704 = SHAPE_DEFINITION_REPRESENTATION(#1705,#1686);
#1705 = PRODUCT_DEFINITION_SHAPE('','',#1706);
#1706 = PRODUCT_DEFINITION('design','',#1707,#1710);
#1707 = PRODUCT_DEFINITION_FORMATION('','',#1708);
#1708 = PRODUCT('A8','A8','',(#1709));
#1709 = PRODUCT_CONTEXT('',#2,'mechanical');
#1710 = PRODUCT_DEFINITION_CONTEXT('part definition',#2,'design');
#1711 = CONTEXT_DEPENDENT_SHAPE_REPRESENTATION(#1712,#1714);
#1712 = ( REPRESENTATION_RELATIONSHIP('','',#1686,#10) 
REPRESENTATION_RELATIONSHIP_WITH_TRANSFORMATION(#1713) 
SHAPE_REPRESENTATION_RELATIONSHIP() );
#1713 = ITEM_DEFINED_TRANSFORMATION('','',#11,#43);
#1714 = PRODUCT_DEFINITION_SHAPE('Placement','Placement of an item',
  #1715);
#1715 = NEXT_ASSEMBLY_USAGE_OCCURRENCE('8','=>[0:1:1:9]','',#5,#1706,$);
#1716 = PRODUCT_RELATED_PRODUCT_CATEGORY('part',$,(#1708));
#1717 = ADVANCED_BREP_SHAPE_REPRESENTATION('',(#11,#1718),#1730);
#1718 = MANIFOLD_SOLID_BREP('',#1719);
#1719 = CLOSED_SHELL('',(#1720));
#1720 = ADVANCED_FACE('',(#1721),#1725,.T.);
#1721 = FACE_BOUND('',#1722,.T.);
#1722 = VERTEX_LOOP('',#1723);
#1723 = VERTEX_POINT('',#1724);
#1724 = CARTESIAN_POINT('',(7.654042494671E-18,-1.874699728327E-33,
    -0.125));
#1725 = SPHERICAL_SURFACE('',#1726,0.125);
#1726 = AXIS2_PLACEMENT_3D('',#1727,#1728,#1729);
#1727 = CARTESIAN_POINT('',(0.,0.,0.));
#1728 = DIRECTION('',(0.,0.,1.));
#1729 = DIRECTION('',(1.,0.,-0.));
#1730 = ( GEOMETRIC_REPRESENTATION_CONTEXT(3) 
GLOBAL_UNCERTAINTY_ASSIGNED_CONTEXT((#1734)) 
GLOBAL_UNIT_ASSIGNED_CONTEXT((#1731,#1732,#1733)) REPRESENTATION_CONTEXT
('Context #1','3D Context with UNIT and UNCERTAINTY') );
#1731 = ( LENGTH_UNIT() NAMED_UNIT(*) SI_UNIT(.MILLI.,.METRE.) );
#1732 = ( NAMED_UNIT(*) PLANE_ANGLE_UNIT() SI_UNIT($,.RADIAN.) );
#1733 = ( NAMED_UNIT(*) SI_UNIT($,.STERADIAN.) SOLID_ANGLE_UNIT() );
#1734 = UNCERTAINTY_MEASURE_WITH_UNIT(LENGTH_MEASURE(1.E-07),#1731,
  'distance_accuracy_value','confusion accuracy');
#1735 = SHAPE_DEFINITION_REPRESENTATION(#1736,#1717);
#1736 = PRODUCT_DEFINITION_SHAPE('','',#1737);
#1737 = PRODUCT_DEFINITION('design','',#1738,#1741);
#1738 = PRODUCT_DEFINITION_FORMATION('','',#1739);
#1739 = PRODUCT('A9','A9','',(#1740));
#1740 = PRODUCT_CONTEXT('',#2,'mechanical');
#1741 = PRODUCT_DEFINITION_CONTEXT('part definition',#2,'design');
#1742 = CONTEXT_DEPENDENT_SHAPE_REPRESENTATION(#1743,#1745);
#1743 = ( REPRESENTATION_RELATIONSHIP('','',#1717,#10) 
REPRESENTATION_RELATIONSHIP_WITH_TRANSFORMATION(#1744) 
SHAPE_REPRESENTATION_RELATIONSHIP() );
#1744 = ITEM_DEFINED_TRANSFORMATION('','',#11,#47);
#1745 = PRODUCT_DEFINITION_SHAPE('Placement','Placement of an item',
  #1746);
#1746 = NEXT_ASSEMBLY_USAGE_OCCURRENCE('9','=>[0:1:1:10]','',#5,#1737,$
  );
#1747 = PRODUCT_RELATED_PRODUCT_CATEGORY('part',$,(#1739));
#1748 = ADVANCED_BREP_SHAPE_REPRESENTATION('',(#11,#1749),#1761);
#1749 = MANIFOLD_SOLID_BREP('',#1750);
#1750 = CLOSED_SHELL('',(#1751));
#1751 = ADVANCED_FACE('',(#1752),#1756,.T.);
#1752 = FACE_BOUND('',#1753,.T.);
#1753 = VERTEX_LOOP('',#1754);
#1754 = VERTEX_POINT('',#1755);
#1755 = CARTESIAN_POINT('',(7.654042494671E-18,-1.874699728327E-33,
    -0.125));
#1756 = SPHERICAL_SURFACE('',#1757,0.125);
#1757 = AXIS2_PLACEMENT_3D('',#1758,#1759,#1760);
#1758 = CARTESIAN_POINT('',(0.,0.,0.));
#1759 = DIRECTION('',(0.,0.,1.));
#1760 = DIRECTION('',(1.,0.,-0.));
#1761 = ( GEOMETRIC_REPRESENTATION_CONTEXT(3) 
GLOBAL_UNCERTAINTY_ASSIGNED_CONTEXT((#1765)) 
GLOBAL_UNIT_ASSIGNED_CONTEXT((#1762,#1763,#1764)) REPRESENTATION_CONTEXT
('Context #1','3D Context with UNIT and UNCERTAINTY') );
#1762 = ( LENGTH_UNIT() NAMED_UNIT(*) SI_UNIT(.MILLI.,.METRE.) );
#1763 = ( NAMED_UNIT(*) PLANE_ANGLE_UNIT() SI_UNIT($,.RADIAN.) );
#1764 = ( NAMED_UNIT(*) SI_UNIT($,.STERADIAN.) SOLID_ANGLE_UNIT() );
#1765 = UNCERTAINTY_MEASURE_WITH_UNIT(LENGTH_MEASURE(1.E-07),#1762,
  'distance_accuracy_value','confusion accuracy');
#1766 = SHAPE_DEFINITION_REPRESENTATION(#1767,#1748);
#1767 = PRODUCT_DEFINITION_SHAPE('','',#1768);
#1768 = PRODUCT_DEFINITION('design','',#1769,#1772);
#1769 = PRODUCT_DEFINITION_FORMATION('','',#1770);
#1770 = PRODUCT('A10','A10','',(#1771));
#1771 = PRODUCT_CONTEXT('',#2,'mechanical');
#1772 = PRODUCT_DEFINITION_CONTEXT('part definition',#2,'design');
#1773 = CONTEXT_DEPENDENT_SHAPE_REPRESENTATION(#1774,#1776);
#1774 = ( REPRESENTATION_RELATIONSHIP('','',#1748,#10) 
REPRESENTATION_RELATIONSHIP_WITH_TRANSFORMATION(#1775) 
SHAPE_REPRESENTATION_RELATIONSHIP() );
#1775 = ITEM_DEFINED_TRANSFORMATION('','',#11,#51);
#1776 = PRODUCT_DEFINITION_SHAPE('Placement','Placement of an item',
  #1777);
#1777 = NEXT_ASSEMBLY_USAGE_OCCURRENCE('10','=>[0:1:1:11]','',#5,#1768,$
  );
#1778 = PRODUCT_RELATED_PRODUCT_CATEGORY('part',$,(#1770));
#1779 = ADVANCED_BREP_SHAPE_REPRESENTATION('',(#11,#1780),#1792);
#1780 = MANIFOLD_SOLID_BREP('',#1781);
#1781 = CLOSED_SHELL('',(#1782));
#1782 = ADVANCED_FACE('',(#1783),#1787,.T.);
#1783 = FACE_BOUND('',#1784,.T.);
#1784 = VERTEX_LOOP('',#1785);
#1785 = VERTEX_POINT('',#1786);
#1786 = CARTESIAN_POINT('',(7.654042494671E-18,-1.874699728327E-33,
    -0.125));
#1787 = SPHERICAL_SURFACE('',#1788,0.125);
#1788 = AXIS2_PLACEMENT_3D('',#1789,#1790,#1791);
#1789 = CARTESIAN_POINT('',(0.,0.,0.));
#1790 = DIRECTION('',(0.,0.,1.));
#1791 = DIRECTION('',(1.,0.,-0.));
#1792 = ( GEOMETRIC_REPRESENTATION_CONTEXT(3) 
GLOBAL_UNCERTAINTY_ASSIGNED_CONTEXT((#1796)) 
GLOBAL_UNIT_ASSIGNED_CONTEXT((#1793,#1794,#1795)) REPRESENTATION_CONTEXT
('Context #1','3D Context with UNIT and UNCERTAINTY') );
#1793 = ( LENGTH_UNIT() NAMED_UNIT(*) SI_UNIT(.MILLI.,.METRE.) );
#1794 = ( NAMED_UNIT(*) PLANE_ANGLE_UNIT() SI_UNIT($,.RADIAN.) );
#1795 = ( NAMED_UNIT(*) SI_UNIT($,.STERADIAN.) SOLID_ANGLE_UNIT() );
#1796 = UNCERTAINTY_MEASURE_WITH_UNIT(LENGTH_MEASURE(1.E-07),#1793,
  'distance_accuracy_value','confusion accuracy');
#1797 = SHAPE_DEFINITION_REPRESENTATION(#1798,#1779);
#1798 = PRODUCT_DEFINITION_SHAPE('','',#1799);
#1799 = PRODUCT_DEFINITION('design','',#1800,#1803);
#1800 = PRODUCT_DEFINITION_FORMATION('','',#1801);
#1801 = PRODUCT('A11','A11','',(#1802));
#1802 = PRODUCT_CONTEXT('',#2,'mechanical');
#1803 = PRODUCT_DEFINITION_CONTEXT('part definition',#2,'design');
#1804 = CONTEXT_DEPENDENT_SHAPE_REPRESENTATION(#1805,#1807);
#1805 = ( REPRESENTATION_RELATIONSHIP('','',#1779,#10) 
REPRESENTATION_RELATIONSHIP_WITH_TRANSFORMATION(#1806) 
SHAPE_REPRESENTATION_RELATIONSHIP() );
#1806 = ITEM_DEFINED_TRANSFORMATION('','',#11,#55);
#1807 = PRODUCT_DEFINITION_SHAPE('Placement','Placement of an item',
  #1808);
#1808 = NEXT_ASSEMBLY_USAGE_OCCURRENCE('11','=>[0:1:1:12]','',#5,#1799,$
  );
#1809 = PRODUCT_RELATED_PRODUCT_CATEGORY('part',$,(#1801));
#1810 = ADVANCED_BREP_SHAPE_REPRESENTATION('',(#11,#1811),#1823);
#1811 = MANIFOLD_SOLID_BREP('',#1812);
#1812 = CLOSED_SHELL('',(#1813));
#1813 = ADVANCED_FACE('',(#1814),#1818,.T.);
#1814 = FACE_BOUND('',#1815,.T.);
#1815 = VERTEX_LOOP('',#1816);
#1816 = VERTEX_POINT('',#1817);
#1817 = CARTESIAN_POINT('',(7.654042494671E-18,-1.874699728327E-33,
    -0.125));
#1818 = SPHERICAL_SURFACE('',#1819,0.125);
#1819 = AXIS2_PLACEMENT_3D('',#1820,#1821,#1822);
#1820 = CARTESIAN_POINT('',(0.,0.,0.));
#1821 = DIRECTION('',(0.,0.,1.));
#1822 = DIRECTION('',(1.,0.,-0.));
#1823 = ( GEOMETRIC_REPRESENTATION_CONTEXT(3) 
GLOBAL_UNCERTAINTY_ASSIGNED_CONTEXT((#1827)) 
GLOBAL_UNIT_ASSIGNED_CONTEXT((#1824,#1825,#1826)) REPRESENTATION_CONTEXT
('Context #1','3D Context with UNIT and UNCERTAINTY') );
#1824 = ( LENGTH_UNIT() NAMED_UNIT(*) SI_UNIT(.MILLI.,.METRE.) );
#1825 = ( NAMED_UNIT(*) PLANE_ANGLE_UNIT() SI_UNIT($,.RADIAN.) );
#1826 = ( NAMED_UNIT(*) SI_UNIT($,.STERADIAN.) SOLID_ANGLE_UNIT() );
#1827 = UNCERTAINTY_MEASURE_WITH_UNIT(LENGTH_MEASURE(1.E-07),#1824,
  'distance_accuracy_value','confusion accuracy');
#1828 = SHAPE_DEFINITION_REPRESENTATION(#1829,#1810);
#1829 = PRODUCT_DEFINITION_SHAPE('','',#1830);
#1830 = PRODUCT_DEFINITION('design','',#1831,#1834);
#1831 = PRODUCT_DEFINITION_FORMATION('','',#1832);
#1832 = PRODUCT('A12','A12','',(#1833));
#1833 = PRODUCT_CONTEXT('',#2,'mechanical');
#1834 = PRODUCT_DEFINITION_CONTEXT('part definition',#2,'design');
#1835 = CONTEXT_DEPENDENT_SHAPE_REPRESENTATION(#1836,#1838);
#1836 = ( REPRESENTATION_RELATIONSHIP('','',#1810,#10) 
REPRESENTATION_RELATIONSHIP_WITH_TRANSFORMATION(#1837) 
SHAPE_REPRESENTATION_RELATIONSHIP() );
#1837 = ITEM_DEFINED_TRANSFORMATION('','',#11,#59);
#1838 = PRODUCT_DEFINITION_SHAPE('Placement','Placement of an item',
  #1839);
#1839 = NEXT_ASSEMBLY_USAGE_OCCURRENCE('12','=>[0:1:1:13]','',#5,#1830,$
  );
#1840 = PRODUCT_RELATED_PRODUCT_CATEGORY('part',$,(#1832));
#1841 = ADVANCED_BREP_SHAPE_REPRESENTATION('',(#11,#1842),#1854);
#1842 = MANIFOLD_SOLID_BREP('',#1843);
#1843 = CLOSED_SHELL('',(#1844));
#1844 = ADVANCED_FACE('',(#1845),#1849,.T.);
#1845 = FACE_BOUND('',#1846,.T.);
#1846 = VERTEX_LOOP('',#1847);
#1847 = VERTEX_POINT('',#1848);
#1848 = CARTESIAN_POINT('',(7.654042494671E-18,-1.874699728327E-33,
    -0.125));
#1849 = SPHERICAL_SURFACE('',#1850,0.125);
#1850 = AXIS2_PLACEMENT_3D('',#1851,#1852,#1853);
#1851 = CARTESIAN_POINT('',(0.,0.,0.));
#1852 = DIRECTION('',(0.,0.,1.));
#1853 = DIRECTION('',(1.,0.,-0.));
#1854 = ( GEOMETRIC_REPRESENTATION_CONTEXT(3) 
GLOBAL_UNCERTAINTY_ASSIGNED_CONTEXT((#1858)) 
GLOBAL_UNIT_ASSIGNED_CONTEXT((#1855,#1856,#1857)) REPRESENTATION_CONTEXT
('Context #1','3D Context with UNIT and UNCERTAINTY') );
#1855 = ( LENGTH_UNIT() NAMED_UNIT(*) SI_UNIT(.MILLI.,.METRE.) );
#1856 = ( NAMED_UNIT(*) PLANE_ANGLE_UNIT() SI_UNIT($,.RADIAN.) );
#1857 = ( NAMED_UNIT(*) SI_UNIT($,.STERADIAN.) SOLID_ANGLE_UNIT() );
#1858 = UNCERTAINTY_MEASURE_WITH_UNIT(LENGTH_MEASURE(1.E-07),#1855,
  'distance_accuracy_value','confusion accuracy');
#1859 = SHAPE_DEFINITION_REPRESENTATION(#1860,#1841);
#1860 = PRODUCT_DEFINITION_SHAPE('','',#1861);
#1861 = PRODUCT_DEFINITION('design','',#1862,#1865);
#1862 = PRODUCT_DEFINITION_FORMATION('','',#1863);
#1863 = PRODUCT('A13','A13','',(#1864));
#1864 = PRODUCT_CONTEXT('',#2,'mechanical');
#1865 = PRODUCT_DEFINITION_CONTEXT('part definition',#2,'design');
#1866 = CONTEXT_DEPENDENT_SHAPE_REPRESENTATION(#1867,#1869);
#1867 = ( REPRESENTATION_RELATIONSHIP('','',#1841,#10) 
REPRESENTATION_RELATIONSHIP_WITH_TRANSFORMATION(#1868) 
SHAPE_REPRESENTATION_RELATIONSHIP() );
#1868 = ITEM_DEFINED_TRANSFORMATION('','',#11,#63);
#1869 = PRODUCT_DEFINITION_SHAPE('Placement','Placement of an item',
  #1870);
#1870 = NEXT_ASSEMBLY_USAGE_OCCURRENCE('13','=>[0:1:1:14]','',#5,#1861,$
  );
#1871 = PRODUCT_RELATED_PRODUCT_CATEGORY('part',$,(#1863));
#1872 = ADVANCED_BREP_SHAPE_REPRESENTATION('',(#11,#1873),#1885);
#1873 = MANIFOLD_SOLID_BREP('',#1874);
#1874 = CLOSED_SHELL('',(#1875));
#1875 = ADVANCED_FACE('',(#1876),#1880,.T.);
#1876 = FACE_BOUND('',#1877,.T.);
#1877 = VERTEX_LOOP('',#1878);
#1878 = VERTEX_POINT('',#1879);
#1879 = CARTESIAN_POINT('',(7.654042494671E-18,-1.874699728327E-33,
    -0.125));
#1880 = SPHERICAL_SURFACE('',#1881,0.125);
#1881 = AXIS2_PLACEMENT_3D('',#1882,#1883,#1884);
#1882 = CARTESIAN_POINT('',(0.,0.,0.));
#1883 = DIRECTION('',(0.,0.,1.));
#1884 = DIRECTION('',(1.,0.,-0.));
#1885 = ( GEOMETRIC_REPRESENTATION_CONTEXT(3) 
GLOBAL_UNCERTAINTY_ASSIGNED_CONTEXT((#1889)) 
GLOBAL_UNIT_ASSIGNED_CONTEXT((#1886,#1887,#1888)) REPRESENTATION_CONTEXT
('Context #1','3D Context with UNIT and UNCERTAINTY') );
#1886 = ( LENGTH_UNIT() NAMED_UNIT(*) SI_UNIT(.MILLI.,.METRE.) );
#1887 = ( NAMED_UNIT(*) PLANE_ANGLE_UNIT() SI_UNIT($,.RADIAN.) );
#1888 = ( NAMED_UNIT(*) SI_UNIT($,.STERADIAN.) SOLID_ANGLE_UNIT() );
#1889 = UNCERTAINTY_MEASURE_WITH_UNIT(LENGTH_MEASURE(1.E-07),#1886,
  'distance_accuracy_value','confusion accuracy');
#1890 = SHAPE_DEFINITION_REPRESENTATION(#1891,#1872);
#1891 = PRODUCT_DEFINITION_SHAPE('','',#1892);
#1892 = PRODUCT_DEFINITION('design','',#1893,#1896);
#1893 = PRODUCT_DEFINITION_FORMATION('','',#1894);
#1894 = PRODUCT('A14','A14','',(#1895));
#1895 = PRODUCT_CONTEXT('',#2,'mechanical');
#1896 = PRODUCT_DEFINITION_CONTEXT('part definition',#2,'design');
#1897 = CONTEXT_DEPENDENT_SHAPE_REPRESENTATION(#1898,#1900);
#1898 = ( REPRESENTATION_RELATIONSHIP('','',#1872,#10) 
REPRESENTATION_RELATIONSHIP_WITH_TRANSFORMATION(#1899) 
SHAPE_REPRESENTATION_RELATIONSHIP() );
#1899 = ITEM_DEFINED_TRANSFORMATION('','',#11,#67);
#1900 = PRODUCT_DEFINITION_SHAPE('Placement','Placement of an item',
  #1901);
#1901 = NEXT_ASSEMBLY_USAGE_OCCURRENCE('14','=>[0:1:1:15]','',#5,#1892,$
  );
#1902 = PRODUCT_RELATED_PRODUCT_CATEGORY('part',$,(#1894));
#1903 = ADVANCED_BREP_SHAPE_REPRESENTATION('',(#11,#1904),#1916);
#1904 = MANIFOLD_SOLID_BREP('',#1905);
#1905 = CLOSED_SHELL('',(#1906));
#1906 = ADVANCED_FACE('',(#1907),#1911,.T.);
#1907 = FACE_BOUND('',#1908,.T.);
#1908 = VERTEX_LOOP('',#1909);
#1909 = VERTEX_POINT('',#1910);
#1910 = CARTESIAN_POINT('',(7.654042494671E-18,-1.874699728327E-33,
    -0.125));
#1911 = SPHERICAL_SURFACE('',#1912,0.125);
#1912 = AXIS2_PLACEMENT_3D('',#1913,#1914,#1915);
#1913 = CARTESIAN_POINT('',(0.,0.,0.));
#1914 = DIRECTION('',(0.,0.,1.));
#1915 = DIRECTION('',(1.,0.,-0.));
#1916 = ( GEOMETRIC_REPRESENTATION_CONTEXT(3) 
GLOBAL_UNCERTAINTY_ASSIGNED_CONTEXT((#1920)) 
GLOBAL_UNIT_ASSIGNED_CONTEXT((#1917,#1918,#1919)) REPRESENTATION_CONTEXT
('Context #1','3D Context with UNIT and UNCERTAINTY') );
#1917 = ( LENGTH_UNIT() NAMED_UNIT(*) SI_UNIT(.MILLI.,.METRE.) );
#1918 = ( NAMED_UNIT(*) PLANE_ANGLE_UNIT() SI_UNIT($,.RADIAN.) );
#1919 = ( NAMED_UNIT(*) SI_UNIT($,.STERADIAN.) SOLID_ANGLE_UNIT() );
#1920 = UNCERTAINTY_MEASURE_WITH_UNIT(LENGTH_MEASURE(1.E-07),#1917,
  'distance_accuracy_value','confusion accuracy');
#1921 = SHAPE_DEFINITION_REPRESENTATION(#1922,#1903);
#1922 = PRODUCT_DEFINITION_SHAPE('','',#1923);
#1923 = PRODUCT_DEFINITION('design','',#1924,#1927);
#1924 = PRODUCT_DEFINITION_FORMATION('','',#1925);
#1925 = PRODUCT('A15','A15','',(#1926));
#1926 = PRODUCT_CONTEXT('',#2,'mechanical');
#1927 = PRODUCT_DEFINITION_CONTEXT('part definition',#2,'design');
#1928 = CONTEXT_DEPENDENT_SHAPE_REPRESENTATION(#1929,#1931);
#1929 = ( REPRESENTATION_RELATIONSHIP('','',#1903,#10) 
REPRESENTATION_RELATIONSHIP_WITH_TRANSFORMATION(#1930) 
SHAPE_REPRESENTATION_RELATIONSHIP() );
#1930 = ITEM_DEFINED_TRANSFORMATION('','',#11,#71);
#1931 = PRODUCT_DEFINITION_SHAPE('Placement','Placement of an item',
  #1932);
#1932 = NEXT_ASSEMBLY_USAGE_OCCURRENCE('15','=>[0:1:1:16]','',#5,#1923,$
  );
#1933 = PRODUCT_RELATED_PRODUCT_CATEGORY('part',$,(#1925));
#1934 = ADVANCED_BREP_SHAPE_REPRESENTATION('',(#11,#1935),#1947);
#1935 = MANIFOLD_SOLID_BREP('',#1936);
#1936 = CLOSED_SHELL('',(#1937));
#1937 = ADVANCED_FACE('',(#1938),#1942,.T.);
#1938 = FACE_BOUND('',#1939,.T.);
#1939 = VERTEX_LOOP('',#1940);
#1940 = VERTEX_POINT('',#1941);
#1941 = CARTESIAN_POINT('',(7.654042494671E-18,-1.874699728327E-33,
    -0.125));
#1942 = SPHERICAL_SURFACE('',#1943,0.125);
#1943 = AXIS2_PLACEMENT_3D('',#1944,#1945,#1946);
#1944 = CARTESIAN_POINT('',(0.,0.,0.));
#1945 = DIRECTION('',(0.,0.,1.));
#1946 = DIRECTION('',(1.,0.,-0.));
#1947 = ( GEOMETRIC_REPRESENTATION_CONTEXT(3) 
GLOBAL_UNCERTAINTY_ASSIGNED_CONTEXT((#1951)) 
GLOBAL_UNIT_ASSIGNED_CONTEXT((#1948,#1949,#1950)) REPRESENTATION_CONTEXT
('Context #1','3D Context with UNIT and UNCERTAINTY') );
#1948 = ( LENGTH_UNIT() NAMED_UNIT(*) SI_UNIT(.MILLI.,.METRE.) );
#1949 = ( NAMED_UNIT(*) PLANE_ANGLE_UNIT() SI_UNIT($,.RADIAN.) );
#1950 = ( NAMED_UNIT(*) SI_UNIT($,.STERADIAN.) SOLID_ANGLE_UNIT() );
#1951 = UNCERTAINTY_MEASURE_WITH_UNIT(LENGTH_MEASURE(1.E-07),#1948,
  'distance_accuracy_value','confusion accuracy');
#1952 = SHAPE_DEFINITION_REPRESENTATION(#1953,#1934);
#1953 = PRODUCT_DEFINITION_SHAPE('','',#1954);
#1954 = PRODUCT_DEFINITION('design','',#1955,#1958);
#1955 = PRODUCT_DEFINITION_FORMATION('','',#1956);
#1956 = PRODUCT('A16','A16','',(#1957));
#1957 = PRODUCT_CONTEXT('',#2,'mechanical');
#1958 = PRODUCT_DEFINITION_CONTEXT('part definition',#2,'design');
#1959 = CONTEXT_DEPENDENT_SHAPE_REPRESENTATION(#1960,#1962);
#1960 = ( REPRESENTATION_RELATIONSHIP('','',#1934,#10) 
REPRESENTATION_RELATIONSHIP_WITH_TRANSFORMATION(#1961) 
SHAPE_REPRESENTATION_RELATIONSHIP() );
#1961 = ITEM_DEFINED_TRANSFORMATION('','',#11,#75);
#1962 = PRODUCT_DEFINITION_SHAPE('Placement','Placement of an item',
  #1963);
#1963 = NEXT_ASSEMBLY_USAGE_OCCURRENCE('16','=>[0:1:1:17]','',#5,#1954,$
  );
#1964 = PRODUCT_RELATED_PRODUCT_CATEGORY('part',$,(#1956));
#1965 = ADVANCED_BREP_SHAPE_REPRESENTATION('',(#11,#1966),#1978);
#1966 = MANIFOLD_SOLID_BREP('',#1967);
#1967 = CLOSED_SHELL('',(#1968));
#1968 = ADVANCED_FACE('',(#1969),#1973,.T.);
#1969 = FACE_BOUND('',#1970,.T.);
#1970 = VERTEX_LOOP('',#1971);
#1971 = VERTEX_POINT('',#1972);
#1972 = CARTESIAN_POINT('',(7.654042494671E-18,-1.874699728327E-33,
    -0.125));
#1973 = SPHERICAL_SURFACE('',#1974,0.125);
#1974 = AXIS2_PLACEMENT_3D('',#1975,#1976,#1977);
#1975 = CARTESIAN_POINT('',(0.,0.,0.));
#1976 = DIRECTION('',(0.,0.,1.));
#1977 = DIRECTION('',(1.,0.,-0.));
#1978 = ( GEOMETRIC_REPRESENTATION_CONTEXT(3) 
GLOBAL_UNCERTAINTY_ASSIGNED_CONTEXT((#1982)) 
GLOBAL_UNIT_ASSIGNED_CONTEXT((#1979,#1980,#1981)) REPRESENTATION_CONTEXT
('Context #1','3D Context with UNIT and UNCERTAINTY') );
#1979 = ( LENGTH_UNIT() NAMED_UNIT(*) SI_UNIT(.MILLI.,.METRE.) );
#1980 = ( NAMED_UNIT(*) PLANE_ANGLE_UNIT() SI_UNIT($,.RADIAN.) );
#1981 = ( NAMED_UNIT(*) SI_UNIT($,.STERADIAN.) SOLID_ANGLE_UNIT() );
#1982 = UNCERTAINTY_MEASURE_WITH_UNIT(LENGTH_MEASURE(1.E-07),#1979,
  'distance_accuracy_value','confusion accuracy');
#1983 = SHAPE_DEFINITION_REPRESENTATION(#1984,#1965);
#1984 = PRODUCT_DEFINITION_SHAPE('','',#1985);
#1985 = PRODUCT_DEFINITION('design','',#1986,#1989);
#1986 = PRODUCT_DEFINITION_FORMATION('','',#1987);
#1987 = PRODUCT('A17','A17','',(#1988));
#1988 = PRODUCT_CONTEXT('',#2,'mechanical');
#1989 = PRODUCT_DEFINITION_CONTEXT('part definition',#2,'design');
#1990 = CONTEXT_DEPENDENT_SHAPE_REPRESENTATION(#1991,#1993);
#1991 = ( REPRESENTATION_RELATIONSHIP('','',#1965,#10) 
REPRESENTATION_RELATIONSHIP_WITH_TRANSFORMATION(#1992) 
SHAPE_REPRESENTATION_RELATIONSHIP() );
#1992 = ITEM_DEFINED_TRANSFORMATION('','',#11,#79);
#1993 = PRODUCT_DEFINITION_SHAPE('Placement','Placement of an item',
  #1994);
#1994 = NEXT_ASSEMBLY_USAGE_OCCURRENCE('17','=>[0:1:1:18]','',#5,#1985,$
  );
#1995 = PRODUCT_RELATED_PRODUCT_CATEGORY('part',$,(#1987));
#1996 = ADVANCED_BREP_SHAPE_REPRESENTATION('',(#11,#1997),#2009);
#1997 = MANIFOLD_SOLID_BREP('',#1998);
#1998 = CLOSED_SHELL('',(#1999));
#1999 = ADVANCED_FACE('',(#2000),#2004,.T.);
#2000 = FACE_BOUND('',#2001,.T.);
#2001 = VERTEX_LOOP('',#2002);
#2002 = VERTEX_POINT('',#2003);
#2003 = CARTESIAN_POINT('',(7.654042494671E-18,-1.874699728327E-33,
    -0.125));
#2004 = SPHERICAL_SURFACE('',#2005,0.125);
#2005 = AXIS2_PLACEMENT_3D('',#2006,#2007,#2008);
#2006 = CARTESIAN_POINT('',(0.,0.,0.));
#2007 = DIRECTION('',(0.,0.,1.));
#2008 = DIRECTION('',(1.,0.,-0.));
#2009 = ( GEOMETRIC_REPRESENTATION_CONTEXT(3) 
GLOBAL_UNCERTAINTY_ASSIGNED_CONTEXT((#2013)) 
GLOBAL_UNIT_ASSIGNED_CONTEXT((#2010,#2011,#2012)) REPRESENTATION_CONTEXT
('Context #1','3D Context with UNIT and UNCERTAINTY') );
#2010 = ( LENGTH_UNIT() NAMED_UNIT(*) SI_UNIT(.MILLI.,.METRE.) );
#2011 = ( NAMED_UNIT(*) PLANE_ANGLE_UNIT() SI_UNIT($,.RADIAN.) );
#2012 = ( NAMED_UNIT(*) SI_UNIT($,.STERADIAN.) SOLID_ANGLE_UNIT() );
#2013 = UNCERTAINTY_MEASURE_WITH_UNIT(LENGTH_MEASURE(1.E-07),#2010,
  'distance_accuracy_value','confusion accuracy');
#2014 = SHAPE_DEFINITION_REPRESENTATION(#2015,#1996);
#2015 = PRODUCT_DEFINITION_SHAPE('','',#2016);
#2016 = PRODUCT_DEFINITION('design','',#2017,#2020);
#2017 = PRODUCT_DEFINITION_FORMATION('','',#2018);
#2018 = PRODUCT('A18','A18','',(#2019));
#2019 = PRODUCT_CONTEXT('',#2,'mechanical');
#2020 = PRODUCT_DEFINITION_CONTEXT('part definition',#2,'design');
#2021 = CONTEXT_DEPENDENT_SHAPE_REPRESENTATION(#2022,#2024);
#2022 = ( REPRESENTATION_RELATIONSHIP('','',#1996,#10) 
REPRESENTATION_RELATIONSHIP_WITH_TRANSFORMATION(#2023) 
SHAPE_REPRESENTATION_RELATIONSHIP() );
#2023 = ITEM_DEFINED_TRANSFORMATION('','',#11,#83);
#2024 = PRODUCT_DEFINITION_SHAPE('Placement','Placement of an item',
  #2025);
#2025 = NEXT_ASSEMBLY_USAGE_OCCURRENCE('18','=>[0:1:1:19]','',#5,#2016,$
  );
#2026 = PRODUCT_RELATED_PRODUCT_CATEGORY('part',$,(#2018));
#2027 = ADVANCED_BREP_SHAPE_REPRESENTATION('',(#11,#2028),#2040);
#2028 = MANIFOLD_SOLID_BREP('',#2029);
#2029 = CLOSED_SHELL('',(#2030));
#2030 = ADVANCED_FACE('',(#2031),#2035,.T.);
#2031 = FACE_BOUND('',#2032,.T.);
#2032 = VERTEX_LOOP('',#2033);
#2033 = VERTEX_POINT('',#2034);
#2034 = CARTESIAN_POINT('',(7.654042494671E-18,-1.874699728327E-33,
    -0.125));
#2035 = SPHERICAL_SURFACE('',#2036,0.125);
#2036 = AXIS2_PLACEMENT_3D('',#2037,#2038,#2039);
#2037 = CARTESIAN_POINT('',(0.,0.,0.));
#2038 = DIRECTION('',(0.,0.,1.));
#2039 = DIRECTION('',(1.,0.,-0.));
#2040 = ( GEOMETRIC_REPRESENTATION_CONTEXT(3) 
GLOBAL_UNCERTAINTY_ASSIGNED_CONTEXT((#2044)) 
GLOBAL_UNIT_ASSIGNED_CONTEXT((#2041,#2042,#2043)) REPRESENTATION_CONTEXT
('Context #1','3D Context with UNIT and UNCERTAINTY') );
#2041 = ( LENGTH_UNIT() NAMED_UNIT(*) SI_UNIT(.MILLI.,.METRE.) );
#2042 = ( NAMED_UNIT(*) PLANE_ANGLE_UNIT() SI_UNIT($,.RADIAN.) );
#2043 = ( NAMED_UNIT(*) SI_UNIT($,.STERADIAN.) SOLID_ANGLE_UNIT() );
#2044 = UNCERTAINTY_MEASURE_WITH_UNIT(LENGTH_MEASURE(1.E-07),#2041,
  'distance_accuracy_value','confusion accuracy');
#2045 = SHAPE_DEFINITION_REPRESENTATION(#2046,#2027);
#2046 = PRODUCT_DEFINITION_SHAPE('','',#2047);
#2047 = PRODUCT_DEFINITION('design','',#2048,#2051);
#2048 = PRODUCT_DEFINITION_FORMATION('','',#2049);
#2049 = PRODUCT('A19','A19','',(#2050));
#2050 = PRODUCT_CONTEXT('',#2,'mechanical');
#2051 = PRODUCT_DEFINITION_CONTEXT('part definition',#2,'design');
#2052 = CONTEXT_DEPENDENT_SHAPE_REPRESENTATION(#2053,#2055);
#2053 = ( REPRESENTATION_RELATIONSHIP('','',#2027,#10) 
REPRESENTATION_RELATIONSHIP_WITH_TRANSFORMATION(#2054) 
SHAPE_REPRESENTATION_RELATIONSHIP() );
#2054 = ITEM_DEFINED_TRANSFORMATION('','',#11,#87);
#2055 = PRODUCT_DEFINITION_SHAPE('Placement','Placement of an item',
  #2056);
#2056 = NEXT_ASSEMBLY_USAGE_OCCURRENCE('19','=>[0:1:1:20]','',#5,#2047,$
  );
#2057 = PRODUCT_RELATED_PRODUCT_CATEGORY('part',$,(#2049));
#2058 = ADVANCED_BREP_SHAPE_REPRESENTATION('',(#11,#2059),#2071);
#2059 = MANIFOLD_SOLID_BREP('',#2060);
#2060 = CLOSED_SHELL('',(#2061));
#2061 = ADVANCED_FACE('',(#2062),#2066,.T.);
#2062 = FACE_BOUND('',#2063,.T.);
#2063 = VERTEX_LOOP('',#2064);
#2064 = VERTEX_POINT('',#2065);
#2065 = CARTESIAN_POINT('',(7.654042494671E-18,-1.874699728327E-33,
    -0.125));
#2066 = SPHERICAL_SURFACE('',#2067,0.125);
#2067 = AXIS2_PLACEMENT_3D('',#2068,#2069,#2070);
#2068 = CARTESIAN_POINT('',(0.,0.,0.));
#2069 = DIRECTION('',(0.,0.,1.));
#2070 = DIRECTION('',(1.,0.,-0.));
#2071 = ( GEOMETRIC_REPRESENTATION_CONTEXT(3) 
GLOBAL_UNCERTAINTY_ASSIGNED_CONTEXT((#2075)) 
GLOBAL_UNIT_ASSIGNED_CONTEXT((#2072,#2073,#2074)) REPRESENTATION_CONTEXT
('Context #1','3D Context with UNIT and UNCERTAINTY') );
#2072 = ( LENGTH_UNIT() NAMED_UNIT(*) SI_UNIT(.MILLI.,.METRE.) );
#2073 = ( NAMED_UNIT(*) PLANE_ANGLE_UNIT() SI_UNIT($,.RADIAN.) );
#2074 = ( NAMED_UNIT(*) SI_UNIT($,.STERADIAN.) SOLID_ANGLE_UNIT() );
#2075 = UNCERTAINTY_MEASURE_WITH_UNIT(LENGTH_MEASURE(1.E-07),#2072,
  'distance_accuracy_value','confusion accuracy');
#2076 = SHAPE_DEFINITION_REPRESENTATION(#2077,#2058);
#2077 = PRODUCT_DEFINITION_SHAPE('','',#2078);
#2078 = PRODUCT_DEFINITION('design','',#2079,#2082);
#2079 = PRODUCT_DEFINITION_FORMATION('','',#2080);
#2080 = PRODUCT('A20','A20','',(#2081));
#2081 = PRODUCT_CONTEXT('',#2,'mechanical');
#2082 = PRODUCT_DEFINITION_CONTEXT('part definition',#2,'design');
#2083 = CONTEXT_DEPENDENT_SHAPE_REPRESENTATION(#2084,#2086);
#2084 = ( REPRESENTATION_RELATIONSHIP('','',#2058,#10) 
REPRESENTATION_RELATIONSHIP_WITH_TRANSFORMATION(#2085) 
SHAPE_REPRESENTATION_RELATIONSHIP() );
#2085 = ITEM_DEFINED_TRANSFORMATION('','',#11,#91);
#2086 = PRODUCT_DEFINITION_SHAPE('Placement','Placement of an item',
  #2087);
#2087 = NEXT_ASSEMBLY_USAGE_OCCURRENCE('20','=>[0:1:1:21]','',#5,#2078,$
  );
#2088 = PRODUCT_RELATED_PRODUCT_CATEGORY('part',$,(#2080));
#2089 = ADVANCED_BREP_SHAPE_REPRESENTATION('',(#11,#2090),#2102);
#2090 = MANIFOLD_SOLID_BREP('',#2091);
#2091 = CLOSED_SHELL('',(#2092));
#2092 = ADVANCED_FACE('',(#2093),#2097,.T.);
#2093 = FACE_BOUND('',#2094,.T.);
#2094 = VERTEX_LOOP('',#2095);
#2095 = VERTEX_POINT('',#2096);
#2096 = CARTESIAN_POINT('',(7.654042494671E-18,-1.874699728327E-33,
    -0.125));
#2097 = SPHERICAL_SURFACE('',#2098,0.125);
#2098 = AXIS2_PLACEMENT_3D('',#2099,#2100,#2101);
#2099 = CARTESIAN_POINT('',(0.,0.,0.));
#2100 = DIRECTION('',(0.,0.,1.));
#2101 = DIRECTION('',(1.,0.,-0.));
#2102 = ( GEOMETRIC_REPRESENTATION_CONTEXT(3) 
GLOBAL_UNCERTAINTY_ASSIGNED_CONTEXT((#2106)) 
GLOBAL_UNIT_ASSIGNED_CONTEXT((#2103,#2104,#2105)) REPRESENTATION_CONTEXT
('Context #1','3D Context with UNIT and UNCERTAINTY') );
#2103 = ( LENGTH_UNIT() NAMED_UNIT(*) SI_UNIT(.MILLI.,.METRE.) );
#2104 = ( NAMED_UNIT(*) PLANE_ANGLE_UNIT() SI_UNIT($,.RADIAN.) );
#2105 = ( NAMED_UNIT(*) SI_UNIT($,.STERADIAN.) SOLID_ANGLE_UNIT() );
#2106 = UNCERTAINTY_MEASURE_WITH_UNIT(LENGTH_MEASURE(1.E-07),#2103,
  'distance_accuracy_value','confusion accuracy');
#2107 = SHAPE_DEFINITION_REPRESENTATION(#2108,#2089);
#2108 = PRODUCT_DEFINITION_SHAPE('','',#2109);
#2109 = PRODUCT_DEFINITION('design','',#2110,#2113);
#2110 = PRODUCT_DEFINITION_FORMATION('','',#2111);
#2111 = PRODUCT('A21','A21','',(#2112));
#2112 = PRODUCT_CONTEXT('',#2,'mechanical');
#2113 = PRODUCT_DEFINITION_CONTEXT('part definition',#2,'design');
#2114 = CONTEXT_DEPENDENT_SHAPE_REPRESENTATION(#2115,#2117);
#2115 = ( REPRESENTATION_RELATIONSHIP('','',#2089,#10) 
REPRESENTATION_RELATIONSHIP_WITH_TRANSFORMATION(#2116) 
SHAPE_REPRESENTATION_RELATIONSHIP() );
#2116 = ITEM_DEFINED_TRANSFORMATION('','',#11,#95);
#2117 = PRODUCT_DEFINITION_SHAPE('Placement','Placement of an item',
  #2118);
#2118 = NEXT_ASSEMBLY_USAGE_OCCURRENCE('21','=>[0:1:1:22]','',#5,#2109,$
  );
#2119 = PRODUCT_RELATED_PRODUCT_CATEGORY('part',$,(#2111));
#2120 = ADVANCED_BREP_SHAPE_REPRESENTATION('',(#11,#2121),#2133);
#2121 = MANIFOLD_SOLID_BREP('',#2122);
#2122 = CLOSED_SHELL('',(#2123));
#2123 = ADVANCED_FACE('',(#2124),#2128,.T.);
#2124 = FACE_BOUND('',#2125,.T.);
#2125 = VERTEX_LOOP('',#2126);
#2126 = VERTEX_POINT('',#2127);
#2127 = CARTESIAN_POINT('',(7.654042494671E-18,-1.874699728327E-33,
    -0.125));
#2128 = SPHERICAL_SURFACE('',#2129,0.125);
#2129 = AXIS2_PLACEMENT_3D('',#2130,#2131,#2132);
#2130 = CARTESIAN_POINT('',(0.,0.,0.));
#2131 = DIRECTION('',(0.,0.,1.));
#2132 = DIRECTION('',(1.,0.,-0.));
#2133 = ( GEOMETRIC_REPRESENTATION_CONTEXT(3) 
GLOBAL_UNCERTAINTY_ASSIGNED_CONTEXT((#2137)) 
GLOBAL_UNIT_ASSIGNED_CONTEXT((#2134,#2135,#2136)) REPRESENTATION_CONTEXT
('Context #1','3D Context with UNIT and UNCERTAINTY') );
#2134 = ( LENGTH_UNIT() NAMED_UNIT(*) SI_UNIT(.MILLI.,.METRE.) );
#2135 = ( NAMED_UNIT(*) PLANE_ANGLE_UNIT() SI_UNIT($,.RADIAN.) );
#2136 = ( NAMED_UNIT(*) SI_UNIT($,.STERADIAN.) SOLID_ANGLE_UNIT() );
#2137 = UNCERTAINTY_MEASURE_WITH_UNIT(LENGTH_MEASURE(1.E-07),#2134,
  'distance_accuracy_value','confusion accuracy');
#2138 = SHAPE_DEFINITION_REPRESENTATION(#2139,#2120);
#2139 = PRODUCT_DEFINITION_SHAPE('','',#2140);
#2140 = PRODUCT_DEFINITION('design','',#2141,#2144);
#2141 = PRODUCT_DEFINITION_FORMATION('','',#2142);
#2142 = PRODUCT('A22','A22','',(#2143));
#2143 = PRODUCT_CONTEXT('',#2,'mechanical');
#2144 = PRODUCT_DEFINITION_CONTEXT('part definition',#2,'design');
#2145 = CONTEXT_DEPENDENT_SHAPE_REPRESENTATION(#2146,#2148);
#2146 = ( REPRESENTATION_RELATIONSHIP('','',#2120,#10) 
REPRESENTATION_RELATIONSHIP_WITH_TRANSFORMATION(#2147) 
SHAPE_REPRESENTATION_RELATIONSHIP() );
#2147 = ITEM_DEFINED_TRANSFORMATION('','',#11,#99);
#2148 = PRODUCT_DEFINITION_SHAPE('Placement','Placement of an item',
  #2149);
#2149 = NEXT_ASSEMBLY_USAGE_OCCURRENCE('22','=>[0:1:1:23]','',#5,#2140,$
  );
#2150 = PRODUCT_RELATED_PRODUCT_CATEGORY('part',$,(#2142));
#2151 = ADVANCED_BREP_SHAPE_REPRESENTATION('',(#11,#2152),#2164);
#2152 = MANIFOLD_SOLID_BREP('',#2153);
#2153 = CLOSED_SHELL('',(#2154));
#2154 = ADVANCED_FACE('',(#2155),#2159,.T.);
#2155 = FACE_BOUND('',#2156,.T.);
#2156 = VERTEX_LOOP('',#2157);
#2157 = VERTEX_POINT('',#2158);
#2158 = CARTESIAN_POINT('',(7.654042494671E-18,-1.874699728327E-33,
    -0.125));
#2159 = SPHERICAL_SURFACE('',#2160,0.125);
#2160 = AXIS2_PLACEMENT_3D('',#2161,#2162,#2163);
#2161 = CARTESIAN_POINT('',(0.,0.,0.));
#2162 = DIRECTION('',(0.,0.,1.));
#2163 = DIRECTION('',(1.,0.,-0.));
#2164 = ( GEOMETRIC_REPRESENTATION_CONTEXT(3) 
GLOBAL_UNCERTAINTY_ASSIGNED_CONTEXT((#2168)) 
GLOBAL_UNIT_ASSIGNED_CONTEXT((#2165,#2166,#2167)) REPRESENTATION_CONTEXT
('Context #1','3D Context with UNIT and UNCERTAINTY') );
#2165 = ( LENGTH_UNIT() NAMED_UNIT(*) SI_UNIT(.MILLI.,.METRE.) );
#2166 = ( NAMED_UNIT(*) PLANE_ANGLE_UNIT() SI_UNIT($,.RADIAN.) );
#2167 = ( NAMED_UNIT(*) SI_UNIT($,.STERADIAN.) SOLID_ANGLE_UNIT() );
#2168 = UNCERTAINTY_MEASURE_WITH_UNIT(LENGTH_MEASURE(1.E-07),#2165,
  'distance_accuracy_value','confusion accuracy');
#2169 = SHAPE_DEFINITION_REPRESENTATION(#2170,#2151);
#2170 = PRODUCT_DEFINITION_SHAPE('','',#2171);
#2171 = PRODUCT_DEFINITION('design','',#2172,#2175);
#2172 = PRODUCT_DEFINITION_FORMATION('','',#2173);
#2173 = PRODUCT('A23','A23','',(#2174));
#2174 = PRODUCT_CONTEXT('',#2,'mechanical');
#2175 = PRODUCT_DEFINITION_CONTEXT('part definition',#2,'design');
#2176 = CONTEXT_DEPENDENT_SHAPE_REPRESENTATION(#2177,#2179);
#2177 = ( REPRESENTATION_RELATIONSHIP('','',#2151,#10) 
REPRESENTATION_RELATIONSHIP_WITH_TRANSFORMATION(#2178) 
SHAPE_REPRESENTATION_RELATIONSHIP() );
#2178 = ITEM_DEFINED_TRANSFORMATION('','',#11,#103);
#2179 = PRODUCT_DEFINITION_SHAPE('Placement','Placement of an item',
  #2180);
#2180 = NEXT_ASSEMBLY_USAGE_OCCURRENCE('23','=>[0:1:1:24]','',#5,#2171,$
  );
#2181 = PRODUCT_RELATED_PRODUCT_CATEGORY('part',$,(#2173));
#2182 = ADVANCED_BREP_SHAPE_REPRESENTATION('',(#11,#2183),#2195);
#2183 = MANIFOLD_SOLID_BREP('',#2184);
#2184 = CLOSED_SHELL('',(#2185));
#2185 = ADVANCED_FACE('',(#2186),#2190,.T.);
#2186 = FACE_BOUND('',#2187,.T.);
#2187 = VERTEX_LOOP('',#2188);
#2188 = VERTEX_POINT('',#2189);
#2189 = CARTESIAN_POINT('',(7.654042494671E-18,-1.874699728327E-33,
    -0.125));
#2190 = SPHERICAL_SURFACE('',#2191,0.125);
#2191 = AXIS2_PLACEMENT_3D('',#2192,#2193,#2194);
#2192 = CARTESIAN_POINT('',(0.,0.,0.));
#2193 = DIRECTION('',(0.,0.,1.));
#2194 = DIRECTION('',(1.,0.,-0.));
#2195 = ( GEOMETRIC_REPRESENTATION_CONTEXT(3) 
GLOBAL_UNCERTAINTY_ASSIGNED_CONTEXT((#2199)) 
GLOBAL_UNIT_ASSIGNED_CONTEXT((#2196,#2197,#2198)) REPRESENTATION_CONTEXT
('Context #1','3D Context with UNIT and UNCERTAINTY') );
#2196 = ( LENGTH_UNIT() NAMED_UNIT(*) SI_UNIT(.MILLI.,.METRE.) );
#2197 = ( NAMED_UNIT(*) PLANE_ANGLE_UNIT() SI_UNIT($,.RADIAN.) );
#2198 = ( NAMED_UNIT(*) SI_UNIT($,.STERADIAN.) SOLID_ANGLE_UNIT() );
#2199 = UNCERTAINTY_MEASURE_WITH_UNIT(LENGTH_MEASURE(1.E-07),#2196,
  'distance_accuracy_value','confusion accuracy');
#2200 = SHAPE_DEFINITION_REPRESENTATION(#2201,#2182);
#2201 = PRODUCT_DEFINITION_SHAPE('','',#2202);
#2202 = PRODUCT_DEFINITION('design','',#2203,#2206);
#2203 = PRODUCT_DEFINITION_FORMATION('','',#2204);
#2204 = PRODUCT('A24','A24','',(#2205));
#2205 = PRODUCT_CONTEXT('',#2,'mechanical');
#2206 = PRODUCT_DEFINITION_CONTEXT('part definition',#2,'design');
#2207 = CONTEXT_DEPENDENT_SHAPE_REPRESENTATION(#2208,#2210);
#2208 = ( REPRESENTATION_RELATIONSHIP('','',#2182,#10) 
REPRESENTATION_RELATIONSHIP_WITH_TRANSFORMATION(#2209) 
SHAPE_REPRESENTATION_RELATIONSHIP() );
#2209 = ITEM_DEFINED_TRANSFORMATION('','',#11,#107);
#2210 = PRODUCT_DEFINITION_SHAPE('Placement','Placement of an item',
  #2211);
#2211 = NEXT_ASSEMBLY_USAGE_OCCURRENCE('24','=>[0:1:1:25]','',#5,#2202,$
  );
#2212 = PRODUCT_RELATED_PRODUCT_CATEGORY('part',$,(#2204));
#2213 = ADVANCED_BREP_SHAPE_REPRESENTATION('',(#11,#2214),#2226);
#2214 = MANIFOLD_SOLID_BREP('',#2215);
#2215 = CLOSED_SHELL('',(#2216));
#2216 = ADVANCED_FACE('',(#2217),#2221,.T.);
#2217 = FACE_BOUND('',#2218,.T.);
#2218 = VERTEX_LOOP('',#2219);
#2219 = VERTEX_POINT('',#2220);
#2220 = CARTESIAN_POINT('',(7.654042494671E-18,-1.874699728327E-33,
    -0.125));
#2221 = SPHERICAL_SURFACE('',#2222,0.125);
#2222 = AXIS2_PLACEMENT_3D('',#2223,#2224,#2225);
#2223 = CARTESIAN_POINT('',(0.,0.,0.));
#2224 = DIRECTION('',(0.,0.,1.));
#2225 = DIRECTION('',(1.,0.,-0.));
#2226 = ( GEOMETRIC_REPRESENTATION_CONTEXT(3) 
GLOBAL_UNCERTAINTY_ASSIGNED_CONTEXT((#2230)) 
GLOBAL_UNIT_ASSIGNED_CONTEXT((#2227,#2228,#2229)) REPRESENTATION_CONTEXT
('Context #1','3D Context with UNIT and UNCERTAINTY') );
#2227 = ( LENGTH_UNIT() NAMED_UNIT(*) SI_UNIT(.MILLI.,.METRE.) );
#2228 = ( NAMED_UNIT(*) PLANE_ANGLE_UNIT() SI_UNIT($,.RADIAN.) );
#2229 = ( NAMED_UNIT(*) SI_UNIT($,.STERADIAN.) SOLID_ANGLE_UNIT() );
#2230 = UNCERTAINTY_MEASURE_WITH_UNIT(LENGTH_MEASURE(1.E-07),#2227,
  'distance_accuracy_value','confusion accuracy');
#2231 = SHAPE_DEFINITION_REPRESENTATION(#2232,#2213);
#2232 = PRODUCT_DEFINITION_SHAPE('','',#2233);
#2233 = PRODUCT_DEFINITION('design','',#2234,#2237);
#2234 = PRODUCT_DEFINITION_FORMATION('','',#2235);
#2235 = PRODUCT('A25','A25','',(#2236));
#2236 = PRODUCT_CONTEXT('',#2,'mechanical');
#2237 = PRODUCT_DEFINITION_CONTEXT('part definition',#2,'design');
#2238 = CONTEXT_DEPENDENT_SHAPE_REPRESENTATION(#2239,#2241);
#2239 = ( REPRESENTATION_RELATIONSHIP('','',#2213,#10) 
REPRESENTATION_RELATIONSHIP_WITH_TRANSFORMATION(#2240) 
SHAPE_REPRESENTATION_RELATIONSHIP() );
#2240 = ITEM_DEFINED_TRANSFORMATION('','',#11,#111);
#2241 = PRODUCT_DEFINITION_SHAPE('Placement','Placement of an item',
  #2242);
#2242 = NEXT_ASSEMBLY_USAGE_OCCURRENCE('25','=>[0:1:1:26]','',#5,#2233,$
  );
#2243 = PRODUCT_RELATED_PRODUCT_CATEGORY('part',$,(#2235));
#2244 = ADVANCED_BREP_SHAPE_REPRESENTATION('',(#11,#2245),#2257);
#2245 = MANIFOLD_SOLID_BREP('',#2246);
#2246 = CLOSED_SHELL('',(#2247));
#2247 = ADVANCED_FACE('',(#2248),#2252,.T.);
#2248 = FACE_BOUND('',#2249,.T.);
#2249 = VERTEX_LOOP('',#2250);
#2250 = VERTEX_POINT('',#2251);
#2251 = CARTESIAN_POINT('',(7.654042494671E-18,-1.874699728327E-33,
    -0.125));
#2252 = SPHERICAL_SURFACE('',#2253,0.125);
#2253 = AXIS2_PLACEMENT_3D('',#2254,#2255,#2256);
#2254 = CARTESIAN_POINT('',(0.,0.,0.));
#2255 = DIRECTION('',(0.,0.,1.));
#2256 = DIRECTION('',(1.,0.,-0.));
#2257 = ( GEOMETRIC_REPRESENTATION_CONTEXT(3) 
GLOBAL_UNCERTAINTY_ASSIGNED_CONTEXT((#2261)) 
GLOBAL_UNIT_ASSIGNED_CONTEXT((#2258,#2259,#2260)) REPRESENTATION_CONTEXT
('Context #1','3D Context with UNIT and UNCERTAINTY') );
#2258 = ( LENGTH_UNIT() NAMED_UNIT(*) SI_UNIT(.MILLI.,.METRE.) );
#2259 = ( NAMED_UNIT(*) PLANE_ANGLE_UNIT() SI_UNIT($,.RADIAN.) );
#2260 = ( NAMED_UNIT(*) SI_UNIT($,.STERADIAN.) SOLID_ANGLE_UNIT() );
#2261 = UNCERTAINTY_MEASURE_WITH_UNIT(LENGTH_MEASURE(1.E-07),#2258,
  'distance_accuracy_value','confusion accuracy');
#2262 = SHAPE_DEFINITION_REPRESENTATION(#2263,#2244);
#2263 = PRODUCT_DEFINITION_SHAPE('','',#2264);
#2264 = PRODUCT_DEFINITION('design','',#2265,#2268);
#2265 = PRODUCT_DEFINITION_FORMATION('','',#2266);
#2266 = PRODUCT('B1','B1','',(#2267));
#2267 = PRODUCT_CONTEXT('',#2,'mechanical');
#2268 = PRODUCT_DEFINITION_CONTEXT('part definition',#2,'design');
#2269 = CONTEXT_DEPENDENT_SHAPE_REPRESENTATION(#2270,#2272);
#2270 = ( REPRESENTATION_RELATIONSHIP('','',#2244,#10) 
REPRESENTATION_RELATIONSHIP_WITH_TRANSFORMATION(#2271) 
SHAPE_REPRESENTATION_RELATIONSHIP() );
#2271 = ITEM_DEFINED_TRANSFORMATION('','',#11,#115);
#2272 = PRODUCT_DEFINITION_SHAPE('Placement','Placement of an item',
  #2273);
#2273 = NEXT_ASSEMBLY_USAGE_OCCURRENCE('26','=>[0:1:1:27]','',#5,#2264,$
  );
#2274 = PRODUCT_RELATED_PRODUCT_CATEGORY('part',$,(#2266));
#2275 = ADVANCED_BREP_SHAPE_REPRESENTATION('',(#11,#2276),#2288);
#2276 = MANIFOLD_SOLID_BREP('',#2277);
#2277 = CLOSED_SHELL('',(#2278));
#2278 = ADVANCED_FACE('',(#2279),#2283,.T.);
#2279 = FACE_BOUND('',#2280,.T.);
#2280 = VERTEX_LOOP('',#2281);
#2281 = VERTEX_POINT('',#2282);
#2282 = CARTESIAN_POINT('',(7.654042494671E-18,-1.874699728327E-33,
    -0.125));
#2283 = SPHERICAL_SURFACE('',#2284,0.125);
#2284 = AXIS2_PLACEMENT_3D('',#2285,#2286,#2287);
#2285 = CARTESIAN_POINT('',(0.,0.,0.));
#2286 = DIRECTION('',(0.,0.,1.));
#2287 = DIRECTION('',(1.,0.,-0.));
#2288 = ( GEOMETRIC_REPRESENTATION_CONTEXT(3) 
GLOBAL_UNCERTAINTY_ASSIGNED_CONTEXT((#2292)) 
GLOBAL_UNIT_ASSIGNED_CONTEXT((#2289,#2290,#2291)) REPRESENTATION_CONTEXT
('Context #1','3D Context with UNIT and UNCERTAINTY') );
#2289 = ( LENGTH_UNIT() NAMED_UNIT(*) SI_UNIT(.MILLI.,.METRE.) );
#2290 = ( NAMED_UNIT(*) PLANE_ANGLE_UNIT() SI_UNIT($,.RADIAN.) );
#2291 = ( NAMED_UNIT(*) SI_UNIT($,.STERADIAN.) SOLID_ANGLE_UNIT() );
#2292 = UNCERTAINTY_MEASURE_WITH_UNIT(LENGTH_MEASURE(1.E-07),#2289,
  'distance_accuracy_value','confusion accuracy');
#2293 = SHAPE_DEFINITION_REPRESENTATION(#2294,#2275);
#2294 = PRODUCT_DEFINITION_SHAPE('','',#2295);
#2295 = PRODUCT_DEFINITION('design','',#2296,#2299);
#2296 = PRODUCT_DEFINITION_FORMATION('','',#2297);
#2297 = PRODUCT('B2','B2','',(#2298));
#2298 = PRODUCT_CONTEXT('',#2,'mechanical');
#2299 = PRODUCT_DEFINITION_CONTEXT('part definition',#2,'design');
#2300 = CONTEXT_DEPENDENT_SHAPE_REPRESENTATION(#2301,#2303);
#2301 = ( REPRESENTATION_RELATIONSHIP('','',#2275,#10) 
REPRESENTATION_RELATIONSHIP_WITH_TRANSFORMATION(#2302) 
SHAPE_REPRESENTATION_RELATIONSHIP() );
#2302 = ITEM_DEFINED_TRANSFORMATION('','',#11,#119);
#2303 = PRODUCT_DEFINITION_SHAPE('Placement','Placement of an item',
  #2304);
#2304 = NEXT_ASSEMBLY_USAGE_OCCURRENCE('27','=>[0:1:1:28]','',#5,#2295,$
  );
#2305 = PRODUCT_RELATED_PRODUCT_CATEGORY('part',$,(#2297));
#2306 = ADVANCED_BREP_SHAPE_REPRESENTATION('',(#11,#2307),#2319);
#2307 = MANIFOLD_SOLID_BREP('',#2308);
#2308 = CLOSED_SHELL('',(#2309));
#2309 = ADVANCED_FACE('',(#2310),#2314,.T.);
#2310 = FACE_BOUND('',#2311,.T.);
#2311 = VERTEX_LOOP('',#2312);
#2312 = VERTEX_POINT('',#2313);
#2313 = CARTESIAN_POINT('',(7.654042494671E-18,-1.874699728327E-33,
    -0.125));
#2314 = SPHERICAL_SURFACE('',#2315,0.125);
#2315 = AXIS2_PLACEMENT_3D('',#2316,#2317,#2318);
#2316 = CARTESIAN_POINT('',(0.,0.,0.));
#2317 = DIRECTION('',(0.,0.,1.));
#2318 = DIRECTION('',(1.,0.,-0.));
#2319 = ( GEOMETRIC_REPRESENTATION_CONTEXT(3) 
GLOBAL_UNCERTAINTY_ASSIGNED_CONTEXT((#2323)) 
GLOBAL_UNIT_ASSIGNED_CONTEXT((#2320,#2321,#2322)) REPRESENTATION_CONTEXT
('Context #1','3D Context with UNIT and UNCERTAINTY') );
#2320 = ( LENGTH_UNIT() NAMED_UNIT(*) SI_UNIT(.MILLI.,.METRE.) );
#2321 = ( NAMED_UNIT(*) PLANE_ANGLE_UNIT() SI_UNIT($,.RADIAN.) );
#2322 = ( NAMED_UNIT(*) SI_UNIT($,.STERADIAN.) SOLID_ANGLE_UNIT() );
#2323 = UNCERTAINTY_MEASURE_WITH_UNIT(LENGTH_MEASURE(1.E-07),#2320,
  'distance_accuracy_value','confusion accuracy');
#2324 = SHAPE_DEFINITION_REPRESENTATION(#2325,#2306);
#2325 = PRODUCT_DEFINITION_SHAPE('','',#2326);
#2326 = PRODUCT_DEFINITION('design','',#2327,#2330);
#2327 = PRODUCT_DEFINITION_FORMATION('','',#2328);
#2328 = PRODUCT('B3','B3','',(#2329));
#2329 = PRODUCT_CONTEXT('',#2,'mechanical');
#2330 = PRODUCT_DEFINITION_CONTEXT('part definition',#2,'design');
#2331 = CONTEXT_DEPENDENT_SHAPE_REPRESENTATION(#2332,#2334);
#2332 = ( REPRESENTATION_RELATIONSHIP('','',#2306,#10) 
REPRESENTATION_RELATIONSHIP_WITH_TRANSFORMATION(#2333) 
SHAPE_REPRESENTATION_RELATIONSHIP() );
#2333 = ITEM_DEFINED_TRANSFORMATION('','',#11,#123);
#2334 = PRODUCT_DEFINITION_SHAPE('Placement','Placement of an item',
  #2335);
#2335 = NEXT_ASSEMBLY_USAGE_OCCURRENCE('28','=>[0:1:1:29]','',#5,#2326,$
  );
#2336 = PRODUCT_RELATED_PRODUCT_CATEGORY('part',$,(#2328));
#2337 = ADVANCED_BREP_SHAPE_REPRESENTATION('',(#11,#2338),#2350);
#2338 = MANIFOLD_SOLID_BREP('',#2339);
#2339 = CLOSED_SHELL('',(#2340));
#2340 = ADVANCED_FACE('',(#2341),#2345,.T.);
#2341 = FACE_BOUND('',#2342,.T.);
#2342 = VERTEX_LOOP('',#2343);
#2343 = VERTEX_POINT('',#2344);
#2344 = CARTESIAN_POINT('',(7.654042494671E-18,-1.874699728327E-33,
    -0.125));
#2345 = SPHERICAL_SURFACE('',#2346,0.125);
#2346 = AXIS2_PLACEMENT_3D('',#2347,#2348,#2349);
#2347 = CARTESIAN_POINT('',(0.,0.,0.));
#2348 = DIRECTION('',(0.,0.,1.));
#2349 = DIRECTION('',(1.,0.,-0.));
#2350 = ( GEOMETRIC_REPRESENTATION_CONTEXT(3) 
GLOBAL_UNCERTAINTY_ASSIGNED_CONTEXT((#2354)) 
GLOBAL_UNIT_ASSIGNED_CONTEXT((#2351,#2352,#2353)) REPRESENTATION_CONTEXT
('Context #1','3D Context with UNIT and UNCERTAINTY') );
#2351 = ( LENGTH_UNIT() NAMED_UNIT(*) SI_UNIT(.MILLI.,.METRE.) );
#2352 = ( NAMED_UNIT(*) PLANE_ANGLE_UNIT() SI_UNIT($,.RADIAN.) );
#2353 = ( NAMED_UNIT(*) SI_UNIT($,.STERADIAN.) SOLID_ANGLE_UNIT() );
#2354 = UNCERTAINTY_MEASURE_WITH_UNIT(LENGTH_MEASURE(1.E-07),#2351,
  'distance_accuracy_value','confusion accuracy');
#2355 = SHAPE_DEFINITION_REPRESENTATION(#2356,#2337);
#2356 = PRODUCT_DEFINITION_SHAPE('','',#2357);
#2357 = PRODUCT_DEFINITION('design','',#2358,#2361);
#2358 = PRODUCT_DEFINITION_FORMATION('','',#2359);
#2359 = PRODUCT('B4','B4','',(#2360));
#2360 = PRODUCT_CONTEXT('',#2,'mechanical');
#2361 = PRODUCT_DEFINITION_CONTEXT('part definition',#2,'design');
#2362 = CONTEXT_DEPENDENT_SHAPE_REPRESENTATION(#2363,#2365);
#2363 = ( REPRESENTATION_RELATIONSHIP('','',#2337,#10) 
REPRESENTATION_RELATIONSHIP_WITH_TRANSFORMATION(#2364) 
SHAPE_REPRESENTATION_RELATIONSHIP() );
#2364 = ITEM_DEFINED_TRANSFORMATION('','',#11,#127);
#2365 = PRODUCT_DEFINITION_SHAPE('Placement','Placement of an item',
  #2366);
#2366 = NEXT_ASSEMBLY_USAGE_OCCURRENCE('29','=>[0:1:1:30]','',#5,#2357,$
  );
#2367 = PRODUCT_RELATED_PRODUCT_CATEGORY('part',$,(#2359));
#2368 = ADVANCED_BREP_SHAPE_REPRESENTATION('',(#11,#2369),#2381);
#2369 = MANIFOLD_SOLID_BREP('',#2370);
#2370 = CLOSED_SHELL('',(#2371));
#2371 = ADVANCED_FACE('',(#2372),#2376,.T.);
#2372 = FACE_BOUND('',#2373,.T.);
#2373 = VERTEX_LOOP('',#2374);
#2374 = VERTEX_POINT('',#2375);
#2375 = CARTESIAN_POINT('',(7.654042494671E-18,-1.874699728327E-33,
    -0.125));
#2376 = SPHERICAL_SURFACE('',#2377,0.125);
#2377 = AXIS2_PLACEMENT_3D('',#2378,#2379,#2380);
#2378 = CARTESIAN_POINT('',(0.,0.,0.));
#2379 = DIRECTION('',(0.,0.,1.));
#2380 = DIRECTION('',(1.,0.,-0.));
#2381 = ( GEOMETRIC_REPRESENTATION_CONTEXT(3) 
GLOBAL_UNCERTAINTY_ASSIGNED_CONTEXT((#2385)) 
GLOBAL_UNIT_ASSIGNED_CONTEXT((#2382,#2383,#2384)) REPRESENTATION_CONTEXT
('Context #1','3D Context with UNIT and UNCERTAINTY') );
#2382 = ( LENGTH_UNIT() NAMED_UNIT(*) SI_UNIT(.MILLI.,.METRE.) );
#2383 = ( NAMED_UNIT(*) PLANE_ANGLE_UNIT() SI_UNIT($,.RADIAN.) );
#2384 = ( NAMED_UNIT(*) SI_UNIT($,.STERADIAN.) SOLID_ANGLE_UNIT() );
#2385 = UNCERTAINTY_MEASURE_WITH_UNIT(LENGTH_MEASURE(1.E-07),#2382,
  'distance_accuracy_value','confusion accuracy');
#2386 = SHAPE_DEFINITION_REPRESENTATION(#2387,#2368);
#2387 = PRODUCT_DEFINITION_SHAPE('','',#2388);
#2388 = PRODUCT_DEFINITION('design','',#2389,#2392);
#2389 = PRODUCT_DEFINITION_FORMATION('','',#2390);
#2390 = PRODUCT('B5','B5','',(#2391));
#2391 = PRODUCT_CONTEXT('',#2,'mechanical');
#2392 = PRODUCT_DEFINITION_CONTEXT('part definition',#2,'design');
#2393 = CONTEXT_DEPENDENT_SHAPE_REPRESENTATION(#2394,#2396);
#2394 = ( REPRESENTATION_RELATIONSHIP('','',#2368,#10) 
REPRESENTATION_RELATIONSHIP_WITH_TRANSFORMATION(#2395) 
SHAPE_REPRESENTATION_RELATIONSHIP() );
#2395 = ITEM_DEFINED_TRANSFORMATION('','',#11,#131);
#2396 = PRODUCT_DEFINITION_SHAPE('Placement','Placement of an item',
  #2397);
#2397 = NEXT_ASSEMBLY_USAGE_OCCURRENCE('30','=>[0:1:1:31]','',#5,#2388,$
  );
#2398 = PRODUCT_RELATED_PRODUCT_CATEGORY('part',$,(#2390));
#2399 = ADVANCED_BREP_SHAPE_REPRESENTATION('',(#11,#2400),#2412);
#2400 = MANIFOLD_SOLID_BREP('',#2401);
#2401 = CLOSED_SHELL('',(#2402));
#2402 = ADVANCED_FACE('',(#2403),#2407,.T.);
#2403 = FACE_BOUND('',#2404,.T.);
#2404 = VERTEX_LOOP('',#2405);
#2405 = VERTEX_POINT('',#2406);
#2406 = CARTESIAN_POINT('',(7.654042494671E-18,-1.874699728327E-33,
    -0.125));
#2407 = SPHERICAL_SURFACE('',#2408,0.125);
#2408 = AXIS2_PLACEMENT_3D('',#2409,#2410,#2411);
#2409 = CARTESIAN_POINT('',(0.,0.,0.));
#2410 = DIRECTION('',(0.,0.,1.));
#2411 = DIRECTION('',(1.,0.,-0.));
#2412 = ( GEOMETRIC_REPRESENTATION_CONTEXT(3) 
GLOBAL_UNCERTAINTY_ASSIGNED_CONTEXT((#2416)) 
GLOBAL_UNIT_ASSIGNED_CONTEXT((#2413,#2414,#2415)) REPRESENTATION_CONTEXT
('Context #1','3D Context with UNIT and UNCERTAINTY') );
#2413 = ( LENGTH_UNIT() NAMED_UNIT(*) SI_UNIT(.MILLI.,.METRE.) );
#2414 = ( NAMED_UNIT(*) PLANE_ANGLE_UNIT() SI_UNIT($,.RADIAN.) );
#2415 = ( NAMED_UNIT(*) SI_UNIT($,.STERADIAN.) SOLID_ANGLE_UNIT() );
#2416 = UNCERTAINTY_MEASURE_WITH_UNIT(LENGTH_MEASURE(1.E-07),#2413,
  'distance_accuracy_value','confusion accuracy');
#2417 = SHAPE_DEFINITION_REPRESENTATION(#2418,#2399);
#2418 = PRODUCT_DEFINITION_SHAPE('','',#2419);
#2419 = PRODUCT_DEFINITION('design','',#2420,#2423);
#2420 = PRODUCT_DEFINITION_FORMATION('','',#2421);
#2421 = PRODUCT('B6','B6','',(#2422));
#2422 = PRODUCT_CONTEXT('',#2,'mechanical');
#2423 = PRODUCT_DEFINITION_CONTEXT('part definition',#2,'design');
#2424 = CONTEXT_DEPENDENT_SHAPE_REPRESENTATION(#2425,#2427);
#2425 = ( REPRESENTATION_RELATIONSHIP('','',#2399,#10) 
REPRESENTATION_RELATIONSHIP_WITH_TRANSFORMATION(#2426) 
SHAPE_REPRESENTATION_RELATIONSHIP() );
#2426 = ITEM_DEFINED_TRANSFORMATION('','',#11,#135);
#2427 = PRODUCT_DEFINITION_SHAPE('Placement','Placement of an item',
  #2428);
#2428 = NEXT_ASSEMBLY_USAGE_OCCURRENCE('31','=>[0:1:1:32]','',#5,#2419,$
  );
#2429 = PRODUCT_RELATED_PRODUCT_CATEGORY('part',$,(#2421));
#2430 = ADVANCED_BREP_SHAPE_REPRESENTATION('',(#11,#2431),#2443);
#2431 = MANIFOLD_SOLID_BREP('',#2432);
#2432 = CLOSED_SHELL('',(#2433));
#2433 = ADVANCED_FACE('',(#2434),#2438,.T.);
#2434 = FACE_BOUND('',#2435,.T.);
#2435 = VERTEX_LOOP('',#2436);
#2436 = VERTEX_POINT('',#2437);
#2437 = CARTESIAN_POINT('',(7.654042494671E-18,-1.874699728327E-33,
    -0.125));
#2438 = SPHERICAL_SURFACE('',#2439,0.125);
#2439 = AXIS2_PLACEMENT_3D('',#2440,#2441,#2442);
#2440 = CARTESIAN_POINT('',(0.,0.,0.));
#2441 = DIRECTION('',(0.,0.,1.));
#2442 = DIRECTION('',(1.,0.,-0.));
#2443 = ( GEOMETRIC_REPRESENTATION_CONTEXT(3) 
GLOBAL_UNCERTAINTY_ASSIGNED_CONTEXT((#2447)) 
GLOBAL_UNIT_ASSIGNED_CONTEXT((#2444,#2445,#2446)) REPRESENTATION_CONTEXT
('Context #1','3D Context with UNIT and UNCERTAINTY') );
#2444 = ( LENGTH_UNIT() NAMED_UNIT(*) SI_UNIT(.MILLI.,.METRE.) );
#2445 = ( NAMED_UNIT(*) PLANE_ANGLE_UNIT() SI_UNIT($,.RADIAN.) );
#2446 = ( NAMED_UNIT(*) SI_UNIT($,.STERADIAN.) SOLID_ANGLE_UNIT() );
#2447 = UNCERTAINTY_MEASURE_WITH_UNIT(LENGTH_MEASURE(1.E-07),#2444,
  'distance_accuracy_value','confusion accuracy');
#2448 = SHAPE_DEFINITION_REPRESENTATION(#2449,#2430);
#2449 = PRODUCT_DEFINITION_SHAPE('','',#2450);
#2450 = PRODUCT_DEFINITION('design','',#2451,#2454);
#2451 = PRODUCT_DEFINITION_FORMATION('','',#2452);
#2452 = PRODUCT('B7','B7','',(#2453));
#2453 = PRODUCT_CONTEXT('',#2,'mechanical');
#2454 = PRODUCT_DEFINITION_CONTEXT('part definition',#2,'design');
#2455 = CONTEXT_DEPENDENT_SHAPE_REPRESENTATION(#2456,#2458);
#2456 = ( REPRESENTATION_RELATIONSHIP('','',#2430,#10) 
REPRESENTATION_RELATIONSHIP_WITH_TRANSFORMATION(#2457) 
SHAPE_REPRESENTATION_RELATIONSHIP() );
#2457 = ITEM_DEFINED_TRANSFORMATION('','',#11,#139);
#2458 = PRODUCT_DEFINITION_SHAPE('Placement','Placement of an item',
  #2459);
#2459 = NEXT_ASSEMBLY_USAGE_OCCURRENCE('32','=>[0:1:1:33]','',#5,#2450,$
  );
#2460 = PRODUCT_RELATED_PRODUCT_CATEGORY('part',$,(#2452));
#2461 = ADVANCED_BREP_SHAPE_REPRESENTATION('',(#11,#2462),#2474);
#2462 = MANIFOLD_SOLID_BREP('',#2463);
#2463 = CLOSED_SHELL('',(#2464));
#2464 = ADVANCED_FACE('',(#2465),#2469,.T.);
#2465 = FACE_BOUND('',#2466,.T.);
#2466 = VERTEX_LOOP('',#2467);
#2467 = VERTEX_POINT('',#2468);
#2468 = CARTESIAN_POINT('',(7.654042494671E-18,-1.874699728327E-33,
    -0.125));
#2469 = SPHERICAL_SURFACE('',#2470,0.125);
#2470 = AXIS2_PLACEMENT_3D('',#2471,#2472,#2473);
#2471 = CARTESIAN_POINT('',(0.,0.,0.));
#2472 = DIRECTION('',(0.,0.,1.));
#2473 = DIRECTION('',(1.,0.,-0.));
#2474 = ( GEOMETRIC_REPRESENTATION_CONTEXT(3) 
GLOBAL_UNCERTAINTY_ASSIGNED_CONTEXT((#2478)) 
GLOBAL_UNIT_ASSIGNED_CONTEXT((#2475,#2476,#2477)) REPRESENTATION_CONTEXT
('Context #1','3D Context with UNIT and UNCERTAINTY') );
#2475 = ( LENGTH_UNIT() NAMED_UNIT(*) SI_UNIT(.MILLI.,.METRE.) );
#2476 = ( NAMED_UNIT(*) PLANE_ANGLE_UNIT() SI_UNIT($,.RADIAN.) );
#2477 = ( NAMED_UNIT(*) SI_UNIT($,.STERADIAN.) SOLID_ANGLE_UNIT() );
#2478 = UNCERTAINTY_MEASURE_WITH_UNIT(LENGTH_MEASURE(1.E-07),#2475,
  'distance_accuracy_value','confusion accuracy');
#2479 = SHAPE_DEFINITION_REPRESENTATION(#2480,#2461);
#2480 = PRODUCT_DEFINITION_SHAPE('','',#2481);
#2481 = PRODUCT_DEFINITION('design','',#2482,#2485);
#2482 = PRODUCT_DEFINITION_FORMATION('','',#2483);
#2483 = PRODUCT('B8','B8','',(#2484));
#2484 = PRODUCT_CONTEXT('',#2,'mechanical');
#2485 = PRODUCT_DEFINITION_CONTEXT('part definition',#2,'design');
#2486 = CONTEXT_DEPENDENT_SHAPE_REPRESENTATION(#2487,#2489);
#2487 = ( REPRESENTATION_RELATIONSHIP('','',#2461,#10) 
REPRESENTATION_RELATIONSHIP_WITH_TRANSFORMATION(#2488) 
SHAPE_REPRESENTATION_RELATIONSHIP() );
#2488 = ITEM_DEFINED_TRANSFORMATION('','',#11,#143);
#2489 = PRODUCT_DEFINITION_SHAPE('Placement','Placement of an item',
  #2490);
#2490 = NEXT_ASSEMBLY_USAGE_OCCURRENCE('33','=>[0:1:1:34]','',#5,#2481,$
  );
#2491 = PRODUCT_RELATED_PRODUCT_CATEGORY('part',$,(#2483));
#2492 = ADVANCED_BREP_SHAPE_REPRESENTATION('',(#11,#2493),#2505);
#2493 = MANIFOLD_SOLID_BREP('',#2494);
#2494 = CLOSED_SHELL('',(#2495));
#2495 = ADVANCED_FACE('',(#2496),#2500,.T.);
#2496 = FACE_BOUND('',#2497,.T.);
#2497 = VERTEX_LOOP('',#2498);
#2498 = VERTEX_POINT('',#2499);
#2499 = CARTESIAN_POINT('',(7.654042494671E-18,-1.874699728327E-33,
    -0.125));
#2500 = SPHERICAL_SURFACE('',#2501,0.125);
#2501 = AXIS2_PLACEMENT_3D('',#2502,#2503,#2504);
#2502 = CARTESIAN_POINT('',(0.,0.,0.));
#2503 = DIRECTION('',(0.,0.,1.));
#2504 = DIRECTION('',(1.,0.,-0.));
#2505 = ( GEOMETRIC_REPRESENTATION_CONTEXT(3) 
GLOBAL_UNCERTAINTY_ASSIGNED_CONTEXT((#2509)) 
GLOBAL_UNIT_ASSIGNED_CONTEXT((#2506,#2507,#2508)) REPRESENTATION_CONTEXT
('Context #1','3D Context with UNIT and UNCERTAINTY') );
#2506 = ( LENGTH_UNIT() NAMED_UNIT(*) SI_UNIT(.MILLI.,.METRE.) );
#2507 = ( NAMED_UNIT(*) PLANE_ANGLE_UNIT() SI_UNIT($,.RADIAN.) );
#2508 = ( NAMED_UNIT(*) SI_UNIT($,.STERADIAN.) SOLID_ANGLE_UNIT() );
#2509 = UNCERTAINTY_MEASURE_WITH_UNIT(LENGTH_MEASURE(1.E-07),#2506,
  'distance_accuracy_value','confusion accuracy');
#2510 = SHAPE_DEFINITION_REPRESENTATION(#2511,#2492);
#2511 = PRODUCT_DEFINITION_SHAPE('','',#2512);
#2512 = PRODUCT_DEFINITION('design','',#2513,#2516);
#2513 = PRODUCT_DEFINITION_FORMATION('','',#2514);
#2514 = PRODUCT('B9','B9','',(#2515));
#2515 = PRODUCT_CONTEXT('',#2,'mechanical');
#2516 = PRODUCT_DEFINITION_CONTEXT('part definition',#2,'design');
#2517 = CONTEXT_DEPENDENT_SHAPE_REPRESENTATION(#2518,#2520);
#2518 = ( REPRESENTATION_RELATIONSHIP('','',#2492,#10) 
REPRESENTATION_RELATIONSHIP_WITH_TRANSFORMATION(#2519) 
SHAPE_REPRESENTATION_RELATIONSHIP() );
#2519 = ITEM_DEFINED_TRANSFORMATION('','',#11,#147);
#2520 = PRODUCT_DEFINITION_SHAPE('Placement','Placement of an item',
  #2521);
#2521 = NEXT_ASSEMBLY_USAGE_OCCURRENCE('34','=>[0:1:1:35]','',#5,#2512,$
  );
#2522 = PRODUCT_RELATED_PRODUCT_CATEGORY('part',$,(#2514));
#2523 = ADVANCED_BREP_SHAPE_REPRESENTATION('',(#11,#2524),#2536);
#2524 = MANIFOLD_SOLID_BREP('',#2525);
#2525 = CLOSED_SHELL('',(#2526));
#2526 = ADVANCED_FACE('',(#2527),#2531,.T.);
#2527 = FACE_BOUND('',#2528,.T.);
#2528 = VERTEX_LOOP('',#2529);
#2529 = VERTEX_POINT('',#2530);
#2530 = CARTESIAN_POINT('',(7.654042494671E-18,-1.874699728327E-33,
    -0.125));
#2531 = SPHERICAL_SURFACE('',#2532,0.125);
#2532 = AXIS2_PLACEMENT_3D('',#2533,#2534,#2535);
#2533 = CARTESIAN_POINT('',(0.,0.,0.));
#2534 = DIRECTION('',(0.,0.,1.));
#2535 = DIRECTION('',(1.,0.,-0.));
#2536 = ( GEOMETRIC_REPRESENTATION_CONTEXT(3) 
GLOBAL_UNCERTAINTY_ASSIGNED_CONTEXT((#2540)) 
GLOBAL_UNIT_ASSIGNED_CONTEXT((#2537,#2538,#2539)) REPRESENTATION_CONTEXT
('Context #1','3D Context with UNIT and UNCERTAINTY') );
#2537 = ( LENGTH_UNIT() NAMED_UNIT(*) SI_UNIT(.MILLI.,.METRE.) );
#2538 = ( NAMED_UNIT(*) PLANE_ANGLE_UNIT() SI_UNIT($,.RADIAN.) );
#2539 = ( NAMED_UNIT(*) SI_UNIT($,.STERADIAN.) SOLID_ANGLE_UNIT() );
#2540 = UNCERTAINTY_MEASURE_WITH_UNIT(LENGTH_MEASURE(1.E-07),#2537,
  'distance_accuracy_value','confusion accuracy');
#2541 = SHAPE_DEFINITION_REPRESENTATION(#2542,#2523);
#2542 = PRODUCT_DEFINITION_SHAPE('','',#2543);
#2543 = PRODUCT_DEFINITION('design','',#2544,#2547);
#2544 = PRODUCT_DEFINITION_FORMATION('','',#2545);
#2545 = PRODUCT('B10','B10','',(#2546));
#2546 = PRODUCT_CONTEXT('',#2,'mechanical');
#2547 = PRODUCT_DEFINITION_CONTEXT('part definition',#2,'design');
#2548 = CONTEXT_DEPENDENT_SHAPE_REPRESENTATION(#2549,#2551);
#2549 = ( REPRESENTATION_RELATIONSHIP('','',#2523,#10) 
REPRESENTATION_RELATIONSHIP_WITH_TRANSFORMATION(#2550) 
SHAPE_REPRESENTATION_RELATIONSHIP() );
#2550 = ITEM_DEFINED_TRANSFORMATION('','',#11,#151);
#2551 = PRODUCT_DEFINITION_SHAPE('Placement','Placement of an item',
  #2552);
#2552 = NEXT_ASSEMBLY_USAGE_OCCURRENCE('35','=>[0:1:1:36]','',#5,#2543,$
  );
#2553 = PRODUCT_RELATED_PRODUCT_CATEGORY('part',$,(#2545));
#2554 = ADVANCED_BREP_SHAPE_REPRESENTATION('',(#11,#2555),#2567);
#2555 = MANIFOLD_SOLID_BREP('',#2556);
#2556 = CLOSED_SHELL('',(#2557));
#2557 = ADVANCED_FACE('',(#2558),#2562,.T.);
#2558 = FACE_BOUND('',#2559,.T.);
#2559 = VERTEX_LOOP('',#2560);
#2560 = VERTEX_POINT('',#2561);
#2561 = CARTESIAN_POINT('',(7.654042494671E-18,-1.874699728327E-33,
    -0.125));
#2562 = SPHERICAL_SURFACE('',#2563,0.125);
#2563 = AXIS2_PLACEMENT_3D('',#2564,#2565,#2566);
#2564 = CARTESIAN_POINT('',(0.,0.,0.));
#2565 = DIRECTION('',(0.,0.,1.));
#2566 = DIRECTION('',(1.,0.,-0.));
#2567 = ( GEOMETRIC_REPRESENTATION_CONTEXT(3) 
GLOBAL_UNCERTAINTY_ASSIGNED_CONTEXT((#2571)) 
GLOBAL_UNIT_ASSIGNED_CONTEXT((#2568,#2569,#2570)) REPRESENTATION_CONTEXT
('Context #1','3D Context with UNIT and UNCERTAINTY') );
#2568 = ( LENGTH_UNIT() NAMED_UNIT(*) SI_UNIT(.MILLI.,.METRE.) );
#2569 = ( NAMED_UNIT(*) PLANE_ANGLE_UNIT() SI_UNIT($,.RADIAN.) );
#2570 = ( NAMED_UNIT(*) SI_UNIT($,.STERADIAN.) SOLID_ANGLE_UNIT() );
#2571 = UNCERTAINTY_MEASURE_WITH_UNIT(LENGTH_MEASURE(1.E-07),#2568,
  'distance_accuracy_value','confusion accuracy');
#2572 = SHAPE_DEFINITION_REPRESENTATION(#2573,#2554);
#2573 = PRODUCT_DEFINITION_SHAPE('','',#2574);
#2574 = PRODUCT_DEFINITION('design','',#2575,#2578);
#2575 = PRODUCT_DEFINITION_FORMATION('','',#2576);
#2576 = PRODUCT('B11','B11','',(#2577));
#2577 = PRODUCT_CONTEXT('',#2,'mechanical');
#2578 = PRODUCT_DEFINITION_CONTEXT('part definition',#2,'design');
#2579 = CONTEXT_DEPENDENT_SHAPE_REPRESENTATION(#2580,#2582);
#2580 = ( REPRESENTATION_RELATIONSHIP('','',#2554,#10) 
REPRESENTATION_RELATIONSHIP_WITH_TRANSFORMATION(#2581) 
SHAPE_REPRESENTATION_RELATIONSHIP() );
#2581 = ITEM_DEFINED_TRANSFORMATION('','',#11,#155);
#2582 = PRODUCT_DEFINITION_SHAPE('Placement','Placement of an item',
  #2583);
#2583 = NEXT_ASSEMBLY_USAGE_OCCURRENCE('36','=>[0:1:1:37]','',#5,#2574,$
  );
#2584 = PRODUCT_RELATED_PRODUCT_CATEGORY('part',$,(#2576));
#2585 = ADVANCED_BREP_SHAPE_REPRESENTATION('',(#11,#2586),#2598);
#2586 = MANIFOLD_SOLID_BREP('',#2587);
#2587 = CLOSED_SHELL('',(#2588));
#2588 = ADVANCED_FACE('',(#2589),#2593,.T.);
#2589 = FACE_BOUND('',#2590,.T.);
#2590 = VERTEX_LOOP('',#2591);
#2591 = VERTEX_POINT('',#2592);
#2592 = CARTESIAN_POINT('',(7.654042494671E-18,-1.874699728327E-33,
    -0.125));
#2593 = SPHERICAL_SURFACE('',#2594,0.125);
#2594 = AXIS2_PLACEMENT_3D('',#2595,#2596,#2597);
#2595 = CARTESIAN_POINT('',(0.,0.,0.));
#2596 = DIRECTION('',(0.,0.,1.));
#2597 = DIRECTION('',(1.,0.,-0.));
#2598 = ( GEOMETRIC_REPRESENTATION_CONTEXT(3) 
GLOBAL_UNCERTAINTY_ASSIGNED_CONTEXT((#2602)) 
GLOBAL_UNIT_ASSIGNED_CONTEXT((#2599,#2600,#2601)) REPRESENTATION_CONTEXT
('Context #1','3D Context with UNIT and UNCERTAINTY') );
#2599 = ( LENGTH_UNIT() NAMED_UNIT(*) SI_UNIT(.MILLI.,.METRE.) );
#2600 = ( NAMED_UNIT(*) PLANE_ANGLE_UNIT() SI_UNIT($,.RADIAN.) );
#2601 = ( NAMED_UNIT(*) SI_UNIT($,.STERADIAN.) SOLID_ANGLE_UNIT() );
#2602 = UNCERTAINTY_MEASURE_WITH_UNIT(LENGTH_MEASURE(1.E-07),#2599,
  'distance_accuracy_value','confusion accuracy');
#2603 = SHAPE_DEFINITION_REPRESENTATION(#2604,#2585);
#2604 = PRODUCT_DEFINITION_SHAPE('','',#2605);
#2605 = PRODUCT_DEFINITION('design','',#2606,#2609);
#2606 = PRODUCT_DEFINITION_FORMATION('','',#2607);
#2607 = PRODUCT('B12','B12','',(#2608));
#2608 = PRODUCT_CONTEXT('',#2,'mechanical');
#2609 = PRODUCT_DEFINITION_CONTEXT('part definition',#2,'design');
#2610 = CONTEXT_DEPENDENT_SHAPE_REPRESENTATION(#2611,#2613);
#2611 = ( REPRESENTATION_RELATIONSHIP('','',#2585,#10) 
REPRESENTATION_RELATIONSHIP_WITH_TRANSFORMATION(#2612) 
SHAPE_REPRESENTATION_RELATIONSHIP() );
#2612 = ITEM_DEFINED_TRANSFORMATION('','',#11,#159);
#2613 = PRODUCT_DEFINITION_SHAPE('Placement','Placement of an item',
  #2614);
#2614 = NEXT_ASSEMBLY_USAGE_OCCURRENCE('37','=>[0:1:1:38]','',#5,#2605,$
  );
#2615 = PRODUCT_RELATED_PRODUCT_CATEGORY('part',$,(#2607));
#2616 = ADVANCED_BREP_SHAPE_REPRESENTATION('',(#11,#2617),#2629);
#2617 = MANIFOLD_SOLID_BREP('',#2618);
#2618 = CLOSED_SHELL('',(#2619));
#2619 = ADVANCED_FACE('',(#2620),#2624,.T.);
#2620 = FACE_BOUND('',#2621,.T.);
#2621 = VERTEX_LOOP('',#2622);
#2622 = VERTEX_POINT('',#2623);
#2623 = CARTESIAN_POINT('',(7.654042494671E-18,-1.874699728327E-33,
    -0.125));
#2624 = SPHERICAL_SURFACE('',#2625,0.125);
#2625 = AXIS2_PLACEMENT_3D('',#2626,#2627,#2628);
#2626 = CARTESIAN_POINT('',(0.,0.,0.));
#2627 = DIRECTION('',(0.,0.,1.));
#2628 = DIRECTION('',(1.,0.,-0.));
#2629 = ( GEOMETRIC_REPRESENTATION_CONTEXT(3) 
GLOBAL_UNCERTAINTY_ASSIGNED_CONTEXT((#2633)) 
GLOBAL_UNIT_ASSIGNED_CONTEXT((#2630,#2631,#2632)) REPRESENTATION_CONTEXT
('Context #1','3D Context with UNIT and UNCERTAINTY') );
#2630 = ( LENGTH_UNIT() NAMED_UNIT(*) SI_UNIT(.MILLI.,.METRE.) );
#2631 = ( NAMED_UNIT(*) PLANE_ANGLE_UNIT() SI_UNIT($,.RADIAN.) );
#2632 = ( NAMED_UNIT(*) SI_UNIT($,.STERADIAN.) SOLID_ANGLE_UNIT() );
#2633 = UNCERTAINTY_MEASURE_WITH_UNIT(LENGTH_MEASURE(1.E-07),#2630,
  'distance_accuracy_value','confusion accuracy');
#2634 = SHAPE_DEFINITION_REPRESENTATION(#2635,#2616);
#2635 = PRODUCT_DEFINITION_SHAPE('','',#2636);
#2636 = PRODUCT_DEFINITION('design','',#2637,#2640);
#2637 = PRODUCT_DEFINITION_FORMATION('','',#2638);
#2638 = PRODUCT('B13','B13','',(#2639));
#2639 = PRODUCT_CONTEXT('',#2,'mechanical');
#2640 = PRODUCT_DEFINITION_CONTEXT('part definition',#2,'design');
#2641 = CONTEXT_DEPENDENT_SHAPE_REPRESENTATION(#2642,#2644);
#2642 = ( REPRESENTATION_RELATIONSHIP('','',#2616,#10) 
REPRESENTATION_RELATIONSHIP_WITH_TRANSFORMATION(#2643) 
SHAPE_REPRESENTATION_RELATIONSHIP() );
#2643 = ITEM_DEFINED_TRANSFORMATION('','',#11,#163);
#2644 = PRODUCT_DEFINITION_SHAPE('Placement','Placement of an item',
  #2645);
#2645 = NEXT_ASSEMBLY_USAGE_OCCURRENCE('38','=>[0:1:1:39]','',#5,#2636,$
  );
#2646 = PRODUCT_RELATED_PRODUCT_CATEGORY('part',$,(#2638));
#2647 = ADVANCED_BREP_SHAPE_REPRESENTATION('',(#11,#2648),#2660);
#2648 = MANIFOLD_SOLID_BREP('',#2649);
#2649 = CLOSED_SHELL('',(#2650));
#2650 = ADVANCED_FACE('',(#2651),#2655,.T.);
#2651 = FACE_BOUND('',#2652,.T.);
#2652 = VERTEX_LOOP('',#2653);
#2653 = VERTEX_POINT('',#2654);
#2654 = CARTESIAN_POINT('',(7.654042494671E-18,-1.874699728327E-33,
    -0.125));
#2655 = SPHERICAL_SURFACE('',#2656,0.125);
#2656 = AXIS2_PLACEMENT_3D('',#2657,#2658,#2659);
#2657 = CARTESIAN_POINT('',(0.,0.,0.));
#2658 = DIRECTION('',(0.,0.,1.));
#2659 = DIRECTION('',(1.,0.,-0.));
#2660 = ( GEOMETRIC_REPRESENTATION_CONTEXT(3) 
GLOBAL_UNCERTAINTY_ASSIGNED_CONTEXT((#2664)) 
GLOBAL_UNIT_ASSIGNED_CONTEXT((#2661,#2662,#2663)) REPRESENTATION_CONTEXT
('Context #1','3D Context with UNIT and UNCERTAINTY') );
#2661 = ( LENGTH_UNIT() NAMED_UNIT(*) SI_UNIT(.MILLI.,.METRE.) );
#2662 = ( NAMED_UNIT(*) PLANE_ANGLE_UNIT() SI_UNIT($,.RADIAN.) );
#2663 = ( NAMED_UNIT(*) SI_UNIT($,.STERADIAN.) SOLID_ANGLE_UNIT() );
#2664 = UNCERTAINTY_MEASURE_WITH_UNIT(LENGTH_MEASURE(1.E-07),#2661,
  'distance_accuracy_value','confusion accuracy');
#2665 = SHAPE_DEFINITION_REPRESENTATION(#2666,#2647);
#2666 = PRODUCT_DEFINITION_SHAPE('','',#2667);
#2667 = PRODUCT_DEFINITION('design','',#2668,#2671);
#2668 = PRODUCT_DEFINITION_FORMATION('','',#2669);
#2669 = PRODUCT('B14','B14','',(#2670));
#2670 = PRODUCT_CONTEXT('',#2,'mechanical');
#2671 = PRODUCT_DEFINITION_CONTEXT('part definition',#2,'design');
#2672 = CONTEXT_DEPENDENT_SHAPE_REPRESENTATION(#2673,#2675);
#2673 = ( REPRESENTATION_RELATIONSHIP('','',#2647,#10) 
REPRESENTATION_RELATIONSHIP_WITH_TRANSFORMATION(#2674) 
SHAPE_REPRESENTATION_RELATIONSHIP() );
#2674 = ITEM_DEFINED_TRANSFORMATION('','',#11,#167);
#2675 = PRODUCT_DEFINITION_SHAPE('Placement','Placement of an item',
  #2676);
#2676 = NEXT_ASSEMBLY_USAGE_OCCURRENCE('39','=>[0:1:1:40]','',#5,#2667,$
  );
#2677 = PRODUCT_RELATED_PRODUCT_CATEGORY('part',$,(#2669));
#2678 = ADVANCED_BREP_SHAPE_REPRESENTATION('',(#11,#2679),#2691);
#2679 = MANIFOLD_SOLID_BREP('',#2680);
#2680 = CLOSED_SHELL('',(#2681));
#2681 = ADVANCED_FACE('',(#2682),#2686,.T.);
#2682 = FACE_BOUND('',#2683,.T.);
#2683 = VERTEX_LOOP('',#2684);
#2684 = VERTEX_POINT('',#2685);
#2685 = CARTESIAN_POINT('',(7.654042494671E-18,-1.874699728327E-33,
    -0.125));
#2686 = SPHERICAL_SURFACE('',#2687,0.125);
#2687 = AXIS2_PLACEMENT_3D('',#2688,#2689,#2690);
#2688 = CARTESIAN_POINT('',(0.,0.,0.));
#2689 = DIRECTION('',(0.,0.,1.));
#2690 = DIRECTION('',(1.,0.,-0.));
#2691 = ( GEOMETRIC_REPRESENTATION_CONTEXT(3) 
GLOBAL_UNCERTAINTY_ASSIGNED_CONTEXT((#2695)) 
GLOBAL_UNIT_ASSIGNED_CONTEXT((#2692,#2693,#2694)) REPRESENTATION_CONTEXT
('Context #1','3D Context with UNIT and UNCERTAINTY') );
#2692 = ( LENGTH_UNIT() NAMED_UNIT(*) SI_UNIT(.MILLI.,.METRE.) );
#2693 = ( NAMED_UNIT(*) PLANE_ANGLE_UNIT() SI_UNIT($,.RADIAN.) );
#2694 = ( NAMED_UNIT(*) SI_UNIT($,.STERADIAN.) SOLID_ANGLE_UNIT() );
#2695 = UNCERTAINTY_MEASURE_WITH_UNIT(LENGTH_MEASURE(1.E-07),#2692,
  'distance_accuracy_value','confusion accuracy');
#2696 = SHAPE_DEFINITION_REPRESENTATION(#2697,#2678);
#2697 = PRODUCT_DEFINITION_SHAPE('','',#2698);
#2698 = PRODUCT_DEFINITION('design','',#2699,#2702);
#2699 = PRODUCT_DEFINITION_FORMATION('','',#2700);
#2700 = PRODUCT('B15','B15','',(#2701));
#2701 = PRODUCT_CONTEXT('',#2,'mechanical');
#2702 = PRODUCT_DEFINITION_CONTEXT('part definition',#2,'design');
#2703 = CONTEXT_DEPENDENT_SHAPE_REPRESENTATION(#2704,#2706);
#2704 = ( REPRESENTATION_RELATIONSHIP('','',#2678,#10) 
REPRESENTATION_RELATIONSHIP_WITH_TRANSFORMATION(#2705) 
SHAPE_REPRESENTATION_RELATIONSHIP() );
#2705 = ITEM_DEFINED_TRANSFORMATION('','',#11,#171);
#2706 = PRODUCT_DEFINITION_SHAPE('Placement','Placement of an item',
  #2707);
#2707 = NEXT_ASSEMBLY_USAGE_OCCURRENCE('40','=>[0:1:1:41]','',#5,#2698,$
  );
#2708 = PRODUCT_RELATED_PRODUCT_CATEGORY('part',$,(#2700));
#2709 = ADVANCED_BREP_SHAPE_REPRESENTATION('',(#11,#2710),#2722);
#2710 = MANIFOLD_SOLID_BREP('',#2711);
#2711 = CLOSED_SHELL('',(#2712));
#2712 = ADVANCED_FACE('',(#2713),#2717,.T.);
#2713 = FACE_BOUND('',#2714,.T.);
#2714 = VERTEX_LOOP('',#2715);
#2715 = VERTEX_POINT('',#2716);
#2716 = CARTESIAN_POINT('',(7.654042494671E-18,-1.874699728327E-33,
    -0.125));
#2717 = SPHERICAL_SURFACE('',#2718,0.125);
#2718 = AXIS2_PLACEMENT_3D('',#2719,#2720,#2721);
#2719 = CARTESIAN_POINT('',(0.,0.,0.));
#2720 = DIRECTION('',(0.,0.,1.));
#2721 = DIRECTION('',(1.,0.,-0.));
#2722 = ( GEOMETRIC_REPRESENTATION_CONTEXT(3) 
GLOBAL_UNCERTAINTY_ASSIGNED_CONTEXT((#2726)) 
GLOBAL_UNIT_ASSIGNED_CONTEXT((#2723,#2724,#2725)) REPRESENTATION_CONTEXT
('Context #1','3D Context with UNIT and UNCERTAINTY') );
#2723 = ( LENGTH_UNIT() NAMED_UNIT(*) SI_UNIT(.MILLI.,.METRE.) );
#2724 = ( NAMED_UNIT(*) PLANE_ANGLE_UNIT() SI_UNIT($,.RADIAN.) );
#2725 = ( NAMED_UNIT(*) SI_UNIT($,.STERADIAN.) SOLID_ANGLE_UNIT() );
#2726 = UNCERTAINTY_MEASURE_WITH_UNIT(LENGTH_MEASURE(1.E-07),#2723,
  'distance_accuracy_value','confusion accuracy');
#2727 = SHAPE_DEFINITION_REPRESENTATION(#2728,#2709);
#2728 = PRODUCT_DEFINITION_SHAPE('','',#2729);
#2729 = PRODUCT_DEFINITION('design','',#2730,#2733);
#2730 = PRODUCT_DEFINITION_FORMATION('','',#2731);
#2731 = PRODUCT('B16','B16','',(#2732));
#2732 = PRODUCT_CONTEXT('',#2,'mechanical');
#2733 = PRODUCT_DEFINITION_CONTEXT('part definition',#2,'design');
#2734 = CONTEXT_DEPENDENT_SHAPE_REPRESENTATION(#2735,#2737);
#2735 = ( REPRESENTATION_RELATIONSHIP('','',#2709,#10) 
REPRESENTATION_RELATIONSHIP_WITH_TRANSFORMATION(#2736) 
SHAPE_REPRESENTATION_RELATIONSHIP() );
#2736 = ITEM_DEFINED_TRANSFORMATION('','',#11,#175);
#2737 = PRODUCT_DEFINITION_SHAPE('Placement','Placement of an item',
  #2738);
#2738 = NEXT_ASSEMBLY_USAGE_OCCURRENCE('41','=>[0:1:1:42]','',#5,#2729,$
  );
#2739 = PRODUCT_RELATED_PRODUCT_CATEGORY('part',$,(#2731));
#2740 = ADVANCED_BREP_SHAPE_REPRESENTATION('',(#11,#2741),#2753);
#2741 = MANIFOLD_SOLID_BREP('',#2742);
#2742 = CLOSED_SHELL('',(#2743));
#2743 = ADVANCED_FACE('',(#2744),#2748,.T.);
#2744 = FACE_BOUND('',#2745,.T.);
#2745 = VERTEX_LOOP('',#2746);
#2746 = VERTEX_POINT('',#2747);
#2747 = CARTESIAN_POINT('',(7.654042494671E-18,-1.874699728327E-33,
    -0.125));
#2748 = SPHERICAL_SURFACE('',#2749,0.125);
#2749 = AXIS2_PLACEMENT_3D('',#2750,#2751,#2752);
#2750 = CARTESIAN_POINT('',(0.,0.,0.));
#2751 = DIRECTION('',(0.,0.,1.));
#2752 = DIRECTION('',(1.,0.,-0.));
#2753 = ( GEOMETRIC_REPRESENTATION_CONTEXT(3) 
GLOBAL_UNCERTAINTY_ASSIGNED_CONTEXT((#2757)) 
GLOBAL_UNIT_ASSIGNED_CONTEXT((#2754,#2755,#2756)) REPRESENTATION_CONTEXT
('Context #1','3D Context with UNIT and UNCERTAINTY') );
#2754 = ( LENGTH_UNIT() NAMED_UNIT(*) SI_UNIT(.MILLI.,.METRE.) );
#2755 = ( NAMED_UNIT(*) PLANE_ANGLE_UNIT() SI_UNIT($,.RADIAN.) );
#2756 = ( NAMED_UNIT(*) SI_UNIT($,.STERADIAN.) SOLID_ANGLE_UNIT() );
#2757 = UNCERTAINTY_MEASURE_WITH_UNIT(LENGTH_MEASURE(1.E-07),#2754,
  'distance_accuracy_value','confusion accuracy');
#2758 = SHAPE_DEFINITION_REPRESENTATION(#2759,#2740);
#2759 = PRODUCT_DEFINITION_SHAPE('','',#2760);
#2760 = PRODUCT_DEFINITION('design','',#2761,#2764);
#2761 = PRODUCT_DEFINITION_FORMATION('','',#2762);
#2762 = PRODUCT('B17','B17','',(#2763));
#2763 = PRODUCT_CONTEXT('',#2,'mechanical');
#2764 = PRODUCT_DEFINITION_CONTEXT('part definition',#2,'design');
#2765 = CONTEXT_DEPENDENT_SHAPE_REPRESENTATION(#2766,#2768);
#2766 = ( REPRESENTATION_RELATIONSHIP('','',#2740,#10) 
REPRESENTATION_RELATIONSHIP_WITH_TRANSFORMATION(#2767) 
SHAPE_REPRESENTATION_RELATIONSHIP() );
#2767 = ITEM_DEFINED_TRANSFORMATION('','',#11,#179);
#2768 = PRODUCT_DEFINITION_SHAPE('Placement','Placement of an item',
  #2769);
#2769 = NEXT_ASSEMBLY_USAGE_OCCURRENCE('42','=>[0:1:1:43]','',#5,#2760,$
  );
#2770 = PRODUCT_RELATED_PRODUCT_CATEGORY('part',$,(#2762));
#2771 = ADVANCED_BREP_SHAPE_REPRESENTATION('',(#11,#2772),#2784);
#2772 = MANIFOLD_SOLID_BREP('',#2773);
#2773 = CLOSED_SHELL('',(#2774));
#2774 = ADVANCED_FACE('',(#2775),#2779,.T.);
#2775 = FACE_BOUND('',#2776,.T.);
#2776 = VERTEX_LOOP('',#2777);
#2777 = VERTEX_POINT('',#2778);
#2778 = CARTESIAN_POINT('',(7.654042494671E-18,-1.874699728327E-33,
    -0.125));
#2779 = SPHERICAL_SURFACE('',#2780,0.125);
#2780 = AXIS2_PLACEMENT_3D('',#2781,#2782,#2783);
#2781 = CARTESIAN_POINT('',(0.,0.,0.));
#2782 = DIRECTION('',(0.,0.,1.));
#2783 = DIRECTION('',(1.,0.,-0.));
#2784 = ( GEOMETRIC_REPRESENTATION_CONTEXT(3) 
GLOBAL_UNCERTAINTY_ASSIGNED_CONTEXT((#2788)) 
GLOBAL_UNIT_ASSIGNED_CONTEXT((#2785,#2786,#2787)) REPRESENTATION_CONTEXT
('Context #1','3D Context with UNIT and UNCERTAINTY') );
#2785 = ( LENGTH_UNIT() NAMED_UNIT(*) SI_UNIT(.MILLI.,.METRE.) );
#2786 = ( NAMED_UNIT(*) PLANE_ANGLE_UNIT() SI_UNIT($,.RADIAN.) );
#2787 = ( NAMED_UNIT(*) SI_UNIT($,.STERADIAN.) SOLID_ANGLE_UNIT() );
#2788 = UNCERTAINTY_MEASURE_WITH_UNIT(LENGTH_MEASURE(1.E-07),#2785,
  'distance_accuracy_value','confusion accuracy');
#2789 = SHAPE_DEFINITION_REPRESENTATION(#2790,#2771);
#2790 = PRODUCT_DEFINITION_SHAPE('','',#2791);
#2791 = PRODUCT_DEFINITION('design','',#2792,#2795);
#2792 = PRODUCT_DEFINITION_FORMATION('','',#2793);
#2793 = PRODUCT('B18','B18','',(#2794));
#2794 = PRODUCT_CONTEXT('',#2,'mechanical');
#2795 = PRODUCT_DEFINITION_CONTEXT('part definition',#2,'design');
#2796 = CONTEXT_DEPENDENT_SHAPE_REPRESENTATION(#2797,#2799);
#2797 = ( REPRESENTATION_RELATIONSHIP('','',#2771,#10) 
REPRESENTATION_RELATIONSHIP_WITH_TRANSFORMATION(#2798) 
SHAPE_REPRESENTATION_RELATIONSHIP() );
#2798 = ITEM_DEFINED_TRANSFORMATION('','',#11,#183);
#2799 = PRODUCT_DEFINITION_SHAPE('Placement','Placement of an item',
  #2800);
#2800 = NEXT_ASSEMBLY_USAGE_OCCURRENCE('43','=>[0:1:1:44]','',#5,#2791,$
  );
#2801 = PRODUCT_RELATED_PRODUCT_CATEGORY('part',$,(#2793));
#2802 = ADVANCED_BREP_SHAPE_REPRESENTATION('',(#11,#2803),#2815);
#2803 = MANIFOLD_SOLID_BREP('',#2804);
#2804 = CLOSED_SHELL('',(#2805));
#2805 = ADVANCED_FACE('',(#2806),#2810,.T.);
#2806 = FACE_BOUND('',#2807,.T.);
#2807 = VERTEX_LOOP('',#2808);
#2808 = VERTEX_POINT('',#2809);
#2809 = CARTESIAN_POINT('',(7.654042494671E-18,-1.874699728327E-33,
    -0.125));
#2810 = SPHERICAL_SURFACE('',#2811,0.125);
#2811 = AXIS2_PLACEMENT_3D('',#2812,#2813,#2814);
#2812 = CARTESIAN_POINT('',(0.,0.,0.));
#2813 = DIRECTION('',(0.,0.,1.));
#2814 = DIRECTION('',(1.,0.,-0.));
#2815 = ( GEOMETRIC_REPRESENTATION_CONTEXT(3) 
GLOBAL_UNCERTAINTY_ASSIGNED_CONTEXT((#2819)) 
GLOBAL_UNIT_ASSIGNED_CONTEXT((#2816,#2817,#2818)) REPRESENTATION_CONTEXT
('Context #1','3D Context with UNIT and UNCERTAINTY') );
#2816 = ( LENGTH_UNIT() NAMED_UNIT(*) SI_UNIT(.MILLI.,.METRE.) );
#2817 = ( NAMED_UNIT(*) PLANE_ANGLE_UNIT() SI_UNIT($,.RADIAN.) );
#2818 = ( NAMED_UNIT(*) SI_UNIT($,.STERADIAN.) SOLID_ANGLE_UNIT() );
#2819 = UNCERTAINTY_MEASURE_WITH_UNIT(LENGTH_MEASURE(1.E-07),#2816,
  'distance_accuracy_value','confusion accuracy');
#2820 = SHAPE_DEFINITION_REPRESENTATION(#2821,#2802);
#2821 = PRODUCT_DEFINITION_SHAPE('','',#2822);
#2822 = PRODUCT_DEFINITION('design','',#2823,#2826);
#2823 = PRODUCT_DEFINITION_FORMATION('','',#2824);
#2824 = PRODUCT('B19','B19','',(#2825));
#2825 = PRODUCT_CONTEXT('',#2,'mechanical');
#2826 = PRODUCT_DEFINITION_CONTEXT('part definition',#2,'design');
#2827 = CONTEXT_DEPENDENT_SHAPE_REPRESENTATION(#2828,#2830);
#2828 = ( REPRESENTATION_RELATIONSHIP('','',#2802,#10) 
REPRESENTATION_RELATIONSHIP_WITH_TRANSFORMATION(#2829) 
SHAPE_REPRESENTATION_RELATIONSHIP() );
#2829 = ITEM_DEFINED_TRANSFORMATION('','',#11,#187);
#2830 = PRODUCT_DEFINITION_SHAPE('Placement','Placement of an item',
  #2831);
#2831 = NEXT_ASSEMBLY_USAGE_OCCURRENCE('44','=>[0:1:1:45]','',#5,#2822,$
  );
#2832 = PRODUCT_RELATED_PRODUCT_CATEGORY('part',$,(#2824));
#2833 = ADVANCED_BREP_SHAPE_REPRESENTATION('',(#11,#2834),#2846);
#2834 = MANIFOLD_SOLID_BREP('',#2835);
#2835 = CLOSED_SHELL('',(#2836));
#2836 = ADVANCED_FACE('',(#2837),#2841,.T.);
#2837 = FACE_BOUND('',#2838,.T.);
#2838 = VERTEX_LOOP('',#2839);
#2839 = VERTEX_POINT('',#2840);
#2840 = CARTESIAN_POINT('',(7.654042494671E-18,-1.874699728327E-33,
    -0.125));
#2841 = SPHERICAL_SURFACE('',#2842,0.125);
#2842 = AXIS2_PLACEMENT_3D('',#2843,#2844,#2845);
#2843 = CARTESIAN_POINT('',(0.,0.,0.));
#2844 = DIRECTION('',(0.,0.,1.));
#2845 = DIRECTION('',(1.,0.,-0.));
#2846 = ( GEOMETRIC_REPRESENTATION_CONTEXT(3) 
GLOBAL_UNCERTAINTY_ASSIGNED_CONTEXT((#2850)) 
GLOBAL_UNIT_ASSIGNED_CONTEXT((#2847,#2848,#2849)) REPRESENTATION_CONTEXT
('Context #1','3D Context with UNIT and UNCERTAINTY') );
#2847 = ( LENGTH_UNIT() NAMED_UNIT(*) SI_UNIT(.MILLI.,.METRE.) );
#2848 = ( NAMED_UNIT(*) PLANE_ANGLE_UNIT() SI_UNIT($,.RADIAN.) );
#2849 = ( NAMED_UNIT(*) SI_UNIT($,.STERADIAN.) SOLID_ANGLE_UNIT() );
#2850 = UNCERTAINTY_MEASURE_WITH_UNIT(LENGTH_MEASURE(1.E-07),#2847,
  'distance_accuracy_value','confusion accuracy');
#2851 = SHAPE_DEFINITION_REPRESENTATION(#2852,#2833);
#2852 = PRODUCT_DEFINITION_SHAPE('','',#2853);
#2853 = PRODUCT_DEFINITION('design','',#2854,#2857);
#2854 = PRODUCT_DEFINITION_FORMATION('','',#2855);
#2855 = PRODUCT('B20','B20','',(#2856));
#2856 = PRODUCT_CONTEXT('',#2,'mechanical');
#2857 = PRODUCT_DEFINITION_CONTEXT('part definition',#2,'design');
#2858 = CONTEXT_DEPENDENT_SHAPE_REPRESENTATION(#2859,#2861);
#2859 = ( REPRESENTATION_RELATIONSHIP('','',#2833,#10) 
REPRESENTATION_RELATIONSHIP_WITH_TRANSFORMATION(#2860) 
SHAPE_REPRESENTATION_RELATIONSHIP() );
#2860 = ITEM_DEFINED_TRANSFORMATION('','',#11,#191);
#2861 = PRODUCT_DEFINITION_SHAPE('Placement','Placement of an item',
  #2862);
#2862 = NEXT_ASSEMBLY_USAGE_OCCURRENCE('45','=>[0:1:1:46]','',#5,#2853,$
  );
#2863 = PRODUCT_RELATED_PRODUCT_CATEGORY('part',$,(#2855));
#2864 = ADVANCED_BREP_SHAPE_REPRESENTATION('',(#11,#2865),#2877);
#2865 = MANIFOLD_SOLID_BREP('',#2866);
#2866 = CLOSED_SHELL('',(#2867));
#2867 = ADVANCED_FACE('',(#2868),#2872,.T.);
#2868 = FACE_BOUND('',#2869,.T.);
#2869 = VERTEX_LOOP('',#2870);
#2870 = VERTEX_POINT('',#2871);
#2871 = CARTESIAN_POINT('',(7.654042494671E-18,-1.874699728327E-33,
    -0.125));
#2872 = SPHERICAL_SURFACE('',#2873,0.125);
#2873 = AXIS2_PLACEMENT_3D('',#2874,#2875,#2876);
#2874 = CARTESIAN_POINT('',(0.,0.,0.));
#2875 = DIRECTION('',(0.,0.,1.));
#2876 = DIRECTION('',(1.,0.,-0.));
#2877 = ( GEOMETRIC_REPRESENTATION_CONTEXT(3) 
GLOBAL_UNCERTAINTY_ASSIGNED_CONTEXT((#2881)) 
GLOBAL_UNIT_ASSIGNED_CONTEXT((#2878,#2879,#2880)) REPRESENTATION_CONTEXT
('Context #1','3D Context with UNIT and UNCERTAINTY') );
#2878 = ( LENGTH_UNIT() NAMED_UNIT(*) SI_UNIT(.MILLI.,.METRE.) );
#2879 = ( NAMED_UNIT(*) PLANE_ANGLE_UNIT() SI_UNIT($,.RADIAN.) );
#2880 = ( NAMED_UNIT(*) SI_UNIT($,.STERADIAN.) SOLID_ANGLE_UNIT() );
#2881 = UNCERTAINTY_MEASURE_WITH_UNIT(LENGTH_MEASURE(1.E-07),#2878,
  'distance_accuracy_value','confusion accuracy');
#2882 = SHAPE_DEFINITION_REPRESENTATION(#2883,#2864);
#2883 = PRODUCT_DEFINITION_SHAPE('','',#2884);
#2884 = PRODUCT_DEFINITION('design','',#2885,#2888);
#2885 = PRODUCT_DEFINITION_FORMATION('','',#2886);
#2886 = PRODUCT('B21','B21','',(#2887));
#2887 = PRODUCT_CONTEXT('',#2,'mechanical');
#2888 = PRODUCT_DEFINITION_CONTEXT('part definition',#2,'design');
#2889 = CONTEXT_DEPENDENT_SHAPE_REPRESENTATION(#2890,#2892);
#2890 = ( REPRESENTATION_RELATIONSHIP('','',#2864,#10) 
REPRESENTATION_RELATIONSHIP_WITH_TRANSFORMATION(#2891) 
SHAPE_REPRESENTATION_RELATIONSHIP() );
#2891 = ITEM_DEFINED_TRANSFORMATION('','',#11,#195);
#2892 = PRODUCT_DEFINITION_SHAPE('Placement','Placement of an item',
  #2893);
#2893 = NEXT_ASSEMBLY_USAGE_OCCURRENCE('46','=>[0:1:1:47]','',#5,#2884,$
  );
#2894 = PRODUCT_RELATED_PRODUCT_CATEGORY('part',$,(#2886));
#2895 = ADVANCED_BREP_SHAPE_REPRESENTATION('',(#11,#2896),#2908);
#2896 = MANIFOLD_SOLID_BREP('',#2897);
#2897 = CLOSED_SHELL('',(#2898));
#2898 = ADVANCED_FACE('',(#2899),#2903,.T.);
#2899 = FACE_BOUND('',#2900,.T.);
#2900 = VERTEX_LOOP('',#2901);
#2901 = VERTEX_POINT('',#2902);
#2902 = CARTESIAN_POINT('',(7.654042494671E-18,-1.874699728327E-33,
    -0.125));
#2903 = SPHERICAL_SURFACE('',#2904,0.125);
#2904 = AXIS2_PLACEMENT_3D('',#2905,#2906,#2907);
#2905 = CARTESIAN_POINT('',(0.,0.,0.));
#2906 = DIRECTION('',(0.,0.,1.));
#2907 = DIRECTION('',(1.,0.,-0.));
#2908 = ( GEOMETRIC_REPRESENTATION_CONTEXT(3) 
GLOBAL_UNCERTAINTY_ASSIGNED_CONTEXT((#2912)) 
GLOBAL_UNIT_ASSIGNED_CONTEXT((#2909,#2910,#2911)) REPRESENTATION_CONTEXT
('Context #1','3D Context with UNIT and UNCERTAINTY') );
#2909 = ( LENGTH_UNIT() NAMED_UNIT(*) SI_UNIT(.MILLI.,.METRE.) );
#2910 = ( NAMED_UNIT(*) PLANE_ANGLE_UNIT() SI_UNIT($,.RADIAN.) );
#2911 = ( NAMED_UNIT(*) SI_UNIT($,.STERADIAN.) SOLID_ANGLE_UNIT() );
#2912 = UNCERTAINTY_MEASURE_WITH_UNIT(LENGTH_MEASURE(1.E-07),#2909,
  'distance_accuracy_value','confusion accuracy');
#2913 = SHAPE_DEFINITION_REPRESENTATION(#2914,#2895);
#2914 = PRODUCT_DEFINITION_SHAPE('','',#2915);
#2915 = PRODUCT_DEFINITION('design','',#2916,#2919);
#2916 = PRODUCT_DEFINITION_FORMATION('','',#2917);
#2917 = PRODUCT('B22','B22','',(#2918));
#2918 = PRODUCT_CONTEXT('',#2,'mechanical');
#2919 = PRODUCT_DEFINITION_CONTEXT('part definition',#2,'design');
#2920 = CONTEXT_DEPENDENT_SHAPE_REPRESENTATION(#2921,#2923);
#2921 = ( REPRESENTATION_RELATIONSHIP('','',#2895,#10) 
REPRESENTATION_RELATIONSHIP_WITH_TRANSFORMATION(#2922) 
SHAPE_REPRESENTATION_RELATIONSHIP() );
#2922 = ITEM_DEFINED_TRANSFORMATION('','',#11,#199);
#2923 = PRODUCT_DEFINITION_SHAPE('Placement','Placement of an item',
  #2924);
#2924 = NEXT_ASSEMBLY_USAGE_OCCURRENCE('47','=>[0:1:1:48]','',#5,#2915,$
  );
#2925 = PRODUCT_RELATED_PRODUCT_CATEGORY('part',$,(#2917));
#2926 = ADVANCED_BREP_SHAPE_REPRESENTATION('',(#11,#2927),#2939);
#2927 = MANIFOLD_SOLID_BREP('',#2928);
#2928 = CLOSED_SHELL('',(#2929));
#2929 = ADVANCED_FACE('',(#2930),#2934,.T.);
#2930 = FACE_BOUND('',#2931,.T.);
#2931 = VERTEX_LOOP('',#2932);
#2932 = VERTEX_POINT('',#2933);
#2933 = CARTESIAN_POINT('',(7.654042494671E-18,-1.874699728327E-33,
    -0.125));
#2934 = SPHERICAL_SURFACE('',#2935,0.125);
#2935 = AXIS2_PLACEMENT_3D('',#2936,#2937,#2938);
#2936 = CARTESIAN_POINT('',(0.,0.,0.));
#2937 = DIRECTION('',(0.,0.,1.));
#2938 = DIRECTION('',(1.,0.,-0.));
#2939 = ( GEOMETRIC_REPRESENTATION_CONTEXT(3) 
GLOBAL_UNCERTAINTY_ASSIGNED_CONTEXT((#2943)) 
GLOBAL_UNIT_ASSIGNED_CONTEXT((#2940,#2941,#2942)) REPRESENTATION_CONTEXT
('Context #1','3D Context with UNIT and UNCERTAINTY') );
#2940 = ( LENGTH_UNIT() NAMED_UNIT(*) SI_UNIT(.MILLI.,.METRE.) );
#2941 = ( NAMED_UNIT(*) PLANE_ANGLE_UNIT() SI_UNIT($,.RADIAN.) );
#2942 = ( NAMED_UNIT(*) SI_UNIT($,.STERADIAN.) SOLID_ANGLE_UNIT() );
#2943 = UNCERTAINTY_MEASURE_WITH_UNIT(LENGTH_MEASURE(1.E-07),#2940,
  'distance_accuracy_value','confusion accuracy');
#2944 = SHAPE_DEFINITION_REPRESENTATION(#2945,#2926);
#2945 = PRODUCT_DEFINITION_SHAPE('','',#2946);
#2946 = PRODUCT_DEFINITION('design','',#2947,#2950);
#2947 = PRODUCT_DEFINITION_FORMATION('','',#2948);
#2948 = PRODUCT('B23','B23','',(#2949));
#2949 = PRODUCT_CONTEXT('',#2,'mechanical');
#2950 = PRODUCT_DEFINITION_CONTEXT('part definition',#2,'design');
#2951 = CONTEXT_DEPENDENT_SHAPE_REPRESENTATION(#2952,#2954);
#2952 = ( REPRESENTATION_RELATIONSHIP('','',#2926,#10) 
REPRESENTATION_RELATIONSHIP_WITH_TRANSFORMATION(#2953) 
SHAPE_REPRESENTATION_RELATIONSHIP() );
#2953 = ITEM_DEFINED_TRANSFORMATION('','',#11,#203);
#2954 = PRODUCT_DEFINITION_SHAPE('Placement','Placement of an item',
  #2955);
#2955 = NEXT_ASSEMBLY_USAGE_OCCURRENCE('48','=>[0:1:1:49]','',#5,#2946,$
  );
#2956 = PRODUCT_RELATED_PRODUCT_CATEGORY('part',$,(#2948));
#2957 = ADVANCED_BREP_SHAPE_REPRESENTATION('',(#11,#2958),#2970);
#2958 = MANIFOLD_SOLID_BREP('',#2959);
#2959 = CLOSED_SHELL('',(#2960));
#2960 = ADVANCED_FACE('',(#2961),#2965,.T.);
#2961 = FACE_BOUND('',#2962,.T.);
#2962 = VERTEX_LOOP('',#2963);
#2963 = VERTEX_POINT('',#2964);
#2964 = CARTESIAN_POINT('',(7.654042494671E-18,-1.874699728327E-33,
    -0.125));
#2965 = SPHERICAL_SURFACE('',#2966,0.125);
#2966 = AXIS2_PLACEMENT_3D('',#2967,#2968,#2969);
#2967 = CARTESIAN_POINT('',(0.,0.,0.));
#2968 = DIRECTION('',(0.,0.,1.));
#2969 = DIRECTION('',(1.,0.,-0.));
#2970 = ( GEOMETRIC_REPRESENTATION_CONTEXT(3) 
GLOBAL_UNCERTAINTY_ASSIGNED_CONTEXT((#2974)) 
GLOBAL_UNIT_ASSIGNED_CONTEXT((#2971,#2972,#2973)) REPRESENTATION_CONTEXT
('Context #1','3D Context with UNIT and UNCERTAINTY') );
#2971 = ( LENGTH_UNIT() NAMED_UNIT(*) SI_UNIT(.MILLI.,.METRE.) );
#2972 = ( NAMED_UNIT(*) PLANE_ANGLE_UNIT() SI_UNIT($,.RADIAN.) );
#2973 = ( NAMED_UNIT(*) SI_UNIT($,.STERADIAN.) SOLID_ANGLE_UNIT() );
#2974 = UNCERTAINTY_MEASURE_WITH_UNIT(LENGTH_MEASURE(1.E-07),#2971,
  'distance_accuracy_value','confusion accuracy');
#2975 = SHAPE_DEFINITION_REPRESENTATION(#2976,#2957);
#2976 = PRODUCT_DEFINITION_SHAPE('','',#2977);
#2977 = PRODUCT_DEFINITION('design','',#2978,#2981);
#2978 = PRODUCT_DEFINITION_FORMATION('','',#2979);
#2979 = PRODUCT('B24','B24','',(#2980));
#2980 = PRODUCT_CONTEXT('',#2,'mechanical');
#2981 = PRODUCT_DEFINITION_CONTEXT('part definition',#2,'design');
#2982 = CONTEXT_DEPENDENT_SHAPE_REPRESENTATION(#2983,#2985);
#2983 = ( REPRESENTATION_RELATIONSHIP('','',#2957,#10) 
REPRESENTATION_RELATIONSHIP_WITH_TRANSFORMATION(#2984) 
SHAPE_REPRESENTATION_RELATIONSHIP() );
#2984 = ITEM_DEFINED_TRANSFORMATION('','',#11,#207);
#2985 = PRODUCT_DEFINITION_SHAPE('Placement','Placement of an item',
  #2986);
#2986 = NEXT_ASSEMBLY_USAGE_OCCURRENCE('49','=>[0:1:1:50]','',#5,#2977,$
  );
#2987 = PRODUCT_RELATED_PRODUCT_CATEGORY('part',$,(#2979));
#2988 = ADVANCED_BREP_SHAPE_REPRESENTATION('',(#11,#2989),#3001);
#2989 = MANIFOLD_SOLID_BREP('',#2990);
#2990 = CLOSED_SHELL('',(#2991));
#2991 = ADVANCED_FACE('',(#2992),#2996,.T.);
#2992 = FACE_BOUND('',#2993,.T.);
#2993 = VERTEX_LOOP('',#2994);
#2994 = VERTEX_POINT('',#2995);
#2995 = CARTESIAN_POINT('',(7.654042494671E-18,-1.874699728327E-33,
    -0.125));
#2996 = SPHERICAL_SURFACE('',#2997,0.125);
#2997 = AXIS2_PLACEMENT_3D('',#2998,#2999,#3000);
#2998 = CARTESIAN_POINT('',(0.,0.,0.));
#2999 = DIRECTION('',(0.,0.,1.));
#3000 = DIRECTION('',(1.,0.,-0.));
#3001 = ( GEOMETRIC_REPRESENTATION_CONTEXT(3) 
GLOBAL_UNCERTAINTY_ASSIGNED_CONTEXT((#3005)) 
GLOBAL_UNIT_ASSIGNED_CONTEXT((#3002,#3003,#3004)) REPRESENTATION_CONTEXT
('Context #1','3D Context with UNIT and UNCERTAINTY') );
#3002 = ( LENGTH_UNIT() NAMED_UNIT(*) SI_UNIT(.MILLI.,.METRE.) );
#3003 = ( NAMED_UNIT(*) PLANE_ANGLE_UNIT() SI_UNIT($,.RADIAN.) );
#3004 = ( NAMED_UNIT(*) SI_UNIT($,.STERADIAN.) SOLID_ANGLE_UNIT() );
#3005 = UNCERTAINTY_MEASURE_WITH_UNIT(LENGTH_MEASURE(1.E-07),#3002,
  'distance_accuracy_value','confusion accuracy');
#3006 = SHAPE_DEFINITION_REPRESENTATION(#3007,#2988);
#3007 = PRODUCT_DEFINITION_SHAPE('','',#3008);
#3008 = PRODUCT_DEFINITION('design','',#3009,#3012);
#3009 = PRODUCT_DEFINITION_FORMATION('','',#3010);
#3010 = PRODUCT('B25','B25','',(#3011));
#3011 = PRODUCT_CONTEXT('',#2,'mechanical');
#3012 = PRODUCT_DEFINITION_CONTEXT('part definition',#2,'design');
#3013 = CONTEXT_DEPENDENT_SHAPE_REPRESENTATION(#3014,#3016);
#3014 = ( REPRESENTATION_RELATIONSHIP('','',#2988,#10) 
REPRESENTATION_RELATIONSHIP_WITH_TRANSFORMATION(#3015) 
SHAPE_REPRESENTATION_RELATIONSHIP() );
#3015 = ITEM_DEFINED_TRANSFORMATION('','',#11,#211);
#3016 = PRODUCT_DEFINITION_SHAPE('Placement','Placement of an item',
  #3017);
#3017 = NEXT_ASSEMBLY_USAGE_OCCURRENCE('50','=>[0:1:1:51]','',#5,#3008,$
  );
#3018 = PRODUCT_RELATED_PRODUCT_CATEGORY('part',$,(#3010));
#3019 = ADVANCED_BREP_SHAPE_REPRESENTATION('',(#11,#3020),#3032);
#3020 = MANIFOLD_SOLID_BREP('',#3021);
#3021 = CLOSED_SHELL('',(#3022));
#3022 = ADVANCED_FACE('',(#3023),#3027,.T.);
#3023 = FACE_BOUND('',#3024,.T.);
#3024 = VERTEX_LOOP('',#3025);
#3025 = VERTEX_POINT('',#3026);
#3026 = CARTESIAN_POINT('',(7.654042494671E-18,-1.874699728327E-33,
    -0.125));
#3027 = SPHERICAL_SURFACE('',#3028,0.125);
#3028 = AXIS2_PLACEMENT_3D('',#3029,#3030,#3031);
#3029 = CARTESIAN_POINT('',(0.,0.,0.));
#3030 = DIRECTION('',(0.,0.,1.));
#3031 = DIRECTION('',(1.,0.,-0.));
#3032 = ( GEOMETRIC_REPRESENTATION_CONTEXT(3) 
GLOBAL_UNCERTAINTY_ASSIGNED_CONTEXT((#3036)) 
GLOBAL_UNIT_ASSIGNED_CONTEXT((#3033,#3034,#3035)) REPRESENTATION_CONTEXT
('Context #1','3D Context with UNIT and UNCERTAINTY') );
#3033 = ( LENGTH_UNIT() NAMED_UNIT(*) SI_UNIT(.MILLI.,.METRE.) );
#3034 = ( NAMED_UNIT(*) PLANE_ANGLE_UNIT() SI_UNIT($,.RADIAN.) );
#3035 = ( NAMED_UNIT(*) SI_UNIT($,.STERADIAN.) SOLID_ANGLE_UNIT() );
#3036 = UNCERTAINTY_MEASURE_WITH_UNIT(LENGTH_MEASURE(1.E-07),#3033,
  'distance_accuracy_value','confusion accuracy');
#3037 = SHAPE_DEFINITION_REPRESENTATION(#3038,#3019);
#3038 = PRODUCT_DEFINITION_SHAPE('','',#3039);
#3039 = PRODUCT_DEFINITION('design','',#3040,#3043);
#3040 = PRODUCT_DEFINITION_FORMATION('','',#3041);
#3041 = PRODUCT('C1','C1','',(#3042));
#3042 = PRODUCT_CONTEXT('',#2,'mechanical');
#3043 = PRODUCT_DEFINITION_CONTEXT('part definition',#2,'design');
#3044 = CONTEXT_DEPENDENT_SHAPE_REPRESENTATION(#3045,#3047);
#3045 = ( REPRESENTATION_RELATIONSHIP('','',#3019,#10) 
REPRESENTATION_RELATIONSHIP_WITH_TRANSFORMATION(#3046) 
SHAPE_REPRESENTATION_RELATIONSHIP() );
#3046 = ITEM_DEFINED_TRANSFORMATION('','',#11,#215);
#3047 = PRODUCT_DEFINITION_SHAPE('Placement','Placement of an item',
  #3048);
#3048 = NEXT_ASSEMBLY_USAGE_OCCURRENCE('51','=>[0:1:1:52]','',#5,#3039,$
  );
#3049 = PRODUCT_RELATED_PRODUCT_CATEGORY('part',$,(#3041));
#3050 = ADVANCED_BREP_SHAPE_REPRESENTATION('',(#11,#3051),#3063);
#3051 = MANIFOLD_SOLID_BREP('',#3052);
#3052 = CLOSED_SHELL('',(#3053));
#3053 = ADVANCED_FACE('',(#3054),#3058,.T.);
#3054 = FACE_BOUND('',#3055,.T.);
#3055 = VERTEX_LOOP('',#3056);
#3056 = VERTEX_POINT('',#3057);
#3057 = CARTESIAN_POINT('',(7.654042494671E-18,-1.874699728327E-33,
    -0.125));
#3058 = SPHERICAL_SURFACE('',#3059,0.125);
#3059 = AXIS2_PLACEMENT_3D('',#3060,#3061,#3062);
#3060 = CARTESIAN_POINT('',(0.,0.,0.));
#3061 = DIRECTION('',(0.,0.,1.));
#3062 = DIRECTION('',(1.,0.,-0.));
#3063 = ( GEOMETRIC_REPRESENTATION_CONTEXT(3) 
GLOBAL_UNCERTAINTY_ASSIGNED_CONTEXT((#3067)) 
GLOBAL_UNIT_ASSIGNED_CONTEXT((#3064,#3065,#3066)) REPRESENTATION_CONTEXT
('Context #1','3D Context with UNIT and UNCERTAINTY') );
#3064 = ( LENGTH_UNIT() NAMED_UNIT(*) SI_UNIT(.MILLI.,.METRE.) );
#3065 = ( NAMED_UNIT(*) PLANE_ANGLE_UNIT() SI_UNIT($,.RADIAN.) );
#3066 = ( NAMED_UNIT(*) SI_UNIT($,.STERADIAN.) SOLID_ANGLE_UNIT() );
#3067 = UNCERTAINTY_MEASURE_WITH_UNIT(LENGTH_MEASURE(1.E-07),#3064,
  'distance_accuracy_value','confusion accuracy');
#3068 = SHAPE_DEFINITION_REPRESENTATION(#3069,#3050);
#3069 = PRODUCT_DEFINITION_SHAPE('','',#3070);
#3070 = PRODUCT_DEFINITION('design','',#3071,#3074);
#3071 = PRODUCT_DEFINITION_FORMATION('','',#3072);
#3072 = PRODUCT('C2','C2','',(#3073));
#3073 = PRODUCT_CONTEXT('',#2,'mechanical');
#3074 = PRODUCT_DEFINITION_CONTEXT('part definition',#2,'design');
#3075 = CONTEXT_DEPENDENT_SHAPE_REPRESENTATION(#3076,#3078);
#3076 = ( REPRESENTATION_RELATIONSHIP('','',#3050,#10) 
REPRESENTATION_RELATIONSHIP_WITH_TRANSFORMATION(#3077) 
SHAPE_REPRESENTATION_RELATIONSHIP() );
#3077 = ITEM_DEFINED_TRANSFORMATION('','',#11,#219);
#3078 = PRODUCT_DEFINITION_SHAPE('Placement','Placement of an item',
  #3079);
#3079 = NEXT_ASSEMBLY_USAGE_OCCURRENCE('52','=>[0:1:1:53]','',#5,#3070,$
  );
#3080 = PRODUCT_RELATED_PRODUCT_CATEGORY('part',$,(#3072));
#3081 = ADVANCED_BREP_SHAPE_REPRESENTATION('',(#11,#3082),#3094);
#3082 = MANIFOLD_SOLID_BREP('',#3083);
#3083 = CLOSED_SHELL('',(#3084));
#3084 = ADVANCED_FACE('',(#3085),#3089,.T.);
#3085 = FACE_BOUND('',#3086,.T.);
#3086 = VERTEX_LOOP('',#3087);
#3087 = VERTEX_POINT('',#3088);
#3088 = CARTESIAN_POINT('',(7.654042494671E-18,-1.874699728327E-33,
    -0.125));
#3089 = SPHERICAL_SURFACE('',#3090,0.125);
#3090 = AXIS2_PLACEMENT_3D('',#3091,#3092,#3093);
#3091 = CARTESIAN_POINT('',(0.,0.,0.));
#3092 = DIRECTION('',(0.,0.,1.));
#3093 = DIRECTION('',(1.,0.,-0.));
#3094 = ( GEOMETRIC_REPRESENTATION_CONTEXT(3) 
GLOBAL_UNCERTAINTY_ASSIGNED_CONTEXT((#3098)) 
GLOBAL_UNIT_ASSIGNED_CONTEXT((#3095,#3096,#3097)) REPRESENTATION_CONTEXT
('Context #1','3D Context with UNIT and UNCERTAINTY') );
#3095 = ( LENGTH_UNIT() NAMED_UNIT(*) SI_UNIT(.MILLI.,.METRE.) );
#3096 = ( NAMED_UNIT(*) PLANE_ANGLE_UNIT() SI_UNIT($,.RADIAN.) );
#3097 = ( NAMED_UNIT(*) SI_UNIT($,.STERADIAN.) SOLID_ANGLE_UNIT() );
#3098 = UNCERTAINTY_MEASURE_WITH_UNIT(LENGTH_MEASURE(1.E-07),#3095,
  'distance_accuracy_value','confusion accuracy');
#3099 = SHAPE_DEFINITION_REPRESENTATION(#3100,#3081);
#3100 = PRODUCT_DEFINITION_SHAPE('','',#3101);
#3101 = PRODUCT_DEFINITION('design','',#3102,#3105);
#3102 = PRODUCT_DEFINITION_FORMATION('','',#3103);
#3103 = PRODUCT('C3','C3','',(#3104));
#3104 = PRODUCT_CONTEXT('',#2,'mechanical');
#3105 = PRODUCT_DEFINITION_CONTEXT('part definition',#2,'design');
#3106 = CONTEXT_DEPENDENT_SHAPE_REPRESENTATION(#3107,#3109);
#3107 = ( REPRESENTATION_RELATIONSHIP('','',#3081,#10) 
REPRESENTATION_RELATIONSHIP_WITH_TRANSFORMATION(#3108) 
SHAPE_REPRESENTATION_RELATIONSHIP() );
#3108 = ITEM_DEFINED_TRANSFORMATION('','',#11,#223);
#3109 = PRODUCT_DEFINITION_SHAPE('Placement','Placement of an item',
  #3110);
#3110 = NEXT_ASSEMBLY_USAGE_OCCURRENCE('53','=>[0:1:1:54]','',#5,#3101,$
  );
#3111 = PRODUCT_RELATED_PRODUCT_CATEGORY('part',$,(#3103));
#3112 = ADVANCED_BREP_SHAPE_REPRESENTATION('',(#11,#3113),#3125);
#3113 = MANIFOLD_SOLID_BREP('',#3114);
#3114 = CLOSED_SHELL('',(#3115));
#3115 = ADVANCED_FACE('',(#3116),#3120,.T.);
#3116 = FACE_BOUND('',#3117,.T.);
#3117 = VERTEX_LOOP('',#3118);
#3118 = VERTEX_POINT('',#3119);
#3119 = CARTESIAN_POINT('',(7.654042494671E-18,-1.874699728327E-33,
    -0.125));
#3120 = SPHERICAL_SURFACE('',#3121,0.125);
#3121 = AXIS2_PLACEMENT_3D('',#3122,#3123,#3124);
#3122 = CARTESIAN_POINT('',(0.,0.,0.));
#3123 = DIRECTION('',(0.,0.,1.));
#3124 = DIRECTION('',(1.,0.,-0.));
#3125 = ( GEOMETRIC_REPRESENTATION_CONTEXT(3) 
GLOBAL_UNCERTAINTY_ASSIGNED_CONTEXT((#3129)) 
GLOBAL_UNIT_ASSIGNED_CONTEXT((#3126,#3127,#3128)) REPRESENTATION_CONTEXT
('Context #1','3D Context with UNIT and UNCERTAINTY') );
#3126 = ( LENGTH_UNIT() NAMED_UNIT(*) SI_UNIT(.MILLI.,.METRE.) );
#3127 = ( NAMED_UNIT(*) PLANE_ANGLE_UNIT() SI_UNIT($,.RADIAN.) );
#3128 = ( NAMED_UNIT(*) SI_UNIT($,.STERADIAN.) SOLID_ANGLE_UNIT() );
#3129 = UNCERTAINTY_MEASURE_WITH_UNIT(LENGTH_MEASURE(1.E-07),#3126,
  'distance_accuracy_value','confusion accuracy');
#3130 = SHAPE_DEFINITION_REPRESENTATION(#3131,#3112);
#3131 = PRODUCT_DEFINITION_SHAPE('','',#3132);
#3132 = PRODUCT_DEFINITION('design','',#3133,#3136);
#3133 = PRODUCT_DEFINITION_FORMATION('','',#3134);
#3134 = PRODUCT('C4','C4','',(#3135));
#3135 = PRODUCT_CONTEXT('',#2,'mechanical');
#3136 = PRODUCT_DEFINITION_CONTEXT('part definition',#2,'design');
#3137 = CONTEXT_DEPENDENT_SHAPE_REPRESENTATION(#3138,#3140);
#3138 = ( REPRESENTATION_RELATIONSHIP('','',#3112,#10) 
REPRESENTATION_RELATIONSHIP_WITH_TRANSFORMATION(#3139) 
SHAPE_REPRESENTATION_RELATIONSHIP() );
#3139 = ITEM_DEFINED_TRANSFORMATION('','',#11,#227);
#3140 = PRODUCT_DEFINITION_SHAPE('Placement','Placement of an item',
  #3141);
#3141 = NEXT_ASSEMBLY_USAGE_OCCURRENCE('54','=>[0:1:1:55]','',#5,#3132,$
  );
#3142 = PRODUCT_RELATED_PRODUCT_CATEGORY('part',$,(#3134));
#3143 = ADVANCED_BREP_SHAPE_REPRESENTATION('',(#11,#3144),#3156);
#3144 = MANIFOLD_SOLID_BREP('',#3145);
#3145 = CLOSED_SHELL('',(#3146));
#3146 = ADVANCED_FACE('',(#3147),#3151,.T.);
#3147 = FACE_BOUND('',#3148,.T.);
#3148 = VERTEX_LOOP('',#3149);
#3149 = VERTEX_POINT('',#3150);
#3150 = CARTESIAN_POINT('',(7.654042494671E-18,-1.874699728327E-33,
    -0.125));
#3151 = SPHERICAL_SURFACE('',#3152,0.125);
#3152 = AXIS2_PLACEMENT_3D('',#3153,#3154,#3155);
#3153 = CARTESIAN_POINT('',(0.,0.,0.));
#3154 = DIRECTION('',(0.,0.,1.));
#3155 = DIRECTION('',(1.,0.,-0.));
#3156 = ( GEOMETRIC_REPRESENTATION_CONTEXT(3) 
GLOBAL_UNCERTAINTY_ASSIGNED_CONTEXT((#3160)) 
GLOBAL_UNIT_ASSIGNED_CONTEXT((#3157,#3158,#3159)) REPRESENTATION_CONTEXT
('Context #1','3D Context with UNIT and UNCERTAINTY') );
#3157 = ( LENGTH_UNIT() NAMED_UNIT(*) SI_UNIT(.MILLI.,.METRE.) );
#3158 = ( NAMED_UNIT(*) PLANE_ANGLE_UNIT() SI_UNIT($,.RADIAN.) );
#3159 = ( NAMED_UNIT(*) SI_UNIT($,.STERADIAN.) SOLID_ANGLE_UNIT() );
#3160 = UNCERTAINTY_MEASURE_WITH_UNIT(LENGTH_MEASURE(1.E-07),#3157,
  'distance_accuracy_value','confusion accuracy');
#3161 = SHAPE_DEFINITION_REPRESENTATION(#3162,#3143);
#3162 = PRODUCT_DEFINITION_SHAPE('','',#3163);
#3163 = PRODUCT_DEFINITION('design','',#3164,#3167);
#3164 = PRODUCT_DEFINITION_FORMATION('','',#3165);
#3165 = PRODUCT('C5','C5','',(#3166));
#3166 = PRODUCT_CONTEXT('',#2,'mechanical');
#3167 = PRODUCT_DEFINITION_CONTEXT('part definition',#2,'design');
#3168 = CONTEXT_DEPENDENT_SHAPE_REPRESENTATION(#3169,#3171);
#3169 = ( REPRESENTATION_RELATIONSHIP('','',#3143,#10) 
REPRESENTATION_RELATIONSHIP_WITH_TRANSFORMATION(#3170) 
SHAPE_REPRESENTATION_RELATIONSHIP() );
#3170 = ITEM_DEFINED_TRANSFORMATION('','',#11,#231);
#3171 = PRODUCT_DEFINITION_SHAPE('Placement','Placement of an item',
  #3172);
#3172 = NEXT_ASSEMBLY_USAGE_OCCURRENCE('55','=>[0:1:1:56]','',#5,#3163,$
  );
#3173 = PRODUCT_RELATED_PRODUCT_CATEGORY('part',$,(#3165));
#3174 = ADVANCED_BREP_SHAPE_REPRESENTATION('',(#11,#3175),#3187);
#3175 = MANIFOLD_SOLID_BREP('',#3176);
#3176 = CLOSED_SHELL('',(#3177));
#3177 = ADVANCED_FACE('',(#3178),#3182,.T.);
#3178 = FACE_BOUND('',#3179,.T.);
#3179 = VERTEX_LOOP('',#3180);
#3180 = VERTEX_POINT('',#3181);
#3181 = CARTESIAN_POINT('',(7.654042494671E-18,-1.874699728327E-33,
    -0.125));
#3182 = SPHERICAL_SURFACE('',#3183,0.125);
#3183 = AXIS2_PLACEMENT_3D('',#3184,#3185,#3186);
#3184 = CARTESIAN_POINT('',(0.,0.,0.));
#3185 = DIRECTION('',(0.,0.,1.));
#3186 = DIRECTION('',(1.,0.,-0.));
#3187 = ( GEOMETRIC_REPRESENTATION_CONTEXT(3) 
GLOBAL_UNCERTAINTY_ASSIGNED_CONTEXT((#3191)) 
GLOBAL_UNIT_ASSIGNED_CONTEXT((#3188,#3189,#3190)) REPRESENTATION_CONTEXT
('Context #1','3D Context with UNIT and UNCERTAINTY') );
#3188 = ( LENGTH_UNIT() NAMED_UNIT(*) SI_UNIT(.MILLI.,.METRE.) );
#3189 = ( NAMED_UNIT(*) PLANE_ANGLE_UNIT() SI_UNIT($,.RADIAN.) );
#3190 = ( NAMED_UNIT(*) SI_UNIT($,.STERADIAN.) SOLID_ANGLE_UNIT() );
#3191 = UNCERTAINTY_MEASURE_WITH_UNIT(LENGTH_MEASURE(1.E-07),#3188,
  'distance_accuracy_value','confusion accuracy');
#3192 = SHAPE_DEFINITION_REPRESENTATION(#3193,#3174);
#3193 = PRODUCT_DEFINITION_SHAPE('','',#3194);
#3194 = PRODUCT_DEFINITION('design','',#3195,#3198);
#3195 = PRODUCT_DEFINITION_FORMATION('','',#3196);
#3196 = PRODUCT('C6','C6','',(#3197));
#3197 = PRODUCT_CONTEXT('',#2,'mechanical');
#3198 = PRODUCT_DEFINITION_CONTEXT('part definition',#2,'design');
#3199 = CONTEXT_DEPENDENT_SHAPE_REPRESENTATION(#3200,#3202);
#3200 = ( REPRESENTATION_RELATIONSHIP('','',#3174,#10) 
REPRESENTATION_RELATIONSHIP_WITH_TRANSFORMATION(#3201) 
SHAPE_REPRESENTATION_RELATIONSHIP() );
#3201 = ITEM_DEFINED_TRANSFORMATION('','',#11,#235);
#3202 = PRODUCT_DEFINITION_SHAPE('Placement','Placement of an item',
  #3203);
#3203 = NEXT_ASSEMBLY_USAGE_OCCURRENCE('56','=>[0:1:1:57]','',#5,#3194,$
  );
#3204 = PRODUCT_RELATED_PRODUCT_CATEGORY('part',$,(#3196));
#3205 = ADVANCED_BREP_SHAPE_REPRESENTATION('',(#11,#3206),#3218);
#3206 = MANIFOLD_SOLID_BREP('',#3207);
#3207 = CLOSED_SHELL('',(#3208));
#3208 = ADVANCED_FACE('',(#3209),#3213,.T.);
#3209 = FACE_BOUND('',#3210,.T.);
#3210 = VERTEX_LOOP('',#3211);
#3211 = VERTEX_POINT('',#3212);
#3212 = CARTESIAN_POINT('',(7.654042494671E-18,-1.874699728327E-33,
    -0.125));
#3213 = SPHERICAL_SURFACE('',#3214,0.125);
#3214 = AXIS2_PLACEMENT_3D('',#3215,#3216,#3217);
#3215 = CARTESIAN_POINT('',(0.,0.,0.));
#3216 = DIRECTION('',(0.,0.,1.));
#3217 = DIRECTION('',(1.,0.,-0.));
#3218 = ( GEOMETRIC_REPRESENTATION_CONTEXT(3) 
GLOBAL_UNCERTAINTY_ASSIGNED_CONTEXT((#3222)) 
GLOBAL_UNIT_ASSIGNED_CONTEXT((#3219,#3220,#3221)) REPRESENTATION_CONTEXT
('Context #1','3D Context with UNIT and UNCERTAINTY') );
#3219 = ( LENGTH_UNIT() NAMED_UNIT(*) SI_UNIT(.MILLI.,.METRE.) );
#3220 = ( NAMED_UNIT(*) PLANE_ANGLE_UNIT() SI_UNIT($,.RADIAN.) );
#3221 = ( NAMED_UNIT(*) SI_UNIT($,.STERADIAN.) SOLID_ANGLE_UNIT() );
#3222 = UNCERTAINTY_MEASURE_WITH_UNIT(LENGTH_MEASURE(1.E-07),#3219,
  'distance_accuracy_value','confusion accuracy');
#3223 = SHAPE_DEFINITION_REPRESENTATION(#3224,#3205);
#3224 = PRODUCT_DEFINITION_SHAPE('','',#3225);
#3225 = PRODUCT_DEFINITION('design','',#3226,#3229);
#3226 = PRODUCT_DEFINITION_FORMATION('','',#3227);
#3227 = PRODUCT('C7','C7','',(#3228));
#3228 = PRODUCT_CONTEXT('',#2,'mechanical');
#3229 = PRODUCT_DEFINITION_CONTEXT('part definition',#2,'design');
#3230 = CONTEXT_DEPENDENT_SHAPE_REPRESENTATION(#3231,#3233);
#3231 = ( REPRESENTATION_RELATIONSHIP('','',#3205,#10) 
REPRESENTATION_RELATIONSHIP_WITH_TRANSFORMATION(#3232) 
SHAPE_REPRESENTATION_RELATIONSHIP() );
#3232 = ITEM_DEFINED_TRANSFORMATION('','',#11,#239);
#3233 = PRODUCT_DEFINITION_SHAPE('Placement','Placement of an item',
  #3234);
#3234 = NEXT_ASSEMBLY_USAGE_OCCURRENCE('57','=>[0:1:1:58]','',#5,#3225,$
  );
#3235 = PRODUCT_RELATED_PRODUCT_CATEGORY('part',$,(#3227));
#3236 = ADVANCED_BREP_SHAPE_REPRESENTATION('',(#11,#3237),#3249);
#3237 = MANIFOLD_SOLID_BREP('',#3238);
#3238 = CLOSED_SHELL('',(#3239));
#3239 = ADVANCED_FACE('',(#3240),#3244,.T.);
#3240 = FACE_BOUND('',#3241,.T.);
#3241 = VERTEX_LOOP('',#3242);
#3242 = VERTEX_POINT('',#3243);
#3243 = CARTESIAN_POINT('',(7.654042494671E-18,-1.874699728327E-33,
    -0.125));
#3244 = SPHERICAL_SURFACE('',#3245,0.125);
#3245 = AXIS2_PLACEMENT_3D('',#3246,#3247,#3248);
#3246 = CARTESIAN_POINT('',(0.,0.,0.));
#3247 = DIRECTION('',(0.,0.,1.));
#3248 = DIRECTION('',(1.,0.,-0.));
#3249 = ( GEOMETRIC_REPRESENTATION_CONTEXT(3) 
GLOBAL_UNCERTAINTY_ASSIGNED_CONTEXT((#3253)) 
GLOBAL_UNIT_ASSIGNED_CONTEXT((#3250,#3251,#3252)) REPRESENTATION_CONTEXT
('Context #1','3D Context with UNIT and UNCERTAINTY') );
#3250 = ( LENGTH_UNIT() NAMED_UNIT(*) SI_UNIT(.MILLI.,.METRE.) );
#3251 = ( NAMED_UNIT(*) PLANE_ANGLE_UNIT() SI_UNIT($,.RADIAN.) );
#3252 = ( NAMED_UNIT(*) SI_UNIT($,.STERADIAN.) SOLID_ANGLE_UNIT() );
#3253 = UNCERTAINTY_MEASURE_WITH_UNIT(LENGTH_MEASURE(1.E-07),#3250,
  'distance_accuracy_value','confusion accuracy');
#3254 = SHAPE_DEFINITION_REPRESENTATION(#3255,#3236);
#3255 = PRODUCT_DEFINITION_SHAPE('','',#3256);
#3256 = PRODUCT_DEFINITION('design','',#3257,#3260);
#3257 = PRODUCT_DEFINITION_FORMATION('','',#3258);
#3258 = PRODUCT('C8','C8','',(#3259));
#3259 = PRODUCT_CONTEXT('',#2,'mechanical');
#3260 = PRODUCT_DEFINITION_CONTEXT('part definition',#2,'design');
#3261 = CONTEXT_DEPENDENT_SHAPE_REPRESENTATION(#3262,#3264);
#3262 = ( REPRESENTATION_RELATIONSHIP('','',#3236,#10) 
REPRESENTATION_RELATIONSHIP_WITH_TRANSFORMATION(#3263) 
SHAPE_REPRESENTATION_RELATIONSHIP() );
#3263 = ITEM_DEFINED_TRANSFORMATION('','',#11,#243);
#3264 = PRODUCT_DEFINITION_SHAPE('Placement','Placement of an item',
  #3265);
#3265 = NEXT_ASSEMBLY_USAGE_OCCURRENCE('58','=>[0:1:1:59]','',#5,#3256,$
  );
#3266 = PRODUCT_RELATED_PRODUCT_CATEGORY('part',$,(#3258));
#3267 = ADVANCED_BREP_SHAPE_REPRESENTATION('',(#11,#3268),#3280);
#3268 = MANIFOLD_SOLID_BREP('',#3269);
#3269 = CLOSED_SHELL('',(#3270));
#3270 = ADVANCED_FACE('',(#3271),#3275,.T.);
#3271 = FACE_BOUND('',#3272,.T.);
#3272 = VERTEX_LOOP('',#3273);
#3273 = VERTEX_POINT('',#3274);
#3274 = CARTESIAN_POINT('',(7.654042494671E-18,-1.874699728327E-33,
    -0.125));
#3275 = SPHERICAL_SURFACE('',#3276,0.125);
#3276 = AXIS2_PLACEMENT_3D('',#3277,#3278,#3279);
#3277 = CARTESIAN_POINT('',(0.,0.,0.));
#3278 = DIRECTION('',(0.,0.,1.));
#3279 = DIRECTION('',(1.,0.,-0.));
#3280 = ( GEOMETRIC_REPRESENTATION_CONTEXT(3) 
GLOBAL_UNCERTAINTY_ASSIGNED_CONTEXT((#3284)) 
GLOBAL_UNIT_ASSIGNED_CONTEXT((#3281,#3282,#3283)) REPRESENTATION_CONTEXT
('Context #1','3D Context with UNIT and UNCERTAINTY') );
#3281 = ( LENGTH_UNIT() NAMED_UNIT(*) SI_UNIT(.MILLI.,.METRE.) );
#3282 = ( NAMED_UNIT(*) PLANE_ANGLE_UNIT() SI_UNIT($,.RADIAN.) );
#3283 = ( NAMED_UNIT(*) SI_UNIT($,.STERADIAN.) SOLID_ANGLE_UNIT() );
#3284 = UNCERTAINTY_MEASURE_WITH_UNIT(LENGTH_MEASURE(1.E-07),#3281,
  'distance_accuracy_value','confusion accuracy');
#3285 = SHAPE_DEFINITION_REPRESENTATION(#3286,#3267);
#3286 = PRODUCT_DEFINITION_SHAPE('','',#3287);
#3287 = PRODUCT_DEFINITION('design','',#3288,#3291);
#3288 = PRODUCT_DEFINITION_FORMATION('','',#3289);
#3289 = PRODUCT('C9','C9','',(#3290));
#3290 = PRODUCT_CONTEXT('',#2,'mechanical');
#3291 = PRODUCT_DEFINITION_CONTEXT('part definition',#2,'design');
#3292 = CONTEXT_DEPENDENT_SHAPE_REPRESENTATION(#3293,#3295);
#3293 = ( REPRESENTATION_RELATIONSHIP('','',#3267,#10) 
REPRESENTATION_RELATIONSHIP_WITH_TRANSFORMATION(#3294) 
SHAPE_REPRESENTATION_RELATIONSHIP() );
#3294 = ITEM_DEFINED_TRANSFORMATION('','',#11,#247);
#3295 = PRODUCT_DEFINITION_SHAPE('Placement','Placement of an item',
  #3296);
#3296 = NEXT_ASSEMBLY_USAGE_OCCURRENCE('59','=>[0:1:1:60]','',#5,#3287,$
  );
#3297 = PRODUCT_RELATED_PRODUCT_CATEGORY('part',$,(#3289));
#3298 = ADVANCED_BREP_SHAPE_REPRESENTATION('',(#11,#3299),#3311);
#3299 = MANIFOLD_SOLID_BREP('',#3300);
#3300 = CLOSED_SHELL('',(#3301));
#3301 = ADVANCED_FACE('',(#3302),#3306,.T.);
#3302 = FACE_BOUND('',#3303,.T.);
#3303 = VERTEX_LOOP('',#3304);
#3304 = VERTEX_POINT('',#3305);
#3305 = CARTESIAN_POINT('',(7.654042494671E-18,-1.874699728327E-33,
    -0.125));
#3306 = SPHERICAL_SURFACE('',#3307,0.125);
#3307 = AXIS2_PLACEMENT_3D('',#3308,#3309,#3310);
#3308 = CARTESIAN_POINT('',(0.,0.,0.));
#3309 = DIRECTION('',(0.,0.,1.));
#3310 = DIRECTION('',(1.,0.,-0.));
#3311 = ( GEOMETRIC_REPRESENTATION_CONTEXT(3) 
GLOBAL_UNCERTAINTY_ASSIGNED_CONTEXT((#3315)) 
GLOBAL_UNIT_ASSIGNED_CONTEXT((#3312,#3313,#3314)) REPRESENTATION_CONTEXT
('Context #1','3D Context with UNIT and UNCERTAINTY') );
#3312 = ( LENGTH_UNIT() NAMED_UNIT(*) SI_UNIT(.MILLI.,.METRE.) );
#3313 = ( NAMED_UNIT(*) PLANE_ANGLE_UNIT() SI_UNIT($,.RADIAN.) );
#3314 = ( NAMED_UNIT(*) SI_UNIT($,.STERADIAN.) SOLID_ANGLE_UNIT() );
#3315 = UNCERTAINTY_MEASURE_WITH_UNIT(LENGTH_MEASURE(1.E-07),#3312,
  'distance_accuracy_value','confusion accuracy');
#3316 = SHAPE_DEFINITION_REPRESENTATION(#3317,#3298);
#3317 = PRODUCT_DEFINITION_SHAPE('','',#3318);
#3318 = PRODUCT_DEFINITION('design','',#3319,#3322);
#3319 = PRODUCT_DEFINITION_FORMATION('','',#3320);
#3320 = PRODUCT('C10','C10','',(#3321));
#3321 = PRODUCT_CONTEXT('',#2,'mechanical');
#3322 = PRODUCT_DEFINITION_CONTEXT('part definition',#2,'design');
#3323 = CONTEXT_DEPENDENT_SHAPE_REPRESENTATION(#3324,#3326);
#3324 = ( REPRESENTATION_RELATIONSHIP('','',#3298,#10) 
REPRESENTATION_RELATIONSHIP_WITH_TRANSFORMATION(#3325) 
SHAPE_REPRESENTATION_RELATIONSHIP() );
#3325 = ITEM_DEFINED_TRANSFORMATION('','',#11,#251);
#3326 = PRODUCT_DEFINITION_SHAPE('Placement','Placement of an item',
  #3327);
#3327 = NEXT_ASSEMBLY_USAGE_OCCURRENCE('60','=>[0:1:1:61]','',#5,#3318,$
  );
#3328 = PRODUCT_RELATED_PRODUCT_CATEGORY('part',$,(#3320));
#3329 = ADVANCED_BREP_SHAPE_REPRESENTATION('',(#11,#3330),#3342);
#3330 = MANIFOLD_SOLID_BREP('',#3331);
#3331 = CLOSED_SHELL('',(#3332));
#3332 = ADVANCED_FACE('',(#3333),#3337,.T.);
#3333 = FACE_BOUND('',#3334,.T.);
#3334 = VERTEX_LOOP('',#3335);
#3335 = VERTEX_POINT('',#3336);
#3336 = CARTESIAN_POINT('',(7.654042494671E-18,-1.874699728327E-33,
    -0.125));
#3337 = SPHERICAL_SURFACE('',#3338,0.125);
#3338 = AXIS2_PLACEMENT_3D('',#3339,#3340,#3341);
#3339 = CARTESIAN_POINT('',(0.,0.,0.));
#3340 = DIRECTION('',(0.,0.,1.));
#3341 = DIRECTION('',(1.,0.,-0.));
#3342 = ( GEOMETRIC_REPRESENTATION_CONTEXT(3) 
GLOBAL_UNCERTAINTY_ASSIGNED_CONTEXT((#3346)) 
GLOBAL_UNIT_ASSIGNED_CONTEXT((#3343,#3344,#3345)) REPRESENTATION_CONTEXT
('Context #1','3D Context with UNIT and UNCERTAINTY') );
#3343 = ( LENGTH_UNIT() NAMED_UNIT(*) SI_UNIT(.MILLI.,.METRE.) );
#3344 = ( NAMED_UNIT(*) PLANE_ANGLE_UNIT() SI_UNIT($,.RADIAN.) );
#3345 = ( NAMED_UNIT(*) SI_UNIT($,.STERADIAN.) SOLID_ANGLE_UNIT() );
#3346 = UNCERTAINTY_MEASURE_WITH_UNIT(LENGTH_MEASURE(1.E-07),#3343,
  'distance_accuracy_value','confusion accuracy');
#3347 = SHAPE_DEFINITION_REPRESENTATION(#3348,#3329);
#3348 = PRODUCT_DEFINITION_SHAPE('','',#3349);
#3349 = PRODUCT_DEFINITION('design','',#3350,#3353);
#3350 = PRODUCT_DEFINITION_FORMATION('','',#3351);
#3351 = PRODUCT('C11','C11','',(#3352));
#3352 = PRODUCT_CONTEXT('',#2,'mechanical');
#3353 = PRODUCT_DEFINITION_CONTEXT('part definition',#2,'design');
#3354 = CONTEXT_DEPENDENT_SHAPE_REPRESENTATION(#3355,#3357);
#3355 = ( REPRESENTATION_RELATIONSHIP('','',#3329,#10) 
REPRESENTATION_RELATIONSHIP_WITH_TRANSFORMATION(#3356) 
SHAPE_REPRESENTATION_RELATIONSHIP() );
#3356 = ITEM_DEFINED_TRANSFORMATION('','',#11,#255);
#3357 = PRODUCT_DEFINITION_SHAPE('Placement','Placement of an item',
  #3358);
#3358 = NEXT_ASSEMBLY_USAGE_OCCURRENCE('61','=>[0:1:1:62]','',#5,#3349,$
  );
#3359 = PRODUCT_RELATED_PRODUCT_CATEGORY('part',$,(#3351));
#3360 = ADVANCED_BREP_SHAPE_REPRESENTATION('',(#11,#3361),#3373);
#3361 = MANIFOLD_SOLID_BREP('',#3362);
#3362 = CLOSED_SHELL('',(#3363));
#3363 = ADVANCED_FACE('',(#3364),#3368,.T.);
#3364 = FACE_BOUND('',#3365,.T.);
#3365 = VERTEX_LOOP('',#3366);
#3366 = VERTEX_POINT('',#3367);
#3367 = CARTESIAN_POINT('',(7.654042494671E-18,-1.874699728327E-33,
    -0.125));
#3368 = SPHERICAL_SURFACE('',#3369,0.125);
#3369 = AXIS2_PLACEMENT_3D('',#3370,#3371,#3372);
#3370 = CARTESIAN_POINT('',(0.,0.,0.));
#3371 = DIRECTION('',(0.,0.,1.));
#3372 = DIRECTION('',(1.,0.,-0.));
#3373 = ( GEOMETRIC_REPRESENTATION_CONTEXT(3) 
GLOBAL_UNCERTAINTY_ASSIGNED_CONTEXT((#3377)) 
GLOBAL_UNIT_ASSIGNED_CONTEXT((#3374,#3375,#3376)) REPRESENTATION_CONTEXT
('Context #1','3D Context with UNIT and UNCERTAINTY') );
#3374 = ( LENGTH_UNIT() NAMED_UNIT(*) SI_UNIT(.MILLI.,.METRE.) );
#3375 = ( NAMED_UNIT(*) PLANE_ANGLE_UNIT() SI_UNIT($,.RADIAN.) );
#3376 = ( NAMED_UNIT(*) SI_UNIT($,.STERADIAN.) SOLID_ANGLE_UNIT() );
#3377 = UNCERTAINTY_MEASURE_WITH_UNIT(LENGTH_MEASURE(1.E-07),#3374,
  'distance_accuracy_value','confusion accuracy');
#3378 = SHAPE_DEFINITION_REPRESENTATION(#3379,#3360);
#3379 = PRODUCT_DEFINITION_SHAPE('','',#3380);
#3380 = PRODUCT_DEFINITION('design','',#3381,#3384);
#3381 = PRODUCT_DEFINITION_FORMATION('','',#3382);
#3382 = PRODUCT('C12','C12','',(#3383));
#3383 = PRODUCT_CONTEXT('',#2,'mechanical');
#3384 = PRODUCT_DEFINITION_CONTEXT('part definition',#2,'design');
#3385 = CONTEXT_DEPENDENT_SHAPE_REPRESENTATION(#3386,#3388);
#3386 = ( REPRESENTATION_RELATIONSHIP('','',#3360,#10) 
REPRESENTATION_RELATIONSHIP_WITH_TRANSFORMATION(#3387) 
SHAPE_REPRESENTATION_RELATIONSHIP() );
#3387 = ITEM_DEFINED_TRANSFORMATION('','',#11,#259);
#3388 = PRODUCT_DEFINITION_SHAPE('Placement','Placement of an item',
  #3389);
#3389 = NEXT_ASSEMBLY_USAGE_OCCURRENCE('62','=>[0:1:1:63]','',#5,#3380,$
  );
#3390 = PRODUCT_RELATED_PRODUCT_CATEGORY('part',$,(#3382));
#3391 = ADVANCED_BREP_SHAPE_REPRESENTATION('',(#11,#3392),#3404);
#3392 = MANIFOLD_SOLID_BREP('',#3393);
#3393 = CLOSED_SHELL('',(#3394));
#3394 = ADVANCED_FACE('',(#3395),#3399,.T.);
#3395 = FACE_BOUND('',#3396,.T.);
#3396 = VERTEX_LOOP('',#3397);
#3397 = VERTEX_POINT('',#3398);
#3398 = CARTESIAN_POINT('',(7.654042494671E-18,-1.874699728327E-33,
    -0.125));
#3399 = SPHERICAL_SURFACE('',#3400,0.125);
#3400 = AXIS2_PLACEMENT_3D('',#3401,#3402,#3403);
#3401 = CARTESIAN_POINT('',(0.,0.,0.));
#3402 = DIRECTION('',(0.,0.,1.));
#3403 = DIRECTION('',(1.,0.,-0.));
#3404 = ( GEOMETRIC_REPRESENTATION_CONTEXT(3) 
GLOBAL_UNCERTAINTY_ASSIGNED_CONTEXT((#3408)) 
GLOBAL_UNIT_ASSIGNED_CONTEXT((#3405,#3406,#3407)) REPRESENTATION_CONTEXT
('Context #1','3D Context with UNIT and UNCERTAINTY') );
#3405 = ( LENGTH_UNIT() NAMED_UNIT(*) SI_UNIT(.MILLI.,.METRE.) );
#3406 = ( NAMED_UNIT(*) PLANE_ANGLE_UNIT() SI_UNIT($,.RADIAN.) );
#3407 = ( NAMED_UNIT(*) SI_UNIT($,.STERADIAN.) SOLID_ANGLE_UNIT() );
#3408 = UNCERTAINTY_MEASURE_WITH_UNIT(LENGTH_MEASURE(1.E-07),#3405,
  'distance_accuracy_value','confusion accuracy');
#3409 = SHAPE_DEFINITION_REPRESENTATION(#3410,#3391);
#3410 = PRODUCT_DEFINITION_SHAPE('','',#3411);
#3411 = PRODUCT_DEFINITION('design','',#3412,#3415);
#3412 = PRODUCT_DEFINITION_FORMATION('','',#3413);
#3413 = PRODUCT('C13','C13','',(#3414));
#3414 = PRODUCT_CONTEXT('',#2,'mechanical');
#3415 = PRODUCT_DEFINITION_CONTEXT('part definition',#2,'design');
#3416 = CONTEXT_DEPENDENT_SHAPE_REPRESENTATION(#3417,#3419);
#3417 = ( REPRESENTATION_RELATIONSHIP('','',#3391,#10) 
REPRESENTATION_RELATIONSHIP_WITH_TRANSFORMATION(#3418) 
SHAPE_REPRESENTATION_RELATIONSHIP() );
#3418 = ITEM_DEFINED_TRANSFORMATION('','',#11,#263);
#3419 = PRODUCT_DEFINITION_SHAPE('Placement','Placement of an item',
  #3420);
#3420 = NEXT_ASSEMBLY_USAGE_OCCURRENCE('63','=>[0:1:1:64]','',#5,#3411,$
  );
#3421 = PRODUCT_RELATED_PRODUCT_CATEGORY('part',$,(#3413));
#3422 = ADVANCED_BREP_SHAPE_REPRESENTATION('',(#11,#3423),#3435);
#3423 = MANIFOLD_SOLID_BREP('',#3424);
#3424 = CLOSED_SHELL('',(#3425));
#3425 = ADVANCED_FACE('',(#3426),#3430,.T.);
#3426 = FACE_BOUND('',#3427,.T.);
#3427 = VERTEX_LOOP('',#3428);
#3428 = VERTEX_POINT('',#3429);
#3429 = CARTESIAN_POINT('',(7.654042494671E-18,-1.874699728327E-33,
    -0.125));
#3430 = SPHERICAL_SURFACE('',#3431,0.125);
#3431 = AXIS2_PLACEMENT_3D('',#3432,#3433,#3434);
#3432 = CARTESIAN_POINT('',(0.,0.,0.));
#3433 = DIRECTION('',(0.,0.,1.));
#3434 = DIRECTION('',(1.,0.,-0.));
#3435 = ( GEOMETRIC_REPRESENTATION_CONTEXT(3) 
GLOBAL_UNCERTAINTY_ASSIGNED_CONTEXT((#3439)) 
GLOBAL_UNIT_ASSIGNED_CONTEXT((#3436,#3437,#3438)) REPRESENTATION_CONTEXT
('Context #1','3D Context with UNIT and UNCERTAINTY') );
#3436 = ( LENGTH_UNIT() NAMED_UNIT(*) SI_UNIT(.MILLI.,.METRE.) );
#3437 = ( NAMED_UNIT(*) PLANE_ANGLE_UNIT() SI_UNIT($,.RADIAN.) );
#3438 = ( NAMED_UNIT(*) SI_UNIT($,.STERADIAN.) SOLID_ANGLE_UNIT() );
#3439 = UNCERTAINTY_MEASURE_WITH_UNIT(LENGTH_MEASURE(1.E-07),#3436,
  'distance_accuracy_value','confusion accuracy');
#3440 = SHAPE_DEFINITION_REPRESENTATION(#3441,#3422);
#3441 = PRODUCT_DEFINITION_SHAPE('','',#3442);
#3442 = PRODUCT_DEFINITION('design','',#3443,#3446);
#3443 = PRODUCT_DEFINITION_FORMATION('','',#3444);
#3444 = PRODUCT('C14','C14','',(#3445));
#3445 = PRODUCT_CONTEXT('',#2,'mechanical');
#3446 = PRODUCT_DEFINITION_CONTEXT('part definition',#2,'design');
#3447 = CONTEXT_DEPENDENT_SHAPE_REPRESENTATION(#3448,#3450);
#3448 = ( REPRESENTATION_RELATIONSHIP('','',#3422,#10) 
REPRESENTATION_RELATIONSHIP_WITH_TRANSFORMATION(#3449) 
SHAPE_REPRESENTATION_RELATIONSHIP() );
#3449 = ITEM_DEFINED_TRANSFORMATION('','',#11,#267);
#3450 = PRODUCT_DEFINITION_SHAPE('Placement','Placement of an item',
  #3451);
#3451 = NEXT_ASSEMBLY_USAGE_OCCURRENCE('64','=>[0:1:1:65]','',#5,#3442,$
  );
#3452 = PRODUCT_RELATED_PRODUCT_CATEGORY('part',$,(#3444));
#3453 = ADVANCED_BREP_SHAPE_REPRESENTATION('',(#11,#3454),#3466);
#3454 = MANIFOLD_SOLID_BREP('',#3455);
#3455 = CLOSED_SHELL('',(#3456));
#3456 = ADVANCED_FACE('',(#3457),#3461,.T.);
#3457 = FACE_BOUND('',#3458,.T.);
#3458 = VERTEX_LOOP('',#3459);
#3459 = VERTEX_POINT('',#3460);
#3460 = CARTESIAN_POINT('',(7.654042494671E-18,-1.874699728327E-33,
    -0.125));
#3461 = SPHERICAL_SURFACE('',#3462,0.125);
#3462 = AXIS2_PLACEMENT_3D('',#3463,#3464,#3465);
#3463 = CARTESIAN_POINT('',(0.,0.,0.));
#3464 = DIRECTION('',(0.,0.,1.));
#3465 = DIRECTION('',(1.,0.,-0.));
#3466 = ( GEOMETRIC_REPRESENTATION_CONTEXT(3) 
GLOBAL_UNCERTAINTY_ASSIGNED_CONTEXT((#3470)) 
GLOBAL_UNIT_ASSIGNED_CONTEXT((#3467,#3468,#3469)) REPRESENTATION_CONTEXT
('Context #1','3D Context with UNIT and UNCERTAINTY') );
#3467 = ( LENGTH_UNIT() NAMED_UNIT(*) SI_UNIT(.MILLI.,.METRE.) );
#3468 = ( NAMED_UNIT(*) PLANE_ANGLE_UNIT() SI_UNIT($,.RADIAN.) );
#3469 = ( NAMED_UNIT(*) SI_UNIT($,.STERADIAN.) SOLID_ANGLE_UNIT() );
#3470 = UNCERTAINTY_MEASURE_WITH_UNIT(LENGTH_MEASURE(1.E-07),#3467,
  'distance_accuracy_value','confusion accuracy');
#3471 = SHAPE_DEFINITION_REPRESENTATION(#3472,#3453);
#3472 = PRODUCT_DEFINITION_SHAPE('','',#3473);
#3473 = PRODUCT_DEFINITION('design','',#3474,#3477);
#3474 = PRODUCT_DEFINITION_FORMATION('','',#3475);
#3475 = PRODUCT('C15','C15','',(#3476));
#3476 = PRODUCT_CONTEXT('',#2,'mechanical');
#3477 = PRODUCT_DEFINITION_CONTEXT('part definition',#2,'design');
#3478 = CONTEXT_DEPENDENT_SHAPE_REPRESENTATION(#3479,#3481);
#3479 = ( REPRESENTATION_RELATIONSHIP('','',#3453,#10) 
REPRESENTATION_RELATIONSHIP_WITH_TRANSFORMATION(#3480) 
SHAPE_REPRESENTATION_RELATIONSHIP() );
#3480 = ITEM_DEFINED_TRANSFORMATION('','',#11,#271);
#3481 = PRODUCT_DEFINITION_SHAPE('Placement','Placement of an item',
  #3482);
#3482 = NEXT_ASSEMBLY_USAGE_OCCURRENCE('65','=>[0:1:1:66]','',#5,#3473,$
  );
#3483 = PRODUCT_RELATED_PRODUCT_CATEGORY('part',$,(#3475));
#3484 = ADVANCED_BREP_SHAPE_REPRESENTATION('',(#11,#3485),#3497);
#3485 = MANIFOLD_SOLID_BREP('',#3486);
#3486 = CLOSED_SHELL('',(#3487));
#3487 = ADVANCED_FACE('',(#3488),#3492,.T.);
#3488 = FACE_BOUND('',#3489,.T.);
#3489 = VERTEX_LOOP('',#3490);
#3490 = VERTEX_POINT('',#3491);
#3491 = CARTESIAN_POINT('',(7.654042494671E-18,-1.874699728327E-33,
    -0.125));
#3492 = SPHERICAL_SURFACE('',#3493,0.125);
#3493 = AXIS2_PLACEMENT_3D('',#3494,#3495,#3496);
#3494 = CARTESIAN_POINT('',(0.,0.,0.));
#3495 = DIRECTION('',(0.,0.,1.));
#3496 = DIRECTION('',(1.,0.,-0.));
#3497 = ( GEOMETRIC_REPRESENTATION_CONTEXT(3) 
GLOBAL_UNCERTAINTY_ASSIGNED_CONTEXT((#3501)) 
GLOBAL_UNIT_ASSIGNED_CONTEXT((#3498,#3499,#3500)) REPRESENTATION_CONTEXT
('Context #1','3D Context with UNIT and UNCERTAINTY') );
#3498 = ( LENGTH_UNIT() NAMED_UNIT(*) SI_UNIT(.MILLI.,.METRE.) );
#3499 = ( NAMED_UNIT(*) PLANE_ANGLE_UNIT() SI_UNIT($,.RADIAN.) );
#3500 = ( NAMED_UNIT(*) SI_UNIT($,.STERADIAN.) SOLID_ANGLE_UNIT() );
#3501 = UNCERTAINTY_MEASURE_WITH_UNIT(LENGTH_MEASURE(1.E-07),#3498,
  'distance_accuracy_value','confusion accuracy');
#3502 = SHAPE_DEFINITION_REPRESENTATION(#3503,#3484);
#3503 = PRODUCT_DEFINITION_SHAPE('','',#3504);
#3504 = PRODUCT_DEFINITION('design','',#3505,#3508);
#3505 = PRODUCT_DEFINITION_FORMATION('','',#3506);
#3506 = PRODUCT('C16','C16','',(#3507));
#3507 = PRODUCT_CONTEXT('',#2,'mechanical');
#3508 = PRODUCT_DEFINITION_CONTEXT('part definition',#2,'design');
#3509 = CONTEXT_DEPENDENT_SHAPE_REPRESENTATION(#3510,#3512);
#3510 = ( REPRESENTATION_RELATIONSHIP('','',#3484,#10) 
REPRESENTATION_RELATIONSHIP_WITH_TRANSFORMATION(#3511) 
SHAPE_REPRESENTATION_RELATIONSHIP() );
#3511 = ITEM_DEFINED_TRANSFORMATION('','',#11,#275);
#3512 = PRODUCT_DEFINITION_SHAPE('Placement','Placement of an item',
  #3513);
#3513 = NEXT_ASSEMBLY_USAGE_OCCURRENCE('66','=>[0:1:1:67]','',#5,#3504,$
  );
#3514 = PRODUCT_RELATED_PRODUCT_CATEGORY('part',$,(#3506));
#3515 = ADVANCED_BREP_SHAPE_REPRESENTATION('',(#11,#3516),#3528);
#3516 = MANIFOLD_SOLID_BREP('',#3517);
#3517 = CLOSED_SHELL('',(#3518));
#3518 = ADVANCED_FACE('',(#3519),#3523,.T.);
#3519 = FACE_BOUND('',#3520,.T.);
#3520 = VERTEX_LOOP('',#3521);
#3521 = VERTEX_POINT('',#3522);
#3522 = CARTESIAN_POINT('',(7.654042494671E-18,-1.874699728327E-33,
    -0.125));
#3523 = SPHERICAL_SURFACE('',#3524,0.125);
#3524 = AXIS2_PLACEMENT_3D('',#3525,#3526,#3527);
#3525 = CARTESIAN_POINT('',(0.,0.,0.));
#3526 = DIRECTION('',(0.,0.,1.));
#3527 = DIRECTION('',(1.,0.,-0.));
#3528 = ( GEOMETRIC_REPRESENTATION_CONTEXT(3) 
GLOBAL_UNCERTAINTY_ASSIGNED_CONTEXT((#3532)) 
GLOBAL_UNIT_ASSIGNED_CONTEXT((#3529,#3530,#3531)) REPRESENTATION_CONTEXT
('Context #1','3D Context with UNIT and UNCERTAINTY') );
#3529 = ( LENGTH_UNIT() NAMED_UNIT(*) SI_UNIT(.MILLI.,.METRE.) );
#3530 = ( NAMED_UNIT(*) PLANE_ANGLE_UNIT() SI_UNIT($,.RADIAN.) );
#3531 = ( NAMED_UNIT(*) SI_UNIT($,.STERADIAN.) SOLID_ANGLE_UNIT() );
#3532 = UNCERTAINTY_MEASURE_WITH_UNIT(LENGTH_MEASURE(1.E-07),#3529,
  'distance_accuracy_value','confusion accuracy');
#3533 = SHAPE_DEFINITION_REPRESENTATION(#3534,#3515);
#3534 = PRODUCT_DEFINITION_SHAPE('','',#3535);
#3535 = PRODUCT_DEFINITION('design','',#3536,#3539);
#3536 = PRODUCT_DEFINITION_FORMATION('','',#3537);
#3537 = PRODUCT('C17','C17','',(#3538));
#3538 = PRODUCT_CONTEXT('',#2,'mechanical');
#3539 = PRODUCT_DEFINITION_CONTEXT('part definition',#2,'design');
#3540 = CONTEXT_DEPENDENT_SHAPE_REPRESENTATION(#3541,#3543);
#3541 = ( REPRESENTATION_RELATIONSHIP('','',#3515,#10) 
REPRESENTATION_RELATIONSHIP_WITH_TRANSFORMATION(#3542) 
SHAPE_REPRESENTATION_RELATIONSHIP() );
#3542 = ITEM_DEFINED_TRANSFORMATION('','',#11,#279);
#3543 = PRODUCT_DEFINITION_SHAPE('Placement','Placement of an item',
  #3544);
#3544 = NEXT_ASSEMBLY_USAGE_OCCURRENCE('67','=>[0:1:1:68]','',#5,#3535,$
  );
#3545 = PRODUCT_RELATED_PRODUCT_CATEGORY('part',$,(#3537));
#3546 = ADVANCED_BREP_SHAPE_REPRESENTATION('',(#11,#3547),#3559);
#3547 = MANIFOLD_SOLID_BREP('',#3548);
#3548 = CLOSED_SHELL('',(#3549));
#3549 = ADVANCED_FACE('',(#3550),#3554,.T.);
#3550 = FACE_BOUND('',#3551,.T.);
#3551 = VERTEX_LOOP('',#3552);
#3552 = VERTEX_POINT('',#3553);
#3553 = CARTESIAN_POINT('',(7.654042494671E-18,-1.874699728327E-33,
    -0.125));
#3554 = SPHERICAL_SURFACE('',#3555,0.125);
#3555 = AXIS2_PLACEMENT_3D('',#3556,#3557,#3558);
#3556 = CARTESIAN_POINT('',(0.,0.,0.));
#3557 = DIRECTION('',(0.,0.,1.));
#3558 = DIRECTION('',(1.,0.,-0.));
#3559 = ( GEOMETRIC_REPRESENTATION_CONTEXT(3) 
GLOBAL_UNCERTAINTY_ASSIGNED_CONTEXT((#3563)) 
GLOBAL_UNIT_ASSIGNED_CONTEXT((#3560,#3561,#3562)) REPRESENTATION_CONTEXT
('Context #1','3D Context with UNIT and UNCERTAINTY') );
#3560 = ( LENGTH_UNIT() NAMED_UNIT(*) SI_UNIT(.MILLI.,.METRE.) );
#3561 = ( NAMED_UNIT(*) PLANE_ANGLE_UNIT() SI_UNIT($,.RADIAN.) );
#3562 = ( NAMED_UNIT(*) SI_UNIT($,.STERADIAN.) SOLID_ANGLE_UNIT() );
#3563 = UNCERTAINTY_MEASURE_WITH_UNIT(LENGTH_MEASURE(1.E-07),#3560,
  'distance_accuracy_value','confusion accuracy');
#3564 = SHAPE_DEFINITION_REPRESENTATION(#3565,#3546);
#3565 = PRODUCT_DEFINITION_SHAPE('','',#3566);
#3566 = PRODUCT_DEFINITION('design','',#3567,#3570);
#3567 = PRODUCT_DEFINITION_FORMATION('','',#3568);
#3568 = PRODUCT('C18','C18','',(#3569));
#3569 = PRODUCT_CONTEXT('',#2,'mechanical');
#3570 = PRODUCT_DEFINITION_CONTEXT('part definition',#2,'design');
#3571 = CONTEXT_DEPENDENT_SHAPE_REPRESENTATION(#3572,#3574);
#3572 = ( REPRESENTATION_RELATIONSHIP('','',#3546,#10) 
REPRESENTATION_RELATIONSHIP_WITH_TRANSFORMATION(#3573) 
SHAPE_REPRESENTATION_RELATIONSHIP() );
#3573 = ITEM_DEFINED_TRANSFORMATION('','',#11,#283);
#3574 = PRODUCT_DEFINITION_SHAPE('Placement','Placement of an item',
  #3575);
#3575 = NEXT_ASSEMBLY_USAGE_OCCURRENCE('68','=>[0:1:1:69]','',#5,#3566,$
  );
#3576 = PRODUCT_RELATED_PRODUCT_CATEGORY('part',$,(#3568));
#3577 = ADVANCED_BREP_SHAPE_REPRESENTATION('',(#11,#3578),#3590);
#3578 = MANIFOLD_SOLID_BREP('',#3579);
#3579 = CLOSED_SHELL('',(#3580));
#3580 = ADVANCED_FACE('',(#3581),#3585,.T.);
#3581 = FACE_BOUND('',#3582,.T.);
#3582 = VERTEX_LOOP('',#3583);
#3583 = VERTEX_POINT('',#3584);
#3584 = CARTESIAN_POINT('',(7.654042494671E-18,-1.874699728327E-33,
    -0.125));
#3585 = SPHERICAL_SURFACE('',#3586,0.125);
#3586 = AXIS2_PLACEMENT_3D('',#3587,#3588,#3589);
#3587 = CARTESIAN_POINT('',(0.,0.,0.));
#3588 = DIRECTION('',(0.,0.,1.));
#3589 = DIRECTION('',(1.,0.,-0.));
#3590 = ( GEOMETRIC_REPRESENTATION_CONTEXT(3) 
GLOBAL_UNCERTAINTY_ASSIGNED_CONTEXT((#3594)) 
GLOBAL_UNIT_ASSIGNED_CONTEXT((#3591,#3592,#3593)) REPRESENTATION_CONTEXT
('Context #1','3D Context with UNIT and UNCERTAINTY') );
#3591 = ( LENGTH_UNIT() NAMED_UNIT(*) SI_UNIT(.MILLI.,.METRE.) );
#3592 = ( NAMED_UNIT(*) PLANE_ANGLE_UNIT() SI_UNIT($,.RADIAN.) );
#3593 = ( NAMED_UNIT(*) SI_UNIT($,.STERADIAN.) SOLID_ANGLE_UNIT() );
#3594 = UNCERTAINTY_MEASURE_WITH_UNIT(LENGTH_MEASURE(1.E-07),#3591,
  'distance_accuracy_value','confusion accuracy');
#3595 = SHAPE_DEFINITION_REPRESENTATION(#3596,#3577);
#3596 = PRODUCT_DEFINITION_SHAPE('','',#3597);
#3597 = PRODUCT_DEFINITION('design','',#3598,#3601);
#3598 = PRODUCT_DEFINITION_FORMATION('','',#3599);
#3599 = PRODUCT('C19','C19','',(#3600));
#3600 = PRODUCT_CONTEXT('',#2,'mechanical');
#3601 = PRODUCT_DEFINITION_CONTEXT('part definition',#2,'design');
#3602 = CONTEXT_DEPENDENT_SHAPE_REPRESENTATION(#3603,#3605);
#3603 = ( REPRESENTATION_RELATIONSHIP('','',#3577,#10) 
REPRESENTATION_RELATIONSHIP_WITH_TRANSFORMATION(#3604) 
SHAPE_REPRESENTATION_RELATIONSHIP() );
#3604 = ITEM_DEFINED_TRANSFORMATION('','',#11,#287);
#3605 = PRODUCT_DEFINITION_SHAPE('Placement','Placement of an item',
  #3606);
#3606 = NEXT_ASSEMBLY_USAGE_OCCURRENCE('69','=>[0:1:1:70]','',#5,#3597,$
  );
#3607 = PRODUCT_RELATED_PRODUCT_CATEGORY('part',$,(#3599));
#3608 = ADVANCED_BREP_SHAPE_REPRESENTATION('',(#11,#3609),#3621);
#3609 = MANIFOLD_SOLID_BREP('',#3610);
#3610 = CLOSED_SHELL('',(#3611));
#3611 = ADVANCED_FACE('',(#3612),#3616,.T.);
#3612 = FACE_BOUND('',#3613,.T.);
#3613 = VERTEX_LOOP('',#3614);
#3614 = VERTEX_POINT('',#3615);
#3615 = CARTESIAN_POINT('',(7.654042494671E-18,-1.874699728327E-33,
    -0.125));
#3616 = SPHERICAL_SURFACE('',#3617,0.125);
#3617 = AXIS2_PLACEMENT_3D('',#3618,#3619,#3620);
#3618 = CARTESIAN_POINT('',(0.,0.,0.));
#3619 = DIRECTION('',(0.,0.,1.));
#3620 = DIRECTION('',(1.,0.,-0.));
#3621 = ( GEOMETRIC_REPRESENTATION_CONTEXT(3) 
GLOBAL_UNCERTAINTY_ASSIGNED_CONTEXT((#3625)) 
GLOBAL_UNIT_ASSIGNED_CONTEXT((#3622,#3623,#3624)) REPRESENTATION_CONTEXT
('Context #1','3D Context with UNIT and UNCERTAINTY') );
#3622 = ( LENGTH_UNIT() NAMED_UNIT(*) SI_UNIT(.MILLI.,.METRE.) );
#3623 = ( NAMED_UNIT(*) PLANE_ANGLE_UNIT() SI_UNIT($,.RADIAN.) );
#3624 = ( NAMED_UNIT(*) SI_UNIT($,.STERADIAN.) SOLID_ANGLE_UNIT() );
#3625 = UNCERTAINTY_MEASURE_WITH_UNIT(LENGTH_MEASURE(1.E-07),#3622,
  'distance_accuracy_value','confusion accuracy');
#3626 = SHAPE_DEFINITION_REPRESENTATION(#3627,#3608);
#3627 = PRODUCT_DEFINITION_SHAPE('','',#3628);
#3628 = PRODUCT_DEFINITION('design','',#3629,#3632);
#3629 = PRODUCT_DEFINITION_FORMATION('','',#3630);
#3630 = PRODUCT('C20','C20','',(#3631));
#3631 = PRODUCT_CONTEXT('',#2,'mechanical');
#3632 = PRODUCT_DEFINITION_CONTEXT('part definition',#2,'design');
#3633 = CONTEXT_DEPENDENT_SHAPE_REPRESENTATION(#3634,#3636);
#3634 = ( REPRESENTATION_RELATIONSHIP('','',#3608,#10) 
REPRESENTATION_RELATIONSHIP_WITH_TRANSFORMATION(#3635) 
SHAPE_REPRESENTATION_RELATIONSHIP() );
#3635 = ITEM_DEFINED_TRANSFORMATION('','',#11,#291);
#3636 = PRODUCT_DEFINITION_SHAPE('Placement','Placement of an item',
  #3637);
#3637 = NEXT_ASSEMBLY_USAGE_OCCURRENCE('70','=>[0:1:1:71]','',#5,#3628,$
  );
#3638 = PRODUCT_RELATED_PRODUCT_CATEGORY('part',$,(#3630));
#3639 = ADVANCED_BREP_SHAPE_REPRESENTATION('',(#11,#3640),#3652);
#3640 = MANIFOLD_SOLID_BREP('',#3641);
#3641 = CLOSED_SHELL('',(#3642));
#3642 = ADVANCED_FACE('',(#3643),#3647,.T.);
#3643 = FACE_BOUND('',#3644,.T.);
#3644 = VERTEX_LOOP('',#3645);
#3645 = VERTEX_POINT('',#3646);
#3646 = CARTESIAN_POINT('',(7.654042494671E-18,-1.874699728327E-33,
    -0.125));
#3647 = SPHERICAL_SURFACE('',#3648,0.125);
#3648 = AXIS2_PLACEMENT_3D('',#3649,#3650,#3651);
#3649 = CARTESIAN_POINT('',(0.,0.,0.));
#3650 = DIRECTION('',(0.,0.,1.));
#3651 = DIRECTION('',(1.,0.,-0.));
#3652 = ( GEOMETRIC_REPRESENTATION_CONTEXT(3) 
GLOBAL_UNCERTAINTY_ASSIGNED_CONTEXT((#3656)) 
GLOBAL_UNIT_ASSIGNED_CONTEXT((#3653,#3654,#3655)) REPRESENTATION_CONTEXT
('Context #1','3D Context with UNIT and UNCERTAINTY') );
#3653 = ( LENGTH_UNIT() NAMED_UNIT(*) SI_UNIT(.MILLI.,.METRE.) );
#3654 = ( NAMED_UNIT(*) PLANE_ANGLE_UNIT() SI_UNIT($,.RADIAN.) );
#3655 = ( NAMED_UNIT(*) SI_UNIT($,.STERADIAN.) SOLID_ANGLE_UNIT() );
#3656 = UNCERTAINTY_MEASURE_WITH_UNIT(LENGTH_MEASURE(1.E-07),#3653,
  'distance_accuracy_value','confusion accuracy');
#3657 = SHAPE_DEFINITION_REPRESENTATION(#3658,#3639);
#3658 = PRODUCT_DEFINITION_SHAPE('','',#3659);
#3659 = PRODUCT_DEFINITION('design','',#3660,#3663);
#3660 = PRODUCT_DEFINITION_FORMATION('','',#3661);
#3661 = PRODUCT('C21','C21','',(#3662));
#3662 = PRODUCT_CONTEXT('',#2,'mechanical');
#3663 = PRODUCT_DEFINITION_CONTEXT('part definition',#2,'design');
#3664 = CONTEXT_DEPENDENT_SHAPE_REPRESENTATION(#3665,#3667);
#3665 = ( REPRESENTATION_RELATIONSHIP('','',#3639,#10) 
REPRESENTATION_RELATIONSHIP_WITH_TRANSFORMATION(#3666) 
SHAPE_REPRESENTATION_RELATIONSHIP() );
#3666 = ITEM_DEFINED_TRANSFORMATION('','',#11,#295);
#3667 = PRODUCT_DEFINITION_SHAPE('Placement','Placement of an item',
  #3668);
#3668 = NEXT_ASSEMBLY_USAGE_OCCURRENCE('71','=>[0:1:1:72]','',#5,#3659,$
  );
#3669 = PRODUCT_RELATED_PRODUCT_CATEGORY('part',$,(#3661));
#3670 = ADVANCED_BREP_SHAPE_REPRESENTATION('',(#11,#3671),#3683);
#3671 = MANIFOLD_SOLID_BREP('',#3672);
#3672 = CLOSED_SHELL('',(#3673));
#3673 = ADVANCED_FACE('',(#3674),#3678,.T.);
#3674 = FACE_BOUND('',#3675,.T.);
#3675 = VERTEX_LOOP('',#3676);
#3676 = VERTEX_POINT('',#3677);
#3677 = CARTESIAN_POINT('',(7.654042494671E-18,-1.874699728327E-33,
    -0.125));
#3678 = SPHERICAL_SURFACE('',#3679,0.125);
#3679 = AXIS2_PLACEMENT_3D('',#3680,#3681,#3682);
#3680 = CARTESIAN_POINT('',(0.,0.,0.));
#3681 = DIRECTION('',(0.,0.,1.));
#3682 = DIRECTION('',(1.,0.,-0.));
#3683 = ( GEOMETRIC_REPRESENTATION_CONTEXT(3) 
GLOBAL_UNCERTAINTY_ASSIGNED_CONTEXT((#3687)) 
GLOBAL_UNIT_ASSIGNED_CONTEXT((#3684,#3685,#3686)) REPRESENTATION_CONTEXT
('Context #1','3D Context with UNIT and UNCERTAINTY') );
#3684 = ( LENGTH_UNIT() NAMED_UNIT(*) SI_UNIT(.MILLI.,.METRE.) );
#3685 = ( NAMED_UNIT(*) PLANE_ANGLE_UNIT() SI_UNIT($,.RADIAN.) );
#3686 = ( NAMED_UNIT(*) SI_UNIT($,.STERADIAN.) SOLID_ANGLE_UNIT() );
#3687 = UNCERTAINTY_MEASURE_WITH_UNIT(LENGTH_MEASURE(1.E-07),#3684,
  'distance_accuracy_value','confusion accuracy');
#3688 = SHAPE_DEFINITION_REPRESENTATION(#3689,#3670);
#3689 = PRODUCT_DEFINITION_SHAPE('','',#3690);
#3690 = PRODUCT_DEFINITION('design','',#3691,#3694);
#3691 = PRODUCT_DEFINITION_FORMATION('','',#3692);
#3692 = PRODUCT('C22','C22','',(#3693));
#3693 = PRODUCT_CONTEXT('',#2,'mechanical');
#3694 = PRODUCT_DEFINITION_CONTEXT('part definition',#2,'design');
#3695 = CONTEXT_DEPENDENT_SHAPE_REPRESENTATION(#3696,#3698);
#3696 = ( REPRESENTATION_RELATIONSHIP('','',#3670,#10) 
REPRESENTATION_RELATIONSHIP_WITH_TRANSFORMATION(#3697) 
SHAPE_REPRESENTATION_RELATIONSHIP() );
#3697 = ITEM_DEFINED_TRANSFORMATION('','',#11,#299);
#3698 = PRODUCT_DEFINITION_SHAPE('Placement','Placement of an item',
  #3699);
#3699 = NEXT_ASSEMBLY_USAGE_OCCURRENCE('72','=>[0:1:1:73]','',#5,#3690,$
  );
#3700 = PRODUCT_RELATED_PRODUCT_CATEGORY('part',$,(#3692));
#3701 = ADVANCED_BREP_SHAPE_REPRESENTATION('',(#11,#3702),#3714);
#3702 = MANIFOLD_SOLID_BREP('',#3703);
#3703 = CLOSED_SHELL('',(#3704));
#3704 = ADVANCED_FACE('',(#3705),#3709,.T.);
#3705 = FACE_BOUND('',#3706,.T.);
#3706 = VERTEX_LOOP('',#3707);
#3707 = VERTEX_POINT('',#3708);
#3708 = CARTESIAN_POINT('',(7.654042494671E-18,-1.874699728327E-33,
    -0.125));
#3709 = SPHERICAL_SURFACE('',#3710,0.125);
#3710 = AXIS2_PLACEMENT_3D('',#3711,#3712,#3713);
#3711 = CARTESIAN_POINT('',(0.,0.,0.));
#3712 = DIRECTION('',(0.,0.,1.));
#3713 = DIRECTION('',(1.,0.,-0.));
#3714 = ( GEOMETRIC_REPRESENTATION_CONTEXT(3) 
GLOBAL_UNCERTAINTY_ASSIGNED_CONTEXT((#3718)) 
GLOBAL_UNIT_ASSIGNED_CONTEXT((#3715,#3716,#3717)) REPRESENTATION_CONTEXT
('Context #1','3D Context with UNIT and UNCERTAINTY') );
#3715 = ( LENGTH_UNIT() NAMED_UNIT(*) SI_UNIT(.MILLI.,.METRE.) );
#3716 = ( NAMED_UNIT(*) PLANE_ANGLE_UNIT() SI_UNIT($,.RADIAN.) );
#3717 = ( NAMED_UNIT(*) SI_UNIT($,.STERADIAN.) SOLID_ANGLE_UNIT() );
#3718 = UNCERTAINTY_MEASURE_WITH_UNIT(LENGTH_MEASURE(1.E-07),#3715,
  'distance_accuracy_value','confusion accuracy');
#3719 = SHAPE_DEFINITION_REPRESENTATION(#3720,#3701);
#3720 = PRODUCT_DEFINITION_SHAPE('','',#3721);
#3721 = PRODUCT_DEFINITION('design','',#3722,#3725);
#3722 = PRODUCT_DEFINITION_FORMATION('','',#3723);
#3723 = PRODUCT('C23','C23','',(#3724));
#3724 = PRODUCT_CONTEXT('',#2,'mechanical');
#3725 = PRODUCT_DEFINITION_CONTEXT('part definition',#2,'design');
#3726 = CONTEXT_DEPENDENT_SHAPE_REPRESENTATION(#3727,#3729);
#3727 = ( REPRESENTATION_RELATIONSHIP('','',#3701,#10) 
REPRESENTATION_RELATIONSHIP_WITH_TRANSFORMATION(#3728) 
SHAPE_REPRESENTATION_RELATIONSHIP() );
#3728 = ITEM_DEFINED_TRANSFORMATION('','',#11,#303);
#3729 = PRODUCT_DEFINITION_SHAPE('Placement','Placement of an item',
  #3730);
#3730 = NEXT_ASSEMBLY_USAGE_OCCURRENCE('73','=>[0:1:1:74]','',#5,#3721,$
  );
#3731 = PRODUCT_RELATED_PRODUCT_CATEGORY('part',$,(#3723));
#3732 = ADVANCED_BREP_SHAPE_REPRESENTATION('',(#11,#3733),#3745);
#3733 = MANIFOLD_SOLID_BREP('',#3734);
#3734 = CLOSED_SHELL('',(#3735));
#3735 = ADVANCED_FACE('',(#3736),#3740,.T.);
#3736 = FACE_BOUND('',#3737,.T.);
#3737 = VERTEX_LOOP('',#3738);
#3738 = VERTEX_POINT('',#3739);
#3739 = CARTESIAN_POINT('',(7.654042494671E-18,-1.874699728327E-33,
    -0.125));
#3740 = SPHERICAL_SURFACE('',#3741,0.125);
#3741 = AXIS2_PLACEMENT_3D('',#3742,#3743,#3744);
#3742 = CARTESIAN_POINT('',(0.,0.,0.));
#3743 = DIRECTION('',(0.,0.,1.));
#3744 = DIRECTION('',(1.,0.,-0.));
#3745 = ( GEOMETRIC_REPRESENTATION_CONTEXT(3) 
GLOBAL_UNCERTAINTY_ASSIGNED_CONTEXT((#3749)) 
GLOBAL_UNIT_ASSIGNED_CONTEXT((#3746,#3747,#3748)) REPRESENTATION_CONTEXT
('Context #1','3D Context with UNIT and UNCERTAINTY') );
#3746 = ( LENGTH_UNIT() NAMED_UNIT(*) SI_UNIT(.MILLI.,.METRE.) );
#3747 = ( NAMED_UNIT(*) PLANE_ANGLE_UNIT() SI_UNIT($,.RADIAN.) );
#3748 = ( NAMED_UNIT(*) SI_UNIT($,.STERADIAN.) SOLID_ANGLE_UNIT() );
#3749 = UNCERTAINTY_MEASURE_WITH_UNIT(LENGTH_MEASURE(1.E-07),#3746,
  'distance_accuracy_value','confusion accuracy');
#3750 = SHAPE_DEFINITION_REPRESENTATION(#3751,#3732);
#3751 = PRODUCT_DEFINITION_SHAPE('','',#3752);
#3752 = PRODUCT_DEFINITION('design','',#3753,#3756);
#3753 = PRODUCT_DEFINITION_FORMATION('','',#3754);
#3754 = PRODUCT('C24','C24','',(#3755));
#3755 = PRODUCT_CONTEXT('',#2,'mechanical');
#3756 = PRODUCT_DEFINITION_CONTEXT('part definition',#2,'design');
#3757 = CONTEXT_DEPENDENT_SHAPE_REPRESENTATION(#3758,#3760);
#3758 = ( REPRESENTATION_RELATIONSHIP('','',#3732,#10) 
REPRESENTATION_RELATIONSHIP_WITH_TRANSFORMATION(#3759) 
SHAPE_REPRESENTATION_RELATIONSHIP() );
#3759 = ITEM_DEFINED_TRANSFORMATION('','',#11,#307);
#3760 = PRODUCT_DEFINITION_SHAPE('Placement','Placement of an item',
  #3761);
#3761 = NEXT_ASSEMBLY_USAGE_OCCURRENCE('74','=>[0:1:1:75]','',#5,#3752,$
  );
#3762 = PRODUCT_RELATED_PRODUCT_CATEGORY('part',$,(#3754));
#3763 = ADVANCED_BREP_SHAPE_REPRESENTATION('',(#11,#3764),#3776);
#3764 = MANIFOLD_SOLID_BREP('',#3765);
#3765 = CLOSED_SHELL('',(#3766));
#3766 = ADVANCED_FACE('',(#3767),#3771,.T.);
#3767 = FACE_BOUND('',#3768,.T.);
#3768 = VERTEX_LOOP('',#3769);
#3769 = VERTEX_POINT('',#3770);
#3770 = CARTESIAN_POINT('',(7.654042494671E-18,-1.874699728327E-33,
    -0.125));
#3771 = SPHERICAL_SURFACE('',#3772,0.125);
#3772 = AXIS2_PLACEMENT_3D('',#3773,#3774,#3775);
#3773 = CARTESIAN_POINT('',(0.,0.,0.));
#3774 = DIRECTION('',(0.,0.,1.));
#3775 = DIRECTION('',(1.,0.,-0.));
#3776 = ( GEOMETRIC_REPRESENTATION_CONTEXT(3) 
GLOBAL_UNCERTAINTY_ASSIGNED_CONTEXT((#3780)) 
GLOBAL_UNIT_ASSIGNED_CONTEXT((#3777,#3778,#3779)) REPRESENTATION_CONTEXT
('Context #1','3D Context with UNIT and UNCERTAINTY') );
#3777 = ( LENGTH_UNIT() NAMED_UNIT(*) SI_UNIT(.MILLI.,.METRE.) );
#3778 = ( NAMED_UNIT(*) PLANE_ANGLE_UNIT() SI_UNIT($,.RADIAN.) );
#3779 = ( NAMED_UNIT(*) SI_UNIT($,.STERADIAN.) SOLID_ANGLE_UNIT() );
#3780 = UNCERTAINTY_MEASURE_WITH_UNIT(LENGTH_MEASURE(1.E-07),#3777,
  'distance_accuracy_value','confusion accuracy');
#3781 = SHAPE_DEFINITION_REPRESENTATION(#3782,#3763);
#3782 = PRODUCT_DEFINITION_SHAPE('','',#3783);
#3783 = PRODUCT_DEFINITION('design','',#3784,#3787);
#3784 = PRODUCT_DEFINITION_FORMATION('','',#3785);
#3785 = PRODUCT('C25','C25','',(#3786));
#3786 = PRODUCT_CONTEXT('',#2,'mechanical');
#3787 = PRODUCT_DEFINITION_CONTEXT('part definition',#2,'design');
#3788 = CONTEXT_DEPENDENT_SHAPE_REPRESENTATION(#3789,#3791);
#3789 = ( REPRESENTATION_RELATIONSHIP('','',#3763,#10) 
REPRESENTATION_RELATIONSHIP_WITH_TRANSFORMATION(#3790) 
SHAPE_REPRESENTATION_RELATIONSHIP() );
#3790 = ITEM_DEFINED_TRANSFORMATION('','',#11,#311);
#3791 = PRODUCT_DEFINITION_SHAPE('Placement','Placement of an item',
  #3792);
#3792 = NEXT_ASSEMBLY_USAGE_OCCURRENCE('75','=>[0:1:1:76]','',#5,#3783,$
  );
#3793 = PRODUCT_RELATED_PRODUCT_CATEGORY('part',$,(#3785));
#3794 = ADVANCED_BREP_SHAPE_REPRESENTATION('',(#11,#3795),#3807);
#3795 = MANIFOLD_SOLID_BREP('',#3796);
#3796 = CLOSED_SHELL('',(#3797));
#3797 = ADVANCED_FACE('',(#3798),#3802,.T.);
#3798 = FACE_BOUND('',#3799,.T.);
#3799 = VERTEX_LOOP('',#3800);
#3800 = VERTEX_POINT('',#3801);
#3801 = CARTESIAN_POINT('',(7.654042494671E-18,-1.874699728327E-33,
    -0.125));
#3802 = SPHERICAL_SURFACE('',#3803,0.125);
#3803 = AXIS2_PLACEMENT_3D('',#3804,#3805,#3806);
#3804 = CARTESIAN_POINT('',(0.,0.,0.));
#3805 = DIRECTION('',(0.,0.,1.));
#3806 = DIRECTION('',(1.,0.,-0.));
#3807 = ( GEOMETRIC_REPRESENTATION_CONTEXT(3) 
GLOBAL_UNCERTAINTY_ASSIGNED_CONTEXT((#3811)) 
GLOBAL_UNIT_ASSIGNED_CONTEXT((#3808,#3809,#3810)) REPRESENTATION_CONTEXT
('Context #1','3D Context with UNIT and UNCERTAINTY') );
#3808 = ( LENGTH_UNIT() NAMED_UNIT(*) SI_UNIT(.MILLI.,.METRE.) );
#3809 = ( NAMED_UNIT(*) PLANE_ANGLE_UNIT() SI_UNIT($,.RADIAN.) );
#3810 = ( NAMED_UNIT(*) SI_UNIT($,.STERADIAN.) SOLID_ANGLE_UNIT() );
#3811 = UNCERTAINTY_MEASURE_WITH_UNIT(LENGTH_MEASURE(1.E-07),#3808,
  'distance_accuracy_value','confusion accuracy');
#3812 = SHAPE_DEFINITION_REPRESENTATION(#3813,#3794);
#3813 = PRODUCT_DEFINITION_SHAPE('','',#3814);
#3814 = PRODUCT_DEFINITION('design','',#3815,#3818);
#3815 = PRODUCT_DEFINITION_FORMATION('','',#3816);
#3816 = PRODUCT('D1','D1','',(#3817));
#3817 = PRODUCT_CONTEXT('',#2,'mechanical');
#3818 = PRODUCT_DEFINITION_CONTEXT('part definition',#2,'design');
#3819 = CONTEXT_DEPENDENT_SHAPE_REPRESENTATION(#3820,#3822);
#3820 = ( REPRESENTATION_RELATIONSHIP('','',#3794,#10) 
REPRESENTATION_RELATIONSHIP_WITH_TRANSFORMATION(#3821) 
SHAPE_REPRESENTATION_RELATIONSHIP() );
#3821 = ITEM_DEFINED_TRANSFORMATION('','',#11,#315);
#3822 = PRODUCT_DEFINITION_SHAPE('Placement','Placement of an item',
  #3823);
#3823 = NEXT_ASSEMBLY_USAGE_OCCURRENCE('76','=>[0:1:1:77]','',#5,#3814,$
  );
#3824 = PRODUCT_RELATED_PRODUCT_CATEGORY('part',$,(#3816));
#3825 = ADVANCED_BREP_SHAPE_REPRESENTATION('',(#11,#3826),#3838);
#3826 = MANIFOLD_SOLID_BREP('',#3827);
#3827 = CLOSED_SHELL('',(#3828));
#3828 = ADVANCED_FACE('',(#3829),#3833,.T.);
#3829 = FACE_BOUND('',#3830,.T.);
#3830 = VERTEX_LOOP('',#3831);
#3831 = VERTEX_POINT('',#3832);
#3832 = CARTESIAN_POINT('',(7.654042494671E-18,-1.874699728327E-33,
    -0.125));
#3833 = SPHERICAL_SURFACE('',#3834,0.125);
#3834 = AXIS2_PLACEMENT_3D('',#3835,#3836,#3837);
#3835 = CARTESIAN_POINT('',(0.,0.,0.));
#3836 = DIRECTION('',(0.,0.,1.));
#3837 = DIRECTION('',(1.,0.,-0.));
#3838 = ( GEOMETRIC_REPRESENTATION_CONTEXT(3) 
GLOBAL_UNCERTAINTY_ASSIGNED_CONTEXT((#3842)) 
GLOBAL_UNIT_ASSIGNED_CONTEXT((#3839,#3840,#3841)) REPRESENTATION_CONTEXT
('Context #1','3D Context with UNIT and UNCERTAINTY') );
#3839 = ( LENGTH_UNIT() NAMED_UNIT(*) SI_UNIT(.MILLI.,.METRE.) );
#3840 = ( NAMED_UNIT(*) PLANE_ANGLE_UNIT() SI_UNIT($,.RADIAN.) );
#3841 = ( NAMED_UNIT(*) SI_UNIT($,.STERADIAN.) SOLID_ANGLE_UNIT() );
#3842 = UNCERTAINTY_MEASURE_WITH_UNIT(LENGTH_MEASURE(1.E-07),#3839,
  'distance_accuracy_value','confusion accuracy');
#3843 = SHAPE_DEFINITION_REPRESENTATION(#3844,#3825);
#3844 = PRODUCT_DEFINITION_SHAPE('','',#3845);
#3845 = PRODUCT_DEFINITION('design','',#3846,#3849);
#3846 = PRODUCT_DEFINITION_FORMATION('','',#3847);
#3847 = PRODUCT('D2','D2','',(#3848));
#3848 = PRODUCT_CONTEXT('',#2,'mechanical');
#3849 = PRODUCT_DEFINITION_CONTEXT('part definition',#2,'design');
#3850 = CONTEXT_DEPENDENT_SHAPE_REPRESENTATION(#3851,#3853);
#3851 = ( REPRESENTATION_RELATIONSHIP('','',#3825,#10) 
REPRESENTATION_RELATIONSHIP_WITH_TRANSFORMATION(#3852) 
SHAPE_REPRESENTATION_RELATIONSHIP() );
#3852 = ITEM_DEFINED_TRANSFORMATION('','',#11,#319);
#3853 = PRODUCT_DEFINITION_SHAPE('Placement','Placement of an item',
  #3854);
#3854 = NEXT_ASSEMBLY_USAGE_OCCURRENCE('77','=>[0:1:1:78]','',#5,#3845,$
  );
#3855 = PRODUCT_RELATED_PRODUCT_CATEGORY('part',$,(#3847));
#3856 = ADVANCED_BREP_SHAPE_REPRESENTATION('',(#11,#3857),#3869);
#3857 = MANIFOLD_SOLID_BREP('',#3858);
#3858 = CLOSED_SHELL('',(#3859));
#3859 = ADVANCED_FACE('',(#3860),#3864,.T.);
#3860 = FACE_BOUND('',#3861,.T.);
#3861 = VERTEX_LOOP('',#3862);
#3862 = VERTEX_POINT('',#3863);
#3863 = CARTESIAN_POINT('',(7.654042494671E-18,-1.874699728327E-33,
    -0.125));
#3864 = SPHERICAL_SURFACE('',#3865,0.125);
#3865 = AXIS2_PLACEMENT_3D('',#3866,#3867,#3868);
#3866 = CARTESIAN_POINT('',(0.,0.,0.));
#3867 = DIRECTION('',(0.,0.,1.));
#3868 = DIRECTION('',(1.,0.,-0.));
#3869 = ( GEOMETRIC_REPRESENTATION_CONTEXT(3) 
GLOBAL_UNCERTAINTY_ASSIGNED_CONTEXT((#3873)) 
GLOBAL_UNIT_ASSIGNED_CONTEXT((#3870,#3871,#3872)) REPRESENTATION_CONTEXT
('Context #1','3D Context with UNIT and UNCERTAINTY') );
#3870 = ( LENGTH_UNIT() NAMED_UNIT(*) SI_UNIT(.MILLI.,.METRE.) );
#3871 = ( NAMED_UNIT(*) PLANE_ANGLE_UNIT() SI_UNIT($,.RADIAN.) );
#3872 = ( NAMED_UNIT(*) SI_UNIT($,.STERADIAN.) SOLID_ANGLE_UNIT() );
#3873 = UNCERTAINTY_MEASURE_WITH_UNIT(LENGTH_MEASURE(1.E-07),#3870,
  'distance_accuracy_value','confusion accuracy');
#3874 = SHAPE_DEFINITION_REPRESENTATION(#3875,#3856);
#3875 = PRODUCT_DEFINITION_SHAPE('','',#3876);
#3876 = PRODUCT_DEFINITION('design','',#3877,#3880);
#3877 = PRODUCT_DEFINITION_FORMATION('','',#3878);
#3878 = PRODUCT('D3','D3','',(#3879));
#3879 = PRODUCT_CONTEXT('',#2,'mechanical');
#3880 = PRODUCT_DEFINITION_CONTEXT('part definition',#2,'design');
#3881 = CONTEXT_DEPENDENT_SHAPE_REPRESENTATION(#3882,#3884);
#3882 = ( REPRESENTATION_RELATIONSHIP('','',#3856,#10) 
REPRESENTATION_RELATIONSHIP_WITH_TRANSFORMATION(#3883) 
SHAPE_REPRESENTATION_RELATIONSHIP() );
#3883 = ITEM_DEFINED_TRANSFORMATION('','',#11,#323);
#3884 = PRODUCT_DEFINITION_SHAPE('Placement','Placement of an item',
  #3885);
#3885 = NEXT_ASSEMBLY_USAGE_OCCURRENCE('78','=>[0:1:1:79]','',#5,#3876,$
  );
#3886 = PRODUCT_RELATED_PRODUCT_CATEGORY('part',$,(#3878));
#3887 = ADVANCED_BREP_SHAPE_REPRESENTATION('',(#11,#3888),#3900);
#3888 = MANIFOLD_SOLID_BREP('',#3889);
#3889 = CLOSED_SHELL('',(#3890));
#3890 = ADVANCED_FACE('',(#3891),#3895,.T.);
#3891 = FACE_BOUND('',#3892,.T.);
#3892 = VERTEX_LOOP('',#3893);
#3893 = VERTEX_POINT('',#3894);
#3894 = CARTESIAN_POINT('',(7.654042494671E-18,-1.874699728327E-33,
    -0.125));
#3895 = SPHERICAL_SURFACE('',#3896,0.125);
#3896 = AXIS2_PLACEMENT_3D('',#3897,#3898,#3899);
#3897 = CARTESIAN_POINT('',(0.,0.,0.));
#3898 = DIRECTION('',(0.,0.,1.));
#3899 = DIRECTION('',(1.,0.,-0.));
#3900 = ( GEOMETRIC_REPRESENTATION_CONTEXT(3) 
GLOBAL_UNCERTAINTY_ASSIGNED_CONTEXT((#3904)) 
GLOBAL_UNIT_ASSIGNED_CONTEXT((#3901,#3902,#3903)) REPRESENTATION_CONTEXT
('Context #1','3D Context with UNIT and UNCERTAINTY') );
#3901 = ( LENGTH_UNIT() NAMED_UNIT(*) SI_UNIT(.MILLI.,.METRE.) );
#3902 = ( NAMED_UNIT(*) PLANE_ANGLE_UNIT() SI_UNIT($,.RADIAN.) );
#3903 = ( NAMED_UNIT(*) SI_UNIT($,.STERADIAN.) SOLID_ANGLE_UNIT() );
#3904 = UNCERTAINTY_MEASURE_WITH_UNIT(LENGTH_MEASURE(1.E-07),#3901,
  'distance_accuracy_value','confusion accuracy');
#3905 = SHAPE_DEFINITION_REPRESENTATION(#3906,#3887);
#3906 = PRODUCT_DEFINITION_SHAPE('','',#3907);
#3907 = PRODUCT_DEFINITION('design','',#3908,#3911);
#3908 = PRODUCT_DEFINITION_FORMATION('','',#3909);
#3909 = PRODUCT('D23','D23','',(#3910));
#3910 = PRODUCT_CONTEXT('',#2,'mechanical');
#3911 = PRODUCT_DEFINITION_CONTEXT('part definition',#2,'design');
#3912 = CONTEXT_DEPENDENT_SHAPE_REPRESENTATION(#3913,#3915);
#3913 = ( REPRESENTATION_RELATIONSHIP('','',#3887,#10) 
REPRESENTATION_RELATIONSHIP_WITH_TRANSFORMATION(#3914) 
SHAPE_REPRESENTATION_RELATIONSHIP() );
#3914 = ITEM_DEFINED_TRANSFORMATION('','',#11,#327);
#3915 = PRODUCT_DEFINITION_SHAPE('Placement','Placement of an item',
  #3916);
#3916 = NEXT_ASSEMBLY_USAGE_OCCURRENCE('79','=>[0:1:1:80]','',#5,#3907,$
  );
#3917 = PRODUCT_RELATED_PRODUCT_CATEGORY('part',$,(#3909));
#3918 = ADVANCED_BREP_SHAPE_REPRESENTATION('',(#11,#3919),#3931);
#3919 = MANIFOLD_SOLID_BREP('',#3920);
#3920 = CLOSED_SHELL('',(#3921));
#3921 = ADVANCED_FACE('',(#3922),#3926,.T.);
#3922 = FACE_BOUND('',#3923,.T.);
#3923 = VERTEX_LOOP('',#3924);
#3924 = VERTEX_POINT('',#3925);
#3925 = CARTESIAN_POINT('',(7.654042494671E-18,-1.874699728327E-33,
    -0.125));
#3926 = SPHERICAL_SURFACE('',#3927,0.125);
#3927 = AXIS2_PLACEMENT_3D('',#3928,#3929,#3930);
#3928 = CARTESIAN_POINT('',(0.,0.,0.));
#3929 = DIRECTION('',(0.,0.,1.));
#3930 = DIRECTION('',(1.,0.,-0.));
#3931 = ( GEOMETRIC_REPRESENTATION_CONTEXT(3) 
GLOBAL_UNCERTAINTY_ASSIGNED_CONTEXT((#3935)) 
GLOBAL_UNIT_ASSIGNED_CONTEXT((#3932,#3933,#3934)) REPRESENTATION_CONTEXT
('Context #1','3D Context with UNIT and UNCERTAINTY') );
#3932 = ( LENGTH_UNIT() NAMED_UNIT(*) SI_UNIT(.MILLI.,.METRE.) );
#3933 = ( NAMED_UNIT(*) PLANE_ANGLE_UNIT() SI_UNIT($,.RADIAN.) );
#3934 = ( NAMED_UNIT(*) SI_UNIT($,.STERADIAN.) SOLID_ANGLE_UNIT() );
#3935 = UNCERTAINTY_MEASURE_WITH_UNIT(LENGTH_MEASURE(1.E-07),#3932,
  'distance_accuracy_value','confusion accuracy');
#3936 = SHAPE_DEFINITION_REPRESENTATION(#3937,#3918);
#3937 = PRODUCT_DEFINITION_SHAPE('','',#3938);
#3938 = PRODUCT_DEFINITION('design','',#3939,#3942);
#3939 = PRODUCT_DEFINITION_FORMATION('','',#3940);
#3940 = PRODUCT('D24','D24','',(#3941));
#3941 = PRODUCT_CONTEXT('',#2,'mechanical');
#3942 = PRODUCT_DEFINITION_CONTEXT('part definition',#2,'design');
#3943 = CONTEXT_DEPENDENT_SHAPE_REPRESENTATION(#3944,#3946);
#3944 = ( REPRESENTATION_RELATIONSHIP('','',#3918,#10) 
REPRESENTATION_RELATIONSHIP_WITH_TRANSFORMATION(#3945) 
SHAPE_REPRESENTATION_RELATIONSHIP() );
#3945 = ITEM_DEFINED_TRANSFORMATION('','',#11,#331);
#3946 = PRODUCT_DEFINITION_SHAPE('Placement','Placement of an item',
  #3947);
#3947 = NEXT_ASSEMBLY_USAGE_OCCURRENCE('80','=>[0:1:1:81]','',#5,#3938,$
  );
#3948 = PRODUCT_RELATED_PRODUCT_CATEGORY('part',$,(#3940));
#3949 = ADVANCED_BREP_SHAPE_REPRESENTATION('',(#11,#3950),#3962);
#3950 = MANIFOLD_SOLID_BREP('',#3951);
#3951 = CLOSED_SHELL('',(#3952));
#3952 = ADVANCED_FACE('',(#3953),#3957,.T.);
#3953 = FACE_BOUND('',#3954,.T.);
#3954 = VERTEX_LOOP('',#3955);
#3955 = VERTEX_POINT('',#3956);
#3956 = CARTESIAN_POINT('',(7.654042494671E-18,-1.874699728327E-33,
    -0.125));
#3957 = SPHERICAL_SURFACE('',#3958,0.125);
#3958 = AXIS2_PLACEMENT_3D('',#3959,#3960,#3961);
#3959 = CARTESIAN_POINT('',(0.,0.,0.));
#3960 = DIRECTION('',(0.,0.,1.));
#3961 = DIRECTION('',(1.,0.,-0.));
#3962 = ( GEOMETRIC_REPRESENTATION_CONTEXT(3) 
GLOBAL_UNCERTAINTY_ASSIGNED_CONTEXT((#3966)) 
GLOBAL_UNIT_ASSIGNED_CONTEXT((#3963,#3964,#3965)) REPRESENTATION_CONTEXT
('Context #1','3D Context with UNIT and UNCERTAINTY') );
#3963 = ( LENGTH_UNIT() NAMED_UNIT(*) SI_UNIT(.MILLI.,.METRE.) );
#3964 = ( NAMED_UNIT(*) PLANE_ANGLE_UNIT() SI_UNIT($,.RADIAN.) );
#3965 = ( NAMED_UNIT(*) SI_UNIT($,.STERADIAN.) SOLID_ANGLE_UNIT() );
#3966 = UNCERTAINTY_MEASURE_WITH_UNIT(LENGTH_MEASURE(1.E-07),#3963,
  'distance_accuracy_value','confusion accuracy');
#3967 = SHAPE_DEFINITION_REPRESENTATION(#3968,#3949);
#3968 = PRODUCT_DEFINITION_SHAPE('','',#3969);
#3969 = PRODUCT_DEFINITION('design','',#3970,#3973);
#3970 = PRODUCT_DEFINITION_FORMATION('','',#3971);
#3971 = PRODUCT('D25','D25','',(#3972));
#3972 = PRODUCT_CONTEXT('',#2,'mechanical');
#3973 = PRODUCT_DEFINITION_CONTEXT('part definition',#2,'design');
#3974 = CONTEXT_DEPENDENT_SHAPE_REPRESENTATION(#3975,#3977);
#3975 = ( REPRESENTATION_RELATIONSHIP('','',#3949,#10) 
REPRESENTATION_RELATIONSHIP_WITH_TRANSFORMATION(#3976) 
SHAPE_REPRESENTATION_RELATIONSHIP() );
#3976 = ITEM_DEFINED_TRANSFORMATION('','',#11,#335);
#3977 = PRODUCT_DEFINITION_SHAPE('Placement','Placement of an item',
  #3978);
#3978 = NEXT_ASSEMBLY_USAGE_OCCURRENCE('81','=>[0:1:1:82]','',#5,#3969,$
  );
#3979 = PRODUCT_RELATED_PRODUCT_CATEGORY('part',$,(#3971));
#3980 = ADVANCED_BREP_SHAPE_REPRESENTATION('',(#11,#3981),#3993);
#3981 = MANIFOLD_SOLID_BREP('',#3982);
#3982 = CLOSED_SHELL('',(#3983));
#3983 = ADVANCED_FACE('',(#3984),#3988,.T.);
#3984 = FACE_BOUND('',#3985,.T.);
#3985 = VERTEX_LOOP('',#3986);
#3986 = VERTEX_POINT('',#3987);
#3987 = CARTESIAN_POINT('',(7.654042494671E-18,-1.874699728327E-33,
    -0.125));
#3988 = SPHERICAL_SURFACE('',#3989,0.125);
#3989 = AXIS2_PLACEMENT_3D('',#3990,#3991,#3992);
#3990 = CARTESIAN_POINT('',(0.,0.,0.));
#3991 = DIRECTION('',(0.,0.,1.));
#3992 = DIRECTION('',(1.,0.,-0.));
#3993 = ( GEOMETRIC_REPRESENTATION_CONTEXT(3) 
GLOBAL_UNCERTAINTY_ASSIGNED_CONTEXT((#3997)) 
GLOBAL_UNIT_ASSIGNED_CONTEXT((#3994,#3995,#3996)) REPRESENTATION_CONTEXT
('Context #1','3D Context with UNIT and UNCERTAINTY') );
#3994 = ( LENGTH_UNIT() NAMED_UNIT(*) SI_UNIT(.MILLI.,.METRE.) );
#3995 = ( NAMED_UNIT(*) PLANE_ANGLE_UNIT() SI_UNIT($,.RADIAN.) );
#3996 = ( NAMED_UNIT(*) SI_UNIT($,.STERADIAN.) SOLID_ANGLE_UNIT() );
#3997 = UNCERTAINTY_MEASURE_WITH_UNIT(LENGTH_MEASURE(1.E-07),#3994,
  'distance_accuracy_value','confusion accuracy');
#3998 = SHAPE_DEFINITION_REPRESENTATION(#3999,#3980);
#3999 = PRODUCT_DEFINITION_SHAPE('','',#4000);
#4000 = PRODUCT_DEFINITION('design','',#4001,#4004);
#4001 = PRODUCT_DEFINITION_FORMATION('','',#4002);
#4002 = PRODUCT('E1','E1','',(#4003));
#4003 = PRODUCT_CONTEXT('',#2,'mechanical');
#4004 = PRODUCT_DEFINITION_CONTEXT('part definition',#2,'design');
#4005 = CONTEXT_DEPENDENT_SHAPE_REPRESENTATION(#4006,#4008);
#4006 = ( REPRESENTATION_RELATIONSHIP('','',#3980,#10) 
REPRESENTATION_RELATIONSHIP_WITH_TRANSFORMATION(#4007) 
SHAPE_REPRESENTATION_RELATIONSHIP() );
#4007 = ITEM_DEFINED_TRANSFORMATION('','',#11,#339);
#4008 = PRODUCT_DEFINITION_SHAPE('Placement','Placement of an item',
  #4009);
#4009 = NEXT_ASSEMBLY_USAGE_OCCURRENCE('82','=>[0:1:1:83]','',#5,#4000,$
  );
#4010 = PRODUCT_RELATED_PRODUCT_CATEGORY('part',$,(#4002));
#4011 = ADVANCED_BREP_SHAPE_REPRESENTATION('',(#11,#4012),#4024);
#4012 = MANIFOLD_SOLID_BREP('',#4013);
#4013 = CLOSED_SHELL('',(#4014));
#4014 = ADVANCED_FACE('',(#4015),#4019,.T.);
#4015 = FACE_BOUND('',#4016,.T.);
#4016 = VERTEX_LOOP('',#4017);
#4017 = VERTEX_POINT('',#4018);
#4018 = CARTESIAN_POINT('',(7.654042494671E-18,-1.874699728327E-33,
    -0.125));
#4019 = SPHERICAL_SURFACE('',#4020,0.125);
#4020 = AXIS2_PLACEMENT_3D('',#4021,#4022,#4023);
#4021 = CARTESIAN_POINT('',(0.,0.,0.));
#4022 = DIRECTION('',(0.,0.,1.));
#4023 = DIRECTION('',(1.,0.,-0.));
#4024 = ( GEOMETRIC_REPRESENTATION_CONTEXT(3) 
GLOBAL_UNCERTAINTY_ASSIGNED_CONTEXT((#4028)) 
GLOBAL_UNIT_ASSIGNED_CONTEXT((#4025,#4026,#4027)) REPRESENTATION_CONTEXT
('Context #1','3D Context with UNIT and UNCERTAINTY') );
#4025 = ( LENGTH_UNIT() NAMED_UNIT(*) SI_UNIT(.MILLI.,.METRE.) );
#4026 = ( NAMED_UNIT(*) PLANE_ANGLE_UNIT() SI_UNIT($,.RADIAN.) );
#4027 = ( NAMED_UNIT(*) SI_UNIT($,.STERADIAN.) SOLID_ANGLE_UNIT() );
#4028 = UNCERTAINTY_MEASURE_WITH_UNIT(LENGTH_MEASURE(1.E-07),#4025,
  'distance_accuracy_value','confusion accuracy');
#4029 = SHAPE_DEFINITION_REPRESENTATION(#4030,#4011);
#4030 = PRODUCT_DEFINITION_SHAPE('','',#4031);
#4031 = PRODUCT_DEFINITION('design','',#4032,#4035);
#4032 = PRODUCT_DEFINITION_FORMATION('','',#4033);
#4033 = PRODUCT('E2','E2','',(#4034));
#4034 = PRODUCT_CONTEXT('',#2,'mechanical');
#4035 = PRODUCT_DEFINITION_CONTEXT('part definition',#2,'design');
#4036 = CONTEXT_DEPENDENT_SHAPE_REPRESENTATION(#4037,#4039);
#4037 = ( REPRESENTATION_RELATIONSHIP('','',#4011,#10) 
REPRESENTATION_RELATIONSHIP_WITH_TRANSFORMATION(#4038) 
SHAPE_REPRESENTATION_RELATIONSHIP() );
#4038 = ITEM_DEFINED_TRANSFORMATION('','',#11,#343);
#4039 = PRODUCT_DEFINITION_SHAPE('Placement','Placement of an item',
  #4040);
#4040 = NEXT_ASSEMBLY_USAGE_OCCURRENCE('83','=>[0:1:1:84]','',#5,#4031,$
  );
#4041 = PRODUCT_RELATED_PRODUCT_CATEGORY('part',$,(#4033));
#4042 = ADVANCED_BREP_SHAPE_REPRESENTATION('',(#11,#4043),#4055);
#4043 = MANIFOLD_SOLID_BREP('',#4044);
#4044 = CLOSED_SHELL('',(#4045));
#4045 = ADVANCED_FACE('',(#4046),#4050,.T.);
#4046 = FACE_BOUND('',#4047,.T.);
#4047 = VERTEX_LOOP('',#4048);
#4048 = VERTEX_POINT('',#4049);
#4049 = CARTESIAN_POINT('',(7.654042494671E-18,-1.874699728327E-33,
    -0.125));
#4050 = SPHERICAL_SURFACE('',#4051,0.125);
#4051 = AXIS2_PLACEMENT_3D('',#4052,#4053,#4054);
#4052 = CARTESIAN_POINT('',(0.,0.,0.));
#4053 = DIRECTION('',(0.,0.,1.));
#4054 = DIRECTION('',(1.,0.,-0.));
#4055 = ( GEOMETRIC_REPRESENTATION_CONTEXT(3) 
GLOBAL_UNCERTAINTY_ASSIGNED_CONTEXT((#4059)) 
GLOBAL_UNIT_ASSIGNED_CONTEXT((#4056,#4057,#4058)) REPRESENTATION_CONTEXT
('Context #1','3D Context with UNIT and UNCERTAINTY') );
#4056 = ( LENGTH_UNIT() NAMED_UNIT(*) SI_UNIT(.MILLI.,.METRE.) );
#4057 = ( NAMED_UNIT(*) PLANE_ANGLE_UNIT() SI_UNIT($,.RADIAN.) );
#4058 = ( NAMED_UNIT(*) SI_UNIT($,.STERADIAN.) SOLID_ANGLE_UNIT() );
#4059 = UNCERTAINTY_MEASURE_WITH_UNIT(LENGTH_MEASURE(1.E-07),#4056,
  'distance_accuracy_value','confusion accuracy');
#4060 = SHAPE_DEFINITION_REPRESENTATION(#4061,#4042);
#4061 = PRODUCT_DEFINITION_SHAPE('','',#4062);
#4062 = PRODUCT_DEFINITION('design','',#4063,#4066);
#4063 = PRODUCT_DEFINITION_FORMATION('','',#4064);
#4064 = PRODUCT('E3','E3','',(#4065));
#4065 = PRODUCT_CONTEXT('',#2,'mechanical');
#4066 = PRODUCT_DEFINITION_CONTEXT('part definition',#2,'design');
#4067 = CONTEXT_DEPENDENT_SHAPE_REPRESENTATION(#4068,#4070);
#4068 = ( REPRESENTATION_RELATIONSHIP('','',#4042,#10) 
REPRESENTATION_RELATIONSHIP_WITH_TRANSFORMATION(#4069) 
SHAPE_REPRESENTATION_RELATIONSHIP() );
#4069 = ITEM_DEFINED_TRANSFORMATION('','',#11,#347);
#4070 = PRODUCT_DEFINITION_SHAPE('Placement','Placement of an item',
  #4071);
#4071 = NEXT_ASSEMBLY_USAGE_OCCURRENCE('84','=>[0:1:1:85]','',#5,#4062,$
  );
#4072 = PRODUCT_RELATED_PRODUCT_CATEGORY('part',$,(#4064));
#4073 = ADVANCED_BREP_SHAPE_REPRESENTATION('',(#11,#4074),#4086);
#4074 = MANIFOLD_SOLID_BREP('',#4075);
#4075 = CLOSED_SHELL('',(#4076));
#4076 = ADVANCED_FACE('',(#4077),#4081,.T.);
#4077 = FACE_BOUND('',#4078,.T.);
#4078 = VERTEX_LOOP('',#4079);
#4079 = VERTEX_POINT('',#4080);
#4080 = CARTESIAN_POINT('',(7.654042494671E-18,-1.874699728327E-33,
    -0.125));
#4081 = SPHERICAL_SURFACE('',#4082,0.125);
#4082 = AXIS2_PLACEMENT_3D('',#4083,#4084,#4085);
#4083 = CARTESIAN_POINT('',(0.,0.,0.));
#4084 = DIRECTION('',(0.,0.,1.));
#4085 = DIRECTION('',(1.,0.,-0.));
#4086 = ( GEOMETRIC_REPRESENTATION_CONTEXT(3) 
GLOBAL_UNCERTAINTY_ASSIGNED_CONTEXT((#4090)) 
GLOBAL_UNIT_ASSIGNED_CONTEXT((#4087,#4088,#4089)) REPRESENTATION_CONTEXT
('Context #1','3D Context with UNIT and UNCERTAINTY') );
#4087 = ( LENGTH_UNIT() NAMED_UNIT(*) SI_UNIT(.MILLI.,.METRE.) );
#4088 = ( NAMED_UNIT(*) PLANE_ANGLE_UNIT() SI_UNIT($,.RADIAN.) );
#4089 = ( NAMED_UNIT(*) SI_UNIT($,.STERADIAN.) SOLID_ANGLE_UNIT() );
#4090 = UNCERTAINTY_MEASURE_WITH_UNIT(LENGTH_MEASURE(1.E-07),#4087,
  'distance_accuracy_value','confusion accuracy');
#4091 = SHAPE_DEFINITION_REPRESENTATION(#4092,#4073);
#4092 = PRODUCT_DEFINITION_SHAPE('','',#4093);
#4093 = PRODUCT_DEFINITION('design','',#4094,#4097);
#4094 = PRODUCT_DEFINITION_FORMATION('','',#4095);
#4095 = PRODUCT('E23','E23','',(#4096));
#4096 = PRODUCT_CONTEXT('',#2,'mechanical');
#4097 = PRODUCT_DEFINITION_CONTEXT('part definition',#2,'design');
#4098 = CONTEXT_DEPENDENT_SHAPE_REPRESENTATION(#4099,#4101);
#4099 = ( REPRESENTATION_RELATIONSHIP('','',#4073,#10) 
REPRESENTATION_RELATIONSHIP_WITH_TRANSFORMATION(#4100) 
SHAPE_REPRESENTATION_RELATIONSHIP() );
#4100 = ITEM_DEFINED_TRANSFORMATION('','',#11,#351);
#4101 = PRODUCT_DEFINITION_SHAPE('Placement','Placement of an item',
  #4102);
#4102 = NEXT_ASSEMBLY_USAGE_OCCURRENCE('85','=>[0:1:1:86]','',#5,#4093,$
  );
#4103 = PRODUCT_RELATED_PRODUCT_CATEGORY('part',$,(#4095));
#4104 = ADVANCED_BREP_SHAPE_REPRESENTATION('',(#11,#4105),#4117);
#4105 = MANIFOLD_SOLID_BREP('',#4106);
#4106 = CLOSED_SHELL('',(#4107));
#4107 = ADVANCED_FACE('',(#4108),#4112,.T.);
#4108 = FACE_BOUND('',#4109,.T.);
#4109 = VERTEX_LOOP('',#4110);
#4110 = VERTEX_POINT('',#4111);
#4111 = CARTESIAN_POINT('',(7.654042494671E-18,-1.874699728327E-33,
    -0.125));
#4112 = SPHERICAL_SURFACE('',#4113,0.125);
#4113 = AXIS2_PLACEMENT_3D('',#4114,#4115,#4116);
#4114 = CARTESIAN_POINT('',(0.,0.,0.));
#4115 = DIRECTION('',(0.,0.,1.));
#4116 = DIRECTION('',(1.,0.,-0.));
#4117 = ( GEOMETRIC_REPRESENTATION_CONTEXT(3) 
GLOBAL_UNCERTAINTY_ASSIGNED_CONTEXT((#4121)) 
GLOBAL_UNIT_ASSIGNED_CONTEXT((#4118,#4119,#4120)) REPRESENTATION_CONTEXT
('Context #1','3D Context with UNIT and UNCERTAINTY') );
#4118 = ( LENGTH_UNIT() NAMED_UNIT(*) SI_UNIT(.MILLI.,.METRE.) );
#4119 = ( NAMED_UNIT(*) PLANE_ANGLE_UNIT() SI_UNIT($,.RADIAN.) );
#4120 = ( NAMED_UNIT(*) SI_UNIT($,.STERADIAN.) SOLID_ANGLE_UNIT() );
#4121 = UNCERTAINTY_MEASURE_WITH_UNIT(LENGTH_MEASURE(1.E-07),#4118,
  'distance_accuracy_value','confusion accuracy');
#4122 = SHAPE_DEFINITION_REPRESENTATION(#4123,#4104);
#4123 = PRODUCT_DEFINITION_SHAPE('','',#4124);
#4124 = PRODUCT_DEFINITION('design','',#4125,#4128);
#4125 = PRODUCT_DEFINITION_FORMATION('','',#4126);
#4126 = PRODUCT('E24','E24','',(#4127));
#4127 = PRODUCT_CONTEXT('',#2,'mechanical');
#4128 = PRODUCT_DEFINITION_CONTEXT('part definition',#2,'design');
#4129 = CONTEXT_DEPENDENT_SHAPE_REPRESENTATION(#4130,#4132);
#4130 = ( REPRESENTATION_RELATIONSHIP('','',#4104,#10) 
REPRESENTATION_RELATIONSHIP_WITH_TRANSFORMATION(#4131) 
SHAPE_REPRESENTATION_RELATIONSHIP() );
#4131 = ITEM_DEFINED_TRANSFORMATION('','',#11,#355);
#4132 = PRODUCT_DEFINITION_SHAPE('Placement','Placement of an item',
  #4133);
#4133 = NEXT_ASSEMBLY_USAGE_OCCURRENCE('86','=>[0:1:1:87]','',#5,#4124,$
  );
#4134 = PRODUCT_RELATED_PRODUCT_CATEGORY('part',$,(#4126));
#4135 = ADVANCED_BREP_SHAPE_REPRESENTATION('',(#11,#4136),#4148);
#4136 = MANIFOLD_SOLID_BREP('',#4137);
#4137 = CLOSED_SHELL('',(#4138));
#4138 = ADVANCED_FACE('',(#4139),#4143,.T.);
#4139 = FACE_BOUND('',#4140,.T.);
#4140 = VERTEX_LOOP('',#4141);
#4141 = VERTEX_POINT('',#4142);
#4142 = CARTESIAN_POINT('',(7.654042494671E-18,-1.874699728327E-33,
    -0.125));
#4143 = SPHERICAL_SURFACE('',#4144,0.125);
#4144 = AXIS2_PLACEMENT_3D('',#4145,#4146,#4147);
#4145 = CARTESIAN_POINT('',(0.,0.,0.));
#4146 = DIRECTION('',(0.,0.,1.));
#4147 = DIRECTION('',(1.,0.,-0.));
#4148 = ( GEOMETRIC_REPRESENTATION_CONTEXT(3) 
GLOBAL_UNCERTAINTY_ASSIGNED_CONTEXT((#4152)) 
GLOBAL_UNIT_ASSIGNED_CONTEXT((#4149,#4150,#4151)) REPRESENTATION_CONTEXT
('Context #1','3D Context with UNIT and UNCERTAINTY') );
#4149 = ( LENGTH_UNIT() NAMED_UNIT(*) SI_UNIT(.MILLI.,.METRE.) );
#4150 = ( NAMED_UNIT(*) PLANE_ANGLE_UNIT() SI_UNIT($,.RADIAN.) );
#4151 = ( NAMED_UNIT(*) SI_UNIT($,.STERADIAN.) SOLID_ANGLE_UNIT() );
#4152 = UNCERTAINTY_MEASURE_WITH_UNIT(LENGTH_MEASURE(1.E-07),#4149,
  'distance_accuracy_value','confusion accuracy');
#4153 = SHAPE_DEFINITION_REPRESENTATION(#4154,#4135);
#4154 = PRODUCT_DEFINITION_SHAPE('','',#4155);
#4155 = PRODUCT_DEFINITION('design','',#4156,#4159);
#4156 = PRODUCT_DEFINITION_FORMATION('','',#4157);
#4157 = PRODUCT('E25','E25','',(#4158));
#4158 = PRODUCT_CONTEXT('',#2,'mechanical');
#4159 = PRODUCT_DEFINITION_CONTEXT('part definition',#2,'design');
#4160 = CONTEXT_DEPENDENT_SHAPE_REPRESENTATION(#4161,#4163);
#4161 = ( REPRESENTATION_RELATIONSHIP('','',#4135,#10) 
REPRESENTATION_RELATIONSHIP_WITH_TRANSFORMATION(#4162) 
SHAPE_REPRESENTATION_RELATIONSHIP() );
#4162 = ITEM_DEFINED_TRANSFORMATION('','',#11,#359);
#4163 = PRODUCT_DEFINITION_SHAPE('Placement','Placement of an item',
  #4164);
#4164 = NEXT_ASSEMBLY_USAGE_OCCURRENCE('87','=>[0:1:1:88]','',#5,#4155,$
  );
#4165 = PRODUCT_RELATED_PRODUCT_CATEGORY('part',$,(#4157));
#4166 = ADVANCED_BREP_SHAPE_REPRESENTATION('',(#11,#4167),#4179);
#4167 = MANIFOLD_SOLID_BREP('',#4168);
#4168 = CLOSED_SHELL('',(#4169));
#4169 = ADVANCED_FACE('',(#4170),#4174,.T.);
#4170 = FACE_BOUND('',#4171,.T.);
#4171 = VERTEX_LOOP('',#4172);
#4172 = VERTEX_POINT('',#4173);
#4173 = CARTESIAN_POINT('',(7.654042494671E-18,-1.874699728327E-33,
    -0.125));
#4174 = SPHERICAL_SURFACE('',#4175,0.125);
#4175 = AXIS2_PLACEMENT_3D('',#4176,#4177,#4178);
#4176 = CARTESIAN_POINT('',(0.,0.,0.));
#4177 = DIRECTION('',(0.,0.,1.));
#4178 = DIRECTION('',(1.,0.,-0.));
#4179 = ( GEOMETRIC_REPRESENTATION_CONTEXT(3) 
GLOBAL_UNCERTAINTY_ASSIGNED_CONTEXT((#4183)) 
GLOBAL_UNIT_ASSIGNED_CONTEXT((#4180,#4181,#4182)) REPRESENTATION_CONTEXT
('Context #1','3D Context with UNIT and UNCERTAINTY') );
#4180 = ( LENGTH_UNIT() NAMED_UNIT(*) SI_UNIT(.MILLI.,.METRE.) );
#4181 = ( NAMED_UNIT(*) PLANE_ANGLE_UNIT() SI_UNIT($,.RADIAN.) );
#4182 = ( NAMED_UNIT(*) SI_UNIT($,.STERADIAN.) SOLID_ANGLE_UNIT() );
#4183 = UNCERTAINTY_MEASURE_WITH_UNIT(LENGTH_MEASURE(1.E-07),#4180,
  'distance_accuracy_value','confusion accuracy');
#4184 = SHAPE_DEFINITION_REPRESENTATION(#4185,#4166);
#4185 = PRODUCT_DEFINITION_SHAPE('','',#4186);
#4186 = PRODUCT_DEFINITION('design','',#4187,#4190);
#4187 = PRODUCT_DEFINITION_FORMATION('','',#4188);
#4188 = PRODUCT('F1','F1','',(#4189));
#4189 = PRODUCT_CONTEXT('',#2,'mechanical');
#4190 = PRODUCT_DEFINITION_CONTEXT('part definition',#2,'design');
#4191 = CONTEXT_DEPENDENT_SHAPE_REPRESENTATION(#4192,#4194);
#4192 = ( REPRESENTATION_RELATIONSHIP('','',#4166,#10) 
REPRESENTATION_RELATIONSHIP_WITH_TRANSFORMATION(#4193) 
SHAPE_REPRESENTATION_RELATIONSHIP() );
#4193 = ITEM_DEFINED_TRANSFORMATION('','',#11,#363);
#4194 = PRODUCT_DEFINITION_SHAPE('Placement','Placement of an item',
  #4195);
#4195 = NEXT_ASSEMBLY_USAGE_OCCURRENCE('88','=>[0:1:1:89]','',#5,#4186,$
  );
#4196 = PRODUCT_RELATED_PRODUCT_CATEGORY('part',$,(#4188));
#4197 = ADVANCED_BREP_SHAPE_REPRESENTATION('',(#11,#4198),#4210);
#4198 = MANIFOLD_SOLID_BREP('',#4199);
#4199 = CLOSED_SHELL('',(#4200));
#4200 = ADVANCED_FACE('',(#4201),#4205,.T.);
#4201 = FACE_BOUND('',#4202,.T.);
#4202 = VERTEX_LOOP('',#4203);
#4203 = VERTEX_POINT('',#4204);
#4204 = CARTESIAN_POINT('',(7.654042494671E-18,-1.874699728327E-33,
    -0.125));
#4205 = SPHERICAL_SURFACE('',#4206,0.125);
#4206 = AXIS2_PLACEMENT_3D('',#4207,#4208,#4209);
#4207 = CARTESIAN_POINT('',(0.,0.,0.));
#4208 = DIRECTION('',(0.,0.,1.));
#4209 = DIRECTION('',(1.,0.,-0.));
#4210 = ( GEOMETRIC_REPRESENTATION_CONTEXT(3) 
GLOBAL_UNCERTAINTY_ASSIGNED_CONTEXT((#4214)) 
GLOBAL_UNIT_ASSIGNED_CONTEXT((#4211,#4212,#4213)) REPRESENTATION_CONTEXT
('Context #1','3D Context with UNIT and UNCERTAINTY') );
#4211 = ( LENGTH_UNIT() NAMED_UNIT(*) SI_UNIT(.MILLI.,.METRE.) );
#4212 = ( NAMED_UNIT(*) PLANE_ANGLE_UNIT() SI_UNIT($,.RADIAN.) );
#4213 = ( NAMED_UNIT(*) SI_UNIT($,.STERADIAN.) SOLID_ANGLE_UNIT() );
#4214 = UNCERTAINTY_MEASURE_WITH_UNIT(LENGTH_MEASURE(1.E-07),#4211,
  'distance_accuracy_value','confusion accuracy');
#4215 = SHAPE_DEFINITION_REPRESENTATION(#4216,#4197);
#4216 = PRODUCT_DEFINITION_SHAPE('','',#4217);
#4217 = PRODUCT_DEFINITION('design','',#4218,#4221);
#4218 = PRODUCT_DEFINITION_FORMATION('','',#4219);
#4219 = PRODUCT('F2','F2','',(#4220));
#4220 = PRODUCT_CONTEXT('',#2,'mechanical');
#4221 = PRODUCT_DEFINITION_CONTEXT('part definition',#2,'design');
#4222 = CONTEXT_DEPENDENT_SHAPE_REPRESENTATION(#4223,#4225);
#4223 = ( REPRESENTATION_RELATIONSHIP('','',#4197,#10) 
REPRESENTATION_RELATIONSHIP_WITH_TRANSFORMATION(#4224) 
SHAPE_REPRESENTATION_RELATIONSHIP() );
#4224 = ITEM_DEFINED_TRANSFORMATION('','',#11,#367);
#4225 = PRODUCT_DEFINITION_SHAPE('Placement','Placement of an item',
  #4226);
#4226 = NEXT_ASSEMBLY_USAGE_OCCURRENCE('89','=>[0:1:1:90]','',#5,#4217,$
  );
#4227 = PRODUCT_RELATED_PRODUCT_CATEGORY('part',$,(#4219));
#4228 = ADVANCED_BREP_SHAPE_REPRESENTATION('',(#11,#4229),#4241);
#4229 = MANIFOLD_SOLID_BREP('',#4230);
#4230 = CLOSED_SHELL('',(#4231));
#4231 = ADVANCED_FACE('',(#4232),#4236,.T.);
#4232 = FACE_BOUND('',#4233,.T.);
#4233 = VERTEX_LOOP('',#4234);
#4234 = VERTEX_POINT('',#4235);
#4235 = CARTESIAN_POINT('',(7.654042494671E-18,-1.874699728327E-33,
    -0.125));
#4236 = SPHERICAL_SURFACE('',#4237,0.125);
#4237 = AXIS2_PLACEMENT_3D('',#4238,#4239,#4240);
#4238 = CARTESIAN_POINT('',(0.,0.,0.));
#4239 = DIRECTION('',(0.,0.,1.));
#4240 = DIRECTION('',(1.,0.,-0.));
#4241 = ( GEOMETRIC_REPRESENTATION_CONTEXT(3) 
GLOBAL_UNCERTAINTY_ASSIGNED_CONTEXT((#4245)) 
GLOBAL_UNIT_ASSIGNED_CONTEXT((#4242,#4243,#4244)) REPRESENTATION_CONTEXT
('Context #1','3D Context with UNIT and UNCERTAINTY') );
#4242 = ( LENGTH_UNIT() NAMED_UNIT(*) SI_UNIT(.MILLI.,.METRE.) );
#4243 = ( NAMED_UNIT(*) PLANE_ANGLE_UNIT() SI_UNIT($,.RADIAN.) );
#4244 = ( NAMED_UNIT(*) SI_UNIT($,.STERADIAN.) SOLID_ANGLE_UNIT() );
#4245 = UNCERTAINTY_MEASURE_WITH_UNIT(LENGTH_MEASURE(1.E-07),#4242,
  'distance_accuracy_value','confusion accuracy');
#4246 = SHAPE_DEFINITION_REPRESENTATION(#4247,#4228);
#4247 = PRODUCT_DEFINITION_SHAPE('','',#4248);
#4248 = PRODUCT_DEFINITION('design','',#4249,#4252);
#4249 = PRODUCT_DEFINITION_FORMATION('','',#4250);
#4250 = PRODUCT('F3','F3','',(#4251));
#4251 = PRODUCT_CONTEXT('',#2,'mechanical');
#4252 = PRODUCT_DEFINITION_CONTEXT('part definition',#2,'design');
#4253 = CONTEXT_DEPENDENT_SHAPE_REPRESENTATION(#4254,#4256);
#4254 = ( REPRESENTATION_RELATIONSHIP('','',#4228,#10) 
REPRESENTATION_RELATIONSHIP_WITH_TRANSFORMATION(#4255) 
SHAPE_REPRESENTATION_RELATIONSHIP() );
#4255 = ITEM_DEFINED_TRANSFORMATION('','',#11,#371);
#4256 = PRODUCT_DEFINITION_SHAPE('Placement','Placement of an item',
  #4257);
#4257 = NEXT_ASSEMBLY_USAGE_OCCURRENCE('90','=>[0:1:1:91]','',#5,#4248,$
  );
#4258 = PRODUCT_RELATED_PRODUCT_CATEGORY('part',$,(#4250));
#4259 = ADVANCED_BREP_SHAPE_REPRESENTATION('',(#11,#4260),#4272);
#4260 = MANIFOLD_SOLID_BREP('',#4261);
#4261 = CLOSED_SHELL('',(#4262));
#4262 = ADVANCED_FACE('',(#4263),#4267,.T.);
#4263 = FACE_BOUND('',#4264,.T.);
#4264 = VERTEX_LOOP('',#4265);
#4265 = VERTEX_POINT('',#4266);
#4266 = CARTESIAN_POINT('',(7.654042494671E-18,-1.874699728327E-33,
    -0.125));
#4267 = SPHERICAL_SURFACE('',#4268,0.125);
#4268 = AXIS2_PLACEMENT_3D('',#4269,#4270,#4271);
#4269 = CARTESIAN_POINT('',(0.,0.,0.));
#4270 = DIRECTION('',(0.,0.,1.));
#4271 = DIRECTION('',(1.,0.,-0.));
#4272 = ( GEOMETRIC_REPRESENTATION_CONTEXT(3) 
GLOBAL_UNCERTAINTY_ASSIGNED_CONTEXT((#4276)) 
GLOBAL_UNIT_ASSIGNED_CONTEXT((#4273,#4274,#4275)) REPRESENTATION_CONTEXT
('Context #1','3D Context with UNIT and UNCERTAINTY') );
#4273 = ( LENGTH_UNIT() NAMED_UNIT(*) SI_UNIT(.MILLI.,.METRE.) );
#4274 = ( NAMED_UNIT(*) PLANE_ANGLE_UNIT() SI_UNIT($,.RADIAN.) );
#4275 = ( NAMED_UNIT(*) SI_UNIT($,.STERADIAN.) SOLID_ANGLE_UNIT() );
#4276 = UNCERTAINTY_MEASURE_WITH_UNIT(LENGTH_MEASURE(1.E-07),#4273,
  'distance_accuracy_value','confusion accuracy');
#4277 = SHAPE_DEFINITION_REPRESENTATION(#4278,#4259);
#4278 = PRODUCT_DEFINITION_SHAPE('','',#4279);
#4279 = PRODUCT_DEFINITION('design','',#4280,#4283);
#4280 = PRODUCT_DEFINITION_FORMATION('','',#4281);
#4281 = PRODUCT('F6','F6','',(#4282));
#4282 = PRODUCT_CONTEXT('',#2,'mechanical');
#4283 = PRODUCT_DEFINITION_CONTEXT('part definition',#2,'design');
#4284 = CONTEXT_DEPENDENT_SHAPE_REPRESENTATION(#4285,#4287);
#4285 = ( REPRESENTATION_RELATIONSHIP('','',#4259,#10) 
REPRESENTATION_RELATIONSHIP_WITH_TRANSFORMATION(#4286) 
SHAPE_REPRESENTATION_RELATIONSHIP() );
#4286 = ITEM_DEFINED_TRANSFORMATION('','',#11,#375);
#4287 = PRODUCT_DEFINITION_SHAPE('Placement','Placement of an item',
  #4288);
#4288 = NEXT_ASSEMBLY_USAGE_OCCURRENCE('91','=>[0:1:1:92]','',#5,#4279,$
  );
#4289 = PRODUCT_RELATED_PRODUCT_CATEGORY('part',$,(#4281));
#4290 = ADVANCED_BREP_SHAPE_REPRESENTATION('',(#11,#4291),#4303);
#4291 = MANIFOLD_SOLID_BREP('',#4292);
#4292 = CLOSED_SHELL('',(#4293));
#4293 = ADVANCED_FACE('',(#4294),#4298,.T.);
#4294 = FACE_BOUND('',#4295,.T.);
#4295 = VERTEX_LOOP('',#4296);
#4296 = VERTEX_POINT('',#4297);
#4297 = CARTESIAN_POINT('',(7.654042494671E-18,-1.874699728327E-33,
    -0.125));
#4298 = SPHERICAL_SURFACE('',#4299,0.125);
#4299 = AXIS2_PLACEMENT_3D('',#4300,#4301,#4302);
#4300 = CARTESIAN_POINT('',(0.,0.,0.));
#4301 = DIRECTION('',(0.,0.,1.));
#4302 = DIRECTION('',(1.,0.,-0.));
#4303 = ( GEOMETRIC_REPRESENTATION_CONTEXT(3) 
GLOBAL_UNCERTAINTY_ASSIGNED_CONTEXT((#4307)) 
GLOBAL_UNIT_ASSIGNED_CONTEXT((#4304,#4305,#4306)) REPRESENTATION_CONTEXT
('Context #1','3D Context with UNIT and UNCERTAINTY') );
#4304 = ( LENGTH_UNIT() NAMED_UNIT(*) SI_UNIT(.MILLI.,.METRE.) );
#4305 = ( NAMED_UNIT(*) PLANE_ANGLE_UNIT() SI_UNIT($,.RADIAN.) );
#4306 = ( NAMED_UNIT(*) SI_UNIT($,.STERADIAN.) SOLID_ANGLE_UNIT() );
#4307 = UNCERTAINTY_MEASURE_WITH_UNIT(LENGTH_MEASURE(1.E-07),#4304,
  'distance_accuracy_value','confusion accuracy');
#4308 = SHAPE_DEFINITION_REPRESENTATION(#4309,#4290);
#4309 = PRODUCT_DEFINITION_SHAPE('','',#4310);
#4310 = PRODUCT_DEFINITION('design','',#4311,#4314);
#4311 = PRODUCT_DEFINITION_FORMATION('','',#4312);
#4312 = PRODUCT('F7','F7','',(#4313));
#4313 = PRODUCT_CONTEXT('',#2,'mechanical');
#4314 = PRODUCT_DEFINITION_CONTEXT('part definition',#2,'design');
#4315 = CONTEXT_DEPENDENT_SHAPE_REPRESENTATION(#4316,#4318);
#4316 = ( REPRESENTATION_RELATIONSHIP('','',#4290,#10) 
REPRESENTATION_RELATIONSHIP_WITH_TRANSFORMATION(#4317) 
SHAPE_REPRESENTATION_RELATIONSHIP() );
#4317 = ITEM_DEFINED_TRANSFORMATION('','',#11,#379);
#4318 = PRODUCT_DEFINITION_SHAPE('Placement','Placement of an item',
  #4319);
#4319 = NEXT_ASSEMBLY_USAGE_OCCURRENCE('92','=>[0:1:1:93]','',#5,#4310,$
  );
#4320 = PRODUCT_RELATED_PRODUCT_CATEGORY('part',$,(#4312));
#4321 = ADVANCED_BREP_SHAPE_REPRESENTATION('',(#11,#4322),#4334);
#4322 = MANIFOLD_SOLID_BREP('',#4323);
#4323 = CLOSED_SHELL('',(#4324));
#4324 = ADVANCED_FACE('',(#4325),#4329,.T.);
#4325 = FACE_BOUND('',#4326,.T.);
#4326 = VERTEX_LOOP('',#4327);
#4327 = VERTEX_POINT('',#4328);
#4328 = CARTESIAN_POINT('',(7.654042494671E-18,-1.874699728327E-33,
    -0.125));
#4329 = SPHERICAL_SURFACE('',#4330,0.125);
#4330 = AXIS2_PLACEMENT_3D('',#4331,#4332,#4333);
#4331 = CARTESIAN_POINT('',(0.,0.,0.));
#4332 = DIRECTION('',(0.,0.,1.));
#4333 = DIRECTION('',(1.,0.,-0.));
#4334 = ( GEOMETRIC_REPRESENTATION_CONTEXT(3) 
GLOBAL_UNCERTAINTY_ASSIGNED_CONTEXT((#4338)) 
GLOBAL_UNIT_ASSIGNED_CONTEXT((#4335,#4336,#4337)) REPRESENTATION_CONTEXT
('Context #1','3D Context with UNIT and UNCERTAINTY') );
#4335 = ( LENGTH_UNIT() NAMED_UNIT(*) SI_UNIT(.MILLI.,.METRE.) );
#4336 = ( NAMED_UNIT(*) PLANE_ANGLE_UNIT() SI_UNIT($,.RADIAN.) );
#4337 = ( NAMED_UNIT(*) SI_UNIT($,.STERADIAN.) SOLID_ANGLE_UNIT() );
#4338 = UNCERTAINTY_MEASURE_WITH_UNIT(LENGTH_MEASURE(1.E-07),#4335,
  'distance_accuracy_value','confusion accuracy');
#4339 = SHAPE_DEFINITION_REPRESENTATION(#4340,#4321);
#4340 = PRODUCT_DEFINITION_SHAPE('','',#4341);
#4341 = PRODUCT_DEFINITION('design','',#4342,#4345);
#4342 = PRODUCT_DEFINITION_FORMATION('','',#4343);
#4343 = PRODUCT('F8','F8','',(#4344));
#4344 = PRODUCT_CONTEXT('',#2,'mechanical');
#4345 = PRODUCT_DEFINITION_CONTEXT('part definition',#2,'design');
#4346 = CONTEXT_DEPENDENT_SHAPE_REPRESENTATION(#4347,#4349);
#4347 = ( REPRESENTATION_RELATIONSHIP('','',#4321,#10) 
REPRESENTATION_RELATIONSHIP_WITH_TRANSFORMATION(#4348) 
SHAPE_REPRESENTATION_RELATIONSHIP() );
#4348 = ITEM_DEFINED_TRANSFORMATION('','',#11,#383);
#4349 = PRODUCT_DEFINITION_SHAPE('Placement','Placement of an item',
  #4350);
#4350 = NEXT_ASSEMBLY_USAGE_OCCURRENCE('93','=>[0:1:1:94]','',#5,#4341,$
  );
#4351 = PRODUCT_RELATED_PRODUCT_CATEGORY('part',$,(#4343));
#4352 = ADVANCED_BREP_SHAPE_REPRESENTATION('',(#11,#4353),#4365);
#4353 = MANIFOLD_SOLID_BREP('',#4354);
#4354 = CLOSED_SHELL('',(#4355));
#4355 = ADVANCED_FACE('',(#4356),#4360,.T.);
#4356 = FACE_BOUND('',#4357,.T.);
#4357 = VERTEX_LOOP('',#4358);
#4358 = VERTEX_POINT('',#4359);
#4359 = CARTESIAN_POINT('',(7.654042494671E-18,-1.874699728327E-33,
    -0.125));
#4360 = SPHERICAL_SURFACE('',#4361,0.125);
#4361 = AXIS2_PLACEMENT_3D('',#4362,#4363,#4364);
#4362 = CARTESIAN_POINT('',(0.,0.,0.));
#4363 = DIRECTION('',(0.,0.,1.));
#4364 = DIRECTION('',(1.,0.,-0.));
#4365 = ( GEOMETRIC_REPRESENTATION_CONTEXT(3) 
GLOBAL_UNCERTAINTY_ASSIGNED_CONTEXT((#4369)) 
GLOBAL_UNIT_ASSIGNED_CONTEXT((#4366,#4367,#4368)) REPRESENTATION_CONTEXT
('Context #1','3D Context with UNIT and UNCERTAINTY') );
#4366 = ( LENGTH_UNIT() NAMED_UNIT(*) SI_UNIT(.MILLI.,.METRE.) );
#4367 = ( NAMED_UNIT(*) PLANE_ANGLE_UNIT() SI_UNIT($,.RADIAN.) );
#4368 = ( NAMED_UNIT(*) SI_UNIT($,.STERADIAN.) SOLID_ANGLE_UNIT() );
#4369 = UNCERTAINTY_MEASURE_WITH_UNIT(LENGTH_MEASURE(1.E-07),#4366,
  'distance_accuracy_value','confusion accuracy');
#4370 = SHAPE_DEFINITION_REPRESENTATION(#4371,#4352);
#4371 = PRODUCT_DEFINITION_SHAPE('','',#4372);
#4372 = PRODUCT_DEFINITION('design','',#4373,#4376);
#4373 = PRODUCT_DEFINITION_FORMATION('','',#4374);
#4374 = PRODUCT('F9','F9','',(#4375));
#4375 = PRODUCT_CONTEXT('',#2,'mechanical');
#4376 = PRODUCT_DEFINITION_CONTEXT('part definition',#2,'design');
#4377 = CONTEXT_DEPENDENT_SHAPE_REPRESENTATION(#4378,#4380);
#4378 = ( REPRESENTATION_RELATIONSHIP('','',#4352,#10) 
REPRESENTATION_RELATIONSHIP_WITH_TRANSFORMATION(#4379) 
SHAPE_REPRESENTATION_RELATIONSHIP() );
#4379 = ITEM_DEFINED_TRANSFORMATION('','',#11,#387);
#4380 = PRODUCT_DEFINITION_SHAPE('Placement','Placement of an item',
  #4381);
#4381 = NEXT_ASSEMBLY_USAGE_OCCURRENCE('94','=>[0:1:1:95]','',#5,#4372,$
  );
#4382 = PRODUCT_RELATED_PRODUCT_CATEGORY('part',$,(#4374));
#4383 = ADVANCED_BREP_SHAPE_REPRESENTATION('',(#11,#4384),#4396);
#4384 = MANIFOLD_SOLID_BREP('',#4385);
#4385 = CLOSED_SHELL('',(#4386));
#4386 = ADVANCED_FACE('',(#4387),#4391,.T.);
#4387 = FACE_BOUND('',#4388,.T.);
#4388 = VERTEX_LOOP('',#4389);
#4389 = VERTEX_POINT('',#4390);
#4390 = CARTESIAN_POINT('',(7.654042494671E-18,-1.874699728327E-33,
    -0.125));
#4391 = SPHERICAL_SURFACE('',#4392,0.125);
#4392 = AXIS2_PLACEMENT_3D('',#4393,#4394,#4395);
#4393 = CARTESIAN_POINT('',(0.,0.,0.));
#4394 = DIRECTION('',(0.,0.,1.));
#4395 = DIRECTION('',(1.,0.,-0.));
#4396 = ( GEOMETRIC_REPRESENTATION_CONTEXT(3) 
GLOBAL_UNCERTAINTY_ASSIGNED_CONTEXT((#4400)) 
GLOBAL_UNIT_ASSIGNED_CONTEXT((#4397,#4398,#4399)) REPRESENTATION_CONTEXT
('Context #1','3D Context with UNIT and UNCERTAINTY') );
#4397 = ( LENGTH_UNIT() NAMED_UNIT(*) SI_UNIT(.MILLI.,.METRE.) );
#4398 = ( NAMED_UNIT(*) PLANE_ANGLE_UNIT() SI_UNIT($,.RADIAN.) );
#4399 = ( NAMED_UNIT(*) SI_UNIT($,.STERADIAN.) SOLID_ANGLE_UNIT() );
#4400 = UNCERTAINTY_MEASURE_WITH_UNIT(LENGTH_MEASURE(1.E-07),#4397,
  'distance_accuracy_value','confusion accuracy');
#4401 = SHAPE_DEFINITION_REPRESENTATION(#4402,#4383);
#4402 = PRODUCT_DEFINITION_SHAPE('','',#4403);
#4403 = PRODUCT_DEFINITION('design','',#4404,#4407);
#4404 = PRODUCT_DEFINITION_FORMATION('','',#4405);
#4405 = PRODUCT('F10','F10','',(#4406));
#4406 = PRODUCT_CONTEXT('',#2,'mechanical');
#4407 = PRODUCT_DEFINITION_CONTEXT('part definition',#2,'design');
#4408 = CONTEXT_DEPENDENT_SHAPE_REPRESENTATION(#4409,#4411);
#4409 = ( REPRESENTATION_RELATIONSHIP('','',#4383,#10) 
REPRESENTATION_RELATIONSHIP_WITH_TRANSFORMATION(#4410) 
SHAPE_REPRESENTATION_RELATIONSHIP() );
#4410 = ITEM_DEFINED_TRANSFORMATION('','',#11,#391);
#4411 = PRODUCT_DEFINITION_SHAPE('Placement','Placement of an item',
  #4412);
#4412 = NEXT_ASSEMBLY_USAGE_OCCURRENCE('95','=>[0:1:1:96]','',#5,#4403,$
  );
#4413 = PRODUCT_RELATED_PRODUCT_CATEGORY('part',$,(#4405));
#4414 = ADVANCED_BREP_SHAPE_REPRESENTATION('',(#11,#4415),#4427);
#4415 = MANIFOLD_SOLID_BREP('',#4416);
#4416 = CLOSED_SHELL('',(#4417));
#4417 = ADVANCED_FACE('',(#4418),#4422,.T.);
#4418 = FACE_BOUND('',#4419,.T.);
#4419 = VERTEX_LOOP('',#4420);
#4420 = VERTEX_POINT('',#4421);
#4421 = CARTESIAN_POINT('',(7.654042494671E-18,-1.874699728327E-33,
    -0.125));
#4422 = SPHERICAL_SURFACE('',#4423,0.125);
#4423 = AXIS2_PLACEMENT_3D('',#4424,#4425,#4426);
#4424 = CARTESIAN_POINT('',(0.,0.,0.));
#4425 = DIRECTION('',(0.,0.,1.));
#4426 = DIRECTION('',(1.,0.,-0.));
#4427 = ( GEOMETRIC_REPRESENTATION_CONTEXT(3) 
GLOBAL_UNCERTAINTY_ASSIGNED_CONTEXT((#4431)) 
GLOBAL_UNIT_ASSIGNED_CONTEXT((#4428,#4429,#4430)) REPRESENTATION_CONTEXT
('Context #1','3D Context with UNIT and UNCERTAINTY') );
#4428 = ( LENGTH_UNIT() NAMED_UNIT(*) SI_UNIT(.MILLI.,.METRE.) );
#4429 = ( NAMED_UNIT(*) PLANE_ANGLE_UNIT() SI_UNIT($,.RADIAN.) );
#4430 = ( NAMED_UNIT(*) SI_UNIT($,.STERADIAN.) SOLID_ANGLE_UNIT() );
#4431 = UNCERTAINTY_MEASURE_WITH_UNIT(LENGTH_MEASURE(1.E-07),#4428,
  'distance_accuracy_value','confusion accuracy');
#4432 = SHAPE_DEFINITION_REPRESENTATION(#4433,#4414);
#4433 = PRODUCT_DEFINITION_SHAPE('','',#4434);
#4434 = PRODUCT_DEFINITION('design','',#4435,#4438);
#4435 = PRODUCT_DEFINITION_FORMATION('','',#4436);
#4436 = PRODUCT('F11','F11','',(#4437));
#4437 = PRODUCT_CONTEXT('',#2,'mechanical');
#4438 = PRODUCT_DEFINITION_CONTEXT('part definition',#2,'design');
#4439 = CONTEXT_DEPENDENT_SHAPE_REPRESENTATION(#4440,#4442);
#4440 = ( REPRESENTATION_RELATIONSHIP('','',#4414,#10) 
REPRESENTATION_RELATIONSHIP_WITH_TRANSFORMATION(#4441) 
SHAPE_REPRESENTATION_RELATIONSHIP() );
#4441 = ITEM_DEFINED_TRANSFORMATION('','',#11,#395);
#4442 = PRODUCT_DEFINITION_SHAPE('Placement','Placement of an item',
  #4443);
#4443 = NEXT_ASSEMBLY_USAGE_OCCURRENCE('96','=>[0:1:1:97]','',#5,#4434,$
  );
#4444 = PRODUCT_RELATED_PRODUCT_CATEGORY('part',$,(#4436));
#4445 = ADVANCED_BREP_SHAPE_REPRESENTATION('',(#11,#4446),#4458);
#4446 = MANIFOLD_SOLID_BREP('',#4447);
#4447 = CLOSED_SHELL('',(#4448));
#4448 = ADVANCED_FACE('',(#4449),#4453,.T.);
#4449 = FACE_BOUND('',#4450,.T.);
#4450 = VERTEX_LOOP('',#4451);
#4451 = VERTEX_POINT('',#4452);
#4452 = CARTESIAN_POINT('',(7.654042494671E-18,-1.874699728327E-33,
    -0.125));
#4453 = SPHERICAL_SURFACE('',#4454,0.125);
#4454 = AXIS2_PLACEMENT_3D('',#4455,#4456,#4457);
#4455 = CARTESIAN_POINT('',(0.,0.,0.));
#4456 = DIRECTION('',(0.,0.,1.));
#4457 = DIRECTION('',(1.,0.,-0.));
#4458 = ( GEOMETRIC_REPRESENTATION_CONTEXT(3) 
GLOBAL_UNCERTAINTY_ASSIGNED_CONTEXT((#4462)) 
GLOBAL_UNIT_ASSIGNED_CONTEXT((#4459,#4460,#4461)) REPRESENTATION_CONTEXT
('Context #1','3D Context with UNIT and UNCERTAINTY') );
#4459 = ( LENGTH_UNIT() NAMED_UNIT(*) SI_UNIT(.MILLI.,.METRE.) );
#4460 = ( NAMED_UNIT(*) PLANE_ANGLE_UNIT() SI_UNIT($,.RADIAN.) );
#4461 = ( NAMED_UNIT(*) SI_UNIT($,.STERADIAN.) SOLID_ANGLE_UNIT() );
#4462 = UNCERTAINTY_MEASURE_WITH_UNIT(LENGTH_MEASURE(1.E-07),#4459,
  'distance_accuracy_value','confusion accuracy');
#4463 = SHAPE_DEFINITION_REPRESENTATION(#4464,#4445);
#4464 = PRODUCT_DEFINITION_SHAPE('','',#4465);
#4465 = PRODUCT_DEFINITION('design','',#4466,#4469);
#4466 = PRODUCT_DEFINITION_FORMATION('','',#4467);
#4467 = PRODUCT('F12','F12','',(#4468));
#4468 = PRODUCT_CONTEXT('',#2,'mechanical');
#4469 = PRODUCT_DEFINITION_CONTEXT('part definition',#2,'design');
#4470 = CONTEXT_DEPENDENT_SHAPE_REPRESENTATION(#4471,#4473);
#4471 = ( REPRESENTATION_RELATIONSHIP('','',#4445,#10) 
REPRESENTATION_RELATIONSHIP_WITH_TRANSFORMATION(#4472) 
SHAPE_REPRESENTATION_RELATIONSHIP() );
#4472 = ITEM_DEFINED_TRANSFORMATION('','',#11,#399);
#4473 = PRODUCT_DEFINITION_SHAPE('Placement','Placement of an item',
  #4474);
#4474 = NEXT_ASSEMBLY_USAGE_OCCURRENCE('97','=>[0:1:1:98]','',#5,#4465,$
  );
#4475 = PRODUCT_RELATED_PRODUCT_CATEGORY('part',$,(#4467));
#4476 = ADVANCED_BREP_SHAPE_REPRESENTATION('',(#11,#4477),#4489);
#4477 = MANIFOLD_SOLID_BREP('',#4478);
#4478 = CLOSED_SHELL('',(#4479));
#4479 = ADVANCED_FACE('',(#4480),#4484,.T.);
#4480 = FACE_BOUND('',#4481,.T.);
#4481 = VERTEX_LOOP('',#4482);
#4482 = VERTEX_POINT('',#4483);
#4483 = CARTESIAN_POINT('',(7.654042494671E-18,-1.874699728327E-33,
    -0.125));
#4484 = SPHERICAL_SURFACE('',#4485,0.125);
#4485 = AXIS2_PLACEMENT_3D('',#4486,#4487,#4488);
#4486 = CARTESIAN_POINT('',(0.,0.,0.));
#4487 = DIRECTION('',(0.,0.,1.));
#4488 = DIRECTION('',(1.,0.,-0.));
#4489 = ( GEOMETRIC_REPRESENTATION_CONTEXT(3) 
GLOBAL_UNCERTAINTY_ASSIGNED_CONTEXT((#4493)) 
GLOBAL_UNIT_ASSIGNED_CONTEXT((#4490,#4491,#4492)) REPRESENTATION_CONTEXT
('Context #1','3D Context with UNIT and UNCERTAINTY') );
#4490 = ( LENGTH_UNIT() NAMED_UNIT(*) SI_UNIT(.MILLI.,.METRE.) );
#4491 = ( NAMED_UNIT(*) PLANE_ANGLE_UNIT() SI_UNIT($,.RADIAN.) );
#4492 = ( NAMED_UNIT(*) SI_UNIT($,.STERADIAN.) SOLID_ANGLE_UNIT() );
#4493 = UNCERTAINTY_MEASURE_WITH_UNIT(LENGTH_MEASURE(1.E-07),#4490,
  'distance_accuracy_value','confusion accuracy');
#4494 = SHAPE_DEFINITION_REPRESENTATION(#4495,#4476);
#4495 = PRODUCT_DEFINITION_SHAPE('','',#4496);
#4496 = PRODUCT_DEFINITION('design','',#4497,#4500);
#4497 = PRODUCT_DEFINITION_FORMATION('','',#4498);
#4498 = PRODUCT('F13','F13','',(#4499));
#4499 = PRODUCT_CONTEXT('',#2,'mechanical');
#4500 = PRODUCT_DEFINITION_CONTEXT('part definition',#2,'design');
#4501 = CONTEXT_DEPENDENT_SHAPE_REPRESENTATION(#4502,#4504);
#4502 = ( REPRESENTATION_RELATIONSHIP('','',#4476,#10) 
REPRESENTATION_RELATIONSHIP_WITH_TRANSFORMATION(#4503) 
SHAPE_REPRESENTATION_RELATIONSHIP() );
#4503 = ITEM_DEFINED_TRANSFORMATION('','',#11,#403);
#4504 = PRODUCT_DEFINITION_SHAPE('Placement','Placement of an item',
  #4505);
#4505 = NEXT_ASSEMBLY_USAGE_OCCURRENCE('98','=>[0:1:1:99]','',#5,#4496,$
  );
#4506 = PRODUCT_RELATED_PRODUCT_CATEGORY('part',$,(#4498));
#4507 = ADVANCED_BREP_SHAPE_REPRESENTATION('',(#11,#4508),#4520);
#4508 = MANIFOLD_SOLID_BREP('',#4509);
#4509 = CLOSED_SHELL('',(#4510));
#4510 = ADVANCED_FACE('',(#4511),#4515,.T.);
#4511 = FACE_BOUND('',#4512,.T.);
#4512 = VERTEX_LOOP('',#4513);
#4513 = VERTEX_POINT('',#4514);
#4514 = CARTESIAN_POINT('',(7.654042494671E-18,-1.874699728327E-33,
    -0.125));
#4515 = SPHERICAL_SURFACE('',#4516,0.125);
#4516 = AXIS2_PLACEMENT_3D('',#4517,#4518,#4519);
#4517 = CARTESIAN_POINT('',(0.,0.,0.));
#4518 = DIRECTION('',(0.,0.,1.));
#4519 = DIRECTION('',(1.,0.,-0.));
#4520 = ( GEOMETRIC_REPRESENTATION_CONTEXT(3) 
GLOBAL_UNCERTAINTY_ASSIGNED_CONTEXT((#4524)) 
GLOBAL_UNIT_ASSIGNED_CONTEXT((#4521,#4522,#4523)) REPRESENTATION_CONTEXT
('Context #1','3D Context with UNIT and UNCERTAINTY') );
#4521 = ( LENGTH_UNIT() NAMED_UNIT(*) SI_UNIT(.MILLI.,.METRE.) );
#4522 = ( NAMED_UNIT(*) PLANE_ANGLE_UNIT() SI_UNIT($,.RADIAN.) );
#4523 = ( NAMED_UNIT(*) SI_UNIT($,.STERADIAN.) SOLID_ANGLE_UNIT() );
#4524 = UNCERTAINTY_MEASURE_WITH_UNIT(LENGTH_MEASURE(1.E-07),#4521,
  'distance_accuracy_value','confusion accuracy');
#4525 = SHAPE_DEFINITION_REPRESENTATION(#4526,#4507);
#4526 = PRODUCT_DEFINITION_SHAPE('','',#4527);
#4527 = PRODUCT_DEFINITION('design','',#4528,#4531);
#4528 = PRODUCT_DEFINITION_FORMATION('','',#4529);
#4529 = PRODUCT('F14','F14','',(#4530));
#4530 = PRODUCT_CONTEXT('',#2,'mechanical');
#4531 = PRODUCT_DEFINITION_CONTEXT('part definition',#2,'design');
#4532 = CONTEXT_DEPENDENT_SHAPE_REPRESENTATION(#4533,#4535);
#4533 = ( REPRESENTATION_RELATIONSHIP('','',#4507,#10) 
REPRESENTATION_RELATIONSHIP_WITH_TRANSFORMATION(#4534) 
SHAPE_REPRESENTATION_RELATIONSHIP() );
#4534 = ITEM_DEFINED_TRANSFORMATION('','',#11,#407);
#4535 = PRODUCT_DEFINITION_SHAPE('Placement','Placement of an item',
  #4536);
#4536 = NEXT_ASSEMBLY_USAGE_OCCURRENCE('99','=>[0:1:1:100]','',#5,#4527,
  $);
#4537 = PRODUCT_RELATED_PRODUCT_CATEGORY('part',$,(#4529));
#4538 = ADVANCED_BREP_SHAPE_REPRESENTATION('',(#11,#4539),#4551);
#4539 = MANIFOLD_SOLID_BREP('',#4540);
#4540 = CLOSED_SHELL('',(#4541));
#4541 = ADVANCED_FACE('',(#4542),#4546,.T.);
#4542 = FACE_BOUND('',#4543,.T.);
#4543 = VERTEX_LOOP('',#4544);
#4544 = VERTEX_POINT('',#4545);
#4545 = CARTESIAN_POINT('',(7.654042494671E-18,-1.874699728327E-33,
    -0.125));
#4546 = SPHERICAL_SURFACE('',#4547,0.125);
#4547 = AXIS2_PLACEMENT_3D('',#4548,#4549,#4550);
#4548 = CARTESIAN_POINT('',(0.,0.,0.));
#4549 = DIRECTION('',(0.,0.,1.));
#4550 = DIRECTION('',(1.,0.,-0.));
#4551 = ( GEOMETRIC_REPRESENTATION_CONTEXT(3) 
GLOBAL_UNCERTAINTY_ASSIGNED_CONTEXT((#4555)) 
GLOBAL_UNIT_ASSIGNED_CONTEXT((#4552,#4553,#4554)) REPRESENTATION_CONTEXT
('Context #1','3D Context with UNIT and UNCERTAINTY') );
#4552 = ( LENGTH_UNIT() NAMED_UNIT(*) SI_UNIT(.MILLI.,.METRE.) );
#4553 = ( NAMED_UNIT(*) PLANE_ANGLE_UNIT() SI_UNIT($,.RADIAN.) );
#4554 = ( NAMED_UNIT(*) SI_UNIT($,.STERADIAN.) SOLID_ANGLE_UNIT() );
#4555 = UNCERTAINTY_MEASURE_WITH_UNIT(LENGTH_MEASURE(1.E-07),#4552,
  'distance_accuracy_value','confusion accuracy');
#4556 = SHAPE_DEFINITION_REPRESENTATION(#4557,#4538);
#4557 = PRODUCT_DEFINITION_SHAPE('','',#4558);
#4558 = PRODUCT_DEFINITION('design','',#4559,#4562);
#4559 = PRODUCT_DEFINITION_FORMATION('','',#4560);
#4560 = PRODUCT('F15','F15','',(#4561));
#4561 = PRODUCT_CONTEXT('',#2,'mechanical');
#4562 = PRODUCT_DEFINITION_CONTEXT('part definition',#2,'design');
#4563 = CONTEXT_DEPENDENT_SHAPE_REPRESENTATION(#4564,#4566);
#4564 = ( REPRESENTATION_RELATIONSHIP('','',#4538,#10) 
REPRESENTATION_RELATIONSHIP_WITH_TRANSFORMATION(#4565) 
SHAPE_REPRESENTATION_RELATIONSHIP() );
#4565 = ITEM_DEFINED_TRANSFORMATION('','',#11,#411);
#4566 = PRODUCT_DEFINITION_SHAPE('Placement','Placement of an item',
  #4567);
#4567 = NEXT_ASSEMBLY_USAGE_OCCURRENCE('100','=>[0:1:1:101]','',#5,#4558
  ,$);
#4568 = PRODUCT_RELATED_PRODUCT_CATEGORY('part',$,(#4560));
#4569 = ADVANCED_BREP_SHAPE_REPRESENTATION('',(#11,#4570),#4582);
#4570 = MANIFOLD_SOLID_BREP('',#4571);
#4571 = CLOSED_SHELL('',(#4572));
#4572 = ADVANCED_FACE('',(#4573),#4577,.T.);
#4573 = FACE_BOUND('',#4574,.T.);
#4574 = VERTEX_LOOP('',#4575);
#4575 = VERTEX_POINT('',#4576);
#4576 = CARTESIAN_POINT('',(7.654042494671E-18,-1.874699728327E-33,
    -0.125));
#4577 = SPHERICAL_SURFACE('',#4578,0.125);
#4578 = AXIS2_PLACEMENT_3D('',#4579,#4580,#4581);
#4579 = CARTESIAN_POINT('',(0.,0.,0.));
#4580 = DIRECTION('',(0.,0.,1.));
#4581 = DIRECTION('',(1.,0.,-0.));
#4582 = ( GEOMETRIC_REPRESENTATION_CONTEXT(3) 
GLOBAL_UNCERTAINTY_ASSIGNED_CONTEXT((#4586)) 
GLOBAL_UNIT_ASSIGNED_CONTEXT((#4583,#4584,#4585)) REPRESENTATION_CONTEXT
('Context #1','3D Context with UNIT and UNCERTAINTY') );
#4583 = ( LENGTH_UNIT() NAMED_UNIT(*) SI_UNIT(.MILLI.,.METRE.) );
#4584 = ( NAMED_UNIT(*) PLANE_ANGLE_UNIT() SI_UNIT($,.RADIAN.) );
#4585 = ( NAMED_UNIT(*) SI_UNIT($,.STERADIAN.) SOLID_ANGLE_UNIT() );
#4586 = UNCERTAINTY_MEASURE_WITH_UNIT(LENGTH_MEASURE(1.E-07),#4583,
  'distance_accuracy_value','confusion accuracy');
#4587 = SHAPE_DEFINITION_REPRESENTATION(#4588,#4569);
#4588 = PRODUCT_DEFINITION_SHAPE('','',#4589);
#4589 = PRODUCT_DEFINITION('design','',#4590,#4593);
#4590 = PRODUCT_DEFINITION_FORMATION('','',#4591);
#4591 = PRODUCT('F16','F16','',(#4592));
#4592 = PRODUCT_CONTEXT('',#2,'mechanical');
#4593 = PRODUCT_DEFINITION_CONTEXT('part definition',#2,'design');
#4594 = CONTEXT_DEPENDENT_SHAPE_REPRESENTATION(#4595,#4597);
#4595 = ( REPRESENTATION_RELATIONSHIP('','',#4569,#10) 
REPRESENTATION_RELATIONSHIP_WITH_TRANSFORMATION(#4596) 
SHAPE_REPRESENTATION_RELATIONSHIP() );
#4596 = ITEM_DEFINED_TRANSFORMATION('','',#11,#415);
#4597 = PRODUCT_DEFINITION_SHAPE('Placement','Placement of an item',
  #4598);
#4598 = NEXT_ASSEMBLY_USAGE_OCCURRENCE('101','=>[0:1:1:102]','',#5,#4589
  ,$);
#4599 = PRODUCT_RELATED_PRODUCT_CATEGORY('part',$,(#4591));
#4600 = ADVANCED_BREP_SHAPE_REPRESENTATION('',(#11,#4601),#4613);
#4601 = MANIFOLD_SOLID_BREP('',#4602);
#4602 = CLOSED_SHELL('',(#4603));
#4603 = ADVANCED_FACE('',(#4604),#4608,.T.);
#4604 = FACE_BOUND('',#4605,.T.);
#4605 = VERTEX_LOOP('',#4606);
#4606 = VERTEX_POINT('',#4607);
#4607 = CARTESIAN_POINT('',(7.654042494671E-18,-1.874699728327E-33,
    -0.125));
#4608 = SPHERICAL_SURFACE('',#4609,0.125);
#4609 = AXIS2_PLACEMENT_3D('',#4610,#4611,#4612);
#4610 = CARTESIAN_POINT('',(0.,0.,0.));
#4611 = DIRECTION('',(0.,0.,1.));
#4612 = DIRECTION('',(1.,0.,-0.));
#4613 = ( GEOMETRIC_REPRESENTATION_CONTEXT(3) 
GLOBAL_UNCERTAINTY_ASSIGNED_CONTEXT((#4617)) 
GLOBAL_UNIT_ASSIGNED_CONTEXT((#4614,#4615,#4616)) REPRESENTATION_CONTEXT
('Context #1','3D Context with UNIT and UNCERTAINTY') );
#4614 = ( LENGTH_UNIT() NAMED_UNIT(*) SI_UNIT(.MILLI.,.METRE.) );
#4615 = ( NAMED_UNIT(*) PLANE_ANGLE_UNIT() SI_UNIT($,.RADIAN.) );
#4616 = ( NAMED_UNIT(*) SI_UNIT($,.STERADIAN.) SOLID_ANGLE_UNIT() );
#4617 = UNCERTAINTY_MEASURE_WITH_UNIT(LENGTH_MEASURE(1.E-07),#4614,
  'distance_accuracy_value','confusion accuracy');
#4618 = SHAPE_DEFINITION_REPRESENTATION(#4619,#4600);
#4619 = PRODUCT_DEFINITION_SHAPE('','',#4620);
#4620 = PRODUCT_DEFINITION('design','',#4621,#4624);
#4621 = PRODUCT_DEFINITION_FORMATION('','',#4622);
#4622 = PRODUCT('F17','F17','',(#4623));
#4623 = PRODUCT_CONTEXT('',#2,'mechanical');
#4624 = PRODUCT_DEFINITION_CONTEXT('part definition',#2,'design');
#4625 = CONTEXT_DEPENDENT_SHAPE_REPRESENTATION(#4626,#4628);
#4626 = ( REPRESENTATION_RELATIONSHIP('','',#4600,#10) 
REPRESENTATION_RELATIONSHIP_WITH_TRANSFORMATION(#4627) 
SHAPE_REPRESENTATION_RELATIONSHIP() );
#4627 = ITEM_DEFINED_TRANSFORMATION('','',#11,#419);
#4628 = PRODUCT_DEFINITION_SHAPE('Placement','Placement of an item',
  #4629);
#4629 = NEXT_ASSEMBLY_USAGE_OCCURRENCE('102','=>[0:1:1:103]','',#5,#4620
  ,$);
#4630 = PRODUCT_RELATED_PRODUCT_CATEGORY('part',$,(#4622));
#4631 = ADVANCED_BREP_SHAPE_REPRESENTATION('',(#11,#4632),#4644);
#4632 = MANIFOLD_SOLID_BREP('',#4633);
#4633 = CLOSED_SHELL('',(#4634));
#4634 = ADVANCED_FACE('',(#4635),#4639,.T.);
#4635 = FACE_BOUND('',#4636,.T.);
#4636 = VERTEX_LOOP('',#4637);
#4637 = VERTEX_POINT('',#4638);
#4638 = CARTESIAN_POINT('',(7.654042494671E-18,-1.874699728327E-33,
    -0.125));
#4639 = SPHERICAL_SURFACE('',#4640,0.125);
#4640 = AXIS2_PLACEMENT_3D('',#4641,#4642,#4643);
#4641 = CARTESIAN_POINT('',(0.,0.,0.));
#4642 = DIRECTION('',(0.,0.,1.));
#4643 = DIRECTION('',(1.,0.,-0.));
#4644 = ( GEOMETRIC_REPRESENTATION_CONTEXT(3) 
GLOBAL_UNCERTAINTY_ASSIGNED_CONTEXT((#4648)) 
GLOBAL_UNIT_ASSIGNED_CONTEXT((#4645,#4646,#4647)) REPRESENTATION_CONTEXT
('Context #1','3D Context with UNIT and UNCERTAINTY') );
#4645 = ( LENGTH_UNIT() NAMED_UNIT(*) SI_UNIT(.MILLI.,.METRE.) );
#4646 = ( NAMED_UNIT(*) PLANE_ANGLE_UNIT() SI_UNIT($,.RADIAN.) );
#4647 = ( NAMED_UNIT(*) SI_UNIT($,.STERADIAN.) SOLID_ANGLE_UNIT() );
#4648 = UNCERTAINTY_MEASURE_WITH_UNIT(LENGTH_MEASURE(1.E-07),#4645,
  'distance_accuracy_value','confusion accuracy');
#4649 = SHAPE_DEFINITION_REPRESENTATION(#4650,#4631);
#4650 = PRODUCT_DEFINITION_SHAPE('','',#4651);
#4651 = PRODUCT_DEFINITION('design','',#4652,#4655);
#4652 = PRODUCT_DEFINITION_FORMATION('','',#4653);
#4653 = PRODUCT('F18','F18','',(#4654));
#4654 = PRODUCT_CONTEXT('',#2,'mechanical');
#4655 = PRODUCT_DEFINITION_CONTEXT('part definition',#2,'design');
#4656 = CONTEXT_DEPENDENT_SHAPE_REPRESENTATION(#4657,#4659);
#4657 = ( REPRESENTATION_RELATIONSHIP('','',#4631,#10) 
REPRESENTATION_RELATIONSHIP_WITH_TRANSFORMATION(#4658) 
SHAPE_REPRESENTATION_RELATIONSHIP() );
#4658 = ITEM_DEFINED_TRANSFORMATION('','',#11,#423);
#4659 = PRODUCT_DEFINITION_SHAPE('Placement','Placement of an item',
  #4660);
#4660 = NEXT_ASSEMBLY_USAGE_OCCURRENCE('103','=>[0:1:1:104]','',#5,#4651
  ,$);
#4661 = PRODUCT_RELATED_PRODUCT_CATEGORY('part',$,(#4653));
#4662 = ADVANCED_BREP_SHAPE_REPRESENTATION('',(#11,#4663),#4675);
#4663 = MANIFOLD_SOLID_BREP('',#4664);
#4664 = CLOSED_SHELL('',(#4665));
#4665 = ADVANCED_FACE('',(#4666),#4670,.T.);
#4666 = FACE_BOUND('',#4667,.T.);
#4667 = VERTEX_LOOP('',#4668);
#4668 = VERTEX_POINT('',#4669);
#4669 = CARTESIAN_POINT('',(7.654042494671E-18,-1.874699728327E-33,
    -0.125));
#4670 = SPHERICAL_SURFACE('',#4671,0.125);
#4671 = AXIS2_PLACEMENT_3D('',#4672,#4673,#4674);
#4672 = CARTESIAN_POINT('',(0.,0.,0.));
#4673 = DIRECTION('',(0.,0.,1.));
#4674 = DIRECTION('',(1.,0.,-0.));
#4675 = ( GEOMETRIC_REPRESENTATION_CONTEXT(3) 
GLOBAL_UNCERTAINTY_ASSIGNED_CONTEXT((#4679)) 
GLOBAL_UNIT_ASSIGNED_CONTEXT((#4676,#4677,#4678)) REPRESENTATION_CONTEXT
('Context #1','3D Context with UNIT and UNCERTAINTY') );
#4676 = ( LENGTH_UNIT() NAMED_UNIT(*) SI_UNIT(.MILLI.,.METRE.) );
#4677 = ( NAMED_UNIT(*) PLANE_ANGLE_UNIT() SI_UNIT($,.RADIAN.) );
#4678 = ( NAMED_UNIT(*) SI_UNIT($,.STERADIAN.) SOLID_ANGLE_UNIT() );
#4679 = UNCERTAINTY_MEASURE_WITH_UNIT(LENGTH_MEASURE(1.E-07),#4676,
  'distance_accuracy_value','confusion accuracy');
#4680 = SHAPE_DEFINITION_REPRESENTATION(#4681,#4662);
#4681 = PRODUCT_DEFINITION_SHAPE('','',#4682);
#4682 = PRODUCT_DEFINITION('design','',#4683,#4686);
#4683 = PRODUCT_DEFINITION_FORMATION('','',#4684);
#4684 = PRODUCT('F19','F19','',(#4685));
#4685 = PRODUCT_CONTEXT('',#2,'mechanical');
#4686 = PRODUCT_DEFINITION_CONTEXT('part definition',#2,'design');
#4687 = CONTEXT_DEPENDENT_SHAPE_REPRESENTATION(#4688,#4690);
#4688 = ( REPRESENTATION_RELATIONSHIP('','',#4662,#10) 
REPRESENTATION_RELATIONSHIP_WITH_TRANSFORMATION(#4689) 
SHAPE_REPRESENTATION_RELATIONSHIP() );
#4689 = ITEM_DEFINED_TRANSFORMATION('','',#11,#427);
#4690 = PRODUCT_DEFINITION_SHAPE('Placement','Placement of an item',
  #4691);
#4691 = NEXT_ASSEMBLY_USAGE_OCCURRENCE('104','=>[0:1:1:105]','',#5,#4682
  ,$);
#4692 = PRODUCT_RELATED_PRODUCT_CATEGORY('part',$,(#4684));
#4693 = ADVANCED_BREP_SHAPE_REPRESENTATION('',(#11,#4694),#4706);
#4694 = MANIFOLD_SOLID_BREP('',#4695);
#4695 = CLOSED_SHELL('',(#4696));
#4696 = ADVANCED_FACE('',(#4697),#4701,.T.);
#4697 = FACE_BOUND('',#4698,.T.);
#4698 = VERTEX_LOOP('',#4699);
#4699 = VERTEX_POINT('',#4700);
#4700 = CARTESIAN_POINT('',(7.654042494671E-18,-1.874699728327E-33,
    -0.125));
#4701 = SPHERICAL_SURFACE('',#4702,0.125);
#4702 = AXIS2_PLACEMENT_3D('',#4703,#4704,#4705);
#4703 = CARTESIAN_POINT('',(0.,0.,0.));
#4704 = DIRECTION('',(0.,0.,1.));
#4705 = DIRECTION('',(1.,0.,-0.));
#4706 = ( GEOMETRIC_REPRESENTATION_CONTEXT(3) 
GLOBAL_UNCERTAINTY_ASSIGNED_CONTEXT((#4710)) 
GLOBAL_UNIT_ASSIGNED_CONTEXT((#4707,#4708,#4709)) REPRESENTATION_CONTEXT
('Context #1','3D Context with UNIT and UNCERTAINTY') );
#4707 = ( LENGTH_UNIT() NAMED_UNIT(*) SI_UNIT(.MILLI.,.METRE.) );
#4708 = ( NAMED_UNIT(*) PLANE_ANGLE_UNIT() SI_UNIT($,.RADIAN.) );
#4709 = ( NAMED_UNIT(*) SI_UNIT($,.STERADIAN.) SOLID_ANGLE_UNIT() );
#4710 = UNCERTAINTY_MEASURE_WITH_UNIT(LENGTH_MEASURE(1.E-07),#4707,
  'distance_accuracy_value','confusion accuracy');
#4711 = SHAPE_DEFINITION_REPRESENTATION(#4712,#4693);
#4712 = PRODUCT_DEFINITION_SHAPE('','',#4713);
#4713 = PRODUCT_DEFINITION('design','',#4714,#4717);
#4714 = PRODUCT_DEFINITION_FORMATION('','',#4715);
#4715 = PRODUCT('F20','F20','',(#4716));
#4716 = PRODUCT_CONTEXT('',#2,'mechanical');
#4717 = PRODUCT_DEFINITION_CONTEXT('part definition',#2,'design');
#4718 = CONTEXT_DEPENDENT_SHAPE_REPRESENTATION(#4719,#4721);
#4719 = ( REPRESENTATION_RELATIONSHIP('','',#4693,#10) 
REPRESENTATION_RELATIONSHIP_WITH_TRANSFORMATION(#4720) 
SHAPE_REPRESENTATION_RELATIONSHIP() );
#4720 = ITEM_DEFINED_TRANSFORMATION('','',#11,#431);
#4721 = PRODUCT_DEFINITION_SHAPE('Placement','Placement of an item',
  #4722);
#4722 = NEXT_ASSEMBLY_USAGE_OCCURRENCE('105','=>[0:1:1:106]','',#5,#4713
  ,$);
#4723 = PRODUCT_RELATED_PRODUCT_CATEGORY('part',$,(#4715));
#4724 = ADVANCED_BREP_SHAPE_REPRESENTATION('',(#11,#4725),#4737);
#4725 = MANIFOLD_SOLID_BREP('',#4726);
#4726 = CLOSED_SHELL('',(#4727));
#4727 = ADVANCED_FACE('',(#4728),#4732,.T.);
#4728 = FACE_BOUND('',#4729,.T.);
#4729 = VERTEX_LOOP('',#4730);
#4730 = VERTEX_POINT('',#4731);
#4731 = CARTESIAN_POINT('',(7.654042494671E-18,-1.874699728327E-33,
    -0.125));
#4732 = SPHERICAL_SURFACE('',#4733,0.125);
#4733 = AXIS2_PLACEMENT_3D('',#4734,#4735,#4736);
#4734 = CARTESIAN_POINT('',(0.,0.,0.));
#4735 = DIRECTION('',(0.,0.,1.));
#4736 = DIRECTION('',(1.,0.,-0.));
#4737 = ( GEOMETRIC_REPRESENTATION_CONTEXT(3) 
GLOBAL_UNCERTAINTY_ASSIGNED_CONTEXT((#4741)) 
GLOBAL_UNIT_ASSIGNED_CONTEXT((#4738,#4739,#4740)) REPRESENTATION_CONTEXT
('Context #1','3D Context with UNIT and UNCERTAINTY') );
#4738 = ( LENGTH_UNIT() NAMED_UNIT(*) SI_UNIT(.MILLI.,.METRE.) );
#4739 = ( NAMED_UNIT(*) PLANE_ANGLE_UNIT() SI_UNIT($,.RADIAN.) );
#4740 = ( NAMED_UNIT(*) SI_UNIT($,.STERADIAN.) SOLID_ANGLE_UNIT() );
#4741 = UNCERTAINTY_MEASURE_WITH_UNIT(LENGTH_MEASURE(1.E-07),#4738,
  'distance_accuracy_value','confusion accuracy');
#4742 = SHAPE_DEFINITION_REPRESENTATION(#4743,#4724);
#4743 = PRODUCT_DEFINITION_SHAPE('','',#4744);
#4744 = PRODUCT_DEFINITION('design','',#4745,#4748);
#4745 = PRODUCT_DEFINITION_FORMATION('','',#4746);
#4746 = PRODUCT('F23','F23','',(#4747));
#4747 = PRODUCT_CONTEXT('',#2,'mechanical');
#4748 = PRODUCT_DEFINITION_CONTEXT('part definition',#2,'design');
#4749 = CONTEXT_DEPENDENT_SHAPE_REPRESENTATION(#4750,#4752);
#4750 = ( REPRESENTATION_RELATIONSHIP('','',#4724,#10) 
REPRESENTATION_RELATIONSHIP_WITH_TRANSFORMATION(#4751) 
SHAPE_REPRESENTATION_RELATIONSHIP() );
#4751 = ITEM_DEFINED_TRANSFORMATION('','',#11,#435);
#4752 = PRODUCT_DEFINITION_SHAPE('Placement','Placement of an item',
  #4753);
#4753 = NEXT_ASSEMBLY_USAGE_OCCURRENCE('106','=>[0:1:1:107]','',#5,#4744
  ,$);
#4754 = PRODUCT_RELATED_PRODUCT_CATEGORY('part',$,(#4746));
#4755 = ADVANCED_BREP_SHAPE_REPRESENTATION('',(#11,#4756),#4768);
#4756 = MANIFOLD_SOLID_BREP('',#4757);
#4757 = CLOSED_SHELL('',(#4758));
#4758 = ADVANCED_FACE('',(#4759),#4763,.T.);
#4759 = FACE_BOUND('',#4760,.T.);
#4760 = VERTEX_LOOP('',#4761);
#4761 = VERTEX_POINT('',#4762);
#4762 = CARTESIAN_POINT('',(7.654042494671E-18,-1.874699728327E-33,
    -0.125));
#4763 = SPHERICAL_SURFACE('',#4764,0.125);
#4764 = AXIS2_PLACEMENT_3D('',#4765,#4766,#4767);
#4765 = CARTESIAN_POINT('',(0.,0.,0.));
#4766 = DIRECTION('',(0.,0.,1.));
#4767 = DIRECTION('',(1.,0.,-0.));
#4768 = ( GEOMETRIC_REPRESENTATION_CONTEXT(3) 
GLOBAL_UNCERTAINTY_ASSIGNED_CONTEXT((#4772)) 
GLOBAL_UNIT_ASSIGNED_CONTEXT((#4769,#4770,#4771)) REPRESENTATION_CONTEXT
('Context #1','3D Context with UNIT and UNCERTAINTY') );
#4769 = ( LENGTH_UNIT() NAMED_UNIT(*) SI_UNIT(.MILLI.,.METRE.) );
#4770 = ( NAMED_UNIT(*) PLANE_ANGLE_UNIT() SI_UNIT($,.RADIAN.) );
#4771 = ( NAMED_UNIT(*) SI_UNIT($,.STERADIAN.) SOLID_ANGLE_UNIT() );
#4772 = UNCERTAINTY_MEASURE_WITH_UNIT(LENGTH_MEASURE(1.E-07),#4769,
  'distance_accuracy_value','confusion accuracy');
#4773 = SHAPE_DEFINITION_REPRESENTATION(#4774,#4755);
#4774 = PRODUCT_DEFINITION_SHAPE('','',#4775);
#4775 = PRODUCT_DEFINITION('design','',#4776,#4779);
#4776 = PRODUCT_DEFINITION_FORMATION('','',#4777);
#4777 = PRODUCT('F24','F24','',(#4778));
#4778 = PRODUCT_CONTEXT('',#2,'mechanical');
#4779 = PRODUCT_DEFINITION_CONTEXT('part definition',#2,'design');
#4780 = CONTEXT_DEPENDENT_SHAPE_REPRESENTATION(#4781,#4783);
#4781 = ( REPRESENTATION_RELATIONSHIP('','',#4755,#10) 
REPRESENTATION_RELATIONSHIP_WITH_TRANSFORMATION(#4782) 
SHAPE_REPRESENTATION_RELATIONSHIP() );
#4782 = ITEM_DEFINED_TRANSFORMATION('','',#11,#439);
#4783 = PRODUCT_DEFINITION_SHAPE('Placement','Placement of an item',
  #4784);
#4784 = NEXT_ASSEMBLY_USAGE_OCCURRENCE('107','=>[0:1:1:108]','',#5,#4775
  ,$);
#4785 = PRODUCT_RELATED_PRODUCT_CATEGORY('part',$,(#4777));
#4786 = ADVANCED_BREP_SHAPE_REPRESENTATION('',(#11,#4787),#4799);
#4787 = MANIFOLD_SOLID_BREP('',#4788);
#4788 = CLOSED_SHELL('',(#4789));
#4789 = ADVANCED_FACE('',(#4790),#4794,.T.);
#4790 = FACE_BOUND('',#4791,.T.);
#4791 = VERTEX_LOOP('',#4792);
#4792 = VERTEX_POINT('',#4793);
#4793 = CARTESIAN_POINT('',(7.654042494671E-18,-1.874699728327E-33,
    -0.125));
#4794 = SPHERICAL_SURFACE('',#4795,0.125);
#4795 = AXIS2_PLACEMENT_3D('',#4796,#4797,#4798);
#4796 = CARTESIAN_POINT('',(0.,0.,0.));
#4797 = DIRECTION('',(0.,0.,1.));
#4798 = DIRECTION('',(1.,0.,-0.));
#4799 = ( GEOMETRIC_REPRESENTATION_CONTEXT(3) 
GLOBAL_UNCERTAINTY_ASSIGNED_CONTEXT((#4803)) 
GLOBAL_UNIT_ASSIGNED_CONTEXT((#4800,#4801,#4802)) REPRESENTATION_CONTEXT
('Context #1','3D Context with UNIT and UNCERTAINTY') );
#4800 = ( LENGTH_UNIT() NAMED_UNIT(*) SI_UNIT(.MILLI.,.METRE.) );
#4801 = ( NAMED_UNIT(*) PLANE_ANGLE_UNIT() SI_UNIT($,.RADIAN.) );
#4802 = ( NAMED_UNIT(*) SI_UNIT($,.STERADIAN.) SOLID_ANGLE_UNIT() );
#4803 = UNCERTAINTY_MEASURE_WITH_UNIT(LENGTH_MEASURE(1.E-07),#4800,
  'distance_accuracy_value','confusion accuracy');
#4804 = SHAPE_DEFINITION_REPRESENTATION(#4805,#4786);
#4805 = PRODUCT_DEFINITION_SHAPE('','',#4806);
#4806 = PRODUCT_DEFINITION('design','',#4807,#4810);
#4807 = PRODUCT_DEFINITION_FORMATION('','',#4808);
#4808 = PRODUCT('F25','F25','',(#4809));
#4809 = PRODUCT_CONTEXT('',#2,'mechanical');
#4810 = PRODUCT_DEFINITION_CONTEXT('part definition',#2,'design');
#4811 = CONTEXT_DEPENDENT_SHAPE_REPRESENTATION(#4812,#4814);
#4812 = ( REPRESENTATION_RELATIONSHIP('','',#4786,#10) 
REPRESENTATION_RELATIONSHIP_WITH_TRANSFORMATION(#4813) 
SHAPE_REPRESENTATION_RELATIONSHIP() );
#4813 = ITEM_DEFINED_TRANSFORMATION('','',#11,#443);
#4814 = PRODUCT_DEFINITION_SHAPE('Placement','Placement of an item',
  #4815);
#4815 = NEXT_ASSEMBLY_USAGE_OCCURRENCE('108','=>[0:1:1:109]','',#5,#4806
  ,$);
#4816 = PRODUCT_RELATED_PRODUCT_CATEGORY('part',$,(#4808));
#4817 = ADVANCED_BREP_SHAPE_REPRESENTATION('',(#11,#4818),#4830);
#4818 = MANIFOLD_SOLID_BREP('',#4819);
#4819 = CLOSED_SHELL('',(#4820));
#4820 = ADVANCED_FACE('',(#4821),#4825,.T.);
#4821 = FACE_BOUND('',#4822,.T.);
#4822 = VERTEX_LOOP('',#4823);
#4823 = VERTEX_POINT('',#4824);
#4824 = CARTESIAN_POINT('',(7.654042494671E-18,-1.874699728327E-33,
    -0.125));
#4825 = SPHERICAL_SURFACE('',#4826,0.125);
#4826 = AXIS2_PLACEMENT_3D('',#4827,#4828,#4829);
#4827 = CARTESIAN_POINT('',(0.,0.,0.));
#4828 = DIRECTION('',(0.,0.,1.));
#4829 = DIRECTION('',(1.,0.,-0.));
#4830 = ( GEOMETRIC_REPRESENTATION_CONTEXT(3) 
GLOBAL_UNCERTAINTY_ASSIGNED_CONTEXT((#4834)) 
GLOBAL_UNIT_ASSIGNED_CONTEXT((#4831,#4832,#4833)) REPRESENTATION_CONTEXT
('Context #1','3D Context with UNIT and UNCERTAINTY') );
#4831 = ( LENGTH_UNIT() NAMED_UNIT(*) SI_UNIT(.MILLI.,.METRE.) );
#4832 = ( NAMED_UNIT(*) PLANE_ANGLE_UNIT() SI_UNIT($,.RADIAN.) );
#4833 = ( NAMED_UNIT(*) SI_UNIT($,.STERADIAN.) SOLID_ANGLE_UNIT() );
#4834 = UNCERTAINTY_MEASURE_WITH_UNIT(LENGTH_MEASURE(1.E-07),#4831,
  'distance_accuracy_value','confusion accuracy');
#4835 = SHAPE_DEFINITION_REPRESENTATION(#4836,#4817);
#4836 = PRODUCT_DEFINITION_SHAPE('','',#4837);
#4837 = PRODUCT_DEFINITION('design','',#4838,#4841);
#4838 = PRODUCT_DEFINITION_FORMATION('','',#4839);
#4839 = PRODUCT('G1','G1','',(#4840));
#4840 = PRODUCT_CONTEXT('',#2,'mechanical');
#4841 = PRODUCT_DEFINITION_CONTEXT('part definition',#2,'design');
#4842 = CONTEXT_DEPENDENT_SHAPE_REPRESENTATION(#4843,#4845);
#4843 = ( REPRESENTATION_RELATIONSHIP('','',#4817,#10) 
REPRESENTATION_RELATIONSHIP_WITH_TRANSFORMATION(#4844) 
SHAPE_REPRESENTATION_RELATIONSHIP() );
#4844 = ITEM_DEFINED_TRANSFORMATION('','',#11,#447);
#4845 = PRODUCT_DEFINITION_SHAPE('Placement','Placement of an item',
  #4846);
#4846 = NEXT_ASSEMBLY_USAGE_OCCURRENCE('109','=>[0:1:1:110]','',#5,#4837
  ,$);
#4847 = PRODUCT_RELATED_PRODUCT_CATEGORY('part',$,(#4839));
#4848 = ADVANCED_BREP_SHAPE_REPRESENTATION('',(#11,#4849),#4861);
#4849 = MANIFOLD_SOLID_BREP('',#4850);
#4850 = CLOSED_SHELL('',(#4851));
#4851 = ADVANCED_FACE('',(#4852),#4856,.T.);
#4852 = FACE_BOUND('',#4853,.T.);
#4853 = VERTEX_LOOP('',#4854);
#4854 = VERTEX_POINT('',#4855);
#4855 = CARTESIAN_POINT('',(7.654042494671E-18,-1.874699728327E-33,
    -0.125));
#4856 = SPHERICAL_SURFACE('',#4857,0.125);
#4857 = AXIS2_PLACEMENT_3D('',#4858,#4859,#4860);
#4858 = CARTESIAN_POINT('',(0.,0.,0.));
#4859 = DIRECTION('',(0.,0.,1.));
#4860 = DIRECTION('',(1.,0.,-0.));
#4861 = ( GEOMETRIC_REPRESENTATION_CONTEXT(3) 
GLOBAL_UNCERTAINTY_ASSIGNED_CONTEXT((#4865)) 
GLOBAL_UNIT_ASSIGNED_CONTEXT((#4862,#4863,#4864)) REPRESENTATION_CONTEXT
('Context #1','3D Context with UNIT and UNCERTAINTY') );
#4862 = ( LENGTH_UNIT() NAMED_UNIT(*) SI_UNIT(.MILLI.,.METRE.) );
#4863 = ( NAMED_UNIT(*) PLANE_ANGLE_UNIT() SI_UNIT($,.RADIAN.) );
#4864 = ( NAMED_UNIT(*) SI_UNIT($,.STERADIAN.) SOLID_ANGLE_UNIT() );
#4865 = UNCERTAINTY_MEASURE_WITH_UNIT(LENGTH_MEASURE(1.E-07),#4862,
  'distance_accuracy_value','confusion accuracy');
#4866 = SHAPE_DEFINITION_REPRESENTATION(#4867,#4848);
#4867 = PRODUCT_DEFINITION_SHAPE('','',#4868);
#4868 = PRODUCT_DEFINITION('design','',#4869,#4872);
#4869 = PRODUCT_DEFINITION_FORMATION('','',#4870);
#4870 = PRODUCT('G2','G2','',(#4871));
#4871 = PRODUCT_CONTEXT('',#2,'mechanical');
#4872 = PRODUCT_DEFINITION_CONTEXT('part definition',#2,'design');
#4873 = CONTEXT_DEPENDENT_SHAPE_REPRESENTATION(#4874,#4876);
#4874 = ( REPRESENTATION_RELATIONSHIP('','',#4848,#10) 
REPRESENTATION_RELATIONSHIP_WITH_TRANSFORMATION(#4875) 
SHAPE_REPRESENTATION_RELATIONSHIP() );
#4875 = ITEM_DEFINED_TRANSFORMATION('','',#11,#451);
#4876 = PRODUCT_DEFINITION_SHAPE('Placement','Placement of an item',
  #4877);
#4877 = NEXT_ASSEMBLY_USAGE_OCCURRENCE('110','=>[0:1:1:111]','',#5,#4868
  ,$);
#4878 = PRODUCT_RELATED_PRODUCT_CATEGORY('part',$,(#4870));
#4879 = ADVANCED_BREP_SHAPE_REPRESENTATION('',(#11,#4880),#4892);
#4880 = MANIFOLD_SOLID_BREP('',#4881);
#4881 = CLOSED_SHELL('',(#4882));
#4882 = ADVANCED_FACE('',(#4883),#4887,.T.);
#4883 = FACE_BOUND('',#4884,.T.);
#4884 = VERTEX_LOOP('',#4885);
#4885 = VERTEX_POINT('',#4886);
#4886 = CARTESIAN_POINT('',(7.654042494671E-18,-1.874699728327E-33,
    -0.125));
#4887 = SPHERICAL_SURFACE('',#4888,0.125);
#4888 = AXIS2_PLACEMENT_3D('',#4889,#4890,#4891);
#4889 = CARTESIAN_POINT('',(0.,0.,0.));
#4890 = DIRECTION('',(0.,0.,1.));
#4891 = DIRECTION('',(1.,0.,-0.));
#4892 = ( GEOMETRIC_REPRESENTATION_CONTEXT(3) 
GLOBAL_UNCERTAINTY_ASSIGNED_CONTEXT((#4896)) 
GLOBAL_UNIT_ASSIGNED_CONTEXT((#4893,#4894,#4895)) REPRESENTATION_CONTEXT
('Context #1','3D Context with UNIT and UNCERTAINTY') );
#4893 = ( LENGTH_UNIT() NAMED_UNIT(*) SI_UNIT(.MILLI.,.METRE.) );
#4894 = ( NAMED_UNIT(*) PLANE_ANGLE_UNIT() SI_UNIT($,.RADIAN.) );
#4895 = ( NAMED_UNIT(*) SI_UNIT($,.STERADIAN.) SOLID_ANGLE_UNIT() );
#4896 = UNCERTAINTY_MEASURE_WITH_UNIT(LENGTH_MEASURE(1.E-07),#4893,
  'distance_accuracy_value','confusion accuracy');
#4897 = SHAPE_DEFINITION_REPRESENTATION(#4898,#4879);
#4898 = PRODUCT_DEFINITION_SHAPE('','',#4899);
#4899 = PRODUCT_DEFINITION('design','',#4900,#4903);
#4900 = PRODUCT_DEFINITION_FORMATION('','',#4901);
#4901 = PRODUCT('G3','G3','',(#4902));
#4902 = PRODUCT_CONTEXT('',#2,'mechanical');
#4903 = PRODUCT_DEFINITION_CONTEXT('part definition',#2,'design');
#4904 = CONTEXT_DEPENDENT_SHAPE_REPRESENTATION(#4905,#4907);
#4905 = ( REPRESENTATION_RELATIONSHIP('','',#4879,#10) 
REPRESENTATION_RELATIONSHIP_WITH_TRANSFORMATION(#4906) 
SHAPE_REPRESENTATION_RELATIONSHIP() );
#4906 = ITEM_DEFINED_TRANSFORMATION('','',#11,#455);
#4907 = PRODUCT_DEFINITION_SHAPE('Placement','Placement of an item',
  #4908);
#4908 = NEXT_ASSEMBLY_USAGE_OCCURRENCE('111','=>[0:1:1:112]','',#5,#4899
  ,$);
#4909 = PRODUCT_RELATED_PRODUCT_CATEGORY('part',$,(#4901));
#4910 = ADVANCED_BREP_SHAPE_REPRESENTATION('',(#11,#4911),#4923);
#4911 = MANIFOLD_SOLID_BREP('',#4912);
#4912 = CLOSED_SHELL('',(#4913));
#4913 = ADVANCED_FACE('',(#4914),#4918,.T.);
#4914 = FACE_BOUND('',#4915,.T.);
#4915 = VERTEX_LOOP('',#4916);
#4916 = VERTEX_POINT('',#4917);
#4917 = CARTESIAN_POINT('',(7.654042494671E-18,-1.874699728327E-33,
    -0.125));
#4918 = SPHERICAL_SURFACE('',#4919,0.125);
#4919 = AXIS2_PLACEMENT_3D('',#4920,#4921,#4922);
#4920 = CARTESIAN_POINT('',(0.,0.,0.));
#4921 = DIRECTION('',(0.,0.,1.));
#4922 = DIRECTION('',(1.,0.,-0.));
#4923 = ( GEOMETRIC_REPRESENTATION_CONTEXT(3) 
GLOBAL_UNCERTAINTY_ASSIGNED_CONTEXT((#4927)) 
GLOBAL_UNIT_ASSIGNED_CONTEXT((#4924,#4925,#4926)) REPRESENTATION_CONTEXT
('Context #1','3D Context with UNIT and UNCERTAINTY') );
#4924 = ( LENGTH_UNIT() NAMED_UNIT(*) SI_UNIT(.MILLI.,.METRE.) );
#4925 = ( NAMED_UNIT(*) PLANE_ANGLE_UNIT() SI_UNIT($,.RADIAN.) );
#4926 = ( NAMED_UNIT(*) SI_UNIT($,.STERADIAN.) SOLID_ANGLE_UNIT() );
#4927 = UNCERTAINTY_MEASURE_WITH_UNIT(LENGTH_MEASURE(1.E-07),#4924,
  'distance_accuracy_value','confusion accuracy');
#4928 = SHAPE_DEFINITION_REPRESENTATION(#4929,#4910);
#4929 = PRODUCT_DEFINITION_SHAPE('','',#4930);
#4930 = PRODUCT_DEFINITION('design','',#4931,#4934);
#4931 = PRODUCT_DEFINITION_FORMATION('','',#4932);
#4932 = PRODUCT('G6','G6','',(#4933));
#4933 = PRODUCT_CONTEXT('',#2,'mechanical');
#4934 = PRODUCT_DEFINITION_CONTEXT('part definition',#2,'design');
#4935 = CONTEXT_DEPENDENT_SHAPE_REPRESENTATION(#4936,#4938);
#4936 = ( REPRESENTATION_RELATIONSHIP('','',#4910,#10) 
REPRESENTATION_RELATIONSHIP_WITH_TRANSFORMATION(#4937) 
SHAPE_REPRESENTATION_RELATIONSHIP() );
#4937 = ITEM_DEFINED_TRANSFORMATION('','',#11,#459);
#4938 = PRODUCT_DEFINITION_SHAPE('Placement','Placement of an item',
  #4939);
#4939 = NEXT_ASSEMBLY_USAGE_OCCURRENCE('112','=>[0:1:1:113]','',#5,#4930
  ,$);
#4940 = PRODUCT_RELATED_PRODUCT_CATEGORY('part',$,(#4932));
#4941 = ADVANCED_BREP_SHAPE_REPRESENTATION('',(#11,#4942),#4954);
#4942 = MANIFOLD_SOLID_BREP('',#4943);
#4943 = CLOSED_SHELL('',(#4944));
#4944 = ADVANCED_FACE('',(#4945),#4949,.T.);
#4945 = FACE_BOUND('',#4946,.T.);
#4946 = VERTEX_LOOP('',#4947);
#4947 = VERTEX_POINT('',#4948);
#4948 = CARTESIAN_POINT('',(7.654042494671E-18,-1.874699728327E-33,
    -0.125));
#4949 = SPHERICAL_SURFACE('',#4950,0.125);
#4950 = AXIS2_PLACEMENT_3D('',#4951,#4952,#4953);
#4951 = CARTESIAN_POINT('',(0.,0.,0.));
#4952 = DIRECTION('',(0.,0.,1.));
#4953 = DIRECTION('',(1.,0.,-0.));
#4954 = ( GEOMETRIC_REPRESENTATION_CONTEXT(3) 
GLOBAL_UNCERTAINTY_ASSIGNED_CONTEXT((#4958)) 
GLOBAL_UNIT_ASSIGNED_CONTEXT((#4955,#4956,#4957)) REPRESENTATION_CONTEXT
('Context #1','3D Context with UNIT and UNCERTAINTY') );
#4955 = ( LENGTH_UNIT() NAMED_UNIT(*) SI_UNIT(.MILLI.,.METRE.) );
#4956 = ( NAMED_UNIT(*) PLANE_ANGLE_UNIT() SI_UNIT($,.RADIAN.) );
#4957 = ( NAMED_UNIT(*) SI_UNIT($,.STERADIAN.) SOLID_ANGLE_UNIT() );
#4958 = UNCERTAINTY_MEASURE_WITH_UNIT(LENGTH_MEASURE(1.E-07),#4955,
  'distance_accuracy_value','confusion accuracy');
#4959 = SHAPE_DEFINITION_REPRESENTATION(#4960,#4941);
#4960 = PRODUCT_DEFINITION_SHAPE('','',#4961);
#4961 = PRODUCT_DEFINITION('design','',#4962,#4965);
#4962 = PRODUCT_DEFINITION_FORMATION('','',#4963);
#4963 = PRODUCT('G20','G20','',(#4964));
#4964 = PRODUCT_CONTEXT('',#2,'mechanical');
#4965 = PRODUCT_DEFINITION_CONTEXT('part definition',#2,'design');
#4966 = CONTEXT_DEPENDENT_SHAPE_REPRESENTATION(#4967,#4969);
#4967 = ( REPRESENTATION_RELATIONSHIP('','',#4941,#10) 
REPRESENTATION_RELATIONSHIP_WITH_TRANSFORMATION(#4968) 
SHAPE_REPRESENTATION_RELATIONSHIP() );
#4968 = ITEM_DEFINED_TRANSFORMATION('','',#11,#463);
#4969 = PRODUCT_DEFINITION_SHAPE('Placement','Placement of an item',
  #4970);
#4970 = NEXT_ASSEMBLY_USAGE_OCCURRENCE('113','=>[0:1:1:114]','',#5,#4961
  ,$);
#4971 = PRODUCT_RELATED_PRODUCT_CATEGORY('part',$,(#4963));
#4972 = ADVANCED_BREP_SHAPE_REPRESENTATION('',(#11,#4973),#4985);
#4973 = MANIFOLD_SOLID_BREP('',#4974);
#4974 = CLOSED_SHELL('',(#4975));
#4975 = ADVANCED_FACE('',(#4976),#4980,.T.);
#4976 = FACE_BOUND('',#4977,.T.);
#4977 = VERTEX_LOOP('',#4978);
#4978 = VERTEX_POINT('',#4979);
#4979 = CARTESIAN_POINT('',(7.654042494671E-18,-1.874699728327E-33,
    -0.125));
#4980 = SPHERICAL_SURFACE('',#4981,0.125);
#4981 = AXIS2_PLACEMENT_3D('',#4982,#4983,#4984);
#4982 = CARTESIAN_POINT('',(0.,0.,0.));
#4983 = DIRECTION('',(0.,0.,1.));
#4984 = DIRECTION('',(1.,0.,-0.));
#4985 = ( GEOMETRIC_REPRESENTATION_CONTEXT(3) 
GLOBAL_UNCERTAINTY_ASSIGNED_CONTEXT((#4989)) 
GLOBAL_UNIT_ASSIGNED_CONTEXT((#4986,#4987,#4988)) REPRESENTATION_CONTEXT
('Context #1','3D Context with UNIT and UNCERTAINTY') );
#4986 = ( LENGTH_UNIT() NAMED_UNIT(*) SI_UNIT(.MILLI.,.METRE.) );
#4987 = ( NAMED_UNIT(*) PLANE_ANGLE_UNIT() SI_UNIT($,.RADIAN.) );
#4988 = ( NAMED_UNIT(*) SI_UNIT($,.STERADIAN.) SOLID_ANGLE_UNIT() );
#4989 = UNCERTAINTY_MEASURE_WITH_UNIT(LENGTH_MEASURE(1.E-07),#4986,
  'distance_accuracy_value','confusion accuracy');
#4990 = SHAPE_DEFINITION_REPRESENTATION(#4991,#4972);
#4991 = PRODUCT_DEFINITION_SHAPE('','',#4992);
#4992 = PRODUCT_DEFINITION('design','',#4993,#4996);
#4993 = PRODUCT_DEFINITION_FORMATION('','',#4994);
#4994 = PRODUCT('G23','G23','',(#4995));
#4995 = PRODUCT_CONTEXT('',#2,'mechanical');
#4996 = PRODUCT_DEFINITION_CONTEXT('part definition',#2,'design');
#4997 = CONTEXT_DEPENDENT_SHAPE_REPRESENTATION(#4998,#5000);
#4998 = ( REPRESENTATION_RELATIONSHIP('','',#4972,#10) 
REPRESENTATION_RELATIONSHIP_WITH_TRANSFORMATION(#4999) 
SHAPE_REPRESENTATION_RELATIONSHIP() );
#4999 = ITEM_DEFINED_TRANSFORMATION('','',#11,#467);
#5000 = PRODUCT_DEFINITION_SHAPE('Placement','Placement of an item',
  #5001);
#5001 = NEXT_ASSEMBLY_USAGE_OCCURRENCE('114','=>[0:1:1:115]','',#5,#4992
  ,$);
#5002 = PRODUCT_RELATED_PRODUCT_CATEGORY('part',$,(#4994));
#5003 = ADVANCED_BREP_SHAPE_REPRESENTATION('',(#11,#5004),#5016);
#5004 = MANIFOLD_SOLID_BREP('',#5005);
#5005 = CLOSED_SHELL('',(#5006));
#5006 = ADVANCED_FACE('',(#5007),#5011,.T.);
#5007 = FACE_BOUND('',#5008,.T.);
#5008 = VERTEX_LOOP('',#5009);
#5009 = VERTEX_POINT('',#5010);
#5010 = CARTESIAN_POINT('',(7.654042494671E-18,-1.874699728327E-33,
    -0.125));
#5011 = SPHERICAL_SURFACE('',#5012,0.125);
#5012 = AXIS2_PLACEMENT_3D('',#5013,#5014,#5015);
#5013 = CARTESIAN_POINT('',(0.,0.,0.));
#5014 = DIRECTION('',(0.,0.,1.));
#5015 = DIRECTION('',(1.,0.,-0.));
#5016 = ( GEOMETRIC_REPRESENTATION_CONTEXT(3) 
GLOBAL_UNCERTAINTY_ASSIGNED_CONTEXT((#5020)) 
GLOBAL_UNIT_ASSIGNED_CONTEXT((#5017,#5018,#5019)) REPRESENTATION_CONTEXT
('Context #1','3D Context with UNIT and UNCERTAINTY') );
#5017 = ( LENGTH_UNIT() NAMED_UNIT(*) SI_UNIT(.MILLI.,.METRE.) );
#5018 = ( NAMED_UNIT(*) PLANE_ANGLE_UNIT() SI_UNIT($,.RADIAN.) );
#5019 = ( NAMED_UNIT(*) SI_UNIT($,.STERADIAN.) SOLID_ANGLE_UNIT() );
#5020 = UNCERTAINTY_MEASURE_WITH_UNIT(LENGTH_MEASURE(1.E-07),#5017,
  'distance_accuracy_value','confusion accuracy');
#5021 = SHAPE_DEFINITION_REPRESENTATION(#5022,#5003);
#5022 = PRODUCT_DEFINITION_SHAPE('','',#5023);
#5023 = PRODUCT_DEFINITION('design','',#5024,#5027);
#5024 = PRODUCT_DEFINITION_FORMATION('','',#5025);
#5025 = PRODUCT('G24','G24','',(#5026));
#5026 = PRODUCT_CONTEXT('',#2,'mechanical');
#5027 = PRODUCT_DEFINITION_CONTEXT('part definition',#2,'design');
#5028 = CONTEXT_DEPENDENT_SHAPE_REPRESENTATION(#5029,#5031);
#5029 = ( REPRESENTATION_RELATIONSHIP('','',#5003,#10) 
REPRESENTATION_RELATIONSHIP_WITH_TRANSFORMATION(#5030) 
SHAPE_REPRESENTATION_RELATIONSHIP() );
#5030 = ITEM_DEFINED_TRANSFORMATION('','',#11,#471);
#5031 = PRODUCT_DEFINITION_SHAPE('Placement','Placement of an item',
  #5032);
#5032 = NEXT_ASSEMBLY_USAGE_OCCURRENCE('115','=>[0:1:1:116]','',#5,#5023
  ,$);
#5033 = PRODUCT_RELATED_PRODUCT_CATEGORY('part',$,(#5025));
#5034 = ADVANCED_BREP_SHAPE_REPRESENTATION('',(#11,#5035),#5047);
#5035 = MANIFOLD_SOLID_BREP('',#5036);
#5036 = CLOSED_SHELL('',(#5037));
#5037 = ADVANCED_FACE('',(#5038),#5042,.T.);
#5038 = FACE_BOUND('',#5039,.T.);
#5039 = VERTEX_LOOP('',#5040);
#5040 = VERTEX_POINT('',#5041);
#5041 = CARTESIAN_POINT('',(7.654042494671E-18,-1.874699728327E-33,
    -0.125));
#5042 = SPHERICAL_SURFACE('',#5043,0.125);
#5043 = AXIS2_PLACEMENT_3D('',#5044,#5045,#5046);
#5044 = CARTESIAN_POINT('',(0.,0.,0.));
#5045 = DIRECTION('',(0.,0.,1.));
#5046 = DIRECTION('',(1.,0.,-0.));
#5047 = ( GEOMETRIC_REPRESENTATION_CONTEXT(3) 
GLOBAL_UNCERTAINTY_ASSIGNED_CONTEXT((#5051)) 
GLOBAL_UNIT_ASSIGNED_CONTEXT((#5048,#5049,#5050)) REPRESENTATION_CONTEXT
('Context #1','3D Context with UNIT and UNCERTAINTY') );
#5048 = ( LENGTH_UNIT() NAMED_UNIT(*) SI_UNIT(.MILLI.,.METRE.) );
#5049 = ( NAMED_UNIT(*) PLANE_ANGLE_UNIT() SI_UNIT($,.RADIAN.) );
#5050 = ( NAMED_UNIT(*) SI_UNIT($,.STERADIAN.) SOLID_ANGLE_UNIT() );
#5051 = UNCERTAINTY_MEASURE_WITH_UNIT(LENGTH_MEASURE(1.E-07),#5048,
  'distance_accuracy_value','confusion accuracy');
#5052 = SHAPE_DEFINITION_REPRESENTATION(#5053,#5034);
#5053 = PRODUCT_DEFINITION_SHAPE('','',#5054);
#5054 = PRODUCT_DEFINITION('design','',#5055,#5058);
#5055 = PRODUCT_DEFINITION_FORMATION('','',#5056);
#5056 = PRODUCT('G25','G25','',(#5057));
#5057 = PRODUCT_CONTEXT('',#2,'mechanical');
#5058 = PRODUCT_DEFINITION_CONTEXT('part definition',#2,'design');
#5059 = CONTEXT_DEPENDENT_SHAPE_REPRESENTATION(#5060,#5062);
#5060 = ( REPRESENTATION_RELATIONSHIP('','',#5034,#10) 
REPRESENTATION_RELATIONSHIP_WITH_TRANSFORMATION(#5061) 
SHAPE_REPRESENTATION_RELATIONSHIP() );
#5061 = ITEM_DEFINED_TRANSFORMATION('','',#11,#475);
#5062 = PRODUCT_DEFINITION_SHAPE('Placement','Placement of an item',
  #5063);
#5063 = NEXT_ASSEMBLY_USAGE_OCCURRENCE('116','=>[0:1:1:117]','',#5,#5054
  ,$);
#5064 = PRODUCT_RELATED_PRODUCT_CATEGORY('part',$,(#5056));
#5065 = ADVANCED_BREP_SHAPE_REPRESENTATION('',(#11,#5066),#5078);
#5066 = MANIFOLD_SOLID_BREP('',#5067);
#5067 = CLOSED_SHELL('',(#5068));
#5068 = ADVANCED_FACE('',(#5069),#5073,.T.);
#5069 = FACE_BOUND('',#5070,.T.);
#5070 = VERTEX_LOOP('',#5071);
#5071 = VERTEX_POINT('',#5072);
#5072 = CARTESIAN_POINT('',(7.654042494671E-18,-1.874699728327E-33,
    -0.125));
#5073 = SPHERICAL_SURFACE('',#5074,0.125);
#5074 = AXIS2_PLACEMENT_3D('',#5075,#5076,#5077);
#5075 = CARTESIAN_POINT('',(0.,0.,0.));
#5076 = DIRECTION('',(0.,0.,1.));
#5077 = DIRECTION('',(1.,0.,-0.));
#5078 = ( GEOMETRIC_REPRESENTATION_CONTEXT(3) 
GLOBAL_UNCERTAINTY_ASSIGNED_CONTEXT((#5082)) 
GLOBAL_UNIT_ASSIGNED_CONTEXT((#5079,#5080,#5081)) REPRESENTATION_CONTEXT
('Context #1','3D Context with UNIT and UNCERTAINTY') );
#5079 = ( LENGTH_UNIT() NAMED_UNIT(*) SI_UNIT(.MILLI.,.METRE.) );
#5080 = ( NAMED_UNIT(*) PLANE_ANGLE_UNIT() SI_UNIT($,.RADIAN.) );
#5081 = ( NAMED_UNIT(*) SI_UNIT($,.STERADIAN.) SOLID_ANGLE_UNIT() );
#5082 = UNCERTAINTY_MEASURE_WITH_UNIT(LENGTH_MEASURE(1.E-07),#5079,
  'distance_accuracy_value','confusion accuracy');
#5083 = SHAPE_DEFINITION_REPRESENTATION(#5084,#5065);
#5084 = PRODUCT_DEFINITION_SHAPE('','',#5085);
#5085 = PRODUCT_DEFINITION('design','',#5086,#5089);
#5086 = PRODUCT_DEFINITION_FORMATION('','',#5087);
#5087 = PRODUCT('H1','H1','',(#5088));
#5088 = PRODUCT_CONTEXT('',#2,'mechanical');
#5089 = PRODUCT_DEFINITION_CONTEXT('part definition',#2,'design');
#5090 = CONTEXT_DEPENDENT_SHAPE_REPRESENTATION(#5091,#5093);
#5091 = ( REPRESENTATION_RELATIONSHIP('','',#5065,#10) 
REPRESENTATION_RELATIONSHIP_WITH_TRANSFORMATION(#5092) 
SHAPE_REPRESENTATION_RELATIONSHIP() );
#5092 = ITEM_DEFINED_TRANSFORMATION('','',#11,#479);
#5093 = PRODUCT_DEFINITION_SHAPE('Placement','Placement of an item',
  #5094);
#5094 = NEXT_ASSEMBLY_USAGE_OCCURRENCE('117','=>[0:1:1:118]','',#5,#5085
  ,$);
#5095 = PRODUCT_RELATED_PRODUCT_CATEGORY('part',$,(#5087));
#5096 = ADVANCED_BREP_SHAPE_REPRESENTATION('',(#11,#5097),#5109);
#5097 = MANIFOLD_SOLID_BREP('',#5098);
#5098 = CLOSED_SHELL('',(#5099));
#5099 = ADVANCED_FACE('',(#5100),#5104,.T.);
#5100 = FACE_BOUND('',#5101,.T.);
#5101 = VERTEX_LOOP('',#5102);
#5102 = VERTEX_POINT('',#5103);
#5103 = CARTESIAN_POINT('',(7.654042494671E-18,-1.874699728327E-33,
    -0.125));
#5104 = SPHERICAL_SURFACE('',#5105,0.125);
#5105 = AXIS2_PLACEMENT_3D('',#5106,#5107,#5108);
#5106 = CARTESIAN_POINT('',(0.,0.,0.));
#5107 = DIRECTION('',(0.,0.,1.));
#5108 = DIRECTION('',(1.,0.,-0.));
#5109 = ( GEOMETRIC_REPRESENTATION_CONTEXT(3) 
GLOBAL_UNCERTAINTY_ASSIGNED_CONTEXT((#5113)) 
GLOBAL_UNIT_ASSIGNED_CONTEXT((#5110,#5111,#5112)) REPRESENTATION_CONTEXT
('Context #1','3D Context with UNIT and UNCERTAINTY') );
#5110 = ( LENGTH_UNIT() NAMED_UNIT(*) SI_UNIT(.MILLI.,.METRE.) );
#5111 = ( NAMED_UNIT(*) PLANE_ANGLE_UNIT() SI_UNIT($,.RADIAN.) );
#5112 = ( NAMED_UNIT(*) SI_UNIT($,.STERADIAN.) SOLID_ANGLE_UNIT() );
#5113 = UNCERTAINTY_MEASURE_WITH_UNIT(LENGTH_MEASURE(1.E-07),#5110,
  'distance_accuracy_value','confusion accuracy');
#5114 = SHAPE_DEFINITION_REPRESENTATION(#5115,#5096);
#5115 = PRODUCT_DEFINITION_SHAPE('','',#5116);
#5116 = PRODUCT_DEFINITION('design','',#5117,#5120);
#5117 = PRODUCT_DEFINITION_FORMATION('','',#5118);
#5118 = PRODUCT('H2','H2','',(#5119));
#5119 = PRODUCT_CONTEXT('',#2,'mechanical');
#5120 = PRODUCT_DEFINITION_CONTEXT('part definition',#2,'design');
#5121 = CONTEXT_DEPENDENT_SHAPE_REPRESENTATION(#5122,#5124);
#5122 = ( REPRESENTATION_RELATIONSHIP('','',#5096,#10) 
REPRESENTATION_RELATIONSHIP_WITH_TRANSFORMATION(#5123) 
SHAPE_REPRESENTATION_RELATIONSHIP() );
#5123 = ITEM_DEFINED_TRANSFORMATION('','',#11,#483);
#5124 = PRODUCT_DEFINITION_SHAPE('Placement','Placement of an item',
  #5125);
#5125 = NEXT_ASSEMBLY_USAGE_OCCURRENCE('118','=>[0:1:1:119]','',#5,#5116
  ,$);
#5126 = PRODUCT_RELATED_PRODUCT_CATEGORY('part',$,(#5118));
#5127 = ADVANCED_BREP_SHAPE_REPRESENTATION('',(#11,#5128),#5140);
#5128 = MANIFOLD_SOLID_BREP('',#5129);
#5129 = CLOSED_SHELL('',(#5130));
#5130 = ADVANCED_FACE('',(#5131),#5135,.T.);
#5131 = FACE_BOUND('',#5132,.T.);
#5132 = VERTEX_LOOP('',#5133);
#5133 = VERTEX_POINT('',#5134);
#5134 = CARTESIAN_POINT('',(7.654042494671E-18,-1.874699728327E-33,
    -0.125));
#5135 = SPHERICAL_SURFACE('',#5136,0.125);
#5136 = AXIS2_PLACEMENT_3D('',#5137,#5138,#5139);
#5137 = CARTESIAN_POINT('',(0.,0.,0.));
#5138 = DIRECTION('',(0.,0.,1.));
#5139 = DIRECTION('',(1.,0.,-0.));
#5140 = ( GEOMETRIC_REPRESENTATION_CONTEXT(3) 
GLOBAL_UNCERTAINTY_ASSIGNED_CONTEXT((#5144)) 
GLOBAL_UNIT_ASSIGNED_CONTEXT((#5141,#5142,#5143)) REPRESENTATION_CONTEXT
('Context #1','3D Context with UNIT and UNCERTAINTY') );
#5141 = ( LENGTH_UNIT() NAMED_UNIT(*) SI_UNIT(.MILLI.,.METRE.) );
#5142 = ( NAMED_UNIT(*) PLANE_ANGLE_UNIT() SI_UNIT($,.RADIAN.) );
#5143 = ( NAMED_UNIT(*) SI_UNIT($,.STERADIAN.) SOLID_ANGLE_UNIT() );
#5144 = UNCERTAINTY_MEASURE_WITH_UNIT(LENGTH_MEASURE(1.E-07),#5141,
  'distance_accuracy_value','confusion accuracy');
#5145 = SHAPE_DEFINITION_REPRESENTATION(#5146,#5127);
#5146 = PRODUCT_DEFINITION_SHAPE('','',#5147);
#5147 = PRODUCT_DEFINITION('design','',#5148,#5151);
#5148 = PRODUCT_DEFINITION_FORMATION('','',#5149);
#5149 = PRODUCT('H3','H3','',(#5150));
#5150 = PRODUCT_CONTEXT('',#2,'mechanical');
#5151 = PRODUCT_DEFINITION_CONTEXT('part definition',#2,'design');
#5152 = CONTEXT_DEPENDENT_SHAPE_REPRESENTATION(#5153,#5155);
#5153 = ( REPRESENTATION_RELATIONSHIP('','',#5127,#10) 
REPRESENTATION_RELATIONSHIP_WITH_TRANSFORMATION(#5154) 
SHAPE_REPRESENTATION_RELATIONSHIP() );
#5154 = ITEM_DEFINED_TRANSFORMATION('','',#11,#487);
#5155 = PRODUCT_DEFINITION_SHAPE('Placement','Placement of an item',
  #5156);
#5156 = NEXT_ASSEMBLY_USAGE_OCCURRENCE('119','=>[0:1:1:120]','',#5,#5147
  ,$);
#5157 = PRODUCT_RELATED_PRODUCT_CATEGORY('part',$,(#5149));
#5158 = ADVANCED_BREP_SHAPE_REPRESENTATION('',(#11,#5159),#5171);
#5159 = MANIFOLD_SOLID_BREP('',#5160);
#5160 = CLOSED_SHELL('',(#5161));
#5161 = ADVANCED_FACE('',(#5162),#5166,.T.);
#5162 = FACE_BOUND('',#5163,.T.);
#5163 = VERTEX_LOOP('',#5164);
#5164 = VERTEX_POINT('',#5165);
#5165 = CARTESIAN_POINT('',(7.654042494671E-18,-1.874699728327E-33,
    -0.125));
#5166 = SPHERICAL_SURFACE('',#5167,0.125);
#5167 = AXIS2_PLACEMENT_3D('',#5168,#5169,#5170);
#5168 = CARTESIAN_POINT('',(0.,0.,0.));
#5169 = DIRECTION('',(0.,0.,1.));
#5170 = DIRECTION('',(1.,0.,-0.));
#5171 = ( GEOMETRIC_REPRESENTATION_CONTEXT(3) 
GLOBAL_UNCERTAINTY_ASSIGNED_CONTEXT((#5175)) 
GLOBAL_UNIT_ASSIGNED_CONTEXT((#5172,#5173,#5174)) REPRESENTATION_CONTEXT
('Context #1','3D Context with UNIT and UNCERTAINTY') );
#5172 = ( LENGTH_UNIT() NAMED_UNIT(*) SI_UNIT(.MILLI.,.METRE.) );
#5173 = ( NAMED_UNIT(*) PLANE_ANGLE_UNIT() SI_UNIT($,.RADIAN.) );
#5174 = ( NAMED_UNIT(*) SI_UNIT($,.STERADIAN.) SOLID_ANGLE_UNIT() );
#5175 = UNCERTAINTY_MEASURE_WITH_UNIT(LENGTH_MEASURE(1.E-07),#5172,
  'distance_accuracy_value','confusion accuracy');
#5176 = SHAPE_DEFINITION_REPRESENTATION(#5177,#5158);
#5177 = PRODUCT_DEFINITION_SHAPE('','',#5178);
#5178 = PRODUCT_DEFINITION('design','',#5179,#5182);
#5179 = PRODUCT_DEFINITION_FORMATION('','',#5180);
#5180 = PRODUCT('H6','H6','',(#5181));
#5181 = PRODUCT_CONTEXT('',#2,'mechanical');
#5182 = PRODUCT_DEFINITION_CONTEXT('part definition',#2,'design');
#5183 = CONTEXT_DEPENDENT_SHAPE_REPRESENTATION(#5184,#5186);
#5184 = ( REPRESENTATION_RELATIONSHIP('','',#5158,#10) 
REPRESENTATION_RELATIONSHIP_WITH_TRANSFORMATION(#5185) 
SHAPE_REPRESENTATION_RELATIONSHIP() );
#5185 = ITEM_DEFINED_TRANSFORMATION('','',#11,#491);
#5186 = PRODUCT_DEFINITION_SHAPE('Placement','Placement of an item',
  #5187);
#5187 = NEXT_ASSEMBLY_USAGE_OCCURRENCE('120','=>[0:1:1:121]','',#5,#5178
  ,$);
#5188 = PRODUCT_RELATED_PRODUCT_CATEGORY('part',$,(#5180));
#5189 = ADVANCED_BREP_SHAPE_REPRESENTATION('',(#11,#5190),#5202);
#5190 = MANIFOLD_SOLID_BREP('',#5191);
#5191 = CLOSED_SHELL('',(#5192));
#5192 = ADVANCED_FACE('',(#5193),#5197,.T.);
#5193 = FACE_BOUND('',#5194,.T.);
#5194 = VERTEX_LOOP('',#5195);
#5195 = VERTEX_POINT('',#5196);
#5196 = CARTESIAN_POINT('',(7.654042494671E-18,-1.874699728327E-33,
    -0.125));
#5197 = SPHERICAL_SURFACE('',#5198,0.125);
#5198 = AXIS2_PLACEMENT_3D('',#5199,#5200,#5201);
#5199 = CARTESIAN_POINT('',(0.,0.,0.));
#5200 = DIRECTION('',(0.,0.,1.));
#5201 = DIRECTION('',(1.,0.,-0.));
#5202 = ( GEOMETRIC_REPRESENTATION_CONTEXT(3) 
GLOBAL_UNCERTAINTY_ASSIGNED_CONTEXT((#5206)) 
GLOBAL_UNIT_ASSIGNED_CONTEXT((#5203,#5204,#5205)) REPRESENTATION_CONTEXT
('Context #1','3D Context with UNIT and UNCERTAINTY') );
#5203 = ( LENGTH_UNIT() NAMED_UNIT(*) SI_UNIT(.MILLI.,.METRE.) );
#5204 = ( NAMED_UNIT(*) PLANE_ANGLE_UNIT() SI_UNIT($,.RADIAN.) );
#5205 = ( NAMED_UNIT(*) SI_UNIT($,.STERADIAN.) SOLID_ANGLE_UNIT() );
#5206 = UNCERTAINTY_MEASURE_WITH_UNIT(LENGTH_MEASURE(1.E-07),#5203,
  'distance_accuracy_value','confusion accuracy');
#5207 = SHAPE_DEFINITION_REPRESENTATION(#5208,#5189);
#5208 = PRODUCT_DEFINITION_SHAPE('','',#5209);
#5209 = PRODUCT_DEFINITION('design','',#5210,#5213);
#5210 = PRODUCT_DEFINITION_FORMATION('','',#5211);
#5211 = PRODUCT('H20','H20','',(#5212));
#5212 = PRODUCT_CONTEXT('',#2,'mechanical');
#5213 = PRODUCT_DEFINITION_CONTEXT('part definition',#2,'design');
#5214 = CONTEXT_DEPENDENT_SHAPE_REPRESENTATION(#5215,#5217);
#5215 = ( REPRESENTATION_RELATIONSHIP('','',#5189,#10) 
REPRESENTATION_RELATIONSHIP_WITH_TRANSFORMATION(#5216) 
SHAPE_REPRESENTATION_RELATIONSHIP() );
#5216 = ITEM_DEFINED_TRANSFORMATION('','',#11,#495);
#5217 = PRODUCT_DEFINITION_SHAPE('Placement','Placement of an item',
  #5218);
#5218 = NEXT_ASSEMBLY_USAGE_OCCURRENCE('121','=>[0:1:1:122]','',#5,#5209
  ,$);
#5219 = PRODUCT_RELATED_PRODUCT_CATEGORY('part',$,(#5211));
#5220 = ADVANCED_BREP_SHAPE_REPRESENTATION('',(#11,#5221),#5233);
#5221 = MANIFOLD_SOLID_BREP('',#5222);
#5222 = CLOSED_SHELL('',(#5223));
#5223 = ADVANCED_FACE('',(#5224),#5228,.T.);
#5224 = FACE_BOUND('',#5225,.T.);
#5225 = VERTEX_LOOP('',#5226);
#5226 = VERTEX_POINT('',#5227);
#5227 = CARTESIAN_POINT('',(7.654042494671E-18,-1.874699728327E-33,
    -0.125));
#5228 = SPHERICAL_SURFACE('',#5229,0.125);
#5229 = AXIS2_PLACEMENT_3D('',#5230,#5231,#5232);
#5230 = CARTESIAN_POINT('',(0.,0.,0.));
#5231 = DIRECTION('',(0.,0.,1.));
#5232 = DIRECTION('',(1.,0.,-0.));
#5233 = ( GEOMETRIC_REPRESENTATION_CONTEXT(3) 
GLOBAL_UNCERTAINTY_ASSIGNED_CONTEXT((#5237)) 
GLOBAL_UNIT_ASSIGNED_CONTEXT((#5234,#5235,#5236)) REPRESENTATION_CONTEXT
('Context #1','3D Context with UNIT and UNCERTAINTY') );
#5234 = ( LENGTH_UNIT() NAMED_UNIT(*) SI_UNIT(.MILLI.,.METRE.) );
#5235 = ( NAMED_UNIT(*) PLANE_ANGLE_UNIT() SI_UNIT($,.RADIAN.) );
#5236 = ( NAMED_UNIT(*) SI_UNIT($,.STERADIAN.) SOLID_ANGLE_UNIT() );
#5237 = UNCERTAINTY_MEASURE_WITH_UNIT(LENGTH_MEASURE(1.E-07),#5234,
  'distance_accuracy_value','confusion accuracy');
#5238 = SHAPE_DEFINITION_REPRESENTATION(#5239,#5220);
#5239 = PRODUCT_DEFINITION_SHAPE('','',#5240);
#5240 = PRODUCT_DEFINITION('design','',#5241,#5244);
#5241 = PRODUCT_DEFINITION_FORMATION('','',#5242);
#5242 = PRODUCT('H23','H23','',(#5243));
#5243 = PRODUCT_CONTEXT('',#2,'mechanical');
#5244 = PRODUCT_DEFINITION_CONTEXT('part definition',#2,'design');
#5245 = CONTEXT_DEPENDENT_SHAPE_REPRESENTATION(#5246,#5248);
#5246 = ( REPRESENTATION_RELATIONSHIP('','',#5220,#10) 
REPRESENTATION_RELATIONSHIP_WITH_TRANSFORMATION(#5247) 
SHAPE_REPRESENTATION_RELATIONSHIP() );
#5247 = ITEM_DEFINED_TRANSFORMATION('','',#11,#499);
#5248 = PRODUCT_DEFINITION_SHAPE('Placement','Placement of an item',
  #5249);
#5249 = NEXT_ASSEMBLY_USAGE_OCCURRENCE('122','=>[0:1:1:123]','',#5,#5240
  ,$);
#5250 = PRODUCT_RELATED_PRODUCT_CATEGORY('part',$,(#5242));
#5251 = ADVANCED_BREP_SHAPE_REPRESENTATION('',(#11,#5252),#5264);
#5252 = MANIFOLD_SOLID_BREP('',#5253);
#5253 = CLOSED_SHELL('',(#5254));
#5254 = ADVANCED_FACE('',(#5255),#5259,.T.);
#5255 = FACE_BOUND('',#5256,.T.);
#5256 = VERTEX_LOOP('',#5257);
#5257 = VERTEX_POINT('',#5258);
#5258 = CARTESIAN_POINT('',(7.654042494671E-18,-1.874699728327E-33,
    -0.125));
#5259 = SPHERICAL_SURFACE('',#5260,0.125);
#5260 = AXIS2_PLACEMENT_3D('',#5261,#5262,#5263);
#5261 = CARTESIAN_POINT('',(0.,0.,0.));
#5262 = DIRECTION('',(0.,0.,1.));
#5263 = DIRECTION('',(1.,0.,-0.));
#5264 = ( GEOMETRIC_REPRESENTATION_CONTEXT(3) 
GLOBAL_UNCERTAINTY_ASSIGNED_CONTEXT((#5268)) 
GLOBAL_UNIT_ASSIGNED_CONTEXT((#5265,#5266,#5267)) REPRESENTATION_CONTEXT
('Context #1','3D Context with UNIT and UNCERTAINTY') );
#5265 = ( LENGTH_UNIT() NAMED_UNIT(*) SI_UNIT(.MILLI.,.METRE.) );
#5266 = ( NAMED_UNIT(*) PLANE_ANGLE_UNIT() SI_UNIT($,.RADIAN.) );
#5267 = ( NAMED_UNIT(*) SI_UNIT($,.STERADIAN.) SOLID_ANGLE_UNIT() );
#5268 = UNCERTAINTY_MEASURE_WITH_UNIT(LENGTH_MEASURE(1.E-07),#5265,
  'distance_accuracy_value','confusion accuracy');
#5269 = SHAPE_DEFINITION_REPRESENTATION(#5270,#5251);
#5270 = PRODUCT_DEFINITION_SHAPE('','',#5271);
#5271 = PRODUCT_DEFINITION('design','',#5272,#5275);
#5272 = PRODUCT_DEFINITION_FORMATION('','',#5273);
#5273 = PRODUCT('H24','H24','',(#5274));
#5274 = PRODUCT_CONTEXT('',#2,'mechanical');
#5275 = PRODUCT_DEFINITION_CONTEXT('part definition',#2,'design');
#5276 = CONTEXT_DEPENDENT_SHAPE_REPRESENTATION(#5277,#5279);
#5277 = ( REPRESENTATION_RELATIONSHIP('','',#5251,#10) 
REPRESENTATION_RELATIONSHIP_WITH_TRANSFORMATION(#5278) 
SHAPE_REPRESENTATION_RELATIONSHIP() );
#5278 = ITEM_DEFINED_TRANSFORMATION('','',#11,#503);
#5279 = PRODUCT_DEFINITION_SHAPE('Placement','Placement of an item',
  #5280);
#5280 = NEXT_ASSEMBLY_USAGE_OCCURRENCE('123','=>[0:1:1:124]','',#5,#5271
  ,$);
#5281 = PRODUCT_RELATED_PRODUCT_CATEGORY('part',$,(#5273));
#5282 = ADVANCED_BREP_SHAPE_REPRESENTATION('',(#11,#5283),#5295);
#5283 = MANIFOLD_SOLID_BREP('',#5284);
#5284 = CLOSED_SHELL('',(#5285));
#5285 = ADVANCED_FACE('',(#5286),#5290,.T.);
#5286 = FACE_BOUND('',#5287,.T.);
#5287 = VERTEX_LOOP('',#5288);
#5288 = VERTEX_POINT('',#5289);
#5289 = CARTESIAN_POINT('',(7.654042494671E-18,-1.874699728327E-33,
    -0.125));
#5290 = SPHERICAL_SURFACE('',#5291,0.125);
#5291 = AXIS2_PLACEMENT_3D('',#5292,#5293,#5294);
#5292 = CARTESIAN_POINT('',(0.,0.,0.));
#5293 = DIRECTION('',(0.,0.,1.));
#5294 = DIRECTION('',(1.,0.,-0.));
#5295 = ( GEOMETRIC_REPRESENTATION_CONTEXT(3) 
GLOBAL_UNCERTAINTY_ASSIGNED_CONTEXT((#5299)) 
GLOBAL_UNIT_ASSIGNED_CONTEXT((#5296,#5297,#5298)) REPRESENTATION_CONTEXT
('Context #1','3D Context with UNIT and UNCERTAINTY') );
#5296 = ( LENGTH_UNIT() NAMED_UNIT(*) SI_UNIT(.MILLI.,.METRE.) );
#5297 = ( NAMED_UNIT(*) PLANE_ANGLE_UNIT() SI_UNIT($,.RADIAN.) );
#5298 = ( NAMED_UNIT(*) SI_UNIT($,.STERADIAN.) SOLID_ANGLE_UNIT() );
#5299 = UNCERTAINTY_MEASURE_WITH_UNIT(LENGTH_MEASURE(1.E-07),#5296,
  'distance_accuracy_value','confusion accuracy');
#5300 = SHAPE_DEFINITION_REPRESENTATION(#5301,#5282);
#5301 = PRODUCT_DEFINITION_SHAPE('','',#5302);
#5302 = PRODUCT_DEFINITION('design','',#5303,#5306);
#5303 = PRODUCT_DEFINITION_FORMATION('','',#5304);
#5304 = PRODUCT('H25','H25','',(#5305));
#5305 = PRODUCT_CONTEXT('',#2,'mechanical');
#5306 = PRODUCT_DEFINITION_CONTEXT('part definition',#2,'design');
#5307 = CONTEXT_DEPENDENT_SHAPE_REPRESENTATION(#5308,#5310);
#5308 = ( REPRESENTATION_RELATIONSHIP('','',#5282,#10) 
REPRESENTATION_RELATIONSHIP_WITH_TRANSFORMATION(#5309) 
SHAPE_REPRESENTATION_RELATIONSHIP() );
#5309 = ITEM_DEFINED_TRANSFORMATION('','',#11,#507);
#5310 = PRODUCT_DEFINITION_SHAPE('Placement','Placement of an item',
  #5311);
#5311 = NEXT_ASSEMBLY_USAGE_OCCURRENCE('124','=>[0:1:1:125]','',#5,#5302
  ,$);
#5312 = PRODUCT_RELATED_PRODUCT_CATEGORY('part',$,(#5304));
#5313 = ADVANCED_BREP_SHAPE_REPRESENTATION('',(#11,#5314),#5326);
#5314 = MANIFOLD_SOLID_BREP('',#5315);
#5315 = CLOSED_SHELL('',(#5316));
#5316 = ADVANCED_FACE('',(#5317),#5321,.T.);
#5317 = FACE_BOUND('',#5318,.T.);
#5318 = VERTEX_LOOP('',#5319);
#5319 = VERTEX_POINT('',#5320);
#5320 = CARTESIAN_POINT('',(7.654042494671E-18,-1.874699728327E-33,
    -0.125));
#5321 = SPHERICAL_SURFACE('',#5322,0.125);
#5322 = AXIS2_PLACEMENT_3D('',#5323,#5324,#5325);
#5323 = CARTESIAN_POINT('',(0.,0.,0.));
#5324 = DIRECTION('',(0.,0.,1.));
#5325 = DIRECTION('',(1.,0.,-0.));
#5326 = ( GEOMETRIC_REPRESENTATION_CONTEXT(3) 
GLOBAL_UNCERTAINTY_ASSIGNED_CONTEXT((#5330)) 
GLOBAL_UNIT_ASSIGNED_CONTEXT((#5327,#5328,#5329)) REPRESENTATION_CONTEXT
('Context #1','3D Context with UNIT and UNCERTAINTY') );
#5327 = ( LENGTH_UNIT() NAMED_UNIT(*) SI_UNIT(.MILLI.,.METRE.) );
#5328 = ( NAMED_UNIT(*) PLANE_ANGLE_UNIT() SI_UNIT($,.RADIAN.) );
#5329 = ( NAMED_UNIT(*) SI_UNIT($,.STERADIAN.) SOLID_ANGLE_UNIT() );
#5330 = UNCERTAINTY_MEASURE_WITH_UNIT(LENGTH_MEASURE(1.E-07),#5327,
  'distance_accuracy_value','confusion accuracy');
#5331 = SHAPE_DEFINITION_REPRESENTATION(#5332,#5313);
#5332 = PRODUCT_DEFINITION_SHAPE('','',#5333);
#5333 = PRODUCT_DEFINITION('design','',#5334,#5337);
#5334 = PRODUCT_DEFINITION_FORMATION('','',#5335);
#5335 = PRODUCT('J1','J1','',(#5336));
#5336 = PRODUCT_CONTEXT('',#2,'mechanical');
#5337 = PRODUCT_DEFINITION_CONTEXT('part definition',#2,'design');
#5338 = CONTEXT_DEPENDENT_SHAPE_REPRESENTATION(#5339,#5341);
#5339 = ( REPRESENTATION_RELATIONSHIP('','',#5313,#10) 
REPRESENTATION_RELATIONSHIP_WITH_TRANSFORMATION(#5340) 
SHAPE_REPRESENTATION_RELATIONSHIP() );
#5340 = ITEM_DEFINED_TRANSFORMATION('','',#11,#511);
#5341 = PRODUCT_DEFINITION_SHAPE('Placement','Placement of an item',
  #5342);
#5342 = NEXT_ASSEMBLY_USAGE_OCCURRENCE('125','=>[0:1:1:126]','',#5,#5333
  ,$);
#5343 = PRODUCT_RELATED_PRODUCT_CATEGORY('part',$,(#5335));
#5344 = ADVANCED_BREP_SHAPE_REPRESENTATION('',(#11,#5345),#5357);
#5345 = MANIFOLD_SOLID_BREP('',#5346);
#5346 = CLOSED_SHELL('',(#5347));
#5347 = ADVANCED_FACE('',(#5348),#5352,.T.);
#5348 = FACE_BOUND('',#5349,.T.);
#5349 = VERTEX_LOOP('',#5350);
#5350 = VERTEX_POINT('',#5351);
#5351 = CARTESIAN_POINT('',(7.654042494671E-18,-1.874699728327E-33,
    -0.125));
#5352 = SPHERICAL_SURFACE('',#5353,0.125);
#5353 = AXIS2_PLACEMENT_3D('',#5354,#5355,#5356);
#5354 = CARTESIAN_POINT('',(0.,0.,0.));
#5355 = DIRECTION('',(0.,0.,1.));
#5356 = DIRECTION('',(1.,0.,-0.));
#5357 = ( GEOMETRIC_REPRESENTATION_CONTEXT(3) 
GLOBAL_UNCERTAINTY_ASSIGNED_CONTEXT((#5361)) 
GLOBAL_UNIT_ASSIGNED_CONTEXT((#5358,#5359,#5360)) REPRESENTATION_CONTEXT
('Context #1','3D Context with UNIT and UNCERTAINTY') );
#5358 = ( LENGTH_UNIT() NAMED_UNIT(*) SI_UNIT(.MILLI.,.METRE.) );
#5359 = ( NAMED_UNIT(*) PLANE_ANGLE_UNIT() SI_UNIT($,.RADIAN.) );
#5360 = ( NAMED_UNIT(*) SI_UNIT($,.STERADIAN.) SOLID_ANGLE_UNIT() );
#5361 = UNCERTAINTY_MEASURE_WITH_UNIT(LENGTH_MEASURE(1.E-07),#5358,
  'distance_accuracy_value','confusion accuracy');
#5362 = SHAPE_DEFINITION_REPRESENTATION(#5363,#5344);
#5363 = PRODUCT_DEFINITION_SHAPE('','',#5364);
#5364 = PRODUCT_DEFINITION('design','',#5365,#5368);
#5365 = PRODUCT_DEFINITION_FORMATION('','',#5366);
#5366 = PRODUCT('J2','J2','',(#5367));
#5367 = PRODUCT_CONTEXT('',#2,'mechanical');
#5368 = PRODUCT_DEFINITION_CONTEXT('part definition',#2,'design');
#5369 = CONTEXT_DEPENDENT_SHAPE_REPRESENTATION(#5370,#5372);
#5370 = ( REPRESENTATION_RELATIONSHIP('','',#5344,#10) 
REPRESENTATION_RELATIONSHIP_WITH_TRANSFORMATION(#5371) 
SHAPE_REPRESENTATION_RELATIONSHIP() );
#5371 = ITEM_DEFINED_TRANSFORMATION('','',#11,#515);
#5372 = PRODUCT_DEFINITION_SHAPE('Placement','Placement of an item',
  #5373);
#5373 = NEXT_ASSEMBLY_USAGE_OCCURRENCE('126','=>[0:1:1:127]','',#5,#5364
  ,$);
#5374 = PRODUCT_RELATED_PRODUCT_CATEGORY('part',$,(#5366));
#5375 = ADVANCED_BREP_SHAPE_REPRESENTATION('',(#11,#5376),#5388);
#5376 = MANIFOLD_SOLID_BREP('',#5377);
#5377 = CLOSED_SHELL('',(#5378));
#5378 = ADVANCED_FACE('',(#5379),#5383,.T.);
#5379 = FACE_BOUND('',#5380,.T.);
#5380 = VERTEX_LOOP('',#5381);
#5381 = VERTEX_POINT('',#5382);
#5382 = CARTESIAN_POINT('',(7.654042494671E-18,-1.874699728327E-33,
    -0.125));
#5383 = SPHERICAL_SURFACE('',#5384,0.125);
#5384 = AXIS2_PLACEMENT_3D('',#5385,#5386,#5387);
#5385 = CARTESIAN_POINT('',(0.,0.,0.));
#5386 = DIRECTION('',(0.,0.,1.));
#5387 = DIRECTION('',(1.,0.,-0.));
#5388 = ( GEOMETRIC_REPRESENTATION_CONTEXT(3) 
GLOBAL_UNCERTAINTY_ASSIGNED_CONTEXT((#5392)) 
GLOBAL_UNIT_ASSIGNED_CONTEXT((#5389,#5390,#5391)) REPRESENTATION_CONTEXT
('Context #1','3D Context with UNIT and UNCERTAINTY') );
#5389 = ( LENGTH_UNIT() NAMED_UNIT(*) SI_UNIT(.MILLI.,.METRE.) );
#5390 = ( NAMED_UNIT(*) PLANE_ANGLE_UNIT() SI_UNIT($,.RADIAN.) );
#5391 = ( NAMED_UNIT(*) SI_UNIT($,.STERADIAN.) SOLID_ANGLE_UNIT() );
#5392 = UNCERTAINTY_MEASURE_WITH_UNIT(LENGTH_MEASURE(1.E-07),#5389,
  'distance_accuracy_value','confusion accuracy');
#5393 = SHAPE_DEFINITION_REPRESENTATION(#5394,#5375);
#5394 = PRODUCT_DEFINITION_SHAPE('','',#5395);
#5395 = PRODUCT_DEFINITION('design','',#5396,#5399);
#5396 = PRODUCT_DEFINITION_FORMATION('','',#5397);
#5397 = PRODUCT('J3','J3','',(#5398));
#5398 = PRODUCT_CONTEXT('',#2,'mechanical');
#5399 = PRODUCT_DEFINITION_CONTEXT('part definition',#2,'design');
#5400 = CONTEXT_DEPENDENT_SHAPE_REPRESENTATION(#5401,#5403);
#5401 = ( REPRESENTATION_RELATIONSHIP('','',#5375,#10) 
REPRESENTATION_RELATIONSHIP_WITH_TRANSFORMATION(#5402) 
SHAPE_REPRESENTATION_RELATIONSHIP() );
#5402 = ITEM_DEFINED_TRANSFORMATION('','',#11,#519);
#5403 = PRODUCT_DEFINITION_SHAPE('Placement','Placement of an item',
  #5404);
#5404 = NEXT_ASSEMBLY_USAGE_OCCURRENCE('127','=>[0:1:1:128]','',#5,#5395
  ,$);
#5405 = PRODUCT_RELATED_PRODUCT_CATEGORY('part',$,(#5397));
#5406 = ADVANCED_BREP_SHAPE_REPRESENTATION('',(#11,#5407),#5419);
#5407 = MANIFOLD_SOLID_BREP('',#5408);
#5408 = CLOSED_SHELL('',(#5409));
#5409 = ADVANCED_FACE('',(#5410),#5414,.T.);
#5410 = FACE_BOUND('',#5411,.T.);
#5411 = VERTEX_LOOP('',#5412);
#5412 = VERTEX_POINT('',#5413);
#5413 = CARTESIAN_POINT('',(7.654042494671E-18,-1.874699728327E-33,
    -0.125));
#5414 = SPHERICAL_SURFACE('',#5415,0.125);
#5415 = AXIS2_PLACEMENT_3D('',#5416,#5417,#5418);
#5416 = CARTESIAN_POINT('',(0.,0.,0.));
#5417 = DIRECTION('',(0.,0.,1.));
#5418 = DIRECTION('',(1.,0.,-0.));
#5419 = ( GEOMETRIC_REPRESENTATION_CONTEXT(3) 
GLOBAL_UNCERTAINTY_ASSIGNED_CONTEXT((#5423)) 
GLOBAL_UNIT_ASSIGNED_CONTEXT((#5420,#5421,#5422)) REPRESENTATION_CONTEXT
('Context #1','3D Context with UNIT and UNCERTAINTY') );
#5420 = ( LENGTH_UNIT() NAMED_UNIT(*) SI_UNIT(.MILLI.,.METRE.) );
#5421 = ( NAMED_UNIT(*) PLANE_ANGLE_UNIT() SI_UNIT($,.RADIAN.) );
#5422 = ( NAMED_UNIT(*) SI_UNIT($,.STERADIAN.) SOLID_ANGLE_UNIT() );
#5423 = UNCERTAINTY_MEASURE_WITH_UNIT(LENGTH_MEASURE(1.E-07),#5420,
  'distance_accuracy_value','confusion accuracy');
#5424 = SHAPE_DEFINITION_REPRESENTATION(#5425,#5406);
#5425 = PRODUCT_DEFINITION_SHAPE('','',#5426);
#5426 = PRODUCT_DEFINITION('design','',#5427,#5430);
#5427 = PRODUCT_DEFINITION_FORMATION('','',#5428);
#5428 = PRODUCT('J6','J6','',(#5429));
#5429 = PRODUCT_CONTEXT('',#2,'mechanical');
#5430 = PRODUCT_DEFINITION_CONTEXT('part definition',#2,'design');
#5431 = CONTEXT_DEPENDENT_SHAPE_REPRESENTATION(#5432,#5434);
#5432 = ( REPRESENTATION_RELATIONSHIP('','',#5406,#10) 
REPRESENTATION_RELATIONSHIP_WITH_TRANSFORMATION(#5433) 
SHAPE_REPRESENTATION_RELATIONSHIP() );
#5433 = ITEM_DEFINED_TRANSFORMATION('','',#11,#523);
#5434 = PRODUCT_DEFINITION_SHAPE('Placement','Placement of an item',
  #5435);
#5435 = NEXT_ASSEMBLY_USAGE_OCCURRENCE('128','=>[0:1:1:129]','',#5,#5426
  ,$);
#5436 = PRODUCT_RELATED_PRODUCT_CATEGORY('part',$,(#5428));
#5437 = ADVANCED_BREP_SHAPE_REPRESENTATION('',(#11,#5438),#5450);
#5438 = MANIFOLD_SOLID_BREP('',#5439);
#5439 = CLOSED_SHELL('',(#5440));
#5440 = ADVANCED_FACE('',(#5441),#5445,.T.);
#5441 = FACE_BOUND('',#5442,.T.);
#5442 = VERTEX_LOOP('',#5443);
#5443 = VERTEX_POINT('',#5444);
#5444 = CARTESIAN_POINT('',(7.654042494671E-18,-1.874699728327E-33,
    -0.125));
#5445 = SPHERICAL_SURFACE('',#5446,0.125);
#5446 = AXIS2_PLACEMENT_3D('',#5447,#5448,#5449);
#5447 = CARTESIAN_POINT('',(0.,0.,0.));
#5448 = DIRECTION('',(0.,0.,1.));
#5449 = DIRECTION('',(1.,0.,-0.));
#5450 = ( GEOMETRIC_REPRESENTATION_CONTEXT(3) 
GLOBAL_UNCERTAINTY_ASSIGNED_CONTEXT((#5454)) 
GLOBAL_UNIT_ASSIGNED_CONTEXT((#5451,#5452,#5453)) REPRESENTATION_CONTEXT
('Context #1','3D Context with UNIT and UNCERTAINTY') );
#5451 = ( LENGTH_UNIT() NAMED_UNIT(*) SI_UNIT(.MILLI.,.METRE.) );
#5452 = ( NAMED_UNIT(*) PLANE_ANGLE_UNIT() SI_UNIT($,.RADIAN.) );
#5453 = ( NAMED_UNIT(*) SI_UNIT($,.STERADIAN.) SOLID_ANGLE_UNIT() );
#5454 = UNCERTAINTY_MEASURE_WITH_UNIT(LENGTH_MEASURE(1.E-07),#5451,
  'distance_accuracy_value','confusion accuracy');
#5455 = SHAPE_DEFINITION_REPRESENTATION(#5456,#5437);
#5456 = PRODUCT_DEFINITION_SHAPE('','',#5457);
#5457 = PRODUCT_DEFINITION('design','',#5458,#5461);
#5458 = PRODUCT_DEFINITION_FORMATION('','',#5459);
#5459 = PRODUCT('J9','J9','',(#5460));
#5460 = PRODUCT_CONTEXT('',#2,'mechanical');
#5461 = PRODUCT_DEFINITION_CONTEXT('part definition',#2,'design');
#5462 = CONTEXT_DEPENDENT_SHAPE_REPRESENTATION(#5463,#5465);
#5463 = ( REPRESENTATION_RELATIONSHIP('','',#5437,#10) 
REPRESENTATION_RELATIONSHIP_WITH_TRANSFORMATION(#5464) 
SHAPE_REPRESENTATION_RELATIONSHIP() );
#5464 = ITEM_DEFINED_TRANSFORMATION('','',#11,#527);
#5465 = PRODUCT_DEFINITION_SHAPE('Placement','Placement of an item',
  #5466);
#5466 = NEXT_ASSEMBLY_USAGE_OCCURRENCE('129','=>[0:1:1:130]','',#5,#5457
  ,$);
#5467 = PRODUCT_RELATED_PRODUCT_CATEGORY('part',$,(#5459));
#5468 = ADVANCED_BREP_SHAPE_REPRESENTATION('',(#11,#5469),#5481);
#5469 = MANIFOLD_SOLID_BREP('',#5470);
#5470 = CLOSED_SHELL('',(#5471));
#5471 = ADVANCED_FACE('',(#5472),#5476,.T.);
#5472 = FACE_BOUND('',#5473,.T.);
#5473 = VERTEX_LOOP('',#5474);
#5474 = VERTEX_POINT('',#5475);
#5475 = CARTESIAN_POINT('',(7.654042494671E-18,-1.874699728327E-33,
    -0.125));
#5476 = SPHERICAL_SURFACE('',#5477,0.125);
#5477 = AXIS2_PLACEMENT_3D('',#5478,#5479,#5480);
#5478 = CARTESIAN_POINT('',(0.,0.,0.));
#5479 = DIRECTION('',(0.,0.,1.));
#5480 = DIRECTION('',(1.,0.,-0.));
#5481 = ( GEOMETRIC_REPRESENTATION_CONTEXT(3) 
GLOBAL_UNCERTAINTY_ASSIGNED_CONTEXT((#5485)) 
GLOBAL_UNIT_ASSIGNED_CONTEXT((#5482,#5483,#5484)) REPRESENTATION_CONTEXT
('Context #1','3D Context with UNIT and UNCERTAINTY') );
#5482 = ( LENGTH_UNIT() NAMED_UNIT(*) SI_UNIT(.MILLI.,.METRE.) );
#5483 = ( NAMED_UNIT(*) PLANE_ANGLE_UNIT() SI_UNIT($,.RADIAN.) );
#5484 = ( NAMED_UNIT(*) SI_UNIT($,.STERADIAN.) SOLID_ANGLE_UNIT() );
#5485 = UNCERTAINTY_MEASURE_WITH_UNIT(LENGTH_MEASURE(1.E-07),#5482,
  'distance_accuracy_value','confusion accuracy');
#5486 = SHAPE_DEFINITION_REPRESENTATION(#5487,#5468);
#5487 = PRODUCT_DEFINITION_SHAPE('','',#5488);
#5488 = PRODUCT_DEFINITION('design','',#5489,#5492);
#5489 = PRODUCT_DEFINITION_FORMATION('','',#5490);
#5490 = PRODUCT('J11','J11','',(#5491));
#5491 = PRODUCT_CONTEXT('',#2,'mechanical');
#5492 = PRODUCT_DEFINITION_CONTEXT('part definition',#2,'design');
#5493 = CONTEXT_DEPENDENT_SHAPE_REPRESENTATION(#5494,#5496);
#5494 = ( REPRESENTATION_RELATIONSHIP('','',#5468,#10) 
REPRESENTATION_RELATIONSHIP_WITH_TRANSFORMATION(#5495) 
SHAPE_REPRESENTATION_RELATIONSHIP() );
#5495 = ITEM_DEFINED_TRANSFORMATION('','',#11,#531);
#5496 = PRODUCT_DEFINITION_SHAPE('Placement','Placement of an item',
  #5497);
#5497 = NEXT_ASSEMBLY_USAGE_OCCURRENCE('130','=>[0:1:1:131]','',#5,#5488
  ,$);
#5498 = PRODUCT_RELATED_PRODUCT_CATEGORY('part',$,(#5490));
#5499 = ADVANCED_BREP_SHAPE_REPRESENTATION('',(#11,#5500),#5512);
#5500 = MANIFOLD_SOLID_BREP('',#5501);
#5501 = CLOSED_SHELL('',(#5502));
#5502 = ADVANCED_FACE('',(#5503),#5507,.T.);
#5503 = FACE_BOUND('',#5504,.T.);
#5504 = VERTEX_LOOP('',#5505);
#5505 = VERTEX_POINT('',#5506);
#5506 = CARTESIAN_POINT('',(7.654042494671E-18,-1.874699728327E-33,
    -0.125));
#5507 = SPHERICAL_SURFACE('',#5508,0.125);
#5508 = AXIS2_PLACEMENT_3D('',#5509,#5510,#5511);
#5509 = CARTESIAN_POINT('',(0.,0.,0.));
#5510 = DIRECTION('',(0.,0.,1.));
#5511 = DIRECTION('',(1.,0.,-0.));
#5512 = ( GEOMETRIC_REPRESENTATION_CONTEXT(3) 
GLOBAL_UNCERTAINTY_ASSIGNED_CONTEXT((#5516)) 
GLOBAL_UNIT_ASSIGNED_CONTEXT((#5513,#5514,#5515)) REPRESENTATION_CONTEXT
('Context #1','3D Context with UNIT and UNCERTAINTY') );
#5513 = ( LENGTH_UNIT() NAMED_UNIT(*) SI_UNIT(.MILLI.,.METRE.) );
#5514 = ( NAMED_UNIT(*) PLANE_ANGLE_UNIT() SI_UNIT($,.RADIAN.) );
#5515 = ( NAMED_UNIT(*) SI_UNIT($,.STERADIAN.) SOLID_ANGLE_UNIT() );
#5516 = UNCERTAINTY_MEASURE_WITH_UNIT(LENGTH_MEASURE(1.E-07),#5513,
  'distance_accuracy_value','confusion accuracy');
#5517 = SHAPE_DEFINITION_REPRESENTATION(#5518,#5499);
#5518 = PRODUCT_DEFINITION_SHAPE('','',#5519);
#5519 = PRODUCT_DEFINITION('design','',#5520,#5523);
#5520 = PRODUCT_DEFINITION_FORMATION('','',#5521);
#5521 = PRODUCT('J13','J13','',(#5522));
#5522 = PRODUCT_CONTEXT('',#2,'mechanical');
#5523 = PRODUCT_DEFINITION_CONTEXT('part definition',#2,'design');
#5524 = CONTEXT_DEPENDENT_SHAPE_REPRESENTATION(#5525,#5527);
#5525 = ( REPRESENTATION_RELATIONSHIP('','',#5499,#10) 
REPRESENTATION_RELATIONSHIP_WITH_TRANSFORMATION(#5526) 
SHAPE_REPRESENTATION_RELATIONSHIP() );
#5526 = ITEM_DEFINED_TRANSFORMATION('','',#11,#535);
#5527 = PRODUCT_DEFINITION_SHAPE('Placement','Placement of an item',
  #5528);
#5528 = NEXT_ASSEMBLY_USAGE_OCCURRENCE('131','=>[0:1:1:132]','',#5,#5519
  ,$);
#5529 = PRODUCT_RELATED_PRODUCT_CATEGORY('part',$,(#5521));
#5530 = ADVANCED_BREP_SHAPE_REPRESENTATION('',(#11,#5531),#5543);
#5531 = MANIFOLD_SOLID_BREP('',#5532);
#5532 = CLOSED_SHELL('',(#5533));
#5533 = ADVANCED_FACE('',(#5534),#5538,.T.);
#5534 = FACE_BOUND('',#5535,.T.);
#5535 = VERTEX_LOOP('',#5536);
#5536 = VERTEX_POINT('',#5537);
#5537 = CARTESIAN_POINT('',(7.654042494671E-18,-1.874699728327E-33,
    -0.125));
#5538 = SPHERICAL_SURFACE('',#5539,0.125);
#5539 = AXIS2_PLACEMENT_3D('',#5540,#5541,#5542);
#5540 = CARTESIAN_POINT('',(0.,0.,0.));
#5541 = DIRECTION('',(0.,0.,1.));
#5542 = DIRECTION('',(1.,0.,-0.));
#5543 = ( GEOMETRIC_REPRESENTATION_CONTEXT(3) 
GLOBAL_UNCERTAINTY_ASSIGNED_CONTEXT((#5547)) 
GLOBAL_UNIT_ASSIGNED_CONTEXT((#5544,#5545,#5546)) REPRESENTATION_CONTEXT
('Context #1','3D Context with UNIT and UNCERTAINTY') );
#5544 = ( LENGTH_UNIT() NAMED_UNIT(*) SI_UNIT(.MILLI.,.METRE.) );
#5545 = ( NAMED_UNIT(*) PLANE_ANGLE_UNIT() SI_UNIT($,.RADIAN.) );
#5546 = ( NAMED_UNIT(*) SI_UNIT($,.STERADIAN.) SOLID_ANGLE_UNIT() );
#5547 = UNCERTAINTY_MEASURE_WITH_UNIT(LENGTH_MEASURE(1.E-07),#5544,
  'distance_accuracy_value','confusion accuracy');
#5548 = SHAPE_DEFINITION_REPRESENTATION(#5549,#5530);
#5549 = PRODUCT_DEFINITION_SHAPE('','',#5550);
#5550 = PRODUCT_DEFINITION('design','',#5551,#5554);
#5551 = PRODUCT_DEFINITION_FORMATION('','',#5552);
#5552 = PRODUCT('J15','J15','',(#5553));
#5553 = PRODUCT_CONTEXT('',#2,'mechanical');
#5554 = PRODUCT_DEFINITION_CONTEXT('part definition',#2,'design');
#5555 = CONTEXT_DEPENDENT_SHAPE_REPRESENTATION(#5556,#5558);
#5556 = ( REPRESENTATION_RELATIONSHIP('','',#5530,#10) 
REPRESENTATION_RELATIONSHIP_WITH_TRANSFORMATION(#5557) 
SHAPE_REPRESENTATION_RELATIONSHIP() );
#5557 = ITEM_DEFINED_TRANSFORMATION('','',#11,#539);
#5558 = PRODUCT_DEFINITION_SHAPE('Placement','Placement of an item',
  #5559);
#5559 = NEXT_ASSEMBLY_USAGE_OCCURRENCE('132','=>[0:1:1:133]','',#5,#5550
  ,$);
#5560 = PRODUCT_RELATED_PRODUCT_CATEGORY('part',$,(#5552));
#5561 = ADVANCED_BREP_SHAPE_REPRESENTATION('',(#11,#5562),#5574);
#5562 = MANIFOLD_SOLID_BREP('',#5563);
#5563 = CLOSED_SHELL('',(#5564));
#5564 = ADVANCED_FACE('',(#5565),#5569,.T.);
#5565 = FACE_BOUND('',#5566,.T.);
#5566 = VERTEX_LOOP('',#5567);
#5567 = VERTEX_POINT('',#5568);
#5568 = CARTESIAN_POINT('',(7.654042494671E-18,-1.874699728327E-33,
    -0.125));
#5569 = SPHERICAL_SURFACE('',#5570,0.125);
#5570 = AXIS2_PLACEMENT_3D('',#5571,#5572,#5573);
#5571 = CARTESIAN_POINT('',(0.,0.,0.));
#5572 = DIRECTION('',(0.,0.,1.));
#5573 = DIRECTION('',(1.,0.,-0.));
#5574 = ( GEOMETRIC_REPRESENTATION_CONTEXT(3) 
GLOBAL_UNCERTAINTY_ASSIGNED_CONTEXT((#5578)) 
GLOBAL_UNIT_ASSIGNED_CONTEXT((#5575,#5576,#5577)) REPRESENTATION_CONTEXT
('Context #1','3D Context with UNIT and UNCERTAINTY') );
#5575 = ( LENGTH_UNIT() NAMED_UNIT(*) SI_UNIT(.MILLI.,.METRE.) );
#5576 = ( NAMED_UNIT(*) PLANE_ANGLE_UNIT() SI_UNIT($,.RADIAN.) );
#5577 = ( NAMED_UNIT(*) SI_UNIT($,.STERADIAN.) SOLID_ANGLE_UNIT() );
#5578 = UNCERTAINTY_MEASURE_WITH_UNIT(LENGTH_MEASURE(1.E-07),#5575,
  'distance_accuracy_value','confusion accuracy');
#5579 = SHAPE_DEFINITION_REPRESENTATION(#5580,#5561);
#5580 = PRODUCT_DEFINITION_SHAPE('','',#5581);
#5581 = PRODUCT_DEFINITION('design','',#5582,#5585);
#5582 = PRODUCT_DEFINITION_FORMATION('','',#5583);
#5583 = PRODUCT('J17','J17','',(#5584));
#5584 = PRODUCT_CONTEXT('',#2,'mechanical');
#5585 = PRODUCT_DEFINITION_CONTEXT('part definition',#2,'design');
#5586 = CONTEXT_DEPENDENT_SHAPE_REPRESENTATION(#5587,#5589);
#5587 = ( REPRESENTATION_RELATIONSHIP('','',#5561,#10) 
REPRESENTATION_RELATIONSHIP_WITH_TRANSFORMATION(#5588) 
SHAPE_REPRESENTATION_RELATIONSHIP() );
#5588 = ITEM_DEFINED_TRANSFORMATION('','',#11,#543);
#5589 = PRODUCT_DEFINITION_SHAPE('Placement','Placement of an item',
  #5590);
#5590 = NEXT_ASSEMBLY_USAGE_OCCURRENCE('133','=>[0:1:1:134]','',#5,#5581
  ,$);
#5591 = PRODUCT_RELATED_PRODUCT_CATEGORY('part',$,(#5583));
#5592 = ADVANCED_BREP_SHAPE_REPRESENTATION('',(#11,#5593),#5605);
#5593 = MANIFOLD_SOLID_BREP('',#5594);
#5594 = CLOSED_SHELL('',(#5595));
#5595 = ADVANCED_FACE('',(#5596),#5600,.T.);
#5596 = FACE_BOUND('',#5597,.T.);
#5597 = VERTEX_LOOP('',#5598);
#5598 = VERTEX_POINT('',#5599);
#5599 = CARTESIAN_POINT('',(7.654042494671E-18,-1.874699728327E-33,
    -0.125));
#5600 = SPHERICAL_SURFACE('',#5601,0.125);
#5601 = AXIS2_PLACEMENT_3D('',#5602,#5603,#5604);
#5602 = CARTESIAN_POINT('',(0.,0.,0.));
#5603 = DIRECTION('',(0.,0.,1.));
#5604 = DIRECTION('',(1.,0.,-0.));
#5605 = ( GEOMETRIC_REPRESENTATION_CONTEXT(3) 
GLOBAL_UNCERTAINTY_ASSIGNED_CONTEXT((#5609)) 
GLOBAL_UNIT_ASSIGNED_CONTEXT((#5606,#5607,#5608)) REPRESENTATION_CONTEXT
('Context #1','3D Context with UNIT and UNCERTAINTY') );
#5606 = ( LENGTH_UNIT() NAMED_UNIT(*) SI_UNIT(.MILLI.,.METRE.) );
#5607 = ( NAMED_UNIT(*) PLANE_ANGLE_UNIT() SI_UNIT($,.RADIAN.) );
#5608 = ( NAMED_UNIT(*) SI_UNIT($,.STERADIAN.) SOLID_ANGLE_UNIT() );
#5609 = UNCERTAINTY_MEASURE_WITH_UNIT(LENGTH_MEASURE(1.E-07),#5606,
  'distance_accuracy_value','confusion accuracy');
#5610 = SHAPE_DEFINITION_REPRESENTATION(#5611,#5592);
#5611 = PRODUCT_DEFINITION_SHAPE('','',#5612);
#5612 = PRODUCT_DEFINITION('design','',#5613,#5616);
#5613 = PRODUCT_DEFINITION_FORMATION('','',#5614);
#5614 = PRODUCT('J20','J20','',(#5615));
#5615 = PRODUCT_CONTEXT('',#2,'mechanical');
#5616 = PRODUCT_DEFINITION_CONTEXT('part definition',#2,'design');
#5617 = CONTEXT_DEPENDENT_SHAPE_REPRESENTATION(#5618,#5620);
#5618 = ( REPRESENTATION_RELATIONSHIP('','',#5592,#10) 
REPRESENTATION_RELATIONSHIP_WITH_TRANSFORMATION(#5619) 
SHAPE_REPRESENTATION_RELATIONSHIP() );
#5619 = ITEM_DEFINED_TRANSFORMATION('','',#11,#547);
#5620 = PRODUCT_DEFINITION_SHAPE('Placement','Placement of an item',
  #5621);
#5621 = NEXT_ASSEMBLY_USAGE_OCCURRENCE('134','=>[0:1:1:135]','',#5,#5612
  ,$);
#5622 = PRODUCT_RELATED_PRODUCT_CATEGORY('part',$,(#5614));
#5623 = ADVANCED_BREP_SHAPE_REPRESENTATION('',(#11,#5624),#5636);
#5624 = MANIFOLD_SOLID_BREP('',#5625);
#5625 = CLOSED_SHELL('',(#5626));
#5626 = ADVANCED_FACE('',(#5627),#5631,.T.);
#5627 = FACE_BOUND('',#5628,.T.);
#5628 = VERTEX_LOOP('',#5629);
#5629 = VERTEX_POINT('',#5630);
#5630 = CARTESIAN_POINT('',(7.654042494671E-18,-1.874699728327E-33,
    -0.125));
#5631 = SPHERICAL_SURFACE('',#5632,0.125);
#5632 = AXIS2_PLACEMENT_3D('',#5633,#5634,#5635);
#5633 = CARTESIAN_POINT('',(0.,0.,0.));
#5634 = DIRECTION('',(0.,0.,1.));
#5635 = DIRECTION('',(1.,0.,-0.));
#5636 = ( GEOMETRIC_REPRESENTATION_CONTEXT(3) 
GLOBAL_UNCERTAINTY_ASSIGNED_CONTEXT((#5640)) 
GLOBAL_UNIT_ASSIGNED_CONTEXT((#5637,#5638,#5639)) REPRESENTATION_CONTEXT
('Context #1','3D Context with UNIT and UNCERTAINTY') );
#5637 = ( LENGTH_UNIT() NAMED_UNIT(*) SI_UNIT(.MILLI.,.METRE.) );
#5638 = ( NAMED_UNIT(*) PLANE_ANGLE_UNIT() SI_UNIT($,.RADIAN.) );
#5639 = ( NAMED_UNIT(*) SI_UNIT($,.STERADIAN.) SOLID_ANGLE_UNIT() );
#5640 = UNCERTAINTY_MEASURE_WITH_UNIT(LENGTH_MEASURE(1.E-07),#5637,
  'distance_accuracy_value','confusion accuracy');
#5641 = SHAPE_DEFINITION_REPRESENTATION(#5642,#5623);
#5642 = PRODUCT_DEFINITION_SHAPE('','',#5643);
#5643 = PRODUCT_DEFINITION('design','',#5644,#5647);
#5644 = PRODUCT_DEFINITION_FORMATION('','',#5645);
#5645 = PRODUCT('J23','J23','',(#5646));
#5646 = PRODUCT_CONTEXT('',#2,'mechanical');
#5647 = PRODUCT_DEFINITION_CONTEXT('part definition',#2,'design');
#5648 = CONTEXT_DEPENDENT_SHAPE_REPRESENTATION(#5649,#5651);
#5649 = ( REPRESENTATION_RELATIONSHIP('','',#5623,#10) 
REPRESENTATION_RELATIONSHIP_WITH_TRANSFORMATION(#5650) 
SHAPE_REPRESENTATION_RELATIONSHIP() );
#5650 = ITEM_DEFINED_TRANSFORMATION('','',#11,#551);
#5651 = PRODUCT_DEFINITION_SHAPE('Placement','Placement of an item',
  #5652);
#5652 = NEXT_ASSEMBLY_USAGE_OCCURRENCE('135','=>[0:1:1:136]','',#5,#5643
  ,$);
#5653 = PRODUCT_RELATED_PRODUCT_CATEGORY('part',$,(#5645));
#5654 = ADVANCED_BREP_SHAPE_REPRESENTATION('',(#11,#5655),#5667);
#5655 = MANIFOLD_SOLID_BREP('',#5656);
#5656 = CLOSED_SHELL('',(#5657));
#5657 = ADVANCED_FACE('',(#5658),#5662,.T.);
#5658 = FACE_BOUND('',#5659,.T.);
#5659 = VERTEX_LOOP('',#5660);
#5660 = VERTEX_POINT('',#5661);
#5661 = CARTESIAN_POINT('',(7.654042494671E-18,-1.874699728327E-33,
    -0.125));
#5662 = SPHERICAL_SURFACE('',#5663,0.125);
#5663 = AXIS2_PLACEMENT_3D('',#5664,#5665,#5666);
#5664 = CARTESIAN_POINT('',(0.,0.,0.));
#5665 = DIRECTION('',(0.,0.,1.));
#5666 = DIRECTION('',(1.,0.,-0.));
#5667 = ( GEOMETRIC_REPRESENTATION_CONTEXT(3) 
GLOBAL_UNCERTAINTY_ASSIGNED_CONTEXT((#5671)) 
GLOBAL_UNIT_ASSIGNED_CONTEXT((#5668,#5669,#5670)) REPRESENTATION_CONTEXT
('Context #1','3D Context with UNIT and UNCERTAINTY') );
#5668 = ( LENGTH_UNIT() NAMED_UNIT(*) SI_UNIT(.MILLI.,.METRE.) );
#5669 = ( NAMED_UNIT(*) PLANE_ANGLE_UNIT() SI_UNIT($,.RADIAN.) );
#5670 = ( NAMED_UNIT(*) SI_UNIT($,.STERADIAN.) SOLID_ANGLE_UNIT() );
#5671 = UNCERTAINTY_MEASURE_WITH_UNIT(LENGTH_MEASURE(1.E-07),#5668,
  'distance_accuracy_value','confusion accuracy');
#5672 = SHAPE_DEFINITION_REPRESENTATION(#5673,#5654);
#5673 = PRODUCT_DEFINITION_SHAPE('','',#5674);
#5674 = PRODUCT_DEFINITION('design','',#5675,#5678);
#5675 = PRODUCT_DEFINITION_FORMATION('','',#5676);
#5676 = PRODUCT('J24','J24','',(#5677));
#5677 = PRODUCT_CONTEXT('',#2,'mechanical');
#5678 = PRODUCT_DEFINITION_CONTEXT('part definition',#2,'design');
#5679 = CONTEXT_DEPENDENT_SHAPE_REPRESENTATION(#5680,#5682);
#5680 = ( REPRESENTATION_RELATIONSHIP('','',#5654,#10) 
REPRESENTATION_RELATIONSHIP_WITH_TRANSFORMATION(#5681) 
SHAPE_REPRESENTATION_RELATIONSHIP() );
#5681 = ITEM_DEFINED_TRANSFORMATION('','',#11,#555);
#5682 = PRODUCT_DEFINITION_SHAPE('Placement','Placement of an item',
  #5683);
#5683 = NEXT_ASSEMBLY_USAGE_OCCURRENCE('136','=>[0:1:1:137]','',#5,#5674
  ,$);
#5684 = PRODUCT_RELATED_PRODUCT_CATEGORY('part',$,(#5676));
#5685 = ADVANCED_BREP_SHAPE_REPRESENTATION('',(#11,#5686),#5698);
#5686 = MANIFOLD_SOLID_BREP('',#5687);
#5687 = CLOSED_SHELL('',(#5688));
#5688 = ADVANCED_FACE('',(#5689),#5693,.T.);
#5689 = FACE_BOUND('',#5690,.T.);
#5690 = VERTEX_LOOP('',#5691);
#5691 = VERTEX_POINT('',#5692);
#5692 = CARTESIAN_POINT('',(7.654042494671E-18,-1.874699728327E-33,
    -0.125));
#5693 = SPHERICAL_SURFACE('',#5694,0.125);
#5694 = AXIS2_PLACEMENT_3D('',#5695,#5696,#5697);
#5695 = CARTESIAN_POINT('',(0.,0.,0.));
#5696 = DIRECTION('',(0.,0.,1.));
#5697 = DIRECTION('',(1.,0.,-0.));
#5698 = ( GEOMETRIC_REPRESENTATION_CONTEXT(3) 
GLOBAL_UNCERTAINTY_ASSIGNED_CONTEXT((#5702)) 
GLOBAL_UNIT_ASSIGNED_CONTEXT((#5699,#5700,#5701)) REPRESENTATION_CONTEXT
('Context #1','3D Context with UNIT and UNCERTAINTY') );
#5699 = ( LENGTH_UNIT() NAMED_UNIT(*) SI_UNIT(.MILLI.,.METRE.) );
#5700 = ( NAMED_UNIT(*) PLANE_ANGLE_UNIT() SI_UNIT($,.RADIAN.) );
#5701 = ( NAMED_UNIT(*) SI_UNIT($,.STERADIAN.) SOLID_ANGLE_UNIT() );
#5702 = UNCERTAINTY_MEASURE_WITH_UNIT(LENGTH_MEASURE(1.E-07),#5699,
  'distance_accuracy_value','confusion accuracy');
#5703 = SHAPE_DEFINITION_REPRESENTATION(#5704,#5685);
#5704 = PRODUCT_DEFINITION_SHAPE('','',#5705);
#5705 = PRODUCT_DEFINITION('design','',#5706,#5709);
#5706 = PRODUCT_DEFINITION_FORMATION('','',#5707);
#5707 = PRODUCT('J25','J25','',(#5708));
#5708 = PRODUCT_CONTEXT('',#2,'mechanical');
#5709 = PRODUCT_DEFINITION_CONTEXT('part definition',#2,'design');
#5710 = CONTEXT_DEPENDENT_SHAPE_REPRESENTATION(#5711,#5713);
#5711 = ( REPRESENTATION_RELATIONSHIP('','',#5685,#10) 
REPRESENTATION_RELATIONSHIP_WITH_TRANSFORMATION(#5712) 
SHAPE_REPRESENTATION_RELATIONSHIP() );
#5712 = ITEM_DEFINED_TRANSFORMATION('','',#11,#559);
#5713 = PRODUCT_DEFINITION_SHAPE('Placement','Placement of an item',
  #5714);
#5714 = NEXT_ASSEMBLY_USAGE_OCCURRENCE('137','=>[0:1:1:138]','',#5,#5705
  ,$);
#5715 = PRODUCT_RELATED_PRODUCT_CATEGORY('part',$,(#5707));
#5716 = ADVANCED_BREP_SHAPE_REPRESENTATION('',(#11,#5717),#5729);
#5717 = MANIFOLD_SOLID_BREP('',#5718);
#5718 = CLOSED_SHELL('',(#5719));
#5719 = ADVANCED_FACE('',(#5720),#5724,.T.);
#5720 = FACE_BOUND('',#5721,.T.);
#5721 = VERTEX_LOOP('',#5722);
#5722 = VERTEX_POINT('',#5723);
#5723 = CARTESIAN_POINT('',(7.654042494671E-18,-1.874699728327E-33,
    -0.125));
#5724 = SPHERICAL_SURFACE('',#5725,0.125);
#5725 = AXIS2_PLACEMENT_3D('',#5726,#5727,#5728);
#5726 = CARTESIAN_POINT('',(0.,0.,0.));
#5727 = DIRECTION('',(0.,0.,1.));
#5728 = DIRECTION('',(1.,0.,-0.));
#5729 = ( GEOMETRIC_REPRESENTATION_CONTEXT(3) 
GLOBAL_UNCERTAINTY_ASSIGNED_CONTEXT((#5733)) 
GLOBAL_UNIT_ASSIGNED_CONTEXT((#5730,#5731,#5732)) REPRESENTATION_CONTEXT
('Context #1','3D Context with UNIT and UNCERTAINTY') );
#5730 = ( LENGTH_UNIT() NAMED_UNIT(*) SI_UNIT(.MILLI.,.METRE.) );
#5731 = ( NAMED_UNIT(*) PLANE_ANGLE_UNIT() SI_UNIT($,.RADIAN.) );
#5732 = ( NAMED_UNIT(*) SI_UNIT($,.STERADIAN.) SOLID_ANGLE_UNIT() );
#5733 = UNCERTAINTY_MEASURE_WITH_UNIT(LENGTH_MEASURE(1.E-07),#5730,
  'distance_accuracy_value','confusion accuracy');
#5734 = SHAPE_DEFINITION_REPRESENTATION(#5735,#5716);
#5735 = PRODUCT_DEFINITION_SHAPE('','',#5736);
#5736 = PRODUCT_DEFINITION('design','',#5737,#5740);
#5737 = PRODUCT_DEFINITION_FORMATION('','',#5738);
#5738 = PRODUCT('K1','K1','',(#5739));
#5739 = PRODUCT_CONTEXT('',#2,'mechanical');
#5740 = PRODUCT_DEFINITION_CONTEXT('part definition',#2,'design');
#5741 = CONTEXT_DEPENDENT_SHAPE_REPRESENTATION(#5742,#5744);
#5742 = ( REPRESENTATION_RELATIONSHIP('','',#5716,#10) 
REPRESENTATION_RELATIONSHIP_WITH_TRANSFORMATION(#5743) 
SHAPE_REPRESENTATION_RELATIONSHIP() );
#5743 = ITEM_DEFINED_TRANSFORMATION('','',#11,#563);
#5744 = PRODUCT_DEFINITION_SHAPE('Placement','Placement of an item',
  #5745);
#5745 = NEXT_ASSEMBLY_USAGE_OCCURRENCE('138','=>[0:1:1:139]','',#5,#5736
  ,$);
#5746 = PRODUCT_RELATED_PRODUCT_CATEGORY('part',$,(#5738));
#5747 = ADVANCED_BREP_SHAPE_REPRESENTATION('',(#11,#5748),#5760);
#5748 = MANIFOLD_SOLID_BREP('',#5749);
#5749 = CLOSED_SHELL('',(#5750));
#5750 = ADVANCED_FACE('',(#5751),#5755,.T.);
#5751 = FACE_BOUND('',#5752,.T.);
#5752 = VERTEX_LOOP('',#5753);
#5753 = VERTEX_POINT('',#5754);
#5754 = CARTESIAN_POINT('',(7.654042494671E-18,-1.874699728327E-33,
    -0.125));
#5755 = SPHERICAL_SURFACE('',#5756,0.125);
#5756 = AXIS2_PLACEMENT_3D('',#5757,#5758,#5759);
#5757 = CARTESIAN_POINT('',(0.,0.,0.));
#5758 = DIRECTION('',(0.,0.,1.));
#5759 = DIRECTION('',(1.,0.,-0.));
#5760 = ( GEOMETRIC_REPRESENTATION_CONTEXT(3) 
GLOBAL_UNCERTAINTY_ASSIGNED_CONTEXT((#5764)) 
GLOBAL_UNIT_ASSIGNED_CONTEXT((#5761,#5762,#5763)) REPRESENTATION_CONTEXT
('Context #1','3D Context with UNIT and UNCERTAINTY') );
#5761 = ( LENGTH_UNIT() NAMED_UNIT(*) SI_UNIT(.MILLI.,.METRE.) );
#5762 = ( NAMED_UNIT(*) PLANE_ANGLE_UNIT() SI_UNIT($,.RADIAN.) );
#5763 = ( NAMED_UNIT(*) SI_UNIT($,.STERADIAN.) SOLID_ANGLE_UNIT() );
#5764 = UNCERTAINTY_MEASURE_WITH_UNIT(LENGTH_MEASURE(1.E-07),#5761,
  'distance_accuracy_value','confusion accuracy');
#5765 = SHAPE_DEFINITION_REPRESENTATION(#5766,#5747);
#5766 = PRODUCT_DEFINITION_SHAPE('','',#5767);
#5767 = PRODUCT_DEFINITION('design','',#5768,#5771);
#5768 = PRODUCT_DEFINITION_FORMATION('','',#5769);
#5769 = PRODUCT('K2','K2','',(#5770));
#5770 = PRODUCT_CONTEXT('',#2,'mechanical');
#5771 = PRODUCT_DEFINITION_CONTEXT('part definition',#2,'design');
#5772 = CONTEXT_DEPENDENT_SHAPE_REPRESENTATION(#5773,#5775);
#5773 = ( REPRESENTATION_RELATIONSHIP('','',#5747,#10) 
REPRESENTATION_RELATIONSHIP_WITH_TRANSFORMATION(#5774) 
SHAPE_REPRESENTATION_RELATIONSHIP() );
#5774 = ITEM_DEFINED_TRANSFORMATION('','',#11,#567);
#5775 = PRODUCT_DEFINITION_SHAPE('Placement','Placement of an item',
  #5776);
#5776 = NEXT_ASSEMBLY_USAGE_OCCURRENCE('139','=>[0:1:1:140]','',#5,#5767
  ,$);
#5777 = PRODUCT_RELATED_PRODUCT_CATEGORY('part',$,(#5769));
#5778 = ADVANCED_BREP_SHAPE_REPRESENTATION('',(#11,#5779),#5791);
#5779 = MANIFOLD_SOLID_BREP('',#5780);
#5780 = CLOSED_SHELL('',(#5781));
#5781 = ADVANCED_FACE('',(#5782),#5786,.T.);
#5782 = FACE_BOUND('',#5783,.T.);
#5783 = VERTEX_LOOP('',#5784);
#5784 = VERTEX_POINT('',#5785);
#5785 = CARTESIAN_POINT('',(7.654042494671E-18,-1.874699728327E-33,
    -0.125));
#5786 = SPHERICAL_SURFACE('',#5787,0.125);
#5787 = AXIS2_PLACEMENT_3D('',#5788,#5789,#5790);
#5788 = CARTESIAN_POINT('',(0.,0.,0.));
#5789 = DIRECTION('',(0.,0.,1.));
#5790 = DIRECTION('',(1.,0.,-0.));
#5791 = ( GEOMETRIC_REPRESENTATION_CONTEXT(3) 
GLOBAL_UNCERTAINTY_ASSIGNED_CONTEXT((#5795)) 
GLOBAL_UNIT_ASSIGNED_CONTEXT((#5792,#5793,#5794)) REPRESENTATION_CONTEXT
('Context #1','3D Context with UNIT and UNCERTAINTY') );
#5792 = ( LENGTH_UNIT() NAMED_UNIT(*) SI_UNIT(.MILLI.,.METRE.) );
#5793 = ( NAMED_UNIT(*) PLANE_ANGLE_UNIT() SI_UNIT($,.RADIAN.) );
#5794 = ( NAMED_UNIT(*) SI_UNIT($,.STERADIAN.) SOLID_ANGLE_UNIT() );
#5795 = UNCERTAINTY_MEASURE_WITH_UNIT(LENGTH_MEASURE(1.E-07),#5792,
  'distance_accuracy_value','confusion accuracy');
#5796 = SHAPE_DEFINITION_REPRESENTATION(#5797,#5778);
#5797 = PRODUCT_DEFINITION_SHAPE('','',#5798);
#5798 = PRODUCT_DEFINITION('design','',#5799,#5802);
#5799 = PRODUCT_DEFINITION_FORMATION('','',#5800);
#5800 = PRODUCT('K3','K3','',(#5801));
#5801 = PRODUCT_CONTEXT('',#2,'mechanical');
#5802 = PRODUCT_DEFINITION_CONTEXT('part definition',#2,'design');
#5803 = CONTEXT_DEPENDENT_SHAPE_REPRESENTATION(#5804,#5806);
#5804 = ( REPRESENTATION_RELATIONSHIP('','',#5778,#10) 
REPRESENTATION_RELATIONSHIP_WITH_TRANSFORMATION(#5805) 
SHAPE_REPRESENTATION_RELATIONSHIP() );
#5805 = ITEM_DEFINED_TRANSFORMATION('','',#11,#571);
#5806 = PRODUCT_DEFINITION_SHAPE('Placement','Placement of an item',
  #5807);
#5807 = NEXT_ASSEMBLY_USAGE_OCCURRENCE('140','=>[0:1:1:141]','',#5,#5798
  ,$);
#5808 = PRODUCT_RELATED_PRODUCT_CATEGORY('part',$,(#5800));
#5809 = ADVANCED_BREP_SHAPE_REPRESENTATION('',(#11,#5810),#5822);
#5810 = MANIFOLD_SOLID_BREP('',#5811);
#5811 = CLOSED_SHELL('',(#5812));
#5812 = ADVANCED_FACE('',(#5813),#5817,.T.);
#5813 = FACE_BOUND('',#5814,.T.);
#5814 = VERTEX_LOOP('',#5815);
#5815 = VERTEX_POINT('',#5816);
#5816 = CARTESIAN_POINT('',(7.654042494671E-18,-1.874699728327E-33,
    -0.125));
#5817 = SPHERICAL_SURFACE('',#5818,0.125);
#5818 = AXIS2_PLACEMENT_3D('',#5819,#5820,#5821);
#5819 = CARTESIAN_POINT('',(0.,0.,0.));
#5820 = DIRECTION('',(0.,0.,1.));
#5821 = DIRECTION('',(1.,0.,-0.));
#5822 = ( GEOMETRIC_REPRESENTATION_CONTEXT(3) 
GLOBAL_UNCERTAINTY_ASSIGNED_CONTEXT((#5826)) 
GLOBAL_UNIT_ASSIGNED_CONTEXT((#5823,#5824,#5825)) REPRESENTATION_CONTEXT
('Context #1','3D Context with UNIT and UNCERTAINTY') );
#5823 = ( LENGTH_UNIT() NAMED_UNIT(*) SI_UNIT(.MILLI.,.METRE.) );
#5824 = ( NAMED_UNIT(*) PLANE_ANGLE_UNIT() SI_UNIT($,.RADIAN.) );
#5825 = ( NAMED_UNIT(*) SI_UNIT($,.STERADIAN.) SOLID_ANGLE_UNIT() );
#5826 = UNCERTAINTY_MEASURE_WITH_UNIT(LENGTH_MEASURE(1.E-07),#5823,
  'distance_accuracy_value','confusion accuracy');
#5827 = SHAPE_DEFINITION_REPRESENTATION(#5828,#5809);
#5828 = PRODUCT_DEFINITION_SHAPE('','',#5829);
#5829 = PRODUCT_DEFINITION('design','',#5830,#5833);
#5830 = PRODUCT_DEFINITION_FORMATION('','',#5831);
#5831 = PRODUCT('K6','K6','',(#5832));
#5832 = PRODUCT_CONTEXT('',#2,'mechanical');
#5833 = PRODUCT_DEFINITION_CONTEXT('part definition',#2,'design');
#5834 = CONTEXT_DEPENDENT_SHAPE_REPRESENTATION(#5835,#5837);
#5835 = ( REPRESENTATION_RELATIONSHIP('','',#5809,#10) 
REPRESENTATION_RELATIONSHIP_WITH_TRANSFORMATION(#5836) 
SHAPE_REPRESENTATION_RELATIONSHIP() );
#5836 = ITEM_DEFINED_TRANSFORMATION('','',#11,#575);
#5837 = PRODUCT_DEFINITION_SHAPE('Placement','Placement of an item',
  #5838);
#5838 = NEXT_ASSEMBLY_USAGE_OCCURRENCE('141','=>[0:1:1:142]','',#5,#5829
  ,$);
#5839 = PRODUCT_RELATED_PRODUCT_CATEGORY('part',$,(#5831));
#5840 = ADVANCED_BREP_SHAPE_REPRESENTATION('',(#11,#5841),#5853);
#5841 = MANIFOLD_SOLID_BREP('',#5842);
#5842 = CLOSED_SHELL('',(#5843));
#5843 = ADVANCED_FACE('',(#5844),#5848,.T.);
#5844 = FACE_BOUND('',#5845,.T.);
#5845 = VERTEX_LOOP('',#5846);
#5846 = VERTEX_POINT('',#5847);
#5847 = CARTESIAN_POINT('',(7.654042494671E-18,-1.874699728327E-33,
    -0.125));
#5848 = SPHERICAL_SURFACE('',#5849,0.125);
#5849 = AXIS2_PLACEMENT_3D('',#5850,#5851,#5852);
#5850 = CARTESIAN_POINT('',(0.,0.,0.));
#5851 = DIRECTION('',(0.,0.,1.));
#5852 = DIRECTION('',(1.,0.,-0.));
#5853 = ( GEOMETRIC_REPRESENTATION_CONTEXT(3) 
GLOBAL_UNCERTAINTY_ASSIGNED_CONTEXT((#5857)) 
GLOBAL_UNIT_ASSIGNED_CONTEXT((#5854,#5855,#5856)) REPRESENTATION_CONTEXT
('Context #1','3D Context with UNIT and UNCERTAINTY') );
#5854 = ( LENGTH_UNIT() NAMED_UNIT(*) SI_UNIT(.MILLI.,.METRE.) );
#5855 = ( NAMED_UNIT(*) PLANE_ANGLE_UNIT() SI_UNIT($,.RADIAN.) );
#5856 = ( NAMED_UNIT(*) SI_UNIT($,.STERADIAN.) SOLID_ANGLE_UNIT() );
#5857 = UNCERTAINTY_MEASURE_WITH_UNIT(LENGTH_MEASURE(1.E-07),#5854,
  'distance_accuracy_value','confusion accuracy');
#5858 = SHAPE_DEFINITION_REPRESENTATION(#5859,#5840);
#5859 = PRODUCT_DEFINITION_SHAPE('','',#5860);
#5860 = PRODUCT_DEFINITION('design','',#5861,#5864);
#5861 = PRODUCT_DEFINITION_FORMATION('','',#5862);
#5862 = PRODUCT('K10','K10','',(#5863));
#5863 = PRODUCT_CONTEXT('',#2,'mechanical');
#5864 = PRODUCT_DEFINITION_CONTEXT('part definition',#2,'design');
#5865 = CONTEXT_DEPENDENT_SHAPE_REPRESENTATION(#5866,#5868);
#5866 = ( REPRESENTATION_RELATIONSHIP('','',#5840,#10) 
REPRESENTATION_RELATIONSHIP_WITH_TRANSFORMATION(#5867) 
SHAPE_REPRESENTATION_RELATIONSHIP() );
#5867 = ITEM_DEFINED_TRANSFORMATION('','',#11,#579);
#5868 = PRODUCT_DEFINITION_SHAPE('Placement','Placement of an item',
  #5869);
#5869 = NEXT_ASSEMBLY_USAGE_OCCURRENCE('142','=>[0:1:1:143]','',#5,#5860
  ,$);
#5870 = PRODUCT_RELATED_PRODUCT_CATEGORY('part',$,(#5862));
#5871 = ADVANCED_BREP_SHAPE_REPRESENTATION('',(#11,#5872),#5884);
#5872 = MANIFOLD_SOLID_BREP('',#5873);
#5873 = CLOSED_SHELL('',(#5874));
#5874 = ADVANCED_FACE('',(#5875),#5879,.T.);
#5875 = FACE_BOUND('',#5876,.T.);
#5876 = VERTEX_LOOP('',#5877);
#5877 = VERTEX_POINT('',#5878);
#5878 = CARTESIAN_POINT('',(7.654042494671E-18,-1.874699728327E-33,
    -0.125));
#5879 = SPHERICAL_SURFACE('',#5880,0.125);
#5880 = AXIS2_PLACEMENT_3D('',#5881,#5882,#5883);
#5881 = CARTESIAN_POINT('',(0.,0.,0.));
#5882 = DIRECTION('',(0.,0.,1.));
#5883 = DIRECTION('',(1.,0.,-0.));
#5884 = ( GEOMETRIC_REPRESENTATION_CONTEXT(3) 
GLOBAL_UNCERTAINTY_ASSIGNED_CONTEXT((#5888)) 
GLOBAL_UNIT_ASSIGNED_CONTEXT((#5885,#5886,#5887)) REPRESENTATION_CONTEXT
('Context #1','3D Context with UNIT and UNCERTAINTY') );
#5885 = ( LENGTH_UNIT() NAMED_UNIT(*) SI_UNIT(.MILLI.,.METRE.) );
#5886 = ( NAMED_UNIT(*) PLANE_ANGLE_UNIT() SI_UNIT($,.RADIAN.) );
#5887 = ( NAMED_UNIT(*) SI_UNIT($,.STERADIAN.) SOLID_ANGLE_UNIT() );
#5888 = UNCERTAINTY_MEASURE_WITH_UNIT(LENGTH_MEASURE(1.E-07),#5885,
  'distance_accuracy_value','confusion accuracy');
#5889 = SHAPE_DEFINITION_REPRESENTATION(#5890,#5871);
#5890 = PRODUCT_DEFINITION_SHAPE('','',#5891);
#5891 = PRODUCT_DEFINITION('design','',#5892,#5895);
#5892 = PRODUCT_DEFINITION_FORMATION('','',#5893);
#5893 = PRODUCT('K12','K12','',(#5894));
#5894 = PRODUCT_CONTEXT('',#2,'mechanical');
#5895 = PRODUCT_DEFINITION_CONTEXT('part definition',#2,'design');
#5896 = CONTEXT_DEPENDENT_SHAPE_REPRESENTATION(#5897,#5899);
#5897 = ( REPRESENTATION_RELATIONSHIP('','',#5871,#10) 
REPRESENTATION_RELATIONSHIP_WITH_TRANSFORMATION(#5898) 
SHAPE_REPRESENTATION_RELATIONSHIP() );
#5898 = ITEM_DEFINED_TRANSFORMATION('','',#11,#583);
#5899 = PRODUCT_DEFINITION_SHAPE('Placement','Placement of an item',
  #5900);
#5900 = NEXT_ASSEMBLY_USAGE_OCCURRENCE('143','=>[0:1:1:144]','',#5,#5891
  ,$);
#5901 = PRODUCT_RELATED_PRODUCT_CATEGORY('part',$,(#5893));
#5902 = ADVANCED_BREP_SHAPE_REPRESENTATION('',(#11,#5903),#5915);
#5903 = MANIFOLD_SOLID_BREP('',#5904);
#5904 = CLOSED_SHELL('',(#5905));
#5905 = ADVANCED_FACE('',(#5906),#5910,.T.);
#5906 = FACE_BOUND('',#5907,.T.);
#5907 = VERTEX_LOOP('',#5908);
#5908 = VERTEX_POINT('',#5909);
#5909 = CARTESIAN_POINT('',(7.654042494671E-18,-1.874699728327E-33,
    -0.125));
#5910 = SPHERICAL_SURFACE('',#5911,0.125);
#5911 = AXIS2_PLACEMENT_3D('',#5912,#5913,#5914);
#5912 = CARTESIAN_POINT('',(0.,0.,0.));
#5913 = DIRECTION('',(0.,0.,1.));
#5914 = DIRECTION('',(1.,0.,-0.));
#5915 = ( GEOMETRIC_REPRESENTATION_CONTEXT(3) 
GLOBAL_UNCERTAINTY_ASSIGNED_CONTEXT((#5919)) 
GLOBAL_UNIT_ASSIGNED_CONTEXT((#5916,#5917,#5918)) REPRESENTATION_CONTEXT
('Context #1','3D Context with UNIT and UNCERTAINTY') );
#5916 = ( LENGTH_UNIT() NAMED_UNIT(*) SI_UNIT(.MILLI.,.METRE.) );
#5917 = ( NAMED_UNIT(*) PLANE_ANGLE_UNIT() SI_UNIT($,.RADIAN.) );
#5918 = ( NAMED_UNIT(*) SI_UNIT($,.STERADIAN.) SOLID_ANGLE_UNIT() );
#5919 = UNCERTAINTY_MEASURE_WITH_UNIT(LENGTH_MEASURE(1.E-07),#5916,
  'distance_accuracy_value','confusion accuracy');
#5920 = SHAPE_DEFINITION_REPRESENTATION(#5921,#5902);
#5921 = PRODUCT_DEFINITION_SHAPE('','',#5922);
#5922 = PRODUCT_DEFINITION('design','',#5923,#5926);
#5923 = PRODUCT_DEFINITION_FORMATION('','',#5924);
#5924 = PRODUCT('K14','K14','',(#5925));
#5925 = PRODUCT_CONTEXT('',#2,'mechanical');
#5926 = PRODUCT_DEFINITION_CONTEXT('part definition',#2,'design');
#5927 = CONTEXT_DEPENDENT_SHAPE_REPRESENTATION(#5928,#5930);
#5928 = ( REPRESENTATION_RELATIONSHIP('','',#5902,#10) 
REPRESENTATION_RELATIONSHIP_WITH_TRANSFORMATION(#5929) 
SHAPE_REPRESENTATION_RELATIONSHIP() );
#5929 = ITEM_DEFINED_TRANSFORMATION('','',#11,#587);
#5930 = PRODUCT_DEFINITION_SHAPE('Placement','Placement of an item',
  #5931);
#5931 = NEXT_ASSEMBLY_USAGE_OCCURRENCE('144','=>[0:1:1:145]','',#5,#5922
  ,$);
#5932 = PRODUCT_RELATED_PRODUCT_CATEGORY('part',$,(#5924));
#5933 = ADVANCED_BREP_SHAPE_REPRESENTATION('',(#11,#5934),#5946);
#5934 = MANIFOLD_SOLID_BREP('',#5935);
#5935 = CLOSED_SHELL('',(#5936));
#5936 = ADVANCED_FACE('',(#5937),#5941,.T.);
#5937 = FACE_BOUND('',#5938,.T.);
#5938 = VERTEX_LOOP('',#5939);
#5939 = VERTEX_POINT('',#5940);
#5940 = CARTESIAN_POINT('',(7.654042494671E-18,-1.874699728327E-33,
    -0.125));
#5941 = SPHERICAL_SURFACE('',#5942,0.125);
#5942 = AXIS2_PLACEMENT_3D('',#5943,#5944,#5945);
#5943 = CARTESIAN_POINT('',(0.,0.,0.));
#5944 = DIRECTION('',(0.,0.,1.));
#5945 = DIRECTION('',(1.,0.,-0.));
#5946 = ( GEOMETRIC_REPRESENTATION_CONTEXT(3) 
GLOBAL_UNCERTAINTY_ASSIGNED_CONTEXT((#5950)) 
GLOBAL_UNIT_ASSIGNED_CONTEXT((#5947,#5948,#5949)) REPRESENTATION_CONTEXT
('Context #1','3D Context with UNIT and UNCERTAINTY') );
#5947 = ( LENGTH_UNIT() NAMED_UNIT(*) SI_UNIT(.MILLI.,.METRE.) );
#5948 = ( NAMED_UNIT(*) PLANE_ANGLE_UNIT() SI_UNIT($,.RADIAN.) );
#5949 = ( NAMED_UNIT(*) SI_UNIT($,.STERADIAN.) SOLID_ANGLE_UNIT() );
#5950 = UNCERTAINTY_MEASURE_WITH_UNIT(LENGTH_MEASURE(1.E-07),#5947,
  'distance_accuracy_value','confusion accuracy');
#5951 = SHAPE_DEFINITION_REPRESENTATION(#5952,#5933);
#5952 = PRODUCT_DEFINITION_SHAPE('','',#5953);
#5953 = PRODUCT_DEFINITION('design','',#5954,#5957);
#5954 = PRODUCT_DEFINITION_FORMATION('','',#5955);
#5955 = PRODUCT('K16','K16','',(#5956));
#5956 = PRODUCT_CONTEXT('',#2,'mechanical');
#5957 = PRODUCT_DEFINITION_CONTEXT('part definition',#2,'design');
#5958 = CONTEXT_DEPENDENT_SHAPE_REPRESENTATION(#5959,#5961);
#5959 = ( REPRESENTATION_RELATIONSHIP('','',#5933,#10) 
REPRESENTATION_RELATIONSHIP_WITH_TRANSFORMATION(#5960) 
SHAPE_REPRESENTATION_RELATIONSHIP() );
#5960 = ITEM_DEFINED_TRANSFORMATION('','',#11,#591);
#5961 = PRODUCT_DEFINITION_SHAPE('Placement','Placement of an item',
  #5962);
#5962 = NEXT_ASSEMBLY_USAGE_OCCURRENCE('145','=>[0:1:1:146]','',#5,#5953
  ,$);
#5963 = PRODUCT_RELATED_PRODUCT_CATEGORY('part',$,(#5955));
#5964 = ADVANCED_BREP_SHAPE_REPRESENTATION('',(#11,#5965),#5977);
#5965 = MANIFOLD_SOLID_BREP('',#5966);
#5966 = CLOSED_SHELL('',(#5967));
#5967 = ADVANCED_FACE('',(#5968),#5972,.T.);
#5968 = FACE_BOUND('',#5969,.T.);
#5969 = VERTEX_LOOP('',#5970);
#5970 = VERTEX_POINT('',#5971);
#5971 = CARTESIAN_POINT('',(7.654042494671E-18,-1.874699728327E-33,
    -0.125));
#5972 = SPHERICAL_SURFACE('',#5973,0.125);
#5973 = AXIS2_PLACEMENT_3D('',#5974,#5975,#5976);
#5974 = CARTESIAN_POINT('',(0.,0.,0.));
#5975 = DIRECTION('',(0.,0.,1.));
#5976 = DIRECTION('',(1.,0.,-0.));
#5977 = ( GEOMETRIC_REPRESENTATION_CONTEXT(3) 
GLOBAL_UNCERTAINTY_ASSIGNED_CONTEXT((#5981)) 
GLOBAL_UNIT_ASSIGNED_CONTEXT((#5978,#5979,#5980)) REPRESENTATION_CONTEXT
('Context #1','3D Context with UNIT and UNCERTAINTY') );
#5978 = ( LENGTH_UNIT() NAMED_UNIT(*) SI_UNIT(.MILLI.,.METRE.) );
#5979 = ( NAMED_UNIT(*) PLANE_ANGLE_UNIT() SI_UNIT($,.RADIAN.) );
#5980 = ( NAMED_UNIT(*) SI_UNIT($,.STERADIAN.) SOLID_ANGLE_UNIT() );
#5981 = UNCERTAINTY_MEASURE_WITH_UNIT(LENGTH_MEASURE(1.E-07),#5978,
  'distance_accuracy_value','confusion accuracy');
#5982 = SHAPE_DEFINITION_REPRESENTATION(#5983,#5964);
#5983 = PRODUCT_DEFINITION_SHAPE('','',#5984);
#5984 = PRODUCT_DEFINITION('design','',#5985,#5988);
#5985 = PRODUCT_DEFINITION_FORMATION('','',#5986);
#5986 = PRODUCT('K20','K20','',(#5987));
#5987 = PRODUCT_CONTEXT('',#2,'mechanical');
#5988 = PRODUCT_DEFINITION_CONTEXT('part definition',#2,'design');
#5989 = CONTEXT_DEPENDENT_SHAPE_REPRESENTATION(#5990,#5992);
#5990 = ( REPRESENTATION_RELATIONSHIP('','',#5964,#10) 
REPRESENTATION_RELATIONSHIP_WITH_TRANSFORMATION(#5991) 
SHAPE_REPRESENTATION_RELATIONSHIP() );
#5991 = ITEM_DEFINED_TRANSFORMATION('','',#11,#595);
#5992 = PRODUCT_DEFINITION_SHAPE('Placement','Placement of an item',
  #5993);
#5993 = NEXT_ASSEMBLY_USAGE_OCCURRENCE('146','=>[0:1:1:147]','',#5,#5984
  ,$);
#5994 = PRODUCT_RELATED_PRODUCT_CATEGORY('part',$,(#5986));
#5995 = ADVANCED_BREP_SHAPE_REPRESENTATION('',(#11,#5996),#6008);
#5996 = MANIFOLD_SOLID_BREP('',#5997);
#5997 = CLOSED_SHELL('',(#5998));
#5998 = ADVANCED_FACE('',(#5999),#6003,.T.);
#5999 = FACE_BOUND('',#6000,.T.);
#6000 = VERTEX_LOOP('',#6001);
#6001 = VERTEX_POINT('',#6002);
#6002 = CARTESIAN_POINT('',(7.654042494671E-18,-1.874699728327E-33,
    -0.125));
#6003 = SPHERICAL_SURFACE('',#6004,0.125);
#6004 = AXIS2_PLACEMENT_3D('',#6005,#6006,#6007);
#6005 = CARTESIAN_POINT('',(0.,0.,0.));
#6006 = DIRECTION('',(0.,0.,1.));
#6007 = DIRECTION('',(1.,0.,-0.));
#6008 = ( GEOMETRIC_REPRESENTATION_CONTEXT(3) 
GLOBAL_UNCERTAINTY_ASSIGNED_CONTEXT((#6012)) 
GLOBAL_UNIT_ASSIGNED_CONTEXT((#6009,#6010,#6011)) REPRESENTATION_CONTEXT
('Context #1','3D Context with UNIT and UNCERTAINTY') );
#6009 = ( LENGTH_UNIT() NAMED_UNIT(*) SI_UNIT(.MILLI.,.METRE.) );
#6010 = ( NAMED_UNIT(*) PLANE_ANGLE_UNIT() SI_UNIT($,.RADIAN.) );
#6011 = ( NAMED_UNIT(*) SI_UNIT($,.STERADIAN.) SOLID_ANGLE_UNIT() );
#6012 = UNCERTAINTY_MEASURE_WITH_UNIT(LENGTH_MEASURE(1.E-07),#6009,
  'distance_accuracy_value','confusion accuracy');
#6013 = SHAPE_DEFINITION_REPRESENTATION(#6014,#5995);
#6014 = PRODUCT_DEFINITION_SHAPE('','',#6015);
#6015 = PRODUCT_DEFINITION('design','',#6016,#6019);
#6016 = PRODUCT_DEFINITION_FORMATION('','',#6017);
#6017 = PRODUCT('K23','K23','',(#6018));
#6018 = PRODUCT_CONTEXT('',#2,'mechanical');
#6019 = PRODUCT_DEFINITION_CONTEXT('part definition',#2,'design');
#6020 = CONTEXT_DEPENDENT_SHAPE_REPRESENTATION(#6021,#6023);
#6021 = ( REPRESENTATION_RELATIONSHIP('','',#5995,#10) 
REPRESENTATION_RELATIONSHIP_WITH_TRANSFORMATION(#6022) 
SHAPE_REPRESENTATION_RELATIONSHIP() );
#6022 = ITEM_DEFINED_TRANSFORMATION('','',#11,#599);
#6023 = PRODUCT_DEFINITION_SHAPE('Placement','Placement of an item',
  #6024);
#6024 = NEXT_ASSEMBLY_USAGE_OCCURRENCE('147','=>[0:1:1:148]','',#5,#6015
  ,$);
#6025 = PRODUCT_RELATED_PRODUCT_CATEGORY('part',$,(#6017));
#6026 = ADVANCED_BREP_SHAPE_REPRESENTATION('',(#11,#6027),#6039);
#6027 = MANIFOLD_SOLID_BREP('',#6028);
#6028 = CLOSED_SHELL('',(#6029));
#6029 = ADVANCED_FACE('',(#6030),#6034,.T.);
#6030 = FACE_BOUND('',#6031,.T.);
#6031 = VERTEX_LOOP('',#6032);
#6032 = VERTEX_POINT('',#6033);
#6033 = CARTESIAN_POINT('',(7.654042494671E-18,-1.874699728327E-33,
    -0.125));
#6034 = SPHERICAL_SURFACE('',#6035,0.125);
#6035 = AXIS2_PLACEMENT_3D('',#6036,#6037,#6038);
#6036 = CARTESIAN_POINT('',(0.,0.,0.));
#6037 = DIRECTION('',(0.,0.,1.));
#6038 = DIRECTION('',(1.,0.,-0.));
#6039 = ( GEOMETRIC_REPRESENTATION_CONTEXT(3) 
GLOBAL_UNCERTAINTY_ASSIGNED_CONTEXT((#6043)) 
GLOBAL_UNIT_ASSIGNED_CONTEXT((#6040,#6041,#6042)) REPRESENTATION_CONTEXT
('Context #1','3D Context with UNIT and UNCERTAINTY') );
#6040 = ( LENGTH_UNIT() NAMED_UNIT(*) SI_UNIT(.MILLI.,.METRE.) );
#6041 = ( NAMED_UNIT(*) PLANE_ANGLE_UNIT() SI_UNIT($,.RADIAN.) );
#6042 = ( NAMED_UNIT(*) SI_UNIT($,.STERADIAN.) SOLID_ANGLE_UNIT() );
#6043 = UNCERTAINTY_MEASURE_WITH_UNIT(LENGTH_MEASURE(1.E-07),#6040,
  'distance_accuracy_value','confusion accuracy');
#6044 = SHAPE_DEFINITION_REPRESENTATION(#6045,#6026);
#6045 = PRODUCT_DEFINITION_SHAPE('','',#6046);
#6046 = PRODUCT_DEFINITION('design','',#6047,#6050);
#6047 = PRODUCT_DEFINITION_FORMATION('','',#6048);
#6048 = PRODUCT('K24','K24','',(#6049));
#6049 = PRODUCT_CONTEXT('',#2,'mechanical');
#6050 = PRODUCT_DEFINITION_CONTEXT('part definition',#2,'design');
#6051 = CONTEXT_DEPENDENT_SHAPE_REPRESENTATION(#6052,#6054);
#6052 = ( REPRESENTATION_RELATIONSHIP('','',#6026,#10) 
REPRESENTATION_RELATIONSHIP_WITH_TRANSFORMATION(#6053) 
SHAPE_REPRESENTATION_RELATIONSHIP() );
#6053 = ITEM_DEFINED_TRANSFORMATION('','',#11,#603);
#6054 = PRODUCT_DEFINITION_SHAPE('Placement','Placement of an item',
  #6055);
#6055 = NEXT_ASSEMBLY_USAGE_OCCURRENCE('148','=>[0:1:1:149]','',#5,#6046
  ,$);
#6056 = PRODUCT_RELATED_PRODUCT_CATEGORY('part',$,(#6048));
#6057 = ADVANCED_BREP_SHAPE_REPRESENTATION('',(#11,#6058),#6070);
#6058 = MANIFOLD_SOLID_BREP('',#6059);
#6059 = CLOSED_SHELL('',(#6060));
#6060 = ADVANCED_FACE('',(#6061),#6065,.T.);
#6061 = FACE_BOUND('',#6062,.T.);
#6062 = VERTEX_LOOP('',#6063);
#6063 = VERTEX_POINT('',#6064);
#6064 = CARTESIAN_POINT('',(7.654042494671E-18,-1.874699728327E-33,
    -0.125));
#6065 = SPHERICAL_SURFACE('',#6066,0.125);
#6066 = AXIS2_PLACEMENT_3D('',#6067,#6068,#6069);
#6067 = CARTESIAN_POINT('',(0.,0.,0.));
#6068 = DIRECTION('',(0.,0.,1.));
#6069 = DIRECTION('',(1.,0.,-0.));
#6070 = ( GEOMETRIC_REPRESENTATION_CONTEXT(3) 
GLOBAL_UNCERTAINTY_ASSIGNED_CONTEXT((#6074)) 
GLOBAL_UNIT_ASSIGNED_CONTEXT((#6071,#6072,#6073)) REPRESENTATION_CONTEXT
('Context #1','3D Context with UNIT and UNCERTAINTY') );
#6071 = ( LENGTH_UNIT() NAMED_UNIT(*) SI_UNIT(.MILLI.,.METRE.) );
#6072 = ( NAMED_UNIT(*) PLANE_ANGLE_UNIT() SI_UNIT($,.RADIAN.) );
#6073 = ( NAMED_UNIT(*) SI_UNIT($,.STERADIAN.) SOLID_ANGLE_UNIT() );
#6074 = UNCERTAINTY_MEASURE_WITH_UNIT(LENGTH_MEASURE(1.E-07),#6071,
  'distance_accuracy_value','confusion accuracy');
#6075 = SHAPE_DEFINITION_REPRESENTATION(#6076,#6057);
#6076 = PRODUCT_DEFINITION_SHAPE('','',#6077);
#6077 = PRODUCT_DEFINITION('design','',#6078,#6081);
#6078 = PRODUCT_DEFINITION_FORMATION('','',#6079);
#6079 = PRODUCT('K25','K25','',(#6080));
#6080 = PRODUCT_CONTEXT('',#2,'mechanical');
#6081 = PRODUCT_DEFINITION_CONTEXT('part definition',#2,'design');
#6082 = CONTEXT_DEPENDENT_SHAPE_REPRESENTATION(#6083,#6085);
#6083 = ( REPRESENTATION_RELATIONSHIP('','',#6057,#10) 
REPRESENTATION_RELATIONSHIP_WITH_TRANSFORMATION(#6084) 
SHAPE_REPRESENTATION_RELATIONSHIP() );
#6084 = ITEM_DEFINED_TRANSFORMATION('','',#11,#607);
#6085 = PRODUCT_DEFINITION_SHAPE('Placement','Placement of an item',
  #6086);
#6086 = NEXT_ASSEMBLY_USAGE_OCCURRENCE('149','=>[0:1:1:150]','',#5,#6077
  ,$);
#6087 = PRODUCT_RELATED_PRODUCT_CATEGORY('part',$,(#6079));
#6088 = ADVANCED_BREP_SHAPE_REPRESENTATION('',(#11,#6089),#6101);
#6089 = MANIFOLD_SOLID_BREP('',#6090);
#6090 = CLOSED_SHELL('',(#6091));
#6091 = ADVANCED_FACE('',(#6092),#6096,.T.);
#6092 = FACE_BOUND('',#6093,.T.);
#6093 = VERTEX_LOOP('',#6094);
#6094 = VERTEX_POINT('',#6095);
#6095 = CARTESIAN_POINT('',(7.654042494671E-18,-1.874699728327E-33,
    -0.125));
#6096 = SPHERICAL_SURFACE('',#6097,0.125);
#6097 = AXIS2_PLACEMENT_3D('',#6098,#6099,#6100);
#6098 = CARTESIAN_POINT('',(0.,0.,0.));
#6099 = DIRECTION('',(0.,0.,1.));
#6100 = DIRECTION('',(1.,0.,-0.));
#6101 = ( GEOMETRIC_REPRESENTATION_CONTEXT(3) 
GLOBAL_UNCERTAINTY_ASSIGNED_CONTEXT((#6105)) 
GLOBAL_UNIT_ASSIGNED_CONTEXT((#6102,#6103,#6104)) REPRESENTATION_CONTEXT
('Context #1','3D Context with UNIT and UNCERTAINTY') );
#6102 = ( LENGTH_UNIT() NAMED_UNIT(*) SI_UNIT(.MILLI.,.METRE.) );
#6103 = ( NAMED_UNIT(*) PLANE_ANGLE_UNIT() SI_UNIT($,.RADIAN.) );
#6104 = ( NAMED_UNIT(*) SI_UNIT($,.STERADIAN.) SOLID_ANGLE_UNIT() );
#6105 = UNCERTAINTY_MEASURE_WITH_UNIT(LENGTH_MEASURE(1.E-07),#6102,
  'distance_accuracy_value','confusion accuracy');
#6106 = SHAPE_DEFINITION_REPRESENTATION(#6107,#6088);
#6107 = PRODUCT_DEFINITION_SHAPE('','',#6108);
#6108 = PRODUCT_DEFINITION('design','',#6109,#6112);
#6109 = PRODUCT_DEFINITION_FORMATION('','',#6110);
#6110 = PRODUCT('L1','L1','',(#6111));
#6111 = PRODUCT_CONTEXT('',#2,'mechanical');
#6112 = PRODUCT_DEFINITION_CONTEXT('part definition',#2,'design');
#6113 = CONTEXT_DEPENDENT_SHAPE_REPRESENTATION(#6114,#6116);
#6114 = ( REPRESENTATION_RELATIONSHIP('','',#6088,#10) 
REPRESENTATION_RELATIONSHIP_WITH_TRANSFORMATION(#6115) 
SHAPE_REPRESENTATION_RELATIONSHIP() );
#6115 = ITEM_DEFINED_TRANSFORMATION('','',#11,#611);
#6116 = PRODUCT_DEFINITION_SHAPE('Placement','Placement of an item',
  #6117);
#6117 = NEXT_ASSEMBLY_USAGE_OCCURRENCE('150','=>[0:1:1:151]','',#5,#6108
  ,$);
#6118 = PRODUCT_RELATED_PRODUCT_CATEGORY('part',$,(#6110));
#6119 = ADVANCED_BREP_SHAPE_REPRESENTATION('',(#11,#6120),#6132);
#6120 = MANIFOLD_SOLID_BREP('',#6121);
#6121 = CLOSED_SHELL('',(#6122));
#6122 = ADVANCED_FACE('',(#6123),#6127,.T.);
#6123 = FACE_BOUND('',#6124,.T.);
#6124 = VERTEX_LOOP('',#6125);
#6125 = VERTEX_POINT('',#6126);
#6126 = CARTESIAN_POINT('',(7.654042494671E-18,-1.874699728327E-33,
    -0.125));
#6127 = SPHERICAL_SURFACE('',#6128,0.125);
#6128 = AXIS2_PLACEMENT_3D('',#6129,#6130,#6131);
#6129 = CARTESIAN_POINT('',(0.,0.,0.));
#6130 = DIRECTION('',(0.,0.,1.));
#6131 = DIRECTION('',(1.,0.,-0.));
#6132 = ( GEOMETRIC_REPRESENTATION_CONTEXT(3) 
GLOBAL_UNCERTAINTY_ASSIGNED_CONTEXT((#6136)) 
GLOBAL_UNIT_ASSIGNED_CONTEXT((#6133,#6134,#6135)) REPRESENTATION_CONTEXT
('Context #1','3D Context with UNIT and UNCERTAINTY') );
#6133 = ( LENGTH_UNIT() NAMED_UNIT(*) SI_UNIT(.MILLI.,.METRE.) );
#6134 = ( NAMED_UNIT(*) PLANE_ANGLE_UNIT() SI_UNIT($,.RADIAN.) );
#6135 = ( NAMED_UNIT(*) SI_UNIT($,.STERADIAN.) SOLID_ANGLE_UNIT() );
#6136 = UNCERTAINTY_MEASURE_WITH_UNIT(LENGTH_MEASURE(1.E-07),#6133,
  'distance_accuracy_value','confusion accuracy');
#6137 = SHAPE_DEFINITION_REPRESENTATION(#6138,#6119);
#6138 = PRODUCT_DEFINITION_SHAPE('','',#6139);
#6139 = PRODUCT_DEFINITION('design','',#6140,#6143);
#6140 = PRODUCT_DEFINITION_FORMATION('','',#6141);
#6141 = PRODUCT('L2','L2','',(#6142));
#6142 = PRODUCT_CONTEXT('',#2,'mechanical');
#6143 = PRODUCT_DEFINITION_CONTEXT('part definition',#2,'design');
#6144 = CONTEXT_DEPENDENT_SHAPE_REPRESENTATION(#6145,#6147);
#6145 = ( REPRESENTATION_RELATIONSHIP('','',#6119,#10) 
REPRESENTATION_RELATIONSHIP_WITH_TRANSFORMATION(#6146) 
SHAPE_REPRESENTATION_RELATIONSHIP() );
#6146 = ITEM_DEFINED_TRANSFORMATION('','',#11,#615);
#6147 = PRODUCT_DEFINITION_SHAPE('Placement','Placement of an item',
  #6148);
#6148 = NEXT_ASSEMBLY_USAGE_OCCURRENCE('151','=>[0:1:1:152]','',#5,#6139
  ,$);
#6149 = PRODUCT_RELATED_PRODUCT_CATEGORY('part',$,(#6141));
#6150 = ADVANCED_BREP_SHAPE_REPRESENTATION('',(#11,#6151),#6163);
#6151 = MANIFOLD_SOLID_BREP('',#6152);
#6152 = CLOSED_SHELL('',(#6153));
#6153 = ADVANCED_FACE('',(#6154),#6158,.T.);
#6154 = FACE_BOUND('',#6155,.T.);
#6155 = VERTEX_LOOP('',#6156);
#6156 = VERTEX_POINT('',#6157);
#6157 = CARTESIAN_POINT('',(7.654042494671E-18,-1.874699728327E-33,
    -0.125));
#6158 = SPHERICAL_SURFACE('',#6159,0.125);
#6159 = AXIS2_PLACEMENT_3D('',#6160,#6161,#6162);
#6160 = CARTESIAN_POINT('',(0.,0.,0.));
#6161 = DIRECTION('',(0.,0.,1.));
#6162 = DIRECTION('',(1.,0.,-0.));
#6163 = ( GEOMETRIC_REPRESENTATION_CONTEXT(3) 
GLOBAL_UNCERTAINTY_ASSIGNED_CONTEXT((#6167)) 
GLOBAL_UNIT_ASSIGNED_CONTEXT((#6164,#6165,#6166)) REPRESENTATION_CONTEXT
('Context #1','3D Context with UNIT and UNCERTAINTY') );
#6164 = ( LENGTH_UNIT() NAMED_UNIT(*) SI_UNIT(.MILLI.,.METRE.) );
#6165 = ( NAMED_UNIT(*) PLANE_ANGLE_UNIT() SI_UNIT($,.RADIAN.) );
#6166 = ( NAMED_UNIT(*) SI_UNIT($,.STERADIAN.) SOLID_ANGLE_UNIT() );
#6167 = UNCERTAINTY_MEASURE_WITH_UNIT(LENGTH_MEASURE(1.E-07),#6164,
  'distance_accuracy_value','confusion accuracy');
#6168 = SHAPE_DEFINITION_REPRESENTATION(#6169,#6150);
#6169 = PRODUCT_DEFINITION_SHAPE('','',#6170);
#6170 = PRODUCT_DEFINITION('design','',#6171,#6174);
#6171 = PRODUCT_DEFINITION_FORMATION('','',#6172);
#6172 = PRODUCT('L3','L3','',(#6173));
#6173 = PRODUCT_CONTEXT('',#2,'mechanical');
#6174 = PRODUCT_DEFINITION_CONTEXT('part definition',#2,'design');
#6175 = CONTEXT_DEPENDENT_SHAPE_REPRESENTATION(#6176,#6178);
#6176 = ( REPRESENTATION_RELATIONSHIP('','',#6150,#10) 
REPRESENTATION_RELATIONSHIP_WITH_TRANSFORMATION(#6177) 
SHAPE_REPRESENTATION_RELATIONSHIP() );
#6177 = ITEM_DEFINED_TRANSFORMATION('','',#11,#619);
#6178 = PRODUCT_DEFINITION_SHAPE('Placement','Placement of an item',
  #6179);
#6179 = NEXT_ASSEMBLY_USAGE_OCCURRENCE('152','=>[0:1:1:153]','',#5,#6170
  ,$);
#6180 = PRODUCT_RELATED_PRODUCT_CATEGORY('part',$,(#6172));
#6181 = ADVANCED_BREP_SHAPE_REPRESENTATION('',(#11,#6182),#6194);
#6182 = MANIFOLD_SOLID_BREP('',#6183);
#6183 = CLOSED_SHELL('',(#6184));
#6184 = ADVANCED_FACE('',(#6185),#6189,.T.);
#6185 = FACE_BOUND('',#6186,.T.);
#6186 = VERTEX_LOOP('',#6187);
#6187 = VERTEX_POINT('',#6188);
#6188 = CARTESIAN_POINT('',(7.654042494671E-18,-1.874699728327E-33,
    -0.125));
#6189 = SPHERICAL_SURFACE('',#6190,0.125);
#6190 = AXIS2_PLACEMENT_3D('',#6191,#6192,#6193);
#6191 = CARTESIAN_POINT('',(0.,0.,0.));
#6192 = DIRECTION('',(0.,0.,1.));
#6193 = DIRECTION('',(1.,0.,-0.));
#6194 = ( GEOMETRIC_REPRESENTATION_CONTEXT(3) 
GLOBAL_UNCERTAINTY_ASSIGNED_CONTEXT((#6198)) 
GLOBAL_UNIT_ASSIGNED_CONTEXT((#6195,#6196,#6197)) REPRESENTATION_CONTEXT
('Context #1','3D Context with UNIT and UNCERTAINTY') );
#6195 = ( LENGTH_UNIT() NAMED_UNIT(*) SI_UNIT(.MILLI.,.METRE.) );
#6196 = ( NAMED_UNIT(*) PLANE_ANGLE_UNIT() SI_UNIT($,.RADIAN.) );
#6197 = ( NAMED_UNIT(*) SI_UNIT($,.STERADIAN.) SOLID_ANGLE_UNIT() );
#6198 = UNCERTAINTY_MEASURE_WITH_UNIT(LENGTH_MEASURE(1.E-07),#6195,
  'distance_accuracy_value','confusion accuracy');
#6199 = SHAPE_DEFINITION_REPRESENTATION(#6200,#6181);
#6200 = PRODUCT_DEFINITION_SHAPE('','',#6201);
#6201 = PRODUCT_DEFINITION('design','',#6202,#6205);
#6202 = PRODUCT_DEFINITION_FORMATION('','',#6203);
#6203 = PRODUCT('L6','L6','',(#6204));
#6204 = PRODUCT_CONTEXT('',#2,'mechanical');
#6205 = PRODUCT_DEFINITION_CONTEXT('part definition',#2,'design');
#6206 = CONTEXT_DEPENDENT_SHAPE_REPRESENTATION(#6207,#6209);
#6207 = ( REPRESENTATION_RELATIONSHIP('','',#6181,#10) 
REPRESENTATION_RELATIONSHIP_WITH_TRANSFORMATION(#6208) 
SHAPE_REPRESENTATION_RELATIONSHIP() );
#6208 = ITEM_DEFINED_TRANSFORMATION('','',#11,#623);
#6209 = PRODUCT_DEFINITION_SHAPE('Placement','Placement of an item',
  #6210);
#6210 = NEXT_ASSEMBLY_USAGE_OCCURRENCE('153','=>[0:1:1:154]','',#5,#6201
  ,$);
#6211 = PRODUCT_RELATED_PRODUCT_CATEGORY('part',$,(#6203));
#6212 = ADVANCED_BREP_SHAPE_REPRESENTATION('',(#11,#6213),#6225);
#6213 = MANIFOLD_SOLID_BREP('',#6214);
#6214 = CLOSED_SHELL('',(#6215));
#6215 = ADVANCED_FACE('',(#6216),#6220,.T.);
#6216 = FACE_BOUND('',#6217,.T.);
#6217 = VERTEX_LOOP('',#6218);
#6218 = VERTEX_POINT('',#6219);
#6219 = CARTESIAN_POINT('',(7.654042494671E-18,-1.874699728327E-33,
    -0.125));
#6220 = SPHERICAL_SURFACE('',#6221,0.125);
#6221 = AXIS2_PLACEMENT_3D('',#6222,#6223,#6224);
#6222 = CARTESIAN_POINT('',(0.,0.,0.));
#6223 = DIRECTION('',(0.,0.,1.));
#6224 = DIRECTION('',(1.,0.,-0.));
#6225 = ( GEOMETRIC_REPRESENTATION_CONTEXT(3) 
GLOBAL_UNCERTAINTY_ASSIGNED_CONTEXT((#6229)) 
GLOBAL_UNIT_ASSIGNED_CONTEXT((#6226,#6227,#6228)) REPRESENTATION_CONTEXT
('Context #1','3D Context with UNIT and UNCERTAINTY') );
#6226 = ( LENGTH_UNIT() NAMED_UNIT(*) SI_UNIT(.MILLI.,.METRE.) );
#6227 = ( NAMED_UNIT(*) PLANE_ANGLE_UNIT() SI_UNIT($,.RADIAN.) );
#6228 = ( NAMED_UNIT(*) SI_UNIT($,.STERADIAN.) SOLID_ANGLE_UNIT() );
#6229 = UNCERTAINTY_MEASURE_WITH_UNIT(LENGTH_MEASURE(1.E-07),#6226,
  'distance_accuracy_value','confusion accuracy');
#6230 = SHAPE_DEFINITION_REPRESENTATION(#6231,#6212);
#6231 = PRODUCT_DEFINITION_SHAPE('','',#6232);
#6232 = PRODUCT_DEFINITION('design','',#6233,#6236);
#6233 = PRODUCT_DEFINITION_FORMATION('','',#6234);
#6234 = PRODUCT('L9','L9','',(#6235));
#6235 = PRODUCT_CONTEXT('',#2,'mechanical');
#6236 = PRODUCT_DEFINITION_CONTEXT('part definition',#2,'design');
#6237 = CONTEXT_DEPENDENT_SHAPE_REPRESENTATION(#6238,#6240);
#6238 = ( REPRESENTATION_RELATIONSHIP('','',#6212,#10) 
REPRESENTATION_RELATIONSHIP_WITH_TRANSFORMATION(#6239) 
SHAPE_REPRESENTATION_RELATIONSHIP() );
#6239 = ITEM_DEFINED_TRANSFORMATION('','',#11,#627);
#6240 = PRODUCT_DEFINITION_SHAPE('Placement','Placement of an item',
  #6241);
#6241 = NEXT_ASSEMBLY_USAGE_OCCURRENCE('154','=>[0:1:1:155]','',#5,#6232
  ,$);
#6242 = PRODUCT_RELATED_PRODUCT_CATEGORY('part',$,(#6234));
#6243 = ADVANCED_BREP_SHAPE_REPRESENTATION('',(#11,#6244),#6256);
#6244 = MANIFOLD_SOLID_BREP('',#6245);
#6245 = CLOSED_SHELL('',(#6246));
#6246 = ADVANCED_FACE('',(#6247),#6251,.T.);
#6247 = FACE_BOUND('',#6248,.T.);
#6248 = VERTEX_LOOP('',#6249);
#6249 = VERTEX_POINT('',#6250);
#6250 = CARTESIAN_POINT('',(7.654042494671E-18,-1.874699728327E-33,
    -0.125));
#6251 = SPHERICAL_SURFACE('',#6252,0.125);
#6252 = AXIS2_PLACEMENT_3D('',#6253,#6254,#6255);
#6253 = CARTESIAN_POINT('',(0.,0.,0.));
#6254 = DIRECTION('',(0.,0.,1.));
#6255 = DIRECTION('',(1.,0.,-0.));
#6256 = ( GEOMETRIC_REPRESENTATION_CONTEXT(3) 
GLOBAL_UNCERTAINTY_ASSIGNED_CONTEXT((#6260)) 
GLOBAL_UNIT_ASSIGNED_CONTEXT((#6257,#6258,#6259)) REPRESENTATION_CONTEXT
('Context #1','3D Context with UNIT and UNCERTAINTY') );
#6257 = ( LENGTH_UNIT() NAMED_UNIT(*) SI_UNIT(.MILLI.,.METRE.) );
#6258 = ( NAMED_UNIT(*) PLANE_ANGLE_UNIT() SI_UNIT($,.RADIAN.) );
#6259 = ( NAMED_UNIT(*) SI_UNIT($,.STERADIAN.) SOLID_ANGLE_UNIT() );
#6260 = UNCERTAINTY_MEASURE_WITH_UNIT(LENGTH_MEASURE(1.E-07),#6257,
  'distance_accuracy_value','confusion accuracy');
#6261 = SHAPE_DEFINITION_REPRESENTATION(#6262,#6243);
#6262 = PRODUCT_DEFINITION_SHAPE('','',#6263);
#6263 = PRODUCT_DEFINITION('design','',#6264,#6267);
#6264 = PRODUCT_DEFINITION_FORMATION('','',#6265);
#6265 = PRODUCT('L11','L11','',(#6266));
#6266 = PRODUCT_CONTEXT('',#2,'mechanical');
#6267 = PRODUCT_DEFINITION_CONTEXT('part definition',#2,'design');
#6268 = CONTEXT_DEPENDENT_SHAPE_REPRESENTATION(#6269,#6271);
#6269 = ( REPRESENTATION_RELATIONSHIP('','',#6243,#10) 
REPRESENTATION_RELATIONSHIP_WITH_TRANSFORMATION(#6270) 
SHAPE_REPRESENTATION_RELATIONSHIP() );
#6270 = ITEM_DEFINED_TRANSFORMATION('','',#11,#631);
#6271 = PRODUCT_DEFINITION_SHAPE('Placement','Placement of an item',
  #6272);
#6272 = NEXT_ASSEMBLY_USAGE_OCCURRENCE('155','=>[0:1:1:156]','',#5,#6263
  ,$);
#6273 = PRODUCT_RELATED_PRODUCT_CATEGORY('part',$,(#6265));
#6274 = ADVANCED_BREP_SHAPE_REPRESENTATION('',(#11,#6275),#6287);
#6275 = MANIFOLD_SOLID_BREP('',#6276);
#6276 = CLOSED_SHELL('',(#6277));
#6277 = ADVANCED_FACE('',(#6278),#6282,.T.);
#6278 = FACE_BOUND('',#6279,.T.);
#6279 = VERTEX_LOOP('',#6280);
#6280 = VERTEX_POINT('',#6281);
#6281 = CARTESIAN_POINT('',(7.654042494671E-18,-1.874699728327E-33,
    -0.125));
#6282 = SPHERICAL_SURFACE('',#6283,0.125);
#6283 = AXIS2_PLACEMENT_3D('',#6284,#6285,#6286);
#6284 = CARTESIAN_POINT('',(0.,0.,0.));
#6285 = DIRECTION('',(0.,0.,1.));
#6286 = DIRECTION('',(1.,0.,-0.));
#6287 = ( GEOMETRIC_REPRESENTATION_CONTEXT(3) 
GLOBAL_UNCERTAINTY_ASSIGNED_CONTEXT((#6291)) 
GLOBAL_UNIT_ASSIGNED_CONTEXT((#6288,#6289,#6290)) REPRESENTATION_CONTEXT
('Context #1','3D Context with UNIT and UNCERTAINTY') );
#6288 = ( LENGTH_UNIT() NAMED_UNIT(*) SI_UNIT(.MILLI.,.METRE.) );
#6289 = ( NAMED_UNIT(*) PLANE_ANGLE_UNIT() SI_UNIT($,.RADIAN.) );
#6290 = ( NAMED_UNIT(*) SI_UNIT($,.STERADIAN.) SOLID_ANGLE_UNIT() );
#6291 = UNCERTAINTY_MEASURE_WITH_UNIT(LENGTH_MEASURE(1.E-07),#6288,
  'distance_accuracy_value','confusion accuracy');
#6292 = SHAPE_DEFINITION_REPRESENTATION(#6293,#6274);
#6293 = PRODUCT_DEFINITION_SHAPE('','',#6294);
#6294 = PRODUCT_DEFINITION('design','',#6295,#6298);
#6295 = PRODUCT_DEFINITION_FORMATION('','',#6296);
#6296 = PRODUCT('L13','L13','',(#6297));
#6297 = PRODUCT_CONTEXT('',#2,'mechanical');
#6298 = PRODUCT_DEFINITION_CONTEXT('part definition',#2,'design');
#6299 = CONTEXT_DEPENDENT_SHAPE_REPRESENTATION(#6300,#6302);
#6300 = ( REPRESENTATION_RELATIONSHIP('','',#6274,#10) 
REPRESENTATION_RELATIONSHIP_WITH_TRANSFORMATION(#6301) 
SHAPE_REPRESENTATION_RELATIONSHIP() );
#6301 = ITEM_DEFINED_TRANSFORMATION('','',#11,#635);
#6302 = PRODUCT_DEFINITION_SHAPE('Placement','Placement of an item',
  #6303);
#6303 = NEXT_ASSEMBLY_USAGE_OCCURRENCE('156','=>[0:1:1:157]','',#5,#6294
  ,$);
#6304 = PRODUCT_RELATED_PRODUCT_CATEGORY('part',$,(#6296));
#6305 = ADVANCED_BREP_SHAPE_REPRESENTATION('',(#11,#6306),#6318);
#6306 = MANIFOLD_SOLID_BREP('',#6307);
#6307 = CLOSED_SHELL('',(#6308));
#6308 = ADVANCED_FACE('',(#6309),#6313,.T.);
#6309 = FACE_BOUND('',#6310,.T.);
#6310 = VERTEX_LOOP('',#6311);
#6311 = VERTEX_POINT('',#6312);
#6312 = CARTESIAN_POINT('',(7.654042494671E-18,-1.874699728327E-33,
    -0.125));
#6313 = SPHERICAL_SURFACE('',#6314,0.125);
#6314 = AXIS2_PLACEMENT_3D('',#6315,#6316,#6317);
#6315 = CARTESIAN_POINT('',(0.,0.,0.));
#6316 = DIRECTION('',(0.,0.,1.));
#6317 = DIRECTION('',(1.,0.,-0.));
#6318 = ( GEOMETRIC_REPRESENTATION_CONTEXT(3) 
GLOBAL_UNCERTAINTY_ASSIGNED_CONTEXT((#6322)) 
GLOBAL_UNIT_ASSIGNED_CONTEXT((#6319,#6320,#6321)) REPRESENTATION_CONTEXT
('Context #1','3D Context with UNIT and UNCERTAINTY') );
#6319 = ( LENGTH_UNIT() NAMED_UNIT(*) SI_UNIT(.MILLI.,.METRE.) );
#6320 = ( NAMED_UNIT(*) PLANE_ANGLE_UNIT() SI_UNIT($,.RADIAN.) );
#6321 = ( NAMED_UNIT(*) SI_UNIT($,.STERADIAN.) SOLID_ANGLE_UNIT() );
#6322 = UNCERTAINTY_MEASURE_WITH_UNIT(LENGTH_MEASURE(1.E-07),#6319,
  'distance_accuracy_value','confusion accuracy');
#6323 = SHAPE_DEFINITION_REPRESENTATION(#6324,#6305);
#6324 = PRODUCT_DEFINITION_SHAPE('','',#6325);
#6325 = PRODUCT_DEFINITION('design','',#6326,#6329);
#6326 = PRODUCT_DEFINITION_FORMATION('','',#6327);
#6327 = PRODUCT('L15','L15','',(#6328));
#6328 = PRODUCT_CONTEXT('',#2,'mechanical');
#6329 = PRODUCT_DEFINITION_CONTEXT('part definition',#2,'design');
#6330 = CONTEXT_DEPENDENT_SHAPE_REPRESENTATION(#6331,#6333);
#6331 = ( REPRESENTATION_RELATIONSHIP('','',#6305,#10) 
REPRESENTATION_RELATIONSHIP_WITH_TRANSFORMATION(#6332) 
SHAPE_REPRESENTATION_RELATIONSHIP() );
#6332 = ITEM_DEFINED_TRANSFORMATION('','',#11,#639);
#6333 = PRODUCT_DEFINITION_SHAPE('Placement','Placement of an item',
  #6334);
#6334 = NEXT_ASSEMBLY_USAGE_OCCURRENCE('157','=>[0:1:1:158]','',#5,#6325
  ,$);
#6335 = PRODUCT_RELATED_PRODUCT_CATEGORY('part',$,(#6327));
#6336 = ADVANCED_BREP_SHAPE_REPRESENTATION('',(#11,#6337),#6349);
#6337 = MANIFOLD_SOLID_BREP('',#6338);
#6338 = CLOSED_SHELL('',(#6339));
#6339 = ADVANCED_FACE('',(#6340),#6344,.T.);
#6340 = FACE_BOUND('',#6341,.T.);
#6341 = VERTEX_LOOP('',#6342);
#6342 = VERTEX_POINT('',#6343);
#6343 = CARTESIAN_POINT('',(7.654042494671E-18,-1.874699728327E-33,
    -0.125));
#6344 = SPHERICAL_SURFACE('',#6345,0.125);
#6345 = AXIS2_PLACEMENT_3D('',#6346,#6347,#6348);
#6346 = CARTESIAN_POINT('',(0.,0.,0.));
#6347 = DIRECTION('',(0.,0.,1.));
#6348 = DIRECTION('',(1.,0.,-0.));
#6349 = ( GEOMETRIC_REPRESENTATION_CONTEXT(3) 
GLOBAL_UNCERTAINTY_ASSIGNED_CONTEXT((#6353)) 
GLOBAL_UNIT_ASSIGNED_CONTEXT((#6350,#6351,#6352)) REPRESENTATION_CONTEXT
('Context #1','3D Context with UNIT and UNCERTAINTY') );
#6350 = ( LENGTH_UNIT() NAMED_UNIT(*) SI_UNIT(.MILLI.,.METRE.) );
#6351 = ( NAMED_UNIT(*) PLANE_ANGLE_UNIT() SI_UNIT($,.RADIAN.) );
#6352 = ( NAMED_UNIT(*) SI_UNIT($,.STERADIAN.) SOLID_ANGLE_UNIT() );
#6353 = UNCERTAINTY_MEASURE_WITH_UNIT(LENGTH_MEASURE(1.E-07),#6350,
  'distance_accuracy_value','confusion accuracy');
#6354 = SHAPE_DEFINITION_REPRESENTATION(#6355,#6336);
#6355 = PRODUCT_DEFINITION_SHAPE('','',#6356);
#6356 = PRODUCT_DEFINITION('design','',#6357,#6360);
#6357 = PRODUCT_DEFINITION_FORMATION('','',#6358);
#6358 = PRODUCT('L17','L17','',(#6359));
#6359 = PRODUCT_CONTEXT('',#2,'mechanical');
#6360 = PRODUCT_DEFINITION_CONTEXT('part definition',#2,'design');
#6361 = CONTEXT_DEPENDENT_SHAPE_REPRESENTATION(#6362,#6364);
#6362 = ( REPRESENTATION_RELATIONSHIP('','',#6336,#10) 
REPRESENTATION_RELATIONSHIP_WITH_TRANSFORMATION(#6363) 
SHAPE_REPRESENTATION_RELATIONSHIP() );
#6363 = ITEM_DEFINED_TRANSFORMATION('','',#11,#643);
#6364 = PRODUCT_DEFINITION_SHAPE('Placement','Placement of an item',
  #6365);
#6365 = NEXT_ASSEMBLY_USAGE_OCCURRENCE('158','=>[0:1:1:159]','',#5,#6356
  ,$);
#6366 = PRODUCT_RELATED_PRODUCT_CATEGORY('part',$,(#6358));
#6367 = ADVANCED_BREP_SHAPE_REPRESENTATION('',(#11,#6368),#6380);
#6368 = MANIFOLD_SOLID_BREP('',#6369);
#6369 = CLOSED_SHELL('',(#6370));
#6370 = ADVANCED_FACE('',(#6371),#6375,.T.);
#6371 = FACE_BOUND('',#6372,.T.);
#6372 = VERTEX_LOOP('',#6373);
#6373 = VERTEX_POINT('',#6374);
#6374 = CARTESIAN_POINT('',(7.654042494671E-18,-1.874699728327E-33,
    -0.125));
#6375 = SPHERICAL_SURFACE('',#6376,0.125);
#6376 = AXIS2_PLACEMENT_3D('',#6377,#6378,#6379);
#6377 = CARTESIAN_POINT('',(0.,0.,0.));
#6378 = DIRECTION('',(0.,0.,1.));
#6379 = DIRECTION('',(1.,0.,-0.));
#6380 = ( GEOMETRIC_REPRESENTATION_CONTEXT(3) 
GLOBAL_UNCERTAINTY_ASSIGNED_CONTEXT((#6384)) 
GLOBAL_UNIT_ASSIGNED_CONTEXT((#6381,#6382,#6383)) REPRESENTATION_CONTEXT
('Context #1','3D Context with UNIT and UNCERTAINTY') );
#6381 = ( LENGTH_UNIT() NAMED_UNIT(*) SI_UNIT(.MILLI.,.METRE.) );
#6382 = ( NAMED_UNIT(*) PLANE_ANGLE_UNIT() SI_UNIT($,.RADIAN.) );
#6383 = ( NAMED_UNIT(*) SI_UNIT($,.STERADIAN.) SOLID_ANGLE_UNIT() );
#6384 = UNCERTAINTY_MEASURE_WITH_UNIT(LENGTH_MEASURE(1.E-07),#6381,
  'distance_accuracy_value','confusion accuracy');
#6385 = SHAPE_DEFINITION_REPRESENTATION(#6386,#6367);
#6386 = PRODUCT_DEFINITION_SHAPE('','',#6387);
#6387 = PRODUCT_DEFINITION('design','',#6388,#6391);
#6388 = PRODUCT_DEFINITION_FORMATION('','',#6389);
#6389 = PRODUCT('L20','L20','',(#6390));
#6390 = PRODUCT_CONTEXT('',#2,'mechanical');
#6391 = PRODUCT_DEFINITION_CONTEXT('part definition',#2,'design');
#6392 = CONTEXT_DEPENDENT_SHAPE_REPRESENTATION(#6393,#6395);
#6393 = ( REPRESENTATION_RELATIONSHIP('','',#6367,#10) 
REPRESENTATION_RELATIONSHIP_WITH_TRANSFORMATION(#6394) 
SHAPE_REPRESENTATION_RELATIONSHIP() );
#6394 = ITEM_DEFINED_TRANSFORMATION('','',#11,#647);
#6395 = PRODUCT_DEFINITION_SHAPE('Placement','Placement of an item',
  #6396);
#6396 = NEXT_ASSEMBLY_USAGE_OCCURRENCE('159','=>[0:1:1:160]','',#5,#6387
  ,$);
#6397 = PRODUCT_RELATED_PRODUCT_CATEGORY('part',$,(#6389));
#6398 = ADVANCED_BREP_SHAPE_REPRESENTATION('',(#11,#6399),#6411);
#6399 = MANIFOLD_SOLID_BREP('',#6400);
#6400 = CLOSED_SHELL('',(#6401));
#6401 = ADVANCED_FACE('',(#6402),#6406,.T.);
#6402 = FACE_BOUND('',#6403,.T.);
#6403 = VERTEX_LOOP('',#6404);
#6404 = VERTEX_POINT('',#6405);
#6405 = CARTESIAN_POINT('',(7.654042494671E-18,-1.874699728327E-33,
    -0.125));
#6406 = SPHERICAL_SURFACE('',#6407,0.125);
#6407 = AXIS2_PLACEMENT_3D('',#6408,#6409,#6410);
#6408 = CARTESIAN_POINT('',(0.,0.,0.));
#6409 = DIRECTION('',(0.,0.,1.));
#6410 = DIRECTION('',(1.,0.,-0.));
#6411 = ( GEOMETRIC_REPRESENTATION_CONTEXT(3) 
GLOBAL_UNCERTAINTY_ASSIGNED_CONTEXT((#6415)) 
GLOBAL_UNIT_ASSIGNED_CONTEXT((#6412,#6413,#6414)) REPRESENTATION_CONTEXT
('Context #1','3D Context with UNIT and UNCERTAINTY') );
#6412 = ( LENGTH_UNIT() NAMED_UNIT(*) SI_UNIT(.MILLI.,.METRE.) );
#6413 = ( NAMED_UNIT(*) PLANE_ANGLE_UNIT() SI_UNIT($,.RADIAN.) );
#6414 = ( NAMED_UNIT(*) SI_UNIT($,.STERADIAN.) SOLID_ANGLE_UNIT() );
#6415 = UNCERTAINTY_MEASURE_WITH_UNIT(LENGTH_MEASURE(1.E-07),#6412,
  'distance_accuracy_value','confusion accuracy');
#6416 = SHAPE_DEFINITION_REPRESENTATION(#6417,#6398);
#6417 = PRODUCT_DEFINITION_SHAPE('','',#6418);
#6418 = PRODUCT_DEFINITION('design','',#6419,#6422);
#6419 = PRODUCT_DEFINITION_FORMATION('','',#6420);
#6420 = PRODUCT('L23','L23','',(#6421));
#6421 = PRODUCT_CONTEXT('',#2,'mechanical');
#6422 = PRODUCT_DEFINITION_CONTEXT('part definition',#2,'design');
#6423 = CONTEXT_DEPENDENT_SHAPE_REPRESENTATION(#6424,#6426);
#6424 = ( REPRESENTATION_RELATIONSHIP('','',#6398,#10) 
REPRESENTATION_RELATIONSHIP_WITH_TRANSFORMATION(#6425) 
SHAPE_REPRESENTATION_RELATIONSHIP() );
#6425 = ITEM_DEFINED_TRANSFORMATION('','',#11,#651);
#6426 = PRODUCT_DEFINITION_SHAPE('Placement','Placement of an item',
  #6427);
#6427 = NEXT_ASSEMBLY_USAGE_OCCURRENCE('160','=>[0:1:1:161]','',#5,#6418
  ,$);
#6428 = PRODUCT_RELATED_PRODUCT_CATEGORY('part',$,(#6420));
#6429 = ADVANCED_BREP_SHAPE_REPRESENTATION('',(#11,#6430),#6442);
#6430 = MANIFOLD_SOLID_BREP('',#6431);
#6431 = CLOSED_SHELL('',(#6432));
#6432 = ADVANCED_FACE('',(#6433),#6437,.T.);
#6433 = FACE_BOUND('',#6434,.T.);
#6434 = VERTEX_LOOP('',#6435);
#6435 = VERTEX_POINT('',#6436);
#6436 = CARTESIAN_POINT('',(7.654042494671E-18,-1.874699728327E-33,
    -0.125));
#6437 = SPHERICAL_SURFACE('',#6438,0.125);
#6438 = AXIS2_PLACEMENT_3D('',#6439,#6440,#6441);
#6439 = CARTESIAN_POINT('',(0.,0.,0.));
#6440 = DIRECTION('',(0.,0.,1.));
#6441 = DIRECTION('',(1.,0.,-0.));
#6442 = ( GEOMETRIC_REPRESENTATION_CONTEXT(3) 
GLOBAL_UNCERTAINTY_ASSIGNED_CONTEXT((#6446)) 
GLOBAL_UNIT_ASSIGNED_CONTEXT((#6443,#6444,#6445)) REPRESENTATION_CONTEXT
('Context #1','3D Context with UNIT and UNCERTAINTY') );
#6443 = ( LENGTH_UNIT() NAMED_UNIT(*) SI_UNIT(.MILLI.,.METRE.) );
#6444 = ( NAMED_UNIT(*) PLANE_ANGLE_UNIT() SI_UNIT($,.RADIAN.) );
#6445 = ( NAMED_UNIT(*) SI_UNIT($,.STERADIAN.) SOLID_ANGLE_UNIT() );
#6446 = UNCERTAINTY_MEASURE_WITH_UNIT(LENGTH_MEASURE(1.E-07),#6443,
  'distance_accuracy_value','confusion accuracy');
#6447 = SHAPE_DEFINITION_REPRESENTATION(#6448,#6429);
#6448 = PRODUCT_DEFINITION_SHAPE('','',#6449);
#6449 = PRODUCT_DEFINITION('design','',#6450,#6453);
#6450 = PRODUCT_DEFINITION_FORMATION('','',#6451);
#6451 = PRODUCT('L24','L24','',(#6452));
#6452 = PRODUCT_CONTEXT('',#2,'mechanical');
#6453 = PRODUCT_DEFINITION_CONTEXT('part definition',#2,'design');
#6454 = CONTEXT_DEPENDENT_SHAPE_REPRESENTATION(#6455,#6457);
#6455 = ( REPRESENTATION_RELATIONSHIP('','',#6429,#10) 
REPRESENTATION_RELATIONSHIP_WITH_TRANSFORMATION(#6456) 
SHAPE_REPRESENTATION_RELATIONSHIP() );
#6456 = ITEM_DEFINED_TRANSFORMATION('','',#11,#655);
#6457 = PRODUCT_DEFINITION_SHAPE('Placement','Placement of an item',
  #6458);
#6458 = NEXT_ASSEMBLY_USAGE_OCCURRENCE('161','=>[0:1:1:162]','',#5,#6449
  ,$);
#6459 = PRODUCT_RELATED_PRODUCT_CATEGORY('part',$,(#6451));
#6460 = ADVANCED_BREP_SHAPE_REPRESENTATION('',(#11,#6461),#6473);
#6461 = MANIFOLD_SOLID_BREP('',#6462);
#6462 = CLOSED_SHELL('',(#6463));
#6463 = ADVANCED_FACE('',(#6464),#6468,.T.);
#6464 = FACE_BOUND('',#6465,.T.);
#6465 = VERTEX_LOOP('',#6466);
#6466 = VERTEX_POINT('',#6467);
#6467 = CARTESIAN_POINT('',(7.654042494671E-18,-1.874699728327E-33,
    -0.125));
#6468 = SPHERICAL_SURFACE('',#6469,0.125);
#6469 = AXIS2_PLACEMENT_3D('',#6470,#6471,#6472);
#6470 = CARTESIAN_POINT('',(0.,0.,0.));
#6471 = DIRECTION('',(0.,0.,1.));
#6472 = DIRECTION('',(1.,0.,-0.));
#6473 = ( GEOMETRIC_REPRESENTATION_CONTEXT(3) 
GLOBAL_UNCERTAINTY_ASSIGNED_CONTEXT((#6477)) 
GLOBAL_UNIT_ASSIGNED_CONTEXT((#6474,#6475,#6476)) REPRESENTATION_CONTEXT
('Context #1','3D Context with UNIT and UNCERTAINTY') );
#6474 = ( LENGTH_UNIT() NAMED_UNIT(*) SI_UNIT(.MILLI.,.METRE.) );
#6475 = ( NAMED_UNIT(*) PLANE_ANGLE_UNIT() SI_UNIT($,.RADIAN.) );
#6476 = ( NAMED_UNIT(*) SI_UNIT($,.STERADIAN.) SOLID_ANGLE_UNIT() );
#6477 = UNCERTAINTY_MEASURE_WITH_UNIT(LENGTH_MEASURE(1.E-07),#6474,
  'distance_accuracy_value','confusion accuracy');
#6478 = SHAPE_DEFINITION_REPRESENTATION(#6479,#6460);
#6479 = PRODUCT_DEFINITION_SHAPE('','',#6480);
#6480 = PRODUCT_DEFINITION('design','',#6481,#6484);
#6481 = PRODUCT_DEFINITION_FORMATION('','',#6482);
#6482 = PRODUCT('L25','L25','',(#6483));
#6483 = PRODUCT_CONTEXT('',#2,'mechanical');
#6484 = PRODUCT_DEFINITION_CONTEXT('part definition',#2,'design');
#6485 = CONTEXT_DEPENDENT_SHAPE_REPRESENTATION(#6486,#6488);
#6486 = ( REPRESENTATION_RELATIONSHIP('','',#6460,#10) 
REPRESENTATION_RELATIONSHIP_WITH_TRANSFORMATION(#6487) 
SHAPE_REPRESENTATION_RELATIONSHIP() );
#6487 = ITEM_DEFINED_TRANSFORMATION('','',#11,#659);
#6488 = PRODUCT_DEFINITION_SHAPE('Placement','Placement of an item',
  #6489);
#6489 = NEXT_ASSEMBLY_USAGE_OCCURRENCE('162','=>[0:1:1:163]','',#5,#6480
  ,$);
#6490 = PRODUCT_RELATED_PRODUCT_CATEGORY('part',$,(#6482));
#6491 = ADVANCED_BREP_SHAPE_REPRESENTATION('',(#11,#6492),#6504);
#6492 = MANIFOLD_SOLID_BREP('',#6493);
#6493 = CLOSED_SHELL('',(#6494));
#6494 = ADVANCED_FACE('',(#6495),#6499,.T.);
#6495 = FACE_BOUND('',#6496,.T.);
#6496 = VERTEX_LOOP('',#6497);
#6497 = VERTEX_POINT('',#6498);
#6498 = CARTESIAN_POINT('',(7.654042494671E-18,-1.874699728327E-33,
    -0.125));
#6499 = SPHERICAL_SURFACE('',#6500,0.125);
#6500 = AXIS2_PLACEMENT_3D('',#6501,#6502,#6503);
#6501 = CARTESIAN_POINT('',(0.,0.,0.));
#6502 = DIRECTION('',(0.,0.,1.));
#6503 = DIRECTION('',(1.,0.,-0.));
#6504 = ( GEOMETRIC_REPRESENTATION_CONTEXT(3) 
GLOBAL_UNCERTAINTY_ASSIGNED_CONTEXT((#6508)) 
GLOBAL_UNIT_ASSIGNED_CONTEXT((#6505,#6506,#6507)) REPRESENTATION_CONTEXT
('Context #1','3D Context with UNIT and UNCERTAINTY') );
#6505 = ( LENGTH_UNIT() NAMED_UNIT(*) SI_UNIT(.MILLI.,.METRE.) );
#6506 = ( NAMED_UNIT(*) PLANE_ANGLE_UNIT() SI_UNIT($,.RADIAN.) );
#6507 = ( NAMED_UNIT(*) SI_UNIT($,.STERADIAN.) SOLID_ANGLE_UNIT() );
#6508 = UNCERTAINTY_MEASURE_WITH_UNIT(LENGTH_MEASURE(1.E-07),#6505,
  'distance_accuracy_value','confusion accuracy');
#6509 = SHAPE_DEFINITION_REPRESENTATION(#6510,#6491);
#6510 = PRODUCT_DEFINITION_SHAPE('','',#6511);
#6511 = PRODUCT_DEFINITION('design','',#6512,#6515);
#6512 = PRODUCT_DEFINITION_FORMATION('','',#6513);
#6513 = PRODUCT('M1','M1','',(#6514));
#6514 = PRODUCT_CONTEXT('',#2,'mechanical');
#6515 = PRODUCT_DEFINITION_CONTEXT('part definition',#2,'design');
#6516 = CONTEXT_DEPENDENT_SHAPE_REPRESENTATION(#6517,#6519);
#6517 = ( REPRESENTATION_RELATIONSHIP('','',#6491,#10) 
REPRESENTATION_RELATIONSHIP_WITH_TRANSFORMATION(#6518) 
SHAPE_REPRESENTATION_RELATIONSHIP() );
#6518 = ITEM_DEFINED_TRANSFORMATION('','',#11,#663);
#6519 = PRODUCT_DEFINITION_SHAPE('Placement','Placement of an item',
  #6520);
#6520 = NEXT_ASSEMBLY_USAGE_OCCURRENCE('163','=>[0:1:1:164]','',#5,#6511
  ,$);
#6521 = PRODUCT_RELATED_PRODUCT_CATEGORY('part',$,(#6513));
#6522 = ADVANCED_BREP_SHAPE_REPRESENTATION('',(#11,#6523),#6535);
#6523 = MANIFOLD_SOLID_BREP('',#6524);
#6524 = CLOSED_SHELL('',(#6525));
#6525 = ADVANCED_FACE('',(#6526),#6530,.T.);
#6526 = FACE_BOUND('',#6527,.T.);
#6527 = VERTEX_LOOP('',#6528);
#6528 = VERTEX_POINT('',#6529);
#6529 = CARTESIAN_POINT('',(7.654042494671E-18,-1.874699728327E-33,
    -0.125));
#6530 = SPHERICAL_SURFACE('',#6531,0.125);
#6531 = AXIS2_PLACEMENT_3D('',#6532,#6533,#6534);
#6532 = CARTESIAN_POINT('',(0.,0.,0.));
#6533 = DIRECTION('',(0.,0.,1.));
#6534 = DIRECTION('',(1.,0.,-0.));
#6535 = ( GEOMETRIC_REPRESENTATION_CONTEXT(3) 
GLOBAL_UNCERTAINTY_ASSIGNED_CONTEXT((#6539)) 
GLOBAL_UNIT_ASSIGNED_CONTEXT((#6536,#6537,#6538)) REPRESENTATION_CONTEXT
('Context #1','3D Context with UNIT and UNCERTAINTY') );
#6536 = ( LENGTH_UNIT() NAMED_UNIT(*) SI_UNIT(.MILLI.,.METRE.) );
#6537 = ( NAMED_UNIT(*) PLANE_ANGLE_UNIT() SI_UNIT($,.RADIAN.) );
#6538 = ( NAMED_UNIT(*) SI_UNIT($,.STERADIAN.) SOLID_ANGLE_UNIT() );
#6539 = UNCERTAINTY_MEASURE_WITH_UNIT(LENGTH_MEASURE(1.E-07),#6536,
  'distance_accuracy_value','confusion accuracy');
#6540 = SHAPE_DEFINITION_REPRESENTATION(#6541,#6522);
#6541 = PRODUCT_DEFINITION_SHAPE('','',#6542);
#6542 = PRODUCT_DEFINITION('design','',#6543,#6546);
#6543 = PRODUCT_DEFINITION_FORMATION('','',#6544);
#6544 = PRODUCT('M2','M2','',(#6545));
#6545 = PRODUCT_CONTEXT('',#2,'mechanical');
#6546 = PRODUCT_DEFINITION_CONTEXT('part definition',#2,'design');
#6547 = CONTEXT_DEPENDENT_SHAPE_REPRESENTATION(#6548,#6550);
#6548 = ( REPRESENTATION_RELATIONSHIP('','',#6522,#10) 
REPRESENTATION_RELATIONSHIP_WITH_TRANSFORMATION(#6549) 
SHAPE_REPRESENTATION_RELATIONSHIP() );
#6549 = ITEM_DEFINED_TRANSFORMATION('','',#11,#667);
#6550 = PRODUCT_DEFINITION_SHAPE('Placement','Placement of an item',
  #6551);
#6551 = NEXT_ASSEMBLY_USAGE_OCCURRENCE('164','=>[0:1:1:165]','',#5,#6542
  ,$);
#6552 = PRODUCT_RELATED_PRODUCT_CATEGORY('part',$,(#6544));
#6553 = ADVANCED_BREP_SHAPE_REPRESENTATION('',(#11,#6554),#6566);
#6554 = MANIFOLD_SOLID_BREP('',#6555);
#6555 = CLOSED_SHELL('',(#6556));
#6556 = ADVANCED_FACE('',(#6557),#6561,.T.);
#6557 = FACE_BOUND('',#6558,.T.);
#6558 = VERTEX_LOOP('',#6559);
#6559 = VERTEX_POINT('',#6560);
#6560 = CARTESIAN_POINT('',(7.654042494671E-18,-1.874699728327E-33,
    -0.125));
#6561 = SPHERICAL_SURFACE('',#6562,0.125);
#6562 = AXIS2_PLACEMENT_3D('',#6563,#6564,#6565);
#6563 = CARTESIAN_POINT('',(0.,0.,0.));
#6564 = DIRECTION('',(0.,0.,1.));
#6565 = DIRECTION('',(1.,0.,-0.));
#6566 = ( GEOMETRIC_REPRESENTATION_CONTEXT(3) 
GLOBAL_UNCERTAINTY_ASSIGNED_CONTEXT((#6570)) 
GLOBAL_UNIT_ASSIGNED_CONTEXT((#6567,#6568,#6569)) REPRESENTATION_CONTEXT
('Context #1','3D Context with UNIT and UNCERTAINTY') );
#6567 = ( LENGTH_UNIT() NAMED_UNIT(*) SI_UNIT(.MILLI.,.METRE.) );
#6568 = ( NAMED_UNIT(*) PLANE_ANGLE_UNIT() SI_UNIT($,.RADIAN.) );
#6569 = ( NAMED_UNIT(*) SI_UNIT($,.STERADIAN.) SOLID_ANGLE_UNIT() );
#6570 = UNCERTAINTY_MEASURE_WITH_UNIT(LENGTH_MEASURE(1.E-07),#6567,
  'distance_accuracy_value','confusion accuracy');
#6571 = SHAPE_DEFINITION_REPRESENTATION(#6572,#6553);
#6572 = PRODUCT_DEFINITION_SHAPE('','',#6573);
#6573 = PRODUCT_DEFINITION('design','',#6574,#6577);
#6574 = PRODUCT_DEFINITION_FORMATION('','',#6575);
#6575 = PRODUCT('M3','M3','',(#6576));
#6576 = PRODUCT_CONTEXT('',#2,'mechanical');
#6577 = PRODUCT_DEFINITION_CONTEXT('part definition',#2,'design');
#6578 = CONTEXT_DEPENDENT_SHAPE_REPRESENTATION(#6579,#6581);
#6579 = ( REPRESENTATION_RELATIONSHIP('','',#6553,#10) 
REPRESENTATION_RELATIONSHIP_WITH_TRANSFORMATION(#6580) 
SHAPE_REPRESENTATION_RELATIONSHIP() );
#6580 = ITEM_DEFINED_TRANSFORMATION('','',#11,#671);
#6581 = PRODUCT_DEFINITION_SHAPE('Placement','Placement of an item',
  #6582);
#6582 = NEXT_ASSEMBLY_USAGE_OCCURRENCE('165','=>[0:1:1:166]','',#5,#6573
  ,$);
#6583 = PRODUCT_RELATED_PRODUCT_CATEGORY('part',$,(#6575));
#6584 = ADVANCED_BREP_SHAPE_REPRESENTATION('',(#11,#6585),#6597);
#6585 = MANIFOLD_SOLID_BREP('',#6586);
#6586 = CLOSED_SHELL('',(#6587));
#6587 = ADVANCED_FACE('',(#6588),#6592,.T.);
#6588 = FACE_BOUND('',#6589,.T.);
#6589 = VERTEX_LOOP('',#6590);
#6590 = VERTEX_POINT('',#6591);
#6591 = CARTESIAN_POINT('',(7.654042494671E-18,-1.874699728327E-33,
    -0.125));
#6592 = SPHERICAL_SURFACE('',#6593,0.125);
#6593 = AXIS2_PLACEMENT_3D('',#6594,#6595,#6596);
#6594 = CARTESIAN_POINT('',(0.,0.,0.));
#6595 = DIRECTION('',(0.,0.,1.));
#6596 = DIRECTION('',(1.,0.,-0.));
#6597 = ( GEOMETRIC_REPRESENTATION_CONTEXT(3) 
GLOBAL_UNCERTAINTY_ASSIGNED_CONTEXT((#6601)) 
GLOBAL_UNIT_ASSIGNED_CONTEXT((#6598,#6599,#6600)) REPRESENTATION_CONTEXT
('Context #1','3D Context with UNIT and UNCERTAINTY') );
#6598 = ( LENGTH_UNIT() NAMED_UNIT(*) SI_UNIT(.MILLI.,.METRE.) );
#6599 = ( NAMED_UNIT(*) PLANE_ANGLE_UNIT() SI_UNIT($,.RADIAN.) );
#6600 = ( NAMED_UNIT(*) SI_UNIT($,.STERADIAN.) SOLID_ANGLE_UNIT() );
#6601 = UNCERTAINTY_MEASURE_WITH_UNIT(LENGTH_MEASURE(1.E-07),#6598,
  'distance_accuracy_value','confusion accuracy');
#6602 = SHAPE_DEFINITION_REPRESENTATION(#6603,#6584);
#6603 = PRODUCT_DEFINITION_SHAPE('','',#6604);
#6604 = PRODUCT_DEFINITION('design','',#6605,#6608);
#6605 = PRODUCT_DEFINITION_FORMATION('','',#6606);
#6606 = PRODUCT('M6','M6','',(#6607));
#6607 = PRODUCT_CONTEXT('',#2,'mechanical');
#6608 = PRODUCT_DEFINITION_CONTEXT('part definition',#2,'design');
#6609 = CONTEXT_DEPENDENT_SHAPE_REPRESENTATION(#6610,#6612);
#6610 = ( REPRESENTATION_RELATIONSHIP('','',#6584,#10) 
REPRESENTATION_RELATIONSHIP_WITH_TRANSFORMATION(#6611) 
SHAPE_REPRESENTATION_RELATIONSHIP() );
#6611 = ITEM_DEFINED_TRANSFORMATION('','',#11,#675);
#6612 = PRODUCT_DEFINITION_SHAPE('Placement','Placement of an item',
  #6613);
#6613 = NEXT_ASSEMBLY_USAGE_OCCURRENCE('166','=>[0:1:1:167]','',#5,#6604
  ,$);
#6614 = PRODUCT_RELATED_PRODUCT_CATEGORY('part',$,(#6606));
#6615 = ADVANCED_BREP_SHAPE_REPRESENTATION('',(#11,#6616),#6628);
#6616 = MANIFOLD_SOLID_BREP('',#6617);
#6617 = CLOSED_SHELL('',(#6618));
#6618 = ADVANCED_FACE('',(#6619),#6623,.T.);
#6619 = FACE_BOUND('',#6620,.T.);
#6620 = VERTEX_LOOP('',#6621);
#6621 = VERTEX_POINT('',#6622);
#6622 = CARTESIAN_POINT('',(7.654042494671E-18,-1.874699728327E-33,
    -0.125));
#6623 = SPHERICAL_SURFACE('',#6624,0.125);
#6624 = AXIS2_PLACEMENT_3D('',#6625,#6626,#6627);
#6625 = CARTESIAN_POINT('',(0.,0.,0.));
#6626 = DIRECTION('',(0.,0.,1.));
#6627 = DIRECTION('',(1.,0.,-0.));
#6628 = ( GEOMETRIC_REPRESENTATION_CONTEXT(3) 
GLOBAL_UNCERTAINTY_ASSIGNED_CONTEXT((#6632)) 
GLOBAL_UNIT_ASSIGNED_CONTEXT((#6629,#6630,#6631)) REPRESENTATION_CONTEXT
('Context #1','3D Context with UNIT and UNCERTAINTY') );
#6629 = ( LENGTH_UNIT() NAMED_UNIT(*) SI_UNIT(.MILLI.,.METRE.) );
#6630 = ( NAMED_UNIT(*) PLANE_ANGLE_UNIT() SI_UNIT($,.RADIAN.) );
#6631 = ( NAMED_UNIT(*) SI_UNIT($,.STERADIAN.) SOLID_ANGLE_UNIT() );
#6632 = UNCERTAINTY_MEASURE_WITH_UNIT(LENGTH_MEASURE(1.E-07),#6629,
  'distance_accuracy_value','confusion accuracy');
#6633 = SHAPE_DEFINITION_REPRESENTATION(#6634,#6615);
#6634 = PRODUCT_DEFINITION_SHAPE('','',#6635);
#6635 = PRODUCT_DEFINITION('design','',#6636,#6639);
#6636 = PRODUCT_DEFINITION_FORMATION('','',#6637);
#6637 = PRODUCT('M10','M10','',(#6638));
#6638 = PRODUCT_CONTEXT('',#2,'mechanical');
#6639 = PRODUCT_DEFINITION_CONTEXT('part definition',#2,'design');
#6640 = CONTEXT_DEPENDENT_SHAPE_REPRESENTATION(#6641,#6643);
#6641 = ( REPRESENTATION_RELATIONSHIP('','',#6615,#10) 
REPRESENTATION_RELATIONSHIP_WITH_TRANSFORMATION(#6642) 
SHAPE_REPRESENTATION_RELATIONSHIP() );
#6642 = ITEM_DEFINED_TRANSFORMATION('','',#11,#679);
#6643 = PRODUCT_DEFINITION_SHAPE('Placement','Placement of an item',
  #6644);
#6644 = NEXT_ASSEMBLY_USAGE_OCCURRENCE('167','=>[0:1:1:168]','',#5,#6635
  ,$);
#6645 = PRODUCT_RELATED_PRODUCT_CATEGORY('part',$,(#6637));
#6646 = ADVANCED_BREP_SHAPE_REPRESENTATION('',(#11,#6647),#6659);
#6647 = MANIFOLD_SOLID_BREP('',#6648);
#6648 = CLOSED_SHELL('',(#6649));
#6649 = ADVANCED_FACE('',(#6650),#6654,.T.);
#6650 = FACE_BOUND('',#6651,.T.);
#6651 = VERTEX_LOOP('',#6652);
#6652 = VERTEX_POINT('',#6653);
#6653 = CARTESIAN_POINT('',(7.654042494671E-18,-1.874699728327E-33,
    -0.125));
#6654 = SPHERICAL_SURFACE('',#6655,0.125);
#6655 = AXIS2_PLACEMENT_3D('',#6656,#6657,#6658);
#6656 = CARTESIAN_POINT('',(0.,0.,0.));
#6657 = DIRECTION('',(0.,0.,1.));
#6658 = DIRECTION('',(1.,0.,-0.));
#6659 = ( GEOMETRIC_REPRESENTATION_CONTEXT(3) 
GLOBAL_UNCERTAINTY_ASSIGNED_CONTEXT((#6663)) 
GLOBAL_UNIT_ASSIGNED_CONTEXT((#6660,#6661,#6662)) REPRESENTATION_CONTEXT
('Context #1','3D Context with UNIT and UNCERTAINTY') );
#6660 = ( LENGTH_UNIT() NAMED_UNIT(*) SI_UNIT(.MILLI.,.METRE.) );
#6661 = ( NAMED_UNIT(*) PLANE_ANGLE_UNIT() SI_UNIT($,.RADIAN.) );
#6662 = ( NAMED_UNIT(*) SI_UNIT($,.STERADIAN.) SOLID_ANGLE_UNIT() );
#6663 = UNCERTAINTY_MEASURE_WITH_UNIT(LENGTH_MEASURE(1.E-07),#6660,
  'distance_accuracy_value','confusion accuracy');
#6664 = SHAPE_DEFINITION_REPRESENTATION(#6665,#6646);
#6665 = PRODUCT_DEFINITION_SHAPE('','',#6666);
#6666 = PRODUCT_DEFINITION('design','',#6667,#6670);
#6667 = PRODUCT_DEFINITION_FORMATION('','',#6668);
#6668 = PRODUCT('M12','M12','',(#6669));
#6669 = PRODUCT_CONTEXT('',#2,'mechanical');
#6670 = PRODUCT_DEFINITION_CONTEXT('part definition',#2,'design');
#6671 = CONTEXT_DEPENDENT_SHAPE_REPRESENTATION(#6672,#6674);
#6672 = ( REPRESENTATION_RELATIONSHIP('','',#6646,#10) 
REPRESENTATION_RELATIONSHIP_WITH_TRANSFORMATION(#6673) 
SHAPE_REPRESENTATION_RELATIONSHIP() );
#6673 = ITEM_DEFINED_TRANSFORMATION('','',#11,#683);
#6674 = PRODUCT_DEFINITION_SHAPE('Placement','Placement of an item',
  #6675);
#6675 = NEXT_ASSEMBLY_USAGE_OCCURRENCE('168','=>[0:1:1:169]','',#5,#6666
  ,$);
#6676 = PRODUCT_RELATED_PRODUCT_CATEGORY('part',$,(#6668));
#6677 = ADVANCED_BREP_SHAPE_REPRESENTATION('',(#11,#6678),#6690);
#6678 = MANIFOLD_SOLID_BREP('',#6679);
#6679 = CLOSED_SHELL('',(#6680));
#6680 = ADVANCED_FACE('',(#6681),#6685,.T.);
#6681 = FACE_BOUND('',#6682,.T.);
#6682 = VERTEX_LOOP('',#6683);
#6683 = VERTEX_POINT('',#6684);
#6684 = CARTESIAN_POINT('',(7.654042494671E-18,-1.874699728327E-33,
    -0.125));
#6685 = SPHERICAL_SURFACE('',#6686,0.125);
#6686 = AXIS2_PLACEMENT_3D('',#6687,#6688,#6689);
#6687 = CARTESIAN_POINT('',(0.,0.,0.));
#6688 = DIRECTION('',(0.,0.,1.));
#6689 = DIRECTION('',(1.,0.,-0.));
#6690 = ( GEOMETRIC_REPRESENTATION_CONTEXT(3) 
GLOBAL_UNCERTAINTY_ASSIGNED_CONTEXT((#6694)) 
GLOBAL_UNIT_ASSIGNED_CONTEXT((#6691,#6692,#6693)) REPRESENTATION_CONTEXT
('Context #1','3D Context with UNIT and UNCERTAINTY') );
#6691 = ( LENGTH_UNIT() NAMED_UNIT(*) SI_UNIT(.MILLI.,.METRE.) );
#6692 = ( NAMED_UNIT(*) PLANE_ANGLE_UNIT() SI_UNIT($,.RADIAN.) );
#6693 = ( NAMED_UNIT(*) SI_UNIT($,.STERADIAN.) SOLID_ANGLE_UNIT() );
#6694 = UNCERTAINTY_MEASURE_WITH_UNIT(LENGTH_MEASURE(1.E-07),#6691,
  'distance_accuracy_value','confusion accuracy');
#6695 = SHAPE_DEFINITION_REPRESENTATION(#6696,#6677);
#6696 = PRODUCT_DEFINITION_SHAPE('','',#6697);
#6697 = PRODUCT_DEFINITION('design','',#6698,#6701);
#6698 = PRODUCT_DEFINITION_FORMATION('','',#6699);
#6699 = PRODUCT('M14','M14','',(#6700));
#6700 = PRODUCT_CONTEXT('',#2,'mechanical');
#6701 = PRODUCT_DEFINITION_CONTEXT('part definition',#2,'design');
#6702 = CONTEXT_DEPENDENT_SHAPE_REPRESENTATION(#6703,#6705);
#6703 = ( REPRESENTATION_RELATIONSHIP('','',#6677,#10) 
REPRESENTATION_RELATIONSHIP_WITH_TRANSFORMATION(#6704) 
SHAPE_REPRESENTATION_RELATIONSHIP() );
#6704 = ITEM_DEFINED_TRANSFORMATION('','',#11,#687);
#6705 = PRODUCT_DEFINITION_SHAPE('Placement','Placement of an item',
  #6706);
#6706 = NEXT_ASSEMBLY_USAGE_OCCURRENCE('169','=>[0:1:1:170]','',#5,#6697
  ,$);
#6707 = PRODUCT_RELATED_PRODUCT_CATEGORY('part',$,(#6699));
#6708 = ADVANCED_BREP_SHAPE_REPRESENTATION('',(#11,#6709),#6721);
#6709 = MANIFOLD_SOLID_BREP('',#6710);
#6710 = CLOSED_SHELL('',(#6711));
#6711 = ADVANCED_FACE('',(#6712),#6716,.T.);
#6712 = FACE_BOUND('',#6713,.T.);
#6713 = VERTEX_LOOP('',#6714);
#6714 = VERTEX_POINT('',#6715);
#6715 = CARTESIAN_POINT('',(7.654042494671E-18,-1.874699728327E-33,
    -0.125));
#6716 = SPHERICAL_SURFACE('',#6717,0.125);
#6717 = AXIS2_PLACEMENT_3D('',#6718,#6719,#6720);
#6718 = CARTESIAN_POINT('',(0.,0.,0.));
#6719 = DIRECTION('',(0.,0.,1.));
#6720 = DIRECTION('',(1.,0.,-0.));
#6721 = ( GEOMETRIC_REPRESENTATION_CONTEXT(3) 
GLOBAL_UNCERTAINTY_ASSIGNED_CONTEXT((#6725)) 
GLOBAL_UNIT_ASSIGNED_CONTEXT((#6722,#6723,#6724)) REPRESENTATION_CONTEXT
('Context #1','3D Context with UNIT and UNCERTAINTY') );
#6722 = ( LENGTH_UNIT() NAMED_UNIT(*) SI_UNIT(.MILLI.,.METRE.) );
#6723 = ( NAMED_UNIT(*) PLANE_ANGLE_UNIT() SI_UNIT($,.RADIAN.) );
#6724 = ( NAMED_UNIT(*) SI_UNIT($,.STERADIAN.) SOLID_ANGLE_UNIT() );
#6725 = UNCERTAINTY_MEASURE_WITH_UNIT(LENGTH_MEASURE(1.E-07),#6722,
  'distance_accuracy_value','confusion accuracy');
#6726 = SHAPE_DEFINITION_REPRESENTATION(#6727,#6708);
#6727 = PRODUCT_DEFINITION_SHAPE('','',#6728);
#6728 = PRODUCT_DEFINITION('design','',#6729,#6732);
#6729 = PRODUCT_DEFINITION_FORMATION('','',#6730);
#6730 = PRODUCT('M16','M16','',(#6731));
#6731 = PRODUCT_CONTEXT('',#2,'mechanical');
#6732 = PRODUCT_DEFINITION_CONTEXT('part definition',#2,'design');
#6733 = CONTEXT_DEPENDENT_SHAPE_REPRESENTATION(#6734,#6736);
#6734 = ( REPRESENTATION_RELATIONSHIP('','',#6708,#10) 
REPRESENTATION_RELATIONSHIP_WITH_TRANSFORMATION(#6735) 
SHAPE_REPRESENTATION_RELATIONSHIP() );
#6735 = ITEM_DEFINED_TRANSFORMATION('','',#11,#691);
#6736 = PRODUCT_DEFINITION_SHAPE('Placement','Placement of an item',
  #6737);
#6737 = NEXT_ASSEMBLY_USAGE_OCCURRENCE('170','=>[0:1:1:171]','',#5,#6728
  ,$);
#6738 = PRODUCT_RELATED_PRODUCT_CATEGORY('part',$,(#6730));
#6739 = ADVANCED_BREP_SHAPE_REPRESENTATION('',(#11,#6740),#6752);
#6740 = MANIFOLD_SOLID_BREP('',#6741);
#6741 = CLOSED_SHELL('',(#6742));
#6742 = ADVANCED_FACE('',(#6743),#6747,.T.);
#6743 = FACE_BOUND('',#6744,.T.);
#6744 = VERTEX_LOOP('',#6745);
#6745 = VERTEX_POINT('',#6746);
#6746 = CARTESIAN_POINT('',(7.654042494671E-18,-1.874699728327E-33,
    -0.125));
#6747 = SPHERICAL_SURFACE('',#6748,0.125);
#6748 = AXIS2_PLACEMENT_3D('',#6749,#6750,#6751);
#6749 = CARTESIAN_POINT('',(0.,0.,0.));
#6750 = DIRECTION('',(0.,0.,1.));
#6751 = DIRECTION('',(1.,0.,-0.));
#6752 = ( GEOMETRIC_REPRESENTATION_CONTEXT(3) 
GLOBAL_UNCERTAINTY_ASSIGNED_CONTEXT((#6756)) 
GLOBAL_UNIT_ASSIGNED_CONTEXT((#6753,#6754,#6755)) REPRESENTATION_CONTEXT
('Context #1','3D Context with UNIT and UNCERTAINTY') );
#6753 = ( LENGTH_UNIT() NAMED_UNIT(*) SI_UNIT(.MILLI.,.METRE.) );
#6754 = ( NAMED_UNIT(*) PLANE_ANGLE_UNIT() SI_UNIT($,.RADIAN.) );
#6755 = ( NAMED_UNIT(*) SI_UNIT($,.STERADIAN.) SOLID_ANGLE_UNIT() );
#6756 = UNCERTAINTY_MEASURE_WITH_UNIT(LENGTH_MEASURE(1.E-07),#6753,
  'distance_accuracy_value','confusion accuracy');
#6757 = SHAPE_DEFINITION_REPRESENTATION(#6758,#6739);
#6758 = PRODUCT_DEFINITION_SHAPE('','',#6759);
#6759 = PRODUCT_DEFINITION('design','',#6760,#6763);
#6760 = PRODUCT_DEFINITION_FORMATION('','',#6761);
#6761 = PRODUCT('M20','M20','',(#6762));
#6762 = PRODUCT_CONTEXT('',#2,'mechanical');
#6763 = PRODUCT_DEFINITION_CONTEXT('part definition',#2,'design');
#6764 = CONTEXT_DEPENDENT_SHAPE_REPRESENTATION(#6765,#6767);
#6765 = ( REPRESENTATION_RELATIONSHIP('','',#6739,#10) 
REPRESENTATION_RELATIONSHIP_WITH_TRANSFORMATION(#6766) 
SHAPE_REPRESENTATION_RELATIONSHIP() );
#6766 = ITEM_DEFINED_TRANSFORMATION('','',#11,#695);
#6767 = PRODUCT_DEFINITION_SHAPE('Placement','Placement of an item',
  #6768);
#6768 = NEXT_ASSEMBLY_USAGE_OCCURRENCE('171','=>[0:1:1:172]','',#5,#6759
  ,$);
#6769 = PRODUCT_RELATED_PRODUCT_CATEGORY('part',$,(#6761));
#6770 = ADVANCED_BREP_SHAPE_REPRESENTATION('',(#11,#6771),#6783);
#6771 = MANIFOLD_SOLID_BREP('',#6772);
#6772 = CLOSED_SHELL('',(#6773));
#6773 = ADVANCED_FACE('',(#6774),#6778,.T.);
#6774 = FACE_BOUND('',#6775,.T.);
#6775 = VERTEX_LOOP('',#6776);
#6776 = VERTEX_POINT('',#6777);
#6777 = CARTESIAN_POINT('',(7.654042494671E-18,-1.874699728327E-33,
    -0.125));
#6778 = SPHERICAL_SURFACE('',#6779,0.125);
#6779 = AXIS2_PLACEMENT_3D('',#6780,#6781,#6782);
#6780 = CARTESIAN_POINT('',(0.,0.,0.));
#6781 = DIRECTION('',(0.,0.,1.));
#6782 = DIRECTION('',(1.,0.,-0.));
#6783 = ( GEOMETRIC_REPRESENTATION_CONTEXT(3) 
GLOBAL_UNCERTAINTY_ASSIGNED_CONTEXT((#6787)) 
GLOBAL_UNIT_ASSIGNED_CONTEXT((#6784,#6785,#6786)) REPRESENTATION_CONTEXT
('Context #1','3D Context with UNIT and UNCERTAINTY') );
#6784 = ( LENGTH_UNIT() NAMED_UNIT(*) SI_UNIT(.MILLI.,.METRE.) );
#6785 = ( NAMED_UNIT(*) PLANE_ANGLE_UNIT() SI_UNIT($,.RADIAN.) );
#6786 = ( NAMED_UNIT(*) SI_UNIT($,.STERADIAN.) SOLID_ANGLE_UNIT() );
#6787 = UNCERTAINTY_MEASURE_WITH_UNIT(LENGTH_MEASURE(1.E-07),#6784,
  'distance_accuracy_value','confusion accuracy');
#6788 = SHAPE_DEFINITION_REPRESENTATION(#6789,#6770);
#6789 = PRODUCT_DEFINITION_SHAPE('','',#6790);
#6790 = PRODUCT_DEFINITION('design','',#6791,#6794);
#6791 = PRODUCT_DEFINITION_FORMATION('','',#6792);
#6792 = PRODUCT('M23','M23','',(#6793));
#6793 = PRODUCT_CONTEXT('',#2,'mechanical');
#6794 = PRODUCT_DEFINITION_CONTEXT('part definition',#2,'design');
#6795 = CONTEXT_DEPENDENT_SHAPE_REPRESENTATION(#6796,#6798);
#6796 = ( REPRESENTATION_RELATIONSHIP('','',#6770,#10) 
REPRESENTATION_RELATIONSHIP_WITH_TRANSFORMATION(#6797) 
SHAPE_REPRESENTATION_RELATIONSHIP() );
#6797 = ITEM_DEFINED_TRANSFORMATION('','',#11,#699);
#6798 = PRODUCT_DEFINITION_SHAPE('Placement','Placement of an item',
  #6799);
#6799 = NEXT_ASSEMBLY_USAGE_OCCURRENCE('172','=>[0:1:1:173]','',#5,#6790
  ,$);
#6800 = PRODUCT_RELATED_PRODUCT_CATEGORY('part',$,(#6792));
#6801 = ADVANCED_BREP_SHAPE_REPRESENTATION('',(#11,#6802),#6814);
#6802 = MANIFOLD_SOLID_BREP('',#6803);
#6803 = CLOSED_SHELL('',(#6804));
#6804 = ADVANCED_FACE('',(#6805),#6809,.T.);
#6805 = FACE_BOUND('',#6806,.T.);
#6806 = VERTEX_LOOP('',#6807);
#6807 = VERTEX_POINT('',#6808);
#6808 = CARTESIAN_POINT('',(7.654042494671E-18,-1.874699728327E-33,
    -0.125));
#6809 = SPHERICAL_SURFACE('',#6810,0.125);
#6810 = AXIS2_PLACEMENT_3D('',#6811,#6812,#6813);
#6811 = CARTESIAN_POINT('',(0.,0.,0.));
#6812 = DIRECTION('',(0.,0.,1.));
#6813 = DIRECTION('',(1.,0.,-0.));
#6814 = ( GEOMETRIC_REPRESENTATION_CONTEXT(3) 
GLOBAL_UNCERTAINTY_ASSIGNED_CONTEXT((#6818)) 
GLOBAL_UNIT_ASSIGNED_CONTEXT((#6815,#6816,#6817)) REPRESENTATION_CONTEXT
('Context #1','3D Context with UNIT and UNCERTAINTY') );
#6815 = ( LENGTH_UNIT() NAMED_UNIT(*) SI_UNIT(.MILLI.,.METRE.) );
#6816 = ( NAMED_UNIT(*) PLANE_ANGLE_UNIT() SI_UNIT($,.RADIAN.) );
#6817 = ( NAMED_UNIT(*) SI_UNIT($,.STERADIAN.) SOLID_ANGLE_UNIT() );
#6818 = UNCERTAINTY_MEASURE_WITH_UNIT(LENGTH_MEASURE(1.E-07),#6815,
  'distance_accuracy_value','confusion accuracy');
#6819 = SHAPE_DEFINITION_REPRESENTATION(#6820,#6801);
#6820 = PRODUCT_DEFINITION_SHAPE('','',#6821);
#6821 = PRODUCT_DEFINITION('design','',#6822,#6825);
#6822 = PRODUCT_DEFINITION_FORMATION('','',#6823);
#6823 = PRODUCT('M24','M24','',(#6824));
#6824 = PRODUCT_CONTEXT('',#2,'mechanical');
#6825 = PRODUCT_DEFINITION_CONTEXT('part definition',#2,'design');
#6826 = CONTEXT_DEPENDENT_SHAPE_REPRESENTATION(#6827,#6829);
#6827 = ( REPRESENTATION_RELATIONSHIP('','',#6801,#10) 
REPRESENTATION_RELATIONSHIP_WITH_TRANSFORMATION(#6828) 
SHAPE_REPRESENTATION_RELATIONSHIP() );
#6828 = ITEM_DEFINED_TRANSFORMATION('','',#11,#703);
#6829 = PRODUCT_DEFINITION_SHAPE('Placement','Placement of an item',
  #6830);
#6830 = NEXT_ASSEMBLY_USAGE_OCCURRENCE('173','=>[0:1:1:174]','',#5,#6821
  ,$);
#6831 = PRODUCT_RELATED_PRODUCT_CATEGORY('part',$,(#6823));
#6832 = ADVANCED_BREP_SHAPE_REPRESENTATION('',(#11,#6833),#6845);
#6833 = MANIFOLD_SOLID_BREP('',#6834);
#6834 = CLOSED_SHELL('',(#6835));
#6835 = ADVANCED_FACE('',(#6836),#6840,.T.);
#6836 = FACE_BOUND('',#6837,.T.);
#6837 = VERTEX_LOOP('',#6838);
#6838 = VERTEX_POINT('',#6839);
#6839 = CARTESIAN_POINT('',(7.654042494671E-18,-1.874699728327E-33,
    -0.125));
#6840 = SPHERICAL_SURFACE('',#6841,0.125);
#6841 = AXIS2_PLACEMENT_3D('',#6842,#6843,#6844);
#6842 = CARTESIAN_POINT('',(0.,0.,0.));
#6843 = DIRECTION('',(0.,0.,1.));
#6844 = DIRECTION('',(1.,0.,-0.));
#6845 = ( GEOMETRIC_REPRESENTATION_CONTEXT(3) 
GLOBAL_UNCERTAINTY_ASSIGNED_CONTEXT((#6849)) 
GLOBAL_UNIT_ASSIGNED_CONTEXT((#6846,#6847,#6848)) REPRESENTATION_CONTEXT
('Context #1','3D Context with UNIT and UNCERTAINTY') );
#6846 = ( LENGTH_UNIT() NAMED_UNIT(*) SI_UNIT(.MILLI.,.METRE.) );
#6847 = ( NAMED_UNIT(*) PLANE_ANGLE_UNIT() SI_UNIT($,.RADIAN.) );
#6848 = ( NAMED_UNIT(*) SI_UNIT($,.STERADIAN.) SOLID_ANGLE_UNIT() );
#6849 = UNCERTAINTY_MEASURE_WITH_UNIT(LENGTH_MEASURE(1.E-07),#6846,
  'distance_accuracy_value','confusion accuracy');
#6850 = SHAPE_DEFINITION_REPRESENTATION(#6851,#6832);
#6851 = PRODUCT_DEFINITION_SHAPE('','',#6852);
#6852 = PRODUCT_DEFINITION('design','',#6853,#6856);
#6853 = PRODUCT_DEFINITION_FORMATION('','',#6854);
#6854 = PRODUCT('M25','M25','',(#6855));
#6855 = PRODUCT_CONTEXT('',#2,'mechanical');
#6856 = PRODUCT_DEFINITION_CONTEXT('part definition',#2,'design');
#6857 = CONTEXT_DEPENDENT_SHAPE_REPRESENTATION(#6858,#6860);
#6858 = ( REPRESENTATION_RELATIONSHIP('','',#6832,#10) 
REPRESENTATION_RELATIONSHIP_WITH_TRANSFORMATION(#6859) 
SHAPE_REPRESENTATION_RELATIONSHIP() );
#6859 = ITEM_DEFINED_TRANSFORMATION('','',#11,#707);
#6860 = PRODUCT_DEFINITION_SHAPE('Placement','Placement of an item',
  #6861);
#6861 = NEXT_ASSEMBLY_USAGE_OCCURRENCE('174','=>[0:1:1:175]','',#5,#6852
  ,$);
#6862 = PRODUCT_RELATED_PRODUCT_CATEGORY('part',$,(#6854));
#6863 = ADVANCED_BREP_SHAPE_REPRESENTATION('',(#11,#6864),#6876);
#6864 = MANIFOLD_SOLID_BREP('',#6865);
#6865 = CLOSED_SHELL('',(#6866));
#6866 = ADVANCED_FACE('',(#6867),#6871,.T.);
#6867 = FACE_BOUND('',#6868,.T.);
#6868 = VERTEX_LOOP('',#6869);
#6869 = VERTEX_POINT('',#6870);
#6870 = CARTESIAN_POINT('',(7.654042494671E-18,-1.874699728327E-33,
    -0.125));
#6871 = SPHERICAL_SURFACE('',#6872,0.125);
#6872 = AXIS2_PLACEMENT_3D('',#6873,#6874,#6875);
#6873 = CARTESIAN_POINT('',(0.,0.,0.));
#6874 = DIRECTION('',(0.,0.,1.));
#6875 = DIRECTION('',(1.,0.,-0.));
#6876 = ( GEOMETRIC_REPRESENTATION_CONTEXT(3) 
GLOBAL_UNCERTAINTY_ASSIGNED_CONTEXT((#6880)) 
GLOBAL_UNIT_ASSIGNED_CONTEXT((#6877,#6878,#6879)) REPRESENTATION_CONTEXT
('Context #1','3D Context with UNIT and UNCERTAINTY') );
#6877 = ( LENGTH_UNIT() NAMED_UNIT(*) SI_UNIT(.MILLI.,.METRE.) );
#6878 = ( NAMED_UNIT(*) PLANE_ANGLE_UNIT() SI_UNIT($,.RADIAN.) );
#6879 = ( NAMED_UNIT(*) SI_UNIT($,.STERADIAN.) SOLID_ANGLE_UNIT() );
#6880 = UNCERTAINTY_MEASURE_WITH_UNIT(LENGTH_MEASURE(1.E-07),#6877,
  'distance_accuracy_value','confusion accuracy');
#6881 = SHAPE_DEFINITION_REPRESENTATION(#6882,#6863);
#6882 = PRODUCT_DEFINITION_SHAPE('','',#6883);
#6883 = PRODUCT_DEFINITION('design','',#6884,#6887);
#6884 = PRODUCT_DEFINITION_FORMATION('','',#6885);
#6885 = PRODUCT('N1','N1','',(#6886));
#6886 = PRODUCT_CONTEXT('',#2,'mechanical');
#6887 = PRODUCT_DEFINITION_CONTEXT('part definition',#2,'design');
#6888 = CONTEXT_DEPENDENT_SHAPE_REPRESENTATION(#6889,#6891);
#6889 = ( REPRESENTATION_RELATIONSHIP('','',#6863,#10) 
REPRESENTATION_RELATIONSHIP_WITH_TRANSFORMATION(#6890) 
SHAPE_REPRESENTATION_RELATIONSHIP() );
#6890 = ITEM_DEFINED_TRANSFORMATION('','',#11,#711);
#6891 = PRODUCT_DEFINITION_SHAPE('Placement','Placement of an item',
  #6892);
#6892 = NEXT_ASSEMBLY_USAGE_OCCURRENCE('175','=>[0:1:1:176]','',#5,#6883
  ,$);
#6893 = PRODUCT_RELATED_PRODUCT_CATEGORY('part',$,(#6885));
#6894 = ADVANCED_BREP_SHAPE_REPRESENTATION('',(#11,#6895),#6907);
#6895 = MANIFOLD_SOLID_BREP('',#6896);
#6896 = CLOSED_SHELL('',(#6897));
#6897 = ADVANCED_FACE('',(#6898),#6902,.T.);
#6898 = FACE_BOUND('',#6899,.T.);
#6899 = VERTEX_LOOP('',#6900);
#6900 = VERTEX_POINT('',#6901);
#6901 = CARTESIAN_POINT('',(7.654042494671E-18,-1.874699728327E-33,
    -0.125));
#6902 = SPHERICAL_SURFACE('',#6903,0.125);
#6903 = AXIS2_PLACEMENT_3D('',#6904,#6905,#6906);
#6904 = CARTESIAN_POINT('',(0.,0.,0.));
#6905 = DIRECTION('',(0.,0.,1.));
#6906 = DIRECTION('',(1.,0.,-0.));
#6907 = ( GEOMETRIC_REPRESENTATION_CONTEXT(3) 
GLOBAL_UNCERTAINTY_ASSIGNED_CONTEXT((#6911)) 
GLOBAL_UNIT_ASSIGNED_CONTEXT((#6908,#6909,#6910)) REPRESENTATION_CONTEXT
('Context #1','3D Context with UNIT and UNCERTAINTY') );
#6908 = ( LENGTH_UNIT() NAMED_UNIT(*) SI_UNIT(.MILLI.,.METRE.) );
#6909 = ( NAMED_UNIT(*) PLANE_ANGLE_UNIT() SI_UNIT($,.RADIAN.) );
#6910 = ( NAMED_UNIT(*) SI_UNIT($,.STERADIAN.) SOLID_ANGLE_UNIT() );
#6911 = UNCERTAINTY_MEASURE_WITH_UNIT(LENGTH_MEASURE(1.E-07),#6908,
  'distance_accuracy_value','confusion accuracy');
#6912 = SHAPE_DEFINITION_REPRESENTATION(#6913,#6894);
#6913 = PRODUCT_DEFINITION_SHAPE('','',#6914);
#6914 = PRODUCT_DEFINITION('design','',#6915,#6918);
#6915 = PRODUCT_DEFINITION_FORMATION('','',#6916);
#6916 = PRODUCT('N2','N2','',(#6917));
#6917 = PRODUCT_CONTEXT('',#2,'mechanical');
#6918 = PRODUCT_DEFINITION_CONTEXT('part definition',#2,'design');
#6919 = CONTEXT_DEPENDENT_SHAPE_REPRESENTATION(#6920,#6922);
#6920 = ( REPRESENTATION_RELATIONSHIP('','',#6894,#10) 
REPRESENTATION_RELATIONSHIP_WITH_TRANSFORMATION(#6921) 
SHAPE_REPRESENTATION_RELATIONSHIP() );
#6921 = ITEM_DEFINED_TRANSFORMATION('','',#11,#715);
#6922 = PRODUCT_DEFINITION_SHAPE('Placement','Placement of an item',
  #6923);
#6923 = NEXT_ASSEMBLY_USAGE_OCCURRENCE('176','=>[0:1:1:177]','',#5,#6914
  ,$);
#6924 = PRODUCT_RELATED_PRODUCT_CATEGORY('part',$,(#6916));
#6925 = ADVANCED_BREP_SHAPE_REPRESENTATION('',(#11,#6926),#6938);
#6926 = MANIFOLD_SOLID_BREP('',#6927);
#6927 = CLOSED_SHELL('',(#6928));
#6928 = ADVANCED_FACE('',(#6929),#6933,.T.);
#6929 = FACE_BOUND('',#6930,.T.);
#6930 = VERTEX_LOOP('',#6931);
#6931 = VERTEX_POINT('',#6932);
#6932 = CARTESIAN_POINT('',(7.654042494671E-18,-1.874699728327E-33,
    -0.125));
#6933 = SPHERICAL_SURFACE('',#6934,0.125);
#6934 = AXIS2_PLACEMENT_3D('',#6935,#6936,#6937);
#6935 = CARTESIAN_POINT('',(0.,0.,0.));
#6936 = DIRECTION('',(0.,0.,1.));
#6937 = DIRECTION('',(1.,0.,-0.));
#6938 = ( GEOMETRIC_REPRESENTATION_CONTEXT(3) 
GLOBAL_UNCERTAINTY_ASSIGNED_CONTEXT((#6942)) 
GLOBAL_UNIT_ASSIGNED_CONTEXT((#6939,#6940,#6941)) REPRESENTATION_CONTEXT
('Context #1','3D Context with UNIT and UNCERTAINTY') );
#6939 = ( LENGTH_UNIT() NAMED_UNIT(*) SI_UNIT(.MILLI.,.METRE.) );
#6940 = ( NAMED_UNIT(*) PLANE_ANGLE_UNIT() SI_UNIT($,.RADIAN.) );
#6941 = ( NAMED_UNIT(*) SI_UNIT($,.STERADIAN.) SOLID_ANGLE_UNIT() );
#6942 = UNCERTAINTY_MEASURE_WITH_UNIT(LENGTH_MEASURE(1.E-07),#6939,
  'distance_accuracy_value','confusion accuracy');
#6943 = SHAPE_DEFINITION_REPRESENTATION(#6944,#6925);
#6944 = PRODUCT_DEFINITION_SHAPE('','',#6945);
#6945 = PRODUCT_DEFINITION('design','',#6946,#6949);
#6946 = PRODUCT_DEFINITION_FORMATION('','',#6947);
#6947 = PRODUCT('N3','N3','',(#6948));
#6948 = PRODUCT_CONTEXT('',#2,'mechanical');
#6949 = PRODUCT_DEFINITION_CONTEXT('part definition',#2,'design');
#6950 = CONTEXT_DEPENDENT_SHAPE_REPRESENTATION(#6951,#6953);
#6951 = ( REPRESENTATION_RELATIONSHIP('','',#6925,#10) 
REPRESENTATION_RELATIONSHIP_WITH_TRANSFORMATION(#6952) 
SHAPE_REPRESENTATION_RELATIONSHIP() );
#6952 = ITEM_DEFINED_TRANSFORMATION('','',#11,#719);
#6953 = PRODUCT_DEFINITION_SHAPE('Placement','Placement of an item',
  #6954);
#6954 = NEXT_ASSEMBLY_USAGE_OCCURRENCE('177','=>[0:1:1:178]','',#5,#6945
  ,$);
#6955 = PRODUCT_RELATED_PRODUCT_CATEGORY('part',$,(#6947));
#6956 = ADVANCED_BREP_SHAPE_REPRESENTATION('',(#11,#6957),#6969);
#6957 = MANIFOLD_SOLID_BREP('',#6958);
#6958 = CLOSED_SHELL('',(#6959));
#6959 = ADVANCED_FACE('',(#6960),#6964,.T.);
#6960 = FACE_BOUND('',#6961,.T.);
#6961 = VERTEX_LOOP('',#6962);
#6962 = VERTEX_POINT('',#6963);
#6963 = CARTESIAN_POINT('',(7.654042494671E-18,-1.874699728327E-33,
    -0.125));
#6964 = SPHERICAL_SURFACE('',#6965,0.125);
#6965 = AXIS2_PLACEMENT_3D('',#6966,#6967,#6968);
#6966 = CARTESIAN_POINT('',(0.,0.,0.));
#6967 = DIRECTION('',(0.,0.,1.));
#6968 = DIRECTION('',(1.,0.,-0.));
#6969 = ( GEOMETRIC_REPRESENTATION_CONTEXT(3) 
GLOBAL_UNCERTAINTY_ASSIGNED_CONTEXT((#6973)) 
GLOBAL_UNIT_ASSIGNED_CONTEXT((#6970,#6971,#6972)) REPRESENTATION_CONTEXT
('Context #1','3D Context with UNIT and UNCERTAINTY') );
#6970 = ( LENGTH_UNIT() NAMED_UNIT(*) SI_UNIT(.MILLI.,.METRE.) );
#6971 = ( NAMED_UNIT(*) PLANE_ANGLE_UNIT() SI_UNIT($,.RADIAN.) );
#6972 = ( NAMED_UNIT(*) SI_UNIT($,.STERADIAN.) SOLID_ANGLE_UNIT() );
#6973 = UNCERTAINTY_MEASURE_WITH_UNIT(LENGTH_MEASURE(1.E-07),#6970,
  'distance_accuracy_value','confusion accuracy');
#6974 = SHAPE_DEFINITION_REPRESENTATION(#6975,#6956);
#6975 = PRODUCT_DEFINITION_SHAPE('','',#6976);
#6976 = PRODUCT_DEFINITION('design','',#6977,#6980);
#6977 = PRODUCT_DEFINITION_FORMATION('','',#6978);
#6978 = PRODUCT('N6','N6','',(#6979));
#6979 = PRODUCT_CONTEXT('',#2,'mechanical');
#6980 = PRODUCT_DEFINITION_CONTEXT('part definition',#2,'design');
#6981 = CONTEXT_DEPENDENT_SHAPE_REPRESENTATION(#6982,#6984);
#6982 = ( REPRESENTATION_RELATIONSHIP('','',#6956,#10) 
REPRESENTATION_RELATIONSHIP_WITH_TRANSFORMATION(#6983) 
SHAPE_REPRESENTATION_RELATIONSHIP() );
#6983 = ITEM_DEFINED_TRANSFORMATION('','',#11,#723);
#6984 = PRODUCT_DEFINITION_SHAPE('Placement','Placement of an item',
  #6985);
#6985 = NEXT_ASSEMBLY_USAGE_OCCURRENCE('178','=>[0:1:1:179]','',#5,#6976
  ,$);
#6986 = PRODUCT_RELATED_PRODUCT_CATEGORY('part',$,(#6978));
#6987 = ADVANCED_BREP_SHAPE_REPRESENTATION('',(#11,#6988),#7000);
#6988 = MANIFOLD_SOLID_BREP('',#6989);
#6989 = CLOSED_SHELL('',(#6990));
#6990 = ADVANCED_FACE('',(#6991),#6995,.T.);
#6991 = FACE_BOUND('',#6992,.T.);
#6992 = VERTEX_LOOP('',#6993);
#6993 = VERTEX_POINT('',#6994);
#6994 = CARTESIAN_POINT('',(7.654042494671E-18,-1.874699728327E-33,
    -0.125));
#6995 = SPHERICAL_SURFACE('',#6996,0.125);
#6996 = AXIS2_PLACEMENT_3D('',#6997,#6998,#6999);
#6997 = CARTESIAN_POINT('',(0.,0.,0.));
#6998 = DIRECTION('',(0.,0.,1.));
#6999 = DIRECTION('',(1.,0.,-0.));
#7000 = ( GEOMETRIC_REPRESENTATION_CONTEXT(3) 
GLOBAL_UNCERTAINTY_ASSIGNED_CONTEXT((#7004)) 
GLOBAL_UNIT_ASSIGNED_CONTEXT((#7001,#7002,#7003)) REPRESENTATION_CONTEXT
('Context #1','3D Context with UNIT and UNCERTAINTY') );
#7001 = ( LENGTH_UNIT() NAMED_UNIT(*) SI_UNIT(.MILLI.,.METRE.) );
#7002 = ( NAMED_UNIT(*) PLANE_ANGLE_UNIT() SI_UNIT($,.RADIAN.) );
#7003 = ( NAMED_UNIT(*) SI_UNIT($,.STERADIAN.) SOLID_ANGLE_UNIT() );
#7004 = UNCERTAINTY_MEASURE_WITH_UNIT(LENGTH_MEASURE(1.E-07),#7001,
  'distance_accuracy_value','confusion accuracy');
#7005 = SHAPE_DEFINITION_REPRESENTATION(#7006,#6987);
#7006 = PRODUCT_DEFINITION_SHAPE('','',#7007);
#7007 = PRODUCT_DEFINITION('design','',#7008,#7011);
#7008 = PRODUCT_DEFINITION_FORMATION('','',#7009);
#7009 = PRODUCT('N9','N9','',(#7010));
#7010 = PRODUCT_CONTEXT('',#2,'mechanical');
#7011 = PRODUCT_DEFINITION_CONTEXT('part definition',#2,'design');
#7012 = CONTEXT_DEPENDENT_SHAPE_REPRESENTATION(#7013,#7015);
#7013 = ( REPRESENTATION_RELATIONSHIP('','',#6987,#10) 
REPRESENTATION_RELATIONSHIP_WITH_TRANSFORMATION(#7014) 
SHAPE_REPRESENTATION_RELATIONSHIP() );
#7014 = ITEM_DEFINED_TRANSFORMATION('','',#11,#727);
#7015 = PRODUCT_DEFINITION_SHAPE('Placement','Placement of an item',
  #7016);
#7016 = NEXT_ASSEMBLY_USAGE_OCCURRENCE('179','=>[0:1:1:180]','',#5,#7007
  ,$);
#7017 = PRODUCT_RELATED_PRODUCT_CATEGORY('part',$,(#7009));
#7018 = ADVANCED_BREP_SHAPE_REPRESENTATION('',(#11,#7019),#7031);
#7019 = MANIFOLD_SOLID_BREP('',#7020);
#7020 = CLOSED_SHELL('',(#7021));
#7021 = ADVANCED_FACE('',(#7022),#7026,.T.);
#7022 = FACE_BOUND('',#7023,.T.);
#7023 = VERTEX_LOOP('',#7024);
#7024 = VERTEX_POINT('',#7025);
#7025 = CARTESIAN_POINT('',(7.654042494671E-18,-1.874699728327E-33,
    -0.125));
#7026 = SPHERICAL_SURFACE('',#7027,0.125);
#7027 = AXIS2_PLACEMENT_3D('',#7028,#7029,#7030);
#7028 = CARTESIAN_POINT('',(0.,0.,0.));
#7029 = DIRECTION('',(0.,0.,1.));
#7030 = DIRECTION('',(1.,0.,-0.));
#7031 = ( GEOMETRIC_REPRESENTATION_CONTEXT(3) 
GLOBAL_UNCERTAINTY_ASSIGNED_CONTEXT((#7035)) 
GLOBAL_UNIT_ASSIGNED_CONTEXT((#7032,#7033,#7034)) REPRESENTATION_CONTEXT
('Context #1','3D Context with UNIT and UNCERTAINTY') );
#7032 = ( LENGTH_UNIT() NAMED_UNIT(*) SI_UNIT(.MILLI.,.METRE.) );
#7033 = ( NAMED_UNIT(*) PLANE_ANGLE_UNIT() SI_UNIT($,.RADIAN.) );
#7034 = ( NAMED_UNIT(*) SI_UNIT($,.STERADIAN.) SOLID_ANGLE_UNIT() );
#7035 = UNCERTAINTY_MEASURE_WITH_UNIT(LENGTH_MEASURE(1.E-07),#7032,
  'distance_accuracy_value','confusion accuracy');
#7036 = SHAPE_DEFINITION_REPRESENTATION(#7037,#7018);
#7037 = PRODUCT_DEFINITION_SHAPE('','',#7038);
#7038 = PRODUCT_DEFINITION('design','',#7039,#7042);
#7039 = PRODUCT_DEFINITION_FORMATION('','',#7040);
#7040 = PRODUCT('N11','N11','',(#7041));
#7041 = PRODUCT_CONTEXT('',#2,'mechanical');
#7042 = PRODUCT_DEFINITION_CONTEXT('part definition',#2,'design');
#7043 = CONTEXT_DEPENDENT_SHAPE_REPRESENTATION(#7044,#7046);
#7044 = ( REPRESENTATION_RELATIONSHIP('','',#7018,#10) 
REPRESENTATION_RELATIONSHIP_WITH_TRANSFORMATION(#7045) 
SHAPE_REPRESENTATION_RELATIONSHIP() );
#7045 = ITEM_DEFINED_TRANSFORMATION('','',#11,#731);
#7046 = PRODUCT_DEFINITION_SHAPE('Placement','Placement of an item',
  #7047);
#7047 = NEXT_ASSEMBLY_USAGE_OCCURRENCE('180','=>[0:1:1:181]','',#5,#7038
  ,$);
#7048 = PRODUCT_RELATED_PRODUCT_CATEGORY('part',$,(#7040));
#7049 = ADVANCED_BREP_SHAPE_REPRESENTATION('',(#11,#7050),#7062);
#7050 = MANIFOLD_SOLID_BREP('',#7051);
#7051 = CLOSED_SHELL('',(#7052));
#7052 = ADVANCED_FACE('',(#7053),#7057,.T.);
#7053 = FACE_BOUND('',#7054,.T.);
#7054 = VERTEX_LOOP('',#7055);
#7055 = VERTEX_POINT('',#7056);
#7056 = CARTESIAN_POINT('',(7.654042494671E-18,-1.874699728327E-33,
    -0.125));
#7057 = SPHERICAL_SURFACE('',#7058,0.125);
#7058 = AXIS2_PLACEMENT_3D('',#7059,#7060,#7061);
#7059 = CARTESIAN_POINT('',(0.,0.,0.));
#7060 = DIRECTION('',(0.,0.,1.));
#7061 = DIRECTION('',(1.,0.,-0.));
#7062 = ( GEOMETRIC_REPRESENTATION_CONTEXT(3) 
GLOBAL_UNCERTAINTY_ASSIGNED_CONTEXT((#7066)) 
GLOBAL_UNIT_ASSIGNED_CONTEXT((#7063,#7064,#7065)) REPRESENTATION_CONTEXT
('Context #1','3D Context with UNIT and UNCERTAINTY') );
#7063 = ( LENGTH_UNIT() NAMED_UNIT(*) SI_UNIT(.MILLI.,.METRE.) );
#7064 = ( NAMED_UNIT(*) PLANE_ANGLE_UNIT() SI_UNIT($,.RADIAN.) );
#7065 = ( NAMED_UNIT(*) SI_UNIT($,.STERADIAN.) SOLID_ANGLE_UNIT() );
#7066 = UNCERTAINTY_MEASURE_WITH_UNIT(LENGTH_MEASURE(1.E-07),#7063,
  'distance_accuracy_value','confusion accuracy');
#7067 = SHAPE_DEFINITION_REPRESENTATION(#7068,#7049);
#7068 = PRODUCT_DEFINITION_SHAPE('','',#7069);
#7069 = PRODUCT_DEFINITION('design','',#7070,#7073);
#7070 = PRODUCT_DEFINITION_FORMATION('','',#7071);
#7071 = PRODUCT('N13','N13','',(#7072));
#7072 = PRODUCT_CONTEXT('',#2,'mechanical');
#7073 = PRODUCT_DEFINITION_CONTEXT('part definition',#2,'design');
#7074 = CONTEXT_DEPENDENT_SHAPE_REPRESENTATION(#7075,#7077);
#7075 = ( REPRESENTATION_RELATIONSHIP('','',#7049,#10) 
REPRESENTATION_RELATIONSHIP_WITH_TRANSFORMATION(#7076) 
SHAPE_REPRESENTATION_RELATIONSHIP() );
#7076 = ITEM_DEFINED_TRANSFORMATION('','',#11,#735);
#7077 = PRODUCT_DEFINITION_SHAPE('Placement','Placement of an item',
  #7078);
#7078 = NEXT_ASSEMBLY_USAGE_OCCURRENCE('181','=>[0:1:1:182]','',#5,#7069
  ,$);
#7079 = PRODUCT_RELATED_PRODUCT_CATEGORY('part',$,(#7071));
#7080 = ADVANCED_BREP_SHAPE_REPRESENTATION('',(#11,#7081),#7093);
#7081 = MANIFOLD_SOLID_BREP('',#7082);
#7082 = CLOSED_SHELL('',(#7083));
#7083 = ADVANCED_FACE('',(#7084),#7088,.T.);
#7084 = FACE_BOUND('',#7085,.T.);
#7085 = VERTEX_LOOP('',#7086);
#7086 = VERTEX_POINT('',#7087);
#7087 = CARTESIAN_POINT('',(7.654042494671E-18,-1.874699728327E-33,
    -0.125));
#7088 = SPHERICAL_SURFACE('',#7089,0.125);
#7089 = AXIS2_PLACEMENT_3D('',#7090,#7091,#7092);
#7090 = CARTESIAN_POINT('',(0.,0.,0.));
#7091 = DIRECTION('',(0.,0.,1.));
#7092 = DIRECTION('',(1.,0.,-0.));
#7093 = ( GEOMETRIC_REPRESENTATION_CONTEXT(3) 
GLOBAL_UNCERTAINTY_ASSIGNED_CONTEXT((#7097)) 
GLOBAL_UNIT_ASSIGNED_CONTEXT((#7094,#7095,#7096)) REPRESENTATION_CONTEXT
('Context #1','3D Context with UNIT and UNCERTAINTY') );
#7094 = ( LENGTH_UNIT() NAMED_UNIT(*) SI_UNIT(.MILLI.,.METRE.) );
#7095 = ( NAMED_UNIT(*) PLANE_ANGLE_UNIT() SI_UNIT($,.RADIAN.) );
#7096 = ( NAMED_UNIT(*) SI_UNIT($,.STERADIAN.) SOLID_ANGLE_UNIT() );
#7097 = UNCERTAINTY_MEASURE_WITH_UNIT(LENGTH_MEASURE(1.E-07),#7094,
  'distance_accuracy_value','confusion accuracy');
#7098 = SHAPE_DEFINITION_REPRESENTATION(#7099,#7080);
#7099 = PRODUCT_DEFINITION_SHAPE('','',#7100);
#7100 = PRODUCT_DEFINITION('design','',#7101,#7104);
#7101 = PRODUCT_DEFINITION_FORMATION('','',#7102);
#7102 = PRODUCT('N15','N15','',(#7103));
#7103 = PRODUCT_CONTEXT('',#2,'mechanical');
#7104 = PRODUCT_DEFINITION_CONTEXT('part definition',#2,'design');
#7105 = CONTEXT_DEPENDENT_SHAPE_REPRESENTATION(#7106,#7108);
#7106 = ( REPRESENTATION_RELATIONSHIP('','',#7080,#10) 
REPRESENTATION_RELATIONSHIP_WITH_TRANSFORMATION(#7107) 
SHAPE_REPRESENTATION_RELATIONSHIP() );
#7107 = ITEM_DEFINED_TRANSFORMATION('','',#11,#739);
#7108 = PRODUCT_DEFINITION_SHAPE('Placement','Placement of an item',
  #7109);
#7109 = NEXT_ASSEMBLY_USAGE_OCCURRENCE('182','=>[0:1:1:183]','',#5,#7100
  ,$);
#7110 = PRODUCT_RELATED_PRODUCT_CATEGORY('part',$,(#7102));
#7111 = ADVANCED_BREP_SHAPE_REPRESENTATION('',(#11,#7112),#7124);
#7112 = MANIFOLD_SOLID_BREP('',#7113);
#7113 = CLOSED_SHELL('',(#7114));
#7114 = ADVANCED_FACE('',(#7115),#7119,.T.);
#7115 = FACE_BOUND('',#7116,.T.);
#7116 = VERTEX_LOOP('',#7117);
#7117 = VERTEX_POINT('',#7118);
#7118 = CARTESIAN_POINT('',(7.654042494671E-18,-1.874699728327E-33,
    -0.125));
#7119 = SPHERICAL_SURFACE('',#7120,0.125);
#7120 = AXIS2_PLACEMENT_3D('',#7121,#7122,#7123);
#7121 = CARTESIAN_POINT('',(0.,0.,0.));
#7122 = DIRECTION('',(0.,0.,1.));
#7123 = DIRECTION('',(1.,0.,-0.));
#7124 = ( GEOMETRIC_REPRESENTATION_CONTEXT(3) 
GLOBAL_UNCERTAINTY_ASSIGNED_CONTEXT((#7128)) 
GLOBAL_UNIT_ASSIGNED_CONTEXT((#7125,#7126,#7127)) REPRESENTATION_CONTEXT
('Context #1','3D Context with UNIT and UNCERTAINTY') );
#7125 = ( LENGTH_UNIT() NAMED_UNIT(*) SI_UNIT(.MILLI.,.METRE.) );
#7126 = ( NAMED_UNIT(*) PLANE_ANGLE_UNIT() SI_UNIT($,.RADIAN.) );
#7127 = ( NAMED_UNIT(*) SI_UNIT($,.STERADIAN.) SOLID_ANGLE_UNIT() );
#7128 = UNCERTAINTY_MEASURE_WITH_UNIT(LENGTH_MEASURE(1.E-07),#7125,
  'distance_accuracy_value','confusion accuracy');
#7129 = SHAPE_DEFINITION_REPRESENTATION(#7130,#7111);
#7130 = PRODUCT_DEFINITION_SHAPE('','',#7131);
#7131 = PRODUCT_DEFINITION('design','',#7132,#7135);
#7132 = PRODUCT_DEFINITION_FORMATION('','',#7133);
#7133 = PRODUCT('N17','N17','',(#7134));
#7134 = PRODUCT_CONTEXT('',#2,'mechanical');
#7135 = PRODUCT_DEFINITION_CONTEXT('part definition',#2,'design');
#7136 = CONTEXT_DEPENDENT_SHAPE_REPRESENTATION(#7137,#7139);
#7137 = ( REPRESENTATION_RELATIONSHIP('','',#7111,#10) 
REPRESENTATION_RELATIONSHIP_WITH_TRANSFORMATION(#7138) 
SHAPE_REPRESENTATION_RELATIONSHIP() );
#7138 = ITEM_DEFINED_TRANSFORMATION('','',#11,#743);
#7139 = PRODUCT_DEFINITION_SHAPE('Placement','Placement of an item',
  #7140);
#7140 = NEXT_ASSEMBLY_USAGE_OCCURRENCE('183','=>[0:1:1:184]','',#5,#7131
  ,$);
#7141 = PRODUCT_RELATED_PRODUCT_CATEGORY('part',$,(#7133));
#7142 = ADVANCED_BREP_SHAPE_REPRESENTATION('',(#11,#7143),#7155);
#7143 = MANIFOLD_SOLID_BREP('',#7144);
#7144 = CLOSED_SHELL('',(#7145));
#7145 = ADVANCED_FACE('',(#7146),#7150,.T.);
#7146 = FACE_BOUND('',#7147,.T.);
#7147 = VERTEX_LOOP('',#7148);
#7148 = VERTEX_POINT('',#7149);
#7149 = CARTESIAN_POINT('',(7.654042494671E-18,-1.874699728327E-33,
    -0.125));
#7150 = SPHERICAL_SURFACE('',#7151,0.125);
#7151 = AXIS2_PLACEMENT_3D('',#7152,#7153,#7154);
#7152 = CARTESIAN_POINT('',(0.,0.,0.));
#7153 = DIRECTION('',(0.,0.,1.));
#7154 = DIRECTION('',(1.,0.,-0.));
#7155 = ( GEOMETRIC_REPRESENTATION_CONTEXT(3) 
GLOBAL_UNCERTAINTY_ASSIGNED_CONTEXT((#7159)) 
GLOBAL_UNIT_ASSIGNED_CONTEXT((#7156,#7157,#7158)) REPRESENTATION_CONTEXT
('Context #1','3D Context with UNIT and UNCERTAINTY') );
#7156 = ( LENGTH_UNIT() NAMED_UNIT(*) SI_UNIT(.MILLI.,.METRE.) );
#7157 = ( NAMED_UNIT(*) PLANE_ANGLE_UNIT() SI_UNIT($,.RADIAN.) );
#7158 = ( NAMED_UNIT(*) SI_UNIT($,.STERADIAN.) SOLID_ANGLE_UNIT() );
#7159 = UNCERTAINTY_MEASURE_WITH_UNIT(LENGTH_MEASURE(1.E-07),#7156,
  'distance_accuracy_value','confusion accuracy');
#7160 = SHAPE_DEFINITION_REPRESENTATION(#7161,#7142);
#7161 = PRODUCT_DEFINITION_SHAPE('','',#7162);
#7162 = PRODUCT_DEFINITION('design','',#7163,#7166);
#7163 = PRODUCT_DEFINITION_FORMATION('','',#7164);
#7164 = PRODUCT('N20','N20','',(#7165));
#7165 = PRODUCT_CONTEXT('',#2,'mechanical');
#7166 = PRODUCT_DEFINITION_CONTEXT('part definition',#2,'design');
#7167 = CONTEXT_DEPENDENT_SHAPE_REPRESENTATION(#7168,#7170);
#7168 = ( REPRESENTATION_RELATIONSHIP('','',#7142,#10) 
REPRESENTATION_RELATIONSHIP_WITH_TRANSFORMATION(#7169) 
SHAPE_REPRESENTATION_RELATIONSHIP() );
#7169 = ITEM_DEFINED_TRANSFORMATION('','',#11,#747);
#7170 = PRODUCT_DEFINITION_SHAPE('Placement','Placement of an item',
  #7171);
#7171 = NEXT_ASSEMBLY_USAGE_OCCURRENCE('184','=>[0:1:1:185]','',#5,#7162
  ,$);
#7172 = PRODUCT_RELATED_PRODUCT_CATEGORY('part',$,(#7164));
#7173 = ADVANCED_BREP_SHAPE_REPRESENTATION('',(#11,#7174),#7186);
#7174 = MANIFOLD_SOLID_BREP('',#7175);
#7175 = CLOSED_SHELL('',(#7176));
#7176 = ADVANCED_FACE('',(#7177),#7181,.T.);
#7177 = FACE_BOUND('',#7178,.T.);
#7178 = VERTEX_LOOP('',#7179);
#7179 = VERTEX_POINT('',#7180);
#7180 = CARTESIAN_POINT('',(7.654042494671E-18,-1.874699728327E-33,
    -0.125));
#7181 = SPHERICAL_SURFACE('',#7182,0.125);
#7182 = AXIS2_PLACEMENT_3D('',#7183,#7184,#7185);
#7183 = CARTESIAN_POINT('',(0.,0.,0.));
#7184 = DIRECTION('',(0.,0.,1.));
#7185 = DIRECTION('',(1.,0.,-0.));
#7186 = ( GEOMETRIC_REPRESENTATION_CONTEXT(3) 
GLOBAL_UNCERTAINTY_ASSIGNED_CONTEXT((#7190)) 
GLOBAL_UNIT_ASSIGNED_CONTEXT((#7187,#7188,#7189)) REPRESENTATION_CONTEXT
('Context #1','3D Context with UNIT and UNCERTAINTY') );
#7187 = ( LENGTH_UNIT() NAMED_UNIT(*) SI_UNIT(.MILLI.,.METRE.) );
#7188 = ( NAMED_UNIT(*) PLANE_ANGLE_UNIT() SI_UNIT($,.RADIAN.) );
#7189 = ( NAMED_UNIT(*) SI_UNIT($,.STERADIAN.) SOLID_ANGLE_UNIT() );
#7190 = UNCERTAINTY_MEASURE_WITH_UNIT(LENGTH_MEASURE(1.E-07),#7187,
  'distance_accuracy_value','confusion accuracy');
#7191 = SHAPE_DEFINITION_REPRESENTATION(#7192,#7173);
#7192 = PRODUCT_DEFINITION_SHAPE('','',#7193);
#7193 = PRODUCT_DEFINITION('design','',#7194,#7197);
#7194 = PRODUCT_DEFINITION_FORMATION('','',#7195);
#7195 = PRODUCT('N23','N23','',(#7196));
#7196 = PRODUCT_CONTEXT('',#2,'mechanical');
#7197 = PRODUCT_DEFINITION_CONTEXT('part definition',#2,'design');
#7198 = CONTEXT_DEPENDENT_SHAPE_REPRESENTATION(#7199,#7201);
#7199 = ( REPRESENTATION_RELATIONSHIP('','',#7173,#10) 
REPRESENTATION_RELATIONSHIP_WITH_TRANSFORMATION(#7200) 
SHAPE_REPRESENTATION_RELATIONSHIP() );
#7200 = ITEM_DEFINED_TRANSFORMATION('','',#11,#751);
#7201 = PRODUCT_DEFINITION_SHAPE('Placement','Placement of an item',
  #7202);
#7202 = NEXT_ASSEMBLY_USAGE_OCCURRENCE('185','=>[0:1:1:186]','',#5,#7193
  ,$);
#7203 = PRODUCT_RELATED_PRODUCT_CATEGORY('part',$,(#7195));
#7204 = ADVANCED_BREP_SHAPE_REPRESENTATION('',(#11,#7205),#7217);
#7205 = MANIFOLD_SOLID_BREP('',#7206);
#7206 = CLOSED_SHELL('',(#7207));
#7207 = ADVANCED_FACE('',(#7208),#7212,.T.);
#7208 = FACE_BOUND('',#7209,.T.);
#7209 = VERTEX_LOOP('',#7210);
#7210 = VERTEX_POINT('',#7211);
#7211 = CARTESIAN_POINT('',(7.654042494671E-18,-1.874699728327E-33,
    -0.125));
#7212 = SPHERICAL_SURFACE('',#7213,0.125);
#7213 = AXIS2_PLACEMENT_3D('',#7214,#7215,#7216);
#7214 = CARTESIAN_POINT('',(0.,0.,0.));
#7215 = DIRECTION('',(0.,0.,1.));
#7216 = DIRECTION('',(1.,0.,-0.));
#7217 = ( GEOMETRIC_REPRESENTATION_CONTEXT(3) 
GLOBAL_UNCERTAINTY_ASSIGNED_CONTEXT((#7221)) 
GLOBAL_UNIT_ASSIGNED_CONTEXT((#7218,#7219,#7220)) REPRESENTATION_CONTEXT
('Context #1','3D Context with UNIT and UNCERTAINTY') );
#7218 = ( LENGTH_UNIT() NAMED_UNIT(*) SI_UNIT(.MILLI.,.METRE.) );
#7219 = ( NAMED_UNIT(*) PLANE_ANGLE_UNIT() SI_UNIT($,.RADIAN.) );
#7220 = ( NAMED_UNIT(*) SI_UNIT($,.STERADIAN.) SOLID_ANGLE_UNIT() );
#7221 = UNCERTAINTY_MEASURE_WITH_UNIT(LENGTH_MEASURE(1.E-07),#7218,
  'distance_accuracy_value','confusion accuracy');
#7222 = SHAPE_DEFINITION_REPRESENTATION(#7223,#7204);
#7223 = PRODUCT_DEFINITION_SHAPE('','',#7224);
#7224 = PRODUCT_DEFINITION('design','',#7225,#7228);
#7225 = PRODUCT_DEFINITION_FORMATION('','',#7226);
#7226 = PRODUCT('N24','N24','',(#7227));
#7227 = PRODUCT_CONTEXT('',#2,'mechanical');
#7228 = PRODUCT_DEFINITION_CONTEXT('part definition',#2,'design');
#7229 = CONTEXT_DEPENDENT_SHAPE_REPRESENTATION(#7230,#7232);
#7230 = ( REPRESENTATION_RELATIONSHIP('','',#7204,#10) 
REPRESENTATION_RELATIONSHIP_WITH_TRANSFORMATION(#7231) 
SHAPE_REPRESENTATION_RELATIONSHIP() );
#7231 = ITEM_DEFINED_TRANSFORMATION('','',#11,#755);
#7232 = PRODUCT_DEFINITION_SHAPE('Placement','Placement of an item',
  #7233);
#7233 = NEXT_ASSEMBLY_USAGE_OCCURRENCE('186','=>[0:1:1:187]','',#5,#7224
  ,$);
#7234 = PRODUCT_RELATED_PRODUCT_CATEGORY('part',$,(#7226));
#7235 = ADVANCED_BREP_SHAPE_REPRESENTATION('',(#11,#7236),#7248);
#7236 = MANIFOLD_SOLID_BREP('',#7237);
#7237 = CLOSED_SHELL('',(#7238));
#7238 = ADVANCED_FACE('',(#7239),#7243,.T.);
#7239 = FACE_BOUND('',#7240,.T.);
#7240 = VERTEX_LOOP('',#7241);
#7241 = VERTEX_POINT('',#7242);
#7242 = CARTESIAN_POINT('',(7.654042494671E-18,-1.874699728327E-33,
    -0.125));
#7243 = SPHERICAL_SURFACE('',#7244,0.125);
#7244 = AXIS2_PLACEMENT_3D('',#7245,#7246,#7247);
#7245 = CARTESIAN_POINT('',(0.,0.,0.));
#7246 = DIRECTION('',(0.,0.,1.));
#7247 = DIRECTION('',(1.,0.,-0.));
#7248 = ( GEOMETRIC_REPRESENTATION_CONTEXT(3) 
GLOBAL_UNCERTAINTY_ASSIGNED_CONTEXT((#7252)) 
GLOBAL_UNIT_ASSIGNED_CONTEXT((#7249,#7250,#7251)) REPRESENTATION_CONTEXT
('Context #1','3D Context with UNIT and UNCERTAINTY') );
#7249 = ( LENGTH_UNIT() NAMED_UNIT(*) SI_UNIT(.MILLI.,.METRE.) );
#7250 = ( NAMED_UNIT(*) PLANE_ANGLE_UNIT() SI_UNIT($,.RADIAN.) );
#7251 = ( NAMED_UNIT(*) SI_UNIT($,.STERADIAN.) SOLID_ANGLE_UNIT() );
#7252 = UNCERTAINTY_MEASURE_WITH_UNIT(LENGTH_MEASURE(1.E-07),#7249,
  'distance_accuracy_value','confusion accuracy');
#7253 = SHAPE_DEFINITION_REPRESENTATION(#7254,#7235);
#7254 = PRODUCT_DEFINITION_SHAPE('','',#7255);
#7255 = PRODUCT_DEFINITION('design','',#7256,#7259);
#7256 = PRODUCT_DEFINITION_FORMATION('','',#7257);
#7257 = PRODUCT('N25','N25','',(#7258));
#7258 = PRODUCT_CONTEXT('',#2,'mechanical');
#7259 = PRODUCT_DEFINITION_CONTEXT('part definition',#2,'design');
#7260 = CONTEXT_DEPENDENT_SHAPE_REPRESENTATION(#7261,#7263);
#7261 = ( REPRESENTATION_RELATIONSHIP('','',#7235,#10) 
REPRESENTATION_RELATIONSHIP_WITH_TRANSFORMATION(#7262) 
SHAPE_REPRESENTATION_RELATIONSHIP() );
#7262 = ITEM_DEFINED_TRANSFORMATION('','',#11,#759);
#7263 = PRODUCT_DEFINITION_SHAPE('Placement','Placement of an item',
  #7264);
#7264 = NEXT_ASSEMBLY_USAGE_OCCURRENCE('187','=>[0:1:1:188]','',#5,#7255
  ,$);
#7265 = PRODUCT_RELATED_PRODUCT_CATEGORY('part',$,(#7257));
#7266 = ADVANCED_BREP_SHAPE_REPRESENTATION('',(#11,#7267),#7279);
#7267 = MANIFOLD_SOLID_BREP('',#7268);
#7268 = CLOSED_SHELL('',(#7269));
#7269 = ADVANCED_FACE('',(#7270),#7274,.T.);
#7270 = FACE_BOUND('',#7271,.T.);
#7271 = VERTEX_LOOP('',#7272);
#7272 = VERTEX_POINT('',#7273);
#7273 = CARTESIAN_POINT('',(7.654042494671E-18,-1.874699728327E-33,
    -0.125));
#7274 = SPHERICAL_SURFACE('',#7275,0.125);
#7275 = AXIS2_PLACEMENT_3D('',#7276,#7277,#7278);
#7276 = CARTESIAN_POINT('',(0.,0.,0.));
#7277 = DIRECTION('',(0.,0.,1.));
#7278 = DIRECTION('',(1.,0.,-0.));
#7279 = ( GEOMETRIC_REPRESENTATION_CONTEXT(3) 
GLOBAL_UNCERTAINTY_ASSIGNED_CONTEXT((#7283)) 
GLOBAL_UNIT_ASSIGNED_CONTEXT((#7280,#7281,#7282)) REPRESENTATION_CONTEXT
('Context #1','3D Context with UNIT and UNCERTAINTY') );
#7280 = ( LENGTH_UNIT() NAMED_UNIT(*) SI_UNIT(.MILLI.,.METRE.) );
#7281 = ( NAMED_UNIT(*) PLANE_ANGLE_UNIT() SI_UNIT($,.RADIAN.) );
#7282 = ( NAMED_UNIT(*) SI_UNIT($,.STERADIAN.) SOLID_ANGLE_UNIT() );
#7283 = UNCERTAINTY_MEASURE_WITH_UNIT(LENGTH_MEASURE(1.E-07),#7280,
  'distance_accuracy_value','confusion accuracy');
#7284 = SHAPE_DEFINITION_REPRESENTATION(#7285,#7266);
#7285 = PRODUCT_DEFINITION_SHAPE('','',#7286);
#7286 = PRODUCT_DEFINITION('design','',#7287,#7290);
#7287 = PRODUCT_DEFINITION_FORMATION('','',#7288);
#7288 = PRODUCT('P1','P1','',(#7289));
#7289 = PRODUCT_CONTEXT('',#2,'mechanical');
#7290 = PRODUCT_DEFINITION_CONTEXT('part definition',#2,'design');
#7291 = CONTEXT_DEPENDENT_SHAPE_REPRESENTATION(#7292,#7294);
#7292 = ( REPRESENTATION_RELATIONSHIP('','',#7266,#10) 
REPRESENTATION_RELATIONSHIP_WITH_TRANSFORMATION(#7293) 
SHAPE_REPRESENTATION_RELATIONSHIP() );
#7293 = ITEM_DEFINED_TRANSFORMATION('','',#11,#763);
#7294 = PRODUCT_DEFINITION_SHAPE('Placement','Placement of an item',
  #7295);
#7295 = NEXT_ASSEMBLY_USAGE_OCCURRENCE('188','=>[0:1:1:189]','',#5,#7286
  ,$);
#7296 = PRODUCT_RELATED_PRODUCT_CATEGORY('part',$,(#7288));
#7297 = ADVANCED_BREP_SHAPE_REPRESENTATION('',(#11,#7298),#7310);
#7298 = MANIFOLD_SOLID_BREP('',#7299);
#7299 = CLOSED_SHELL('',(#7300));
#7300 = ADVANCED_FACE('',(#7301),#7305,.T.);
#7301 = FACE_BOUND('',#7302,.T.);
#7302 = VERTEX_LOOP('',#7303);
#7303 = VERTEX_POINT('',#7304);
#7304 = CARTESIAN_POINT('',(7.654042494671E-18,-1.874699728327E-33,
    -0.125));
#7305 = SPHERICAL_SURFACE('',#7306,0.125);
#7306 = AXIS2_PLACEMENT_3D('',#7307,#7308,#7309);
#7307 = CARTESIAN_POINT('',(0.,0.,0.));
#7308 = DIRECTION('',(0.,0.,1.));
#7309 = DIRECTION('',(1.,0.,-0.));
#7310 = ( GEOMETRIC_REPRESENTATION_CONTEXT(3) 
GLOBAL_UNCERTAINTY_ASSIGNED_CONTEXT((#7314)) 
GLOBAL_UNIT_ASSIGNED_CONTEXT((#7311,#7312,#7313)) REPRESENTATION_CONTEXT
('Context #1','3D Context with UNIT and UNCERTAINTY') );
#7311 = ( LENGTH_UNIT() NAMED_UNIT(*) SI_UNIT(.MILLI.,.METRE.) );
#7312 = ( NAMED_UNIT(*) PLANE_ANGLE_UNIT() SI_UNIT($,.RADIAN.) );
#7313 = ( NAMED_UNIT(*) SI_UNIT($,.STERADIAN.) SOLID_ANGLE_UNIT() );
#7314 = UNCERTAINTY_MEASURE_WITH_UNIT(LENGTH_MEASURE(1.E-07),#7311,
  'distance_accuracy_value','confusion accuracy');
#7315 = SHAPE_DEFINITION_REPRESENTATION(#7316,#7297);
#7316 = PRODUCT_DEFINITION_SHAPE('','',#7317);
#7317 = PRODUCT_DEFINITION('design','',#7318,#7321);
#7318 = PRODUCT_DEFINITION_FORMATION('','',#7319);
#7319 = PRODUCT('P2','P2','',(#7320));
#7320 = PRODUCT_CONTEXT('',#2,'mechanical');
#7321 = PRODUCT_DEFINITION_CONTEXT('part definition',#2,'design');
#7322 = CONTEXT_DEPENDENT_SHAPE_REPRESENTATION(#7323,#7325);
#7323 = ( REPRESENTATION_RELATIONSHIP('','',#7297,#10) 
REPRESENTATION_RELATIONSHIP_WITH_TRANSFORMATION(#7324) 
SHAPE_REPRESENTATION_RELATIONSHIP() );
#7324 = ITEM_DEFINED_TRANSFORMATION('','',#11,#767);
#7325 = PRODUCT_DEFINITION_SHAPE('Placement','Placement of an item',
  #7326);
#7326 = NEXT_ASSEMBLY_USAGE_OCCURRENCE('189','=>[0:1:1:190]','',#5,#7317
  ,$);
#7327 = PRODUCT_RELATED_PRODUCT_CATEGORY('part',$,(#7319));
#7328 = ADVANCED_BREP_SHAPE_REPRESENTATION('',(#11,#7329),#7341);
#7329 = MANIFOLD_SOLID_BREP('',#7330);
#7330 = CLOSED_SHELL('',(#7331));
#7331 = ADVANCED_FACE('',(#7332),#7336,.T.);
#7332 = FACE_BOUND('',#7333,.T.);
#7333 = VERTEX_LOOP('',#7334);
#7334 = VERTEX_POINT('',#7335);
#7335 = CARTESIAN_POINT('',(7.654042494671E-18,-1.874699728327E-33,
    -0.125));
#7336 = SPHERICAL_SURFACE('',#7337,0.125);
#7337 = AXIS2_PLACEMENT_3D('',#7338,#7339,#7340);
#7338 = CARTESIAN_POINT('',(0.,0.,0.));
#7339 = DIRECTION('',(0.,0.,1.));
#7340 = DIRECTION('',(1.,0.,-0.));
#7341 = ( GEOMETRIC_REPRESENTATION_CONTEXT(3) 
GLOBAL_UNCERTAINTY_ASSIGNED_CONTEXT((#7345)) 
GLOBAL_UNIT_ASSIGNED_CONTEXT((#7342,#7343,#7344)) REPRESENTATION_CONTEXT
('Context #1','3D Context with UNIT and UNCERTAINTY') );
#7342 = ( LENGTH_UNIT() NAMED_UNIT(*) SI_UNIT(.MILLI.,.METRE.) );
#7343 = ( NAMED_UNIT(*) PLANE_ANGLE_UNIT() SI_UNIT($,.RADIAN.) );
#7344 = ( NAMED_UNIT(*) SI_UNIT($,.STERADIAN.) SOLID_ANGLE_UNIT() );
#7345 = UNCERTAINTY_MEASURE_WITH_UNIT(LENGTH_MEASURE(1.E-07),#7342,
  'distance_accuracy_value','confusion accuracy');
#7346 = SHAPE_DEFINITION_REPRESENTATION(#7347,#7328);
#7347 = PRODUCT_DEFINITION_SHAPE('','',#7348);
#7348 = PRODUCT_DEFINITION('design','',#7349,#7352);
#7349 = PRODUCT_DEFINITION_FORMATION('','',#7350);
#7350 = PRODUCT('P3','P3','',(#7351));
#7351 = PRODUCT_CONTEXT('',#2,'mechanical');
#7352 = PRODUCT_DEFINITION_CONTEXT('part definition',#2,'design');
#7353 = CONTEXT_DEPENDENT_SHAPE_REPRESENTATION(#7354,#7356);
#7354 = ( REPRESENTATION_RELATIONSHIP('','',#7328,#10) 
REPRESENTATION_RELATIONSHIP_WITH_TRANSFORMATION(#7355) 
SHAPE_REPRESENTATION_RELATIONSHIP() );
#7355 = ITEM_DEFINED_TRANSFORMATION('','',#11,#771);
#7356 = PRODUCT_DEFINITION_SHAPE('Placement','Placement of an item',
  #7357);
#7357 = NEXT_ASSEMBLY_USAGE_OCCURRENCE('190','=>[0:1:1:191]','',#5,#7348
  ,$);
#7358 = PRODUCT_RELATED_PRODUCT_CATEGORY('part',$,(#7350));
#7359 = ADVANCED_BREP_SHAPE_REPRESENTATION('',(#11,#7360),#7372);
#7360 = MANIFOLD_SOLID_BREP('',#7361);
#7361 = CLOSED_SHELL('',(#7362));
#7362 = ADVANCED_FACE('',(#7363),#7367,.T.);
#7363 = FACE_BOUND('',#7364,.T.);
#7364 = VERTEX_LOOP('',#7365);
#7365 = VERTEX_POINT('',#7366);
#7366 = CARTESIAN_POINT('',(7.654042494671E-18,-1.874699728327E-33,
    -0.125));
#7367 = SPHERICAL_SURFACE('',#7368,0.125);
#7368 = AXIS2_PLACEMENT_3D('',#7369,#7370,#7371);
#7369 = CARTESIAN_POINT('',(0.,0.,0.));
#7370 = DIRECTION('',(0.,0.,1.));
#7371 = DIRECTION('',(1.,0.,-0.));
#7372 = ( GEOMETRIC_REPRESENTATION_CONTEXT(3) 
GLOBAL_UNCERTAINTY_ASSIGNED_CONTEXT((#7376)) 
GLOBAL_UNIT_ASSIGNED_CONTEXT((#7373,#7374,#7375)) REPRESENTATION_CONTEXT
('Context #1','3D Context with UNIT and UNCERTAINTY') );
#7373 = ( LENGTH_UNIT() NAMED_UNIT(*) SI_UNIT(.MILLI.,.METRE.) );
#7374 = ( NAMED_UNIT(*) PLANE_ANGLE_UNIT() SI_UNIT($,.RADIAN.) );
#7375 = ( NAMED_UNIT(*) SI_UNIT($,.STERADIAN.) SOLID_ANGLE_UNIT() );
#7376 = UNCERTAINTY_MEASURE_WITH_UNIT(LENGTH_MEASURE(1.E-07),#7373,
  'distance_accuracy_value','confusion accuracy');
#7377 = SHAPE_DEFINITION_REPRESENTATION(#7378,#7359);
#7378 = PRODUCT_DEFINITION_SHAPE('','',#7379);
#7379 = PRODUCT_DEFINITION('design','',#7380,#7383);
#7380 = PRODUCT_DEFINITION_FORMATION('','',#7381);
#7381 = PRODUCT('P6','P6','',(#7382));
#7382 = PRODUCT_CONTEXT('',#2,'mechanical');
#7383 = PRODUCT_DEFINITION_CONTEXT('part definition',#2,'design');
#7384 = CONTEXT_DEPENDENT_SHAPE_REPRESENTATION(#7385,#7387);
#7385 = ( REPRESENTATION_RELATIONSHIP('','',#7359,#10) 
REPRESENTATION_RELATIONSHIP_WITH_TRANSFORMATION(#7386) 
SHAPE_REPRESENTATION_RELATIONSHIP() );
#7386 = ITEM_DEFINED_TRANSFORMATION('','',#11,#775);
#7387 = PRODUCT_DEFINITION_SHAPE('Placement','Placement of an item',
  #7388);
#7388 = NEXT_ASSEMBLY_USAGE_OCCURRENCE('191','=>[0:1:1:192]','',#5,#7379
  ,$);
#7389 = PRODUCT_RELATED_PRODUCT_CATEGORY('part',$,(#7381));
#7390 = ADVANCED_BREP_SHAPE_REPRESENTATION('',(#11,#7391),#7403);
#7391 = MANIFOLD_SOLID_BREP('',#7392);
#7392 = CLOSED_SHELL('',(#7393));
#7393 = ADVANCED_FACE('',(#7394),#7398,.T.);
#7394 = FACE_BOUND('',#7395,.T.);
#7395 = VERTEX_LOOP('',#7396);
#7396 = VERTEX_POINT('',#7397);
#7397 = CARTESIAN_POINT('',(7.654042494671E-18,-1.874699728327E-33,
    -0.125));
#7398 = SPHERICAL_SURFACE('',#7399,0.125);
#7399 = AXIS2_PLACEMENT_3D('',#7400,#7401,#7402);
#7400 = CARTESIAN_POINT('',(0.,0.,0.));
#7401 = DIRECTION('',(0.,0.,1.));
#7402 = DIRECTION('',(1.,0.,-0.));
#7403 = ( GEOMETRIC_REPRESENTATION_CONTEXT(3) 
GLOBAL_UNCERTAINTY_ASSIGNED_CONTEXT((#7407)) 
GLOBAL_UNIT_ASSIGNED_CONTEXT((#7404,#7405,#7406)) REPRESENTATION_CONTEXT
('Context #1','3D Context with UNIT and UNCERTAINTY') );
#7404 = ( LENGTH_UNIT() NAMED_UNIT(*) SI_UNIT(.MILLI.,.METRE.) );
#7405 = ( NAMED_UNIT(*) PLANE_ANGLE_UNIT() SI_UNIT($,.RADIAN.) );
#7406 = ( NAMED_UNIT(*) SI_UNIT($,.STERADIAN.) SOLID_ANGLE_UNIT() );
#7407 = UNCERTAINTY_MEASURE_WITH_UNIT(LENGTH_MEASURE(1.E-07),#7404,
  'distance_accuracy_value','confusion accuracy');
#7408 = SHAPE_DEFINITION_REPRESENTATION(#7409,#7390);
#7409 = PRODUCT_DEFINITION_SHAPE('','',#7410);
#7410 = PRODUCT_DEFINITION('design','',#7411,#7414);
#7411 = PRODUCT_DEFINITION_FORMATION('','',#7412);
#7412 = PRODUCT('P10','P10','',(#7413));
#7413 = PRODUCT_CONTEXT('',#2,'mechanical');
#7414 = PRODUCT_DEFINITION_CONTEXT('part definition',#2,'design');
#7415 = CONTEXT_DEPENDENT_SHAPE_REPRESENTATION(#7416,#7418);
#7416 = ( REPRESENTATION_RELATIONSHIP('','',#7390,#10) 
REPRESENTATION_RELATIONSHIP_WITH_TRANSFORMATION(#7417) 
SHAPE_REPRESENTATION_RELATIONSHIP() );
#7417 = ITEM_DEFINED_TRANSFORMATION('','',#11,#779);
#7418 = PRODUCT_DEFINITION_SHAPE('Placement','Placement of an item',
  #7419);
#7419 = NEXT_ASSEMBLY_USAGE_OCCURRENCE('192','=>[0:1:1:193]','',#5,#7410
  ,$);
#7420 = PRODUCT_RELATED_PRODUCT_CATEGORY('part',$,(#7412));
#7421 = ADVANCED_BREP_SHAPE_REPRESENTATION('',(#11,#7422),#7434);
#7422 = MANIFOLD_SOLID_BREP('',#7423);
#7423 = CLOSED_SHELL('',(#7424));
#7424 = ADVANCED_FACE('',(#7425),#7429,.T.);
#7425 = FACE_BOUND('',#7426,.T.);
#7426 = VERTEX_LOOP('',#7427);
#7427 = VERTEX_POINT('',#7428);
#7428 = CARTESIAN_POINT('',(7.654042494671E-18,-1.874699728327E-33,
    -0.125));
#7429 = SPHERICAL_SURFACE('',#7430,0.125);
#7430 = AXIS2_PLACEMENT_3D('',#7431,#7432,#7433);
#7431 = CARTESIAN_POINT('',(0.,0.,0.));
#7432 = DIRECTION('',(0.,0.,1.));
#7433 = DIRECTION('',(1.,0.,-0.));
#7434 = ( GEOMETRIC_REPRESENTATION_CONTEXT(3) 
GLOBAL_UNCERTAINTY_ASSIGNED_CONTEXT((#7438)) 
GLOBAL_UNIT_ASSIGNED_CONTEXT((#7435,#7436,#7437)) REPRESENTATION_CONTEXT
('Context #1','3D Context with UNIT and UNCERTAINTY') );
#7435 = ( LENGTH_UNIT() NAMED_UNIT(*) SI_UNIT(.MILLI.,.METRE.) );
#7436 = ( NAMED_UNIT(*) PLANE_ANGLE_UNIT() SI_UNIT($,.RADIAN.) );
#7437 = ( NAMED_UNIT(*) SI_UNIT($,.STERADIAN.) SOLID_ANGLE_UNIT() );
#7438 = UNCERTAINTY_MEASURE_WITH_UNIT(LENGTH_MEASURE(1.E-07),#7435,
  'distance_accuracy_value','confusion accuracy');
#7439 = SHAPE_DEFINITION_REPRESENTATION(#7440,#7421);
#7440 = PRODUCT_DEFINITION_SHAPE('','',#7441);
#7441 = PRODUCT_DEFINITION('design','',#7442,#7445);
#7442 = PRODUCT_DEFINITION_FORMATION('','',#7443);
#7443 = PRODUCT('P12','P12','',(#7444));
#7444 = PRODUCT_CONTEXT('',#2,'mechanical');
#7445 = PRODUCT_DEFINITION_CONTEXT('part definition',#2,'design');
#7446 = CONTEXT_DEPENDENT_SHAPE_REPRESENTATION(#7447,#7449);
#7447 = ( REPRESENTATION_RELATIONSHIP('','',#7421,#10) 
REPRESENTATION_RELATIONSHIP_WITH_TRANSFORMATION(#7448) 
SHAPE_REPRESENTATION_RELATIONSHIP() );
#7448 = ITEM_DEFINED_TRANSFORMATION('','',#11,#783);
#7449 = PRODUCT_DEFINITION_SHAPE('Placement','Placement of an item',
  #7450);
#7450 = NEXT_ASSEMBLY_USAGE_OCCURRENCE('193','=>[0:1:1:194]','',#5,#7441
  ,$);
#7451 = PRODUCT_RELATED_PRODUCT_CATEGORY('part',$,(#7443));
#7452 = ADVANCED_BREP_SHAPE_REPRESENTATION('',(#11,#7453),#7465);
#7453 = MANIFOLD_SOLID_BREP('',#7454);
#7454 = CLOSED_SHELL('',(#7455));
#7455 = ADVANCED_FACE('',(#7456),#7460,.T.);
#7456 = FACE_BOUND('',#7457,.T.);
#7457 = VERTEX_LOOP('',#7458);
#7458 = VERTEX_POINT('',#7459);
#7459 = CARTESIAN_POINT('',(7.654042494671E-18,-1.874699728327E-33,
    -0.125));
#7460 = SPHERICAL_SURFACE('',#7461,0.125);
#7461 = AXIS2_PLACEMENT_3D('',#7462,#7463,#7464);
#7462 = CARTESIAN_POINT('',(0.,0.,0.));
#7463 = DIRECTION('',(0.,0.,1.));
#7464 = DIRECTION('',(1.,0.,-0.));
#7465 = ( GEOMETRIC_REPRESENTATION_CONTEXT(3) 
GLOBAL_UNCERTAINTY_ASSIGNED_CONTEXT((#7469)) 
GLOBAL_UNIT_ASSIGNED_CONTEXT((#7466,#7467,#7468)) REPRESENTATION_CONTEXT
('Context #1','3D Context with UNIT and UNCERTAINTY') );
#7466 = ( LENGTH_UNIT() NAMED_UNIT(*) SI_UNIT(.MILLI.,.METRE.) );
#7467 = ( NAMED_UNIT(*) PLANE_ANGLE_UNIT() SI_UNIT($,.RADIAN.) );
#7468 = ( NAMED_UNIT(*) SI_UNIT($,.STERADIAN.) SOLID_ANGLE_UNIT() );
#7469 = UNCERTAINTY_MEASURE_WITH_UNIT(LENGTH_MEASURE(1.E-07),#7466,
  'distance_accuracy_value','confusion accuracy');
#7470 = SHAPE_DEFINITION_REPRESENTATION(#7471,#7452);
#7471 = PRODUCT_DEFINITION_SHAPE('','',#7472);
#7472 = PRODUCT_DEFINITION('design','',#7473,#7476);
#7473 = PRODUCT_DEFINITION_FORMATION('','',#7474);
#7474 = PRODUCT('P14','P14','',(#7475));
#7475 = PRODUCT_CONTEXT('',#2,'mechanical');
#7476 = PRODUCT_DEFINITION_CONTEXT('part definition',#2,'design');
#7477 = CONTEXT_DEPENDENT_SHAPE_REPRESENTATION(#7478,#7480);
#7478 = ( REPRESENTATION_RELATIONSHIP('','',#7452,#10) 
REPRESENTATION_RELATIONSHIP_WITH_TRANSFORMATION(#7479) 
SHAPE_REPRESENTATION_RELATIONSHIP() );
#7479 = ITEM_DEFINED_TRANSFORMATION('','',#11,#787);
#7480 = PRODUCT_DEFINITION_SHAPE('Placement','Placement of an item',
  #7481);
#7481 = NEXT_ASSEMBLY_USAGE_OCCURRENCE('194','=>[0:1:1:195]','',#5,#7472
  ,$);
#7482 = PRODUCT_RELATED_PRODUCT_CATEGORY('part',$,(#7474));
#7483 = ADVANCED_BREP_SHAPE_REPRESENTATION('',(#11,#7484),#7496);
#7484 = MANIFOLD_SOLID_BREP('',#7485);
#7485 = CLOSED_SHELL('',(#7486));
#7486 = ADVANCED_FACE('',(#7487),#7491,.T.);
#7487 = FACE_BOUND('',#7488,.T.);
#7488 = VERTEX_LOOP('',#7489);
#7489 = VERTEX_POINT('',#7490);
#7490 = CARTESIAN_POINT('',(7.654042494671E-18,-1.874699728327E-33,
    -0.125));
#7491 = SPHERICAL_SURFACE('',#7492,0.125);
#7492 = AXIS2_PLACEMENT_3D('',#7493,#7494,#7495);
#7493 = CARTESIAN_POINT('',(0.,0.,0.));
#7494 = DIRECTION('',(0.,0.,1.));
#7495 = DIRECTION('',(1.,0.,-0.));
#7496 = ( GEOMETRIC_REPRESENTATION_CONTEXT(3) 
GLOBAL_UNCERTAINTY_ASSIGNED_CONTEXT((#7500)) 
GLOBAL_UNIT_ASSIGNED_CONTEXT((#7497,#7498,#7499)) REPRESENTATION_CONTEXT
('Context #1','3D Context with UNIT and UNCERTAINTY') );
#7497 = ( LENGTH_UNIT() NAMED_UNIT(*) SI_UNIT(.MILLI.,.METRE.) );
#7498 = ( NAMED_UNIT(*) PLANE_ANGLE_UNIT() SI_UNIT($,.RADIAN.) );
#7499 = ( NAMED_UNIT(*) SI_UNIT($,.STERADIAN.) SOLID_ANGLE_UNIT() );
#7500 = UNCERTAINTY_MEASURE_WITH_UNIT(LENGTH_MEASURE(1.E-07),#7497,
  'distance_accuracy_value','confusion accuracy');
#7501 = SHAPE_DEFINITION_REPRESENTATION(#7502,#7483);
#7502 = PRODUCT_DEFINITION_SHAPE('','',#7503);
#7503 = PRODUCT_DEFINITION('design','',#7504,#7507);
#7504 = PRODUCT_DEFINITION_FORMATION('','',#7505);
#7505 = PRODUCT('P16','P16','',(#7506));
#7506 = PRODUCT_CONTEXT('',#2,'mechanical');
#7507 = PRODUCT_DEFINITION_CONTEXT('part definition',#2,'design');
#7508 = CONTEXT_DEPENDENT_SHAPE_REPRESENTATION(#7509,#7511);
#7509 = ( REPRESENTATION_RELATIONSHIP('','',#7483,#10) 
REPRESENTATION_RELATIONSHIP_WITH_TRANSFORMATION(#7510) 
SHAPE_REPRESENTATION_RELATIONSHIP() );
#7510 = ITEM_DEFINED_TRANSFORMATION('','',#11,#791);
#7511 = PRODUCT_DEFINITION_SHAPE('Placement','Placement of an item',
  #7512);
#7512 = NEXT_ASSEMBLY_USAGE_OCCURRENCE('195','=>[0:1:1:196]','',#5,#7503
  ,$);
#7513 = PRODUCT_RELATED_PRODUCT_CATEGORY('part',$,(#7505));
#7514 = ADVANCED_BREP_SHAPE_REPRESENTATION('',(#11,#7515),#7527);
#7515 = MANIFOLD_SOLID_BREP('',#7516);
#7516 = CLOSED_SHELL('',(#7517));
#7517 = ADVANCED_FACE('',(#7518),#7522,.T.);
#7518 = FACE_BOUND('',#7519,.T.);
#7519 = VERTEX_LOOP('',#7520);
#7520 = VERTEX_POINT('',#7521);
#7521 = CARTESIAN_POINT('',(7.654042494671E-18,-1.874699728327E-33,
    -0.125));
#7522 = SPHERICAL_SURFACE('',#7523,0.125);
#7523 = AXIS2_PLACEMENT_3D('',#7524,#7525,#7526);
#7524 = CARTESIAN_POINT('',(0.,0.,0.));
#7525 = DIRECTION('',(0.,0.,1.));
#7526 = DIRECTION('',(1.,0.,-0.));
#7527 = ( GEOMETRIC_REPRESENTATION_CONTEXT(3) 
GLOBAL_UNCERTAINTY_ASSIGNED_CONTEXT((#7531)) 
GLOBAL_UNIT_ASSIGNED_CONTEXT((#7528,#7529,#7530)) REPRESENTATION_CONTEXT
('Context #1','3D Context with UNIT and UNCERTAINTY') );
#7528 = ( LENGTH_UNIT() NAMED_UNIT(*) SI_UNIT(.MILLI.,.METRE.) );
#7529 = ( NAMED_UNIT(*) PLANE_ANGLE_UNIT() SI_UNIT($,.RADIAN.) );
#7530 = ( NAMED_UNIT(*) SI_UNIT($,.STERADIAN.) SOLID_ANGLE_UNIT() );
#7531 = UNCERTAINTY_MEASURE_WITH_UNIT(LENGTH_MEASURE(1.E-07),#7528,
  'distance_accuracy_value','confusion accuracy');
#7532 = SHAPE_DEFINITION_REPRESENTATION(#7533,#7514);
#7533 = PRODUCT_DEFINITION_SHAPE('','',#7534);
#7534 = PRODUCT_DEFINITION('design','',#7535,#7538);
#7535 = PRODUCT_DEFINITION_FORMATION('','',#7536);
#7536 = PRODUCT('P20','P20','',(#7537));
#7537 = PRODUCT_CONTEXT('',#2,'mechanical');
#7538 = PRODUCT_DEFINITION_CONTEXT('part definition',#2,'design');
#7539 = CONTEXT_DEPENDENT_SHAPE_REPRESENTATION(#7540,#7542);
#7540 = ( REPRESENTATION_RELATIONSHIP('','',#7514,#10) 
REPRESENTATION_RELATIONSHIP_WITH_TRANSFORMATION(#7541) 
SHAPE_REPRESENTATION_RELATIONSHIP() );
#7541 = ITEM_DEFINED_TRANSFORMATION('','',#11,#795);
#7542 = PRODUCT_DEFINITION_SHAPE('Placement','Placement of an item',
  #7543);
#7543 = NEXT_ASSEMBLY_USAGE_OCCURRENCE('196','=>[0:1:1:197]','',#5,#7534
  ,$);
#7544 = PRODUCT_RELATED_PRODUCT_CATEGORY('part',$,(#7536));
#7545 = ADVANCED_BREP_SHAPE_REPRESENTATION('',(#11,#7546),#7558);
#7546 = MANIFOLD_SOLID_BREP('',#7547);
#7547 = CLOSED_SHELL('',(#7548));
#7548 = ADVANCED_FACE('',(#7549),#7553,.T.);
#7549 = FACE_BOUND('',#7550,.T.);
#7550 = VERTEX_LOOP('',#7551);
#7551 = VERTEX_POINT('',#7552);
#7552 = CARTESIAN_POINT('',(7.654042494671E-18,-1.874699728327E-33,
    -0.125));
#7553 = SPHERICAL_SURFACE('',#7554,0.125);
#7554 = AXIS2_PLACEMENT_3D('',#7555,#7556,#7557);
#7555 = CARTESIAN_POINT('',(0.,0.,0.));
#7556 = DIRECTION('',(0.,0.,1.));
#7557 = DIRECTION('',(1.,0.,-0.));
#7558 = ( GEOMETRIC_REPRESENTATION_CONTEXT(3) 
GLOBAL_UNCERTAINTY_ASSIGNED_CONTEXT((#7562)) 
GLOBAL_UNIT_ASSIGNED_CONTEXT((#7559,#7560,#7561)) REPRESENTATION_CONTEXT
('Context #1','3D Context with UNIT and UNCERTAINTY') );
#7559 = ( LENGTH_UNIT() NAMED_UNIT(*) SI_UNIT(.MILLI.,.METRE.) );
#7560 = ( NAMED_UNIT(*) PLANE_ANGLE_UNIT() SI_UNIT($,.RADIAN.) );
#7561 = ( NAMED_UNIT(*) SI_UNIT($,.STERADIAN.) SOLID_ANGLE_UNIT() );
#7562 = UNCERTAINTY_MEASURE_WITH_UNIT(LENGTH_MEASURE(1.E-07),#7559,
  'distance_accuracy_value','confusion accuracy');
#7563 = SHAPE_DEFINITION_REPRESENTATION(#7564,#7545);
#7564 = PRODUCT_DEFINITION_SHAPE('','',#7565);
#7565 = PRODUCT_DEFINITION('design','',#7566,#7569);
#7566 = PRODUCT_DEFINITION_FORMATION('','',#7567);
#7567 = PRODUCT('P23','P23','',(#7568));
#7568 = PRODUCT_CONTEXT('',#2,'mechanical');
#7569 = PRODUCT_DEFINITION_CONTEXT('part definition',#2,'design');
#7570 = CONTEXT_DEPENDENT_SHAPE_REPRESENTATION(#7571,#7573);
#7571 = ( REPRESENTATION_RELATIONSHIP('','',#7545,#10) 
REPRESENTATION_RELATIONSHIP_WITH_TRANSFORMATION(#7572) 
SHAPE_REPRESENTATION_RELATIONSHIP() );
#7572 = ITEM_DEFINED_TRANSFORMATION('','',#11,#799);
#7573 = PRODUCT_DEFINITION_SHAPE('Placement','Placement of an item',
  #7574);
#7574 = NEXT_ASSEMBLY_USAGE_OCCURRENCE('197','=>[0:1:1:198]','',#5,#7565
  ,$);
#7575 = PRODUCT_RELATED_PRODUCT_CATEGORY('part',$,(#7567));
#7576 = ADVANCED_BREP_SHAPE_REPRESENTATION('',(#11,#7577),#7589);
#7577 = MANIFOLD_SOLID_BREP('',#7578);
#7578 = CLOSED_SHELL('',(#7579));
#7579 = ADVANCED_FACE('',(#7580),#7584,.T.);
#7580 = FACE_BOUND('',#7581,.T.);
#7581 = VERTEX_LOOP('',#7582);
#7582 = VERTEX_POINT('',#7583);
#7583 = CARTESIAN_POINT('',(7.654042494671E-18,-1.874699728327E-33,
    -0.125));
#7584 = SPHERICAL_SURFACE('',#7585,0.125);
#7585 = AXIS2_PLACEMENT_3D('',#7586,#7587,#7588);
#7586 = CARTESIAN_POINT('',(0.,0.,0.));
#7587 = DIRECTION('',(0.,0.,1.));
#7588 = DIRECTION('',(1.,0.,-0.));
#7589 = ( GEOMETRIC_REPRESENTATION_CONTEXT(3) 
GLOBAL_UNCERTAINTY_ASSIGNED_CONTEXT((#7593)) 
GLOBAL_UNIT_ASSIGNED_CONTEXT((#7590,#7591,#7592)) REPRESENTATION_CONTEXT
('Context #1','3D Context with UNIT and UNCERTAINTY') );
#7590 = ( LENGTH_UNIT() NAMED_UNIT(*) SI_UNIT(.MILLI.,.METRE.) );
#7591 = ( NAMED_UNIT(*) PLANE_ANGLE_UNIT() SI_UNIT($,.RADIAN.) );
#7592 = ( NAMED_UNIT(*) SI_UNIT($,.STERADIAN.) SOLID_ANGLE_UNIT() );
#7593 = UNCERTAINTY_MEASURE_WITH_UNIT(LENGTH_MEASURE(1.E-07),#7590,
  'distance_accuracy_value','confusion accuracy');
#7594 = SHAPE_DEFINITION_REPRESENTATION(#7595,#7576);
#7595 = PRODUCT_DEFINITION_SHAPE('','',#7596);
#7596 = PRODUCT_DEFINITION('design','',#7597,#7600);
#7597 = PRODUCT_DEFINITION_FORMATION('','',#7598);
#7598 = PRODUCT('P24','P24','',(#7599));
#7599 = PRODUCT_CONTEXT('',#2,'mechanical');
#7600 = PRODUCT_DEFINITION_CONTEXT('part definition',#2,'design');
#7601 = CONTEXT_DEPENDENT_SHAPE_REPRESENTATION(#7602,#7604);
#7602 = ( REPRESENTATION_RELATIONSHIP('','',#7576,#10) 
REPRESENTATION_RELATIONSHIP_WITH_TRANSFORMATION(#7603) 
SHAPE_REPRESENTATION_RELATIONSHIP() );
#7603 = ITEM_DEFINED_TRANSFORMATION('','',#11,#803);
#7604 = PRODUCT_DEFINITION_SHAPE('Placement','Placement of an item',
  #7605);
#7605 = NEXT_ASSEMBLY_USAGE_OCCURRENCE('198','=>[0:1:1:199]','',#5,#7596
  ,$);
#7606 = PRODUCT_RELATED_PRODUCT_CATEGORY('part',$,(#7598));
#7607 = ADVANCED_BREP_SHAPE_REPRESENTATION('',(#11,#7608),#7620);
#7608 = MANIFOLD_SOLID_BREP('',#7609);
#7609 = CLOSED_SHELL('',(#7610));
#7610 = ADVANCED_FACE('',(#7611),#7615,.T.);
#7611 = FACE_BOUND('',#7612,.T.);
#7612 = VERTEX_LOOP('',#7613);
#7613 = VERTEX_POINT('',#7614);
#7614 = CARTESIAN_POINT('',(7.654042494671E-18,-1.874699728327E-33,
    -0.125));
#7615 = SPHERICAL_SURFACE('',#7616,0.125);
#7616 = AXIS2_PLACEMENT_3D('',#7617,#7618,#7619);
#7617 = CARTESIAN_POINT('',(0.,0.,0.));
#7618 = DIRECTION('',(0.,0.,1.));
#7619 = DIRECTION('',(1.,0.,-0.));
#7620 = ( GEOMETRIC_REPRESENTATION_CONTEXT(3) 
GLOBAL_UNCERTAINTY_ASSIGNED_CONTEXT((#7624)) 
GLOBAL_UNIT_ASSIGNED_CONTEXT((#7621,#7622,#7623)) REPRESENTATION_CONTEXT
('Context #1','3D Context with UNIT and UNCERTAINTY') );
#7621 = ( LENGTH_UNIT() NAMED_UNIT(*) SI_UNIT(.MILLI.,.METRE.) );
#7622 = ( NAMED_UNIT(*) PLANE_ANGLE_UNIT() SI_UNIT($,.RADIAN.) );
#7623 = ( NAMED_UNIT(*) SI_UNIT($,.STERADIAN.) SOLID_ANGLE_UNIT() );
#7624 = UNCERTAINTY_MEASURE_WITH_UNIT(LENGTH_MEASURE(1.E-07),#7621,
  'distance_accuracy_value','confusion accuracy');
#7625 = SHAPE_DEFINITION_REPRESENTATION(#7626,#7607);
#7626 = PRODUCT_DEFINITION_SHAPE('','',#7627);
#7627 = PRODUCT_DEFINITION('design','',#7628,#7631);
#7628 = PRODUCT_DEFINITION_FORMATION('','',#7629);
#7629 = PRODUCT('P25','P25','',(#7630));
#7630 = PRODUCT_CONTEXT('',#2,'mechanical');
#7631 = PRODUCT_DEFINITION_CONTEXT('part definition',#2,'design');
#7632 = CONTEXT_DEPENDENT_SHAPE_REPRESENTATION(#7633,#7635);
#7633 = ( REPRESENTATION_RELATIONSHIP('','',#7607,#10) 
REPRESENTATION_RELATIONSHIP_WITH_TRANSFORMATION(#7634) 
SHAPE_REPRESENTATION_RELATIONSHIP() );
#7634 = ITEM_DEFINED_TRANSFORMATION('','',#11,#807);
#7635 = PRODUCT_DEFINITION_SHAPE('Placement','Placement of an item',
  #7636);
#7636 = NEXT_ASSEMBLY_USAGE_OCCURRENCE('199','=>[0:1:1:200]','',#5,#7627
  ,$);
#7637 = PRODUCT_RELATED_PRODUCT_CATEGORY('part',$,(#7629));
#7638 = ADVANCED_BREP_SHAPE_REPRESENTATION('',(#11,#7639),#7651);
#7639 = MANIFOLD_SOLID_BREP('',#7640);
#7640 = CLOSED_SHELL('',(#7641));
#7641 = ADVANCED_FACE('',(#7642),#7646,.T.);
#7642 = FACE_BOUND('',#7643,.T.);
#7643 = VERTEX_LOOP('',#7644);
#7644 = VERTEX_POINT('',#7645);
#7645 = CARTESIAN_POINT('',(7.654042494671E-18,-1.874699728327E-33,
    -0.125));
#7646 = SPHERICAL_SURFACE('',#7647,0.125);
#7647 = AXIS2_PLACEMENT_3D('',#7648,#7649,#7650);
#7648 = CARTESIAN_POINT('',(0.,0.,0.));
#7649 = DIRECTION('',(0.,0.,1.));
#7650 = DIRECTION('',(1.,0.,-0.));
#7651 = ( GEOMETRIC_REPRESENTATION_CONTEXT(3) 
GLOBAL_UNCERTAINTY_ASSIGNED_CONTEXT((#7655)) 
GLOBAL_UNIT_ASSIGNED_CONTEXT((#7652,#7653,#7654)) REPRESENTATION_CONTEXT
('Context #1','3D Context with UNIT and UNCERTAINTY') );
#7652 = ( LENGTH_UNIT() NAMED_UNIT(*) SI_UNIT(.MILLI.,.METRE.) );
#7653 = ( NAMED_UNIT(*) PLANE_ANGLE_UNIT() SI_UNIT($,.RADIAN.) );
#7654 = ( NAMED_UNIT(*) SI_UNIT($,.STERADIAN.) SOLID_ANGLE_UNIT() );
#7655 = UNCERTAINTY_MEASURE_WITH_UNIT(LENGTH_MEASURE(1.E-07),#7652,
  'distance_accuracy_value','confusion accuracy');
#7656 = SHAPE_DEFINITION_REPRESENTATION(#7657,#7638);
#7657 = PRODUCT_DEFINITION_SHAPE('','',#7658);
#7658 = PRODUCT_DEFINITION('design','',#7659,#7662);
#7659 = PRODUCT_DEFINITION_FORMATION('','',#7660);
#7660 = PRODUCT('R1','R1','',(#7661));
#7661 = PRODUCT_CONTEXT('',#2,'mechanical');
#7662 = PRODUCT_DEFINITION_CONTEXT('part definition',#2,'design');
#7663 = CONTEXT_DEPENDENT_SHAPE_REPRESENTATION(#7664,#7666);
#7664 = ( REPRESENTATION_RELATIONSHIP('','',#7638,#10) 
REPRESENTATION_RELATIONSHIP_WITH_TRANSFORMATION(#7665) 
SHAPE_REPRESENTATION_RELATIONSHIP() );
#7665 = ITEM_DEFINED_TRANSFORMATION('','',#11,#811);
#7666 = PRODUCT_DEFINITION_SHAPE('Placement','Placement of an item',
  #7667);
#7667 = NEXT_ASSEMBLY_USAGE_OCCURRENCE('200','=>[0:1:1:201]','',#5,#7658
  ,$);
#7668 = PRODUCT_RELATED_PRODUCT_CATEGORY('part',$,(#7660));
#7669 = ADVANCED_BREP_SHAPE_REPRESENTATION('',(#11,#7670),#7682);
#7670 = MANIFOLD_SOLID_BREP('',#7671);
#7671 = CLOSED_SHELL('',(#7672));
#7672 = ADVANCED_FACE('',(#7673),#7677,.T.);
#7673 = FACE_BOUND('',#7674,.T.);
#7674 = VERTEX_LOOP('',#7675);
#7675 = VERTEX_POINT('',#7676);
#7676 = CARTESIAN_POINT('',(7.654042494671E-18,-1.874699728327E-33,
    -0.125));
#7677 = SPHERICAL_SURFACE('',#7678,0.125);
#7678 = AXIS2_PLACEMENT_3D('',#7679,#7680,#7681);
#7679 = CARTESIAN_POINT('',(0.,0.,0.));
#7680 = DIRECTION('',(0.,0.,1.));
#7681 = DIRECTION('',(1.,0.,-0.));
#7682 = ( GEOMETRIC_REPRESENTATION_CONTEXT(3) 
GLOBAL_UNCERTAINTY_ASSIGNED_CONTEXT((#7686)) 
GLOBAL_UNIT_ASSIGNED_CONTEXT((#7683,#7684,#7685)) REPRESENTATION_CONTEXT
('Context #1','3D Context with UNIT and UNCERTAINTY') );
#7683 = ( LENGTH_UNIT() NAMED_UNIT(*) SI_UNIT(.MILLI.,.METRE.) );
#7684 = ( NAMED_UNIT(*) PLANE_ANGLE_UNIT() SI_UNIT($,.RADIAN.) );
#7685 = ( NAMED_UNIT(*) SI_UNIT($,.STERADIAN.) SOLID_ANGLE_UNIT() );
#7686 = UNCERTAINTY_MEASURE_WITH_UNIT(LENGTH_MEASURE(1.E-07),#7683,
  'distance_accuracy_value','confusion accuracy');
#7687 = SHAPE_DEFINITION_REPRESENTATION(#7688,#7669);
#7688 = PRODUCT_DEFINITION_SHAPE('','',#7689);
#7689 = PRODUCT_DEFINITION('design','',#7690,#7693);
#7690 = PRODUCT_DEFINITION_FORMATION('','',#7691);
#7691 = PRODUCT('R2','R2','',(#7692));
#7692 = PRODUCT_CONTEXT('',#2,'mechanical');
#7693 = PRODUCT_DEFINITION_CONTEXT('part definition',#2,'design');
#7694 = CONTEXT_DEPENDENT_SHAPE_REPRESENTATION(#7695,#7697);
#7695 = ( REPRESENTATION_RELATIONSHIP('','',#7669,#10) 
REPRESENTATION_RELATIONSHIP_WITH_TRANSFORMATION(#7696) 
SHAPE_REPRESENTATION_RELATIONSHIP() );
#7696 = ITEM_DEFINED_TRANSFORMATION('','',#11,#815);
#7697 = PRODUCT_DEFINITION_SHAPE('Placement','Placement of an item',
  #7698);
#7698 = NEXT_ASSEMBLY_USAGE_OCCURRENCE('201','=>[0:1:1:202]','',#5,#7689
  ,$);
#7699 = PRODUCT_RELATED_PRODUCT_CATEGORY('part',$,(#7691));
#7700 = ADVANCED_BREP_SHAPE_REPRESENTATION('',(#11,#7701),#7713);
#7701 = MANIFOLD_SOLID_BREP('',#7702);
#7702 = CLOSED_SHELL('',(#7703));
#7703 = ADVANCED_FACE('',(#7704),#7708,.T.);
#7704 = FACE_BOUND('',#7705,.T.);
#7705 = VERTEX_LOOP('',#7706);
#7706 = VERTEX_POINT('',#7707);
#7707 = CARTESIAN_POINT('',(7.654042494671E-18,-1.874699728327E-33,
    -0.125));
#7708 = SPHERICAL_SURFACE('',#7709,0.125);
#7709 = AXIS2_PLACEMENT_3D('',#7710,#7711,#7712);
#7710 = CARTESIAN_POINT('',(0.,0.,0.));
#7711 = DIRECTION('',(0.,0.,1.));
#7712 = DIRECTION('',(1.,0.,-0.));
#7713 = ( GEOMETRIC_REPRESENTATION_CONTEXT(3) 
GLOBAL_UNCERTAINTY_ASSIGNED_CONTEXT((#7717)) 
GLOBAL_UNIT_ASSIGNED_CONTEXT((#7714,#7715,#7716)) REPRESENTATION_CONTEXT
('Context #1','3D Context with UNIT and UNCERTAINTY') );
#7714 = ( LENGTH_UNIT() NAMED_UNIT(*) SI_UNIT(.MILLI.,.METRE.) );
#7715 = ( NAMED_UNIT(*) PLANE_ANGLE_UNIT() SI_UNIT($,.RADIAN.) );
#7716 = ( NAMED_UNIT(*) SI_UNIT($,.STERADIAN.) SOLID_ANGLE_UNIT() );
#7717 = UNCERTAINTY_MEASURE_WITH_UNIT(LENGTH_MEASURE(1.E-07),#7714,
  'distance_accuracy_value','confusion accuracy');
#7718 = SHAPE_DEFINITION_REPRESENTATION(#7719,#7700);
#7719 = PRODUCT_DEFINITION_SHAPE('','',#7720);
#7720 = PRODUCT_DEFINITION('design','',#7721,#7724);
#7721 = PRODUCT_DEFINITION_FORMATION('','',#7722);
#7722 = PRODUCT('R3','R3','',(#7723));
#7723 = PRODUCT_CONTEXT('',#2,'mechanical');
#7724 = PRODUCT_DEFINITION_CONTEXT('part definition',#2,'design');
#7725 = CONTEXT_DEPENDENT_SHAPE_REPRESENTATION(#7726,#7728);
#7726 = ( REPRESENTATION_RELATIONSHIP('','',#7700,#10) 
REPRESENTATION_RELATIONSHIP_WITH_TRANSFORMATION(#7727) 
SHAPE_REPRESENTATION_RELATIONSHIP() );
#7727 = ITEM_DEFINED_TRANSFORMATION('','',#11,#819);
#7728 = PRODUCT_DEFINITION_SHAPE('Placement','Placement of an item',
  #7729);
#7729 = NEXT_ASSEMBLY_USAGE_OCCURRENCE('202','=>[0:1:1:203]','',#5,#7720
  ,$);
#7730 = PRODUCT_RELATED_PRODUCT_CATEGORY('part',$,(#7722));
#7731 = ADVANCED_BREP_SHAPE_REPRESENTATION('',(#11,#7732),#7744);
#7732 = MANIFOLD_SOLID_BREP('',#7733);
#7733 = CLOSED_SHELL('',(#7734));
#7734 = ADVANCED_FACE('',(#7735),#7739,.T.);
#7735 = FACE_BOUND('',#7736,.T.);
#7736 = VERTEX_LOOP('',#7737);
#7737 = VERTEX_POINT('',#7738);
#7738 = CARTESIAN_POINT('',(7.654042494671E-18,-1.874699728327E-33,
    -0.125));
#7739 = SPHERICAL_SURFACE('',#7740,0.125);
#7740 = AXIS2_PLACEMENT_3D('',#7741,#7742,#7743);
#7741 = CARTESIAN_POINT('',(0.,0.,0.));
#7742 = DIRECTION('',(0.,0.,1.));
#7743 = DIRECTION('',(1.,0.,-0.));
#7744 = ( GEOMETRIC_REPRESENTATION_CONTEXT(3) 
GLOBAL_UNCERTAINTY_ASSIGNED_CONTEXT((#7748)) 
GLOBAL_UNIT_ASSIGNED_CONTEXT((#7745,#7746,#7747)) REPRESENTATION_CONTEXT
('Context #1','3D Context with UNIT and UNCERTAINTY') );
#7745 = ( LENGTH_UNIT() NAMED_UNIT(*) SI_UNIT(.MILLI.,.METRE.) );
#7746 = ( NAMED_UNIT(*) PLANE_ANGLE_UNIT() SI_UNIT($,.RADIAN.) );
#7747 = ( NAMED_UNIT(*) SI_UNIT($,.STERADIAN.) SOLID_ANGLE_UNIT() );
#7748 = UNCERTAINTY_MEASURE_WITH_UNIT(LENGTH_MEASURE(1.E-07),#7745,
  'distance_accuracy_value','confusion accuracy');
#7749 = SHAPE_DEFINITION_REPRESENTATION(#7750,#7731);
#7750 = PRODUCT_DEFINITION_SHAPE('','',#7751);
#7751 = PRODUCT_DEFINITION('design','',#7752,#7755);
#7752 = PRODUCT_DEFINITION_FORMATION('','',#7753);
#7753 = PRODUCT('R6','R6','',(#7754));
#7754 = PRODUCT_CONTEXT('',#2,'mechanical');
#7755 = PRODUCT_DEFINITION_CONTEXT('part definition',#2,'design');
#7756 = CONTEXT_DEPENDENT_SHAPE_REPRESENTATION(#7757,#7759);
#7757 = ( REPRESENTATION_RELATIONSHIP('','',#7731,#10) 
REPRESENTATION_RELATIONSHIP_WITH_TRANSFORMATION(#7758) 
SHAPE_REPRESENTATION_RELATIONSHIP() );
#7758 = ITEM_DEFINED_TRANSFORMATION('','',#11,#823);
#7759 = PRODUCT_DEFINITION_SHAPE('Placement','Placement of an item',
  #7760);
#7760 = NEXT_ASSEMBLY_USAGE_OCCURRENCE('203','=>[0:1:1:204]','',#5,#7751
  ,$);
#7761 = PRODUCT_RELATED_PRODUCT_CATEGORY('part',$,(#7753));
#7762 = ADVANCED_BREP_SHAPE_REPRESENTATION('',(#11,#7763),#7775);
#7763 = MANIFOLD_SOLID_BREP('',#7764);
#7764 = CLOSED_SHELL('',(#7765));
#7765 = ADVANCED_FACE('',(#7766),#7770,.T.);
#7766 = FACE_BOUND('',#7767,.T.);
#7767 = VERTEX_LOOP('',#7768);
#7768 = VERTEX_POINT('',#7769);
#7769 = CARTESIAN_POINT('',(7.654042494671E-18,-1.874699728327E-33,
    -0.125));
#7770 = SPHERICAL_SURFACE('',#7771,0.125);
#7771 = AXIS2_PLACEMENT_3D('',#7772,#7773,#7774);
#7772 = CARTESIAN_POINT('',(0.,0.,0.));
#7773 = DIRECTION('',(0.,0.,1.));
#7774 = DIRECTION('',(1.,0.,-0.));
#7775 = ( GEOMETRIC_REPRESENTATION_CONTEXT(3) 
GLOBAL_UNCERTAINTY_ASSIGNED_CONTEXT((#7779)) 
GLOBAL_UNIT_ASSIGNED_CONTEXT((#7776,#7777,#7778)) REPRESENTATION_CONTEXT
('Context #1','3D Context with UNIT and UNCERTAINTY') );
#7776 = ( LENGTH_UNIT() NAMED_UNIT(*) SI_UNIT(.MILLI.,.METRE.) );
#7777 = ( NAMED_UNIT(*) PLANE_ANGLE_UNIT() SI_UNIT($,.RADIAN.) );
#7778 = ( NAMED_UNIT(*) SI_UNIT($,.STERADIAN.) SOLID_ANGLE_UNIT() );
#7779 = UNCERTAINTY_MEASURE_WITH_UNIT(LENGTH_MEASURE(1.E-07),#7776,
  'distance_accuracy_value','confusion accuracy');
#7780 = SHAPE_DEFINITION_REPRESENTATION(#7781,#7762);
#7781 = PRODUCT_DEFINITION_SHAPE('','',#7782);
#7782 = PRODUCT_DEFINITION('design','',#7783,#7786);
#7783 = PRODUCT_DEFINITION_FORMATION('','',#7784);
#7784 = PRODUCT('R9','R9','',(#7785));
#7785 = PRODUCT_CONTEXT('',#2,'mechanical');
#7786 = PRODUCT_DEFINITION_CONTEXT('part definition',#2,'design');
#7787 = CONTEXT_DEPENDENT_SHAPE_REPRESENTATION(#7788,#7790);
#7788 = ( REPRESENTATION_RELATIONSHIP('','',#7762,#10) 
REPRESENTATION_RELATIONSHIP_WITH_TRANSFORMATION(#7789) 
SHAPE_REPRESENTATION_RELATIONSHIP() );
#7789 = ITEM_DEFINED_TRANSFORMATION('','',#11,#827);
#7790 = PRODUCT_DEFINITION_SHAPE('Placement','Placement of an item',
  #7791);
#7791 = NEXT_ASSEMBLY_USAGE_OCCURRENCE('204','=>[0:1:1:205]','',#5,#7782
  ,$);
#7792 = PRODUCT_RELATED_PRODUCT_CATEGORY('part',$,(#7784));
#7793 = ADVANCED_BREP_SHAPE_REPRESENTATION('',(#11,#7794),#7806);
#7794 = MANIFOLD_SOLID_BREP('',#7795);
#7795 = CLOSED_SHELL('',(#7796));
#7796 = ADVANCED_FACE('',(#7797),#7801,.T.);
#7797 = FACE_BOUND('',#7798,.T.);
#7798 = VERTEX_LOOP('',#7799);
#7799 = VERTEX_POINT('',#7800);
#7800 = CARTESIAN_POINT('',(7.654042494671E-18,-1.874699728327E-33,
    -0.125));
#7801 = SPHERICAL_SURFACE('',#7802,0.125);
#7802 = AXIS2_PLACEMENT_3D('',#7803,#7804,#7805);
#7803 = CARTESIAN_POINT('',(0.,0.,0.));
#7804 = DIRECTION('',(0.,0.,1.));
#7805 = DIRECTION('',(1.,0.,-0.));
#7806 = ( GEOMETRIC_REPRESENTATION_CONTEXT(3) 
GLOBAL_UNCERTAINTY_ASSIGNED_CONTEXT((#7810)) 
GLOBAL_UNIT_ASSIGNED_CONTEXT((#7807,#7808,#7809)) REPRESENTATION_CONTEXT
('Context #1','3D Context with UNIT and UNCERTAINTY') );
#7807 = ( LENGTH_UNIT() NAMED_UNIT(*) SI_UNIT(.MILLI.,.METRE.) );
#7808 = ( NAMED_UNIT(*) PLANE_ANGLE_UNIT() SI_UNIT($,.RADIAN.) );
#7809 = ( NAMED_UNIT(*) SI_UNIT($,.STERADIAN.) SOLID_ANGLE_UNIT() );
#7810 = UNCERTAINTY_MEASURE_WITH_UNIT(LENGTH_MEASURE(1.E-07),#7807,
  'distance_accuracy_value','confusion accuracy');
#7811 = SHAPE_DEFINITION_REPRESENTATION(#7812,#7793);
#7812 = PRODUCT_DEFINITION_SHAPE('','',#7813);
#7813 = PRODUCT_DEFINITION('design','',#7814,#7817);
#7814 = PRODUCT_DEFINITION_FORMATION('','',#7815);
#7815 = PRODUCT('R11','R11','',(#7816));
#7816 = PRODUCT_CONTEXT('',#2,'mechanical');
#7817 = PRODUCT_DEFINITION_CONTEXT('part definition',#2,'design');
#7818 = CONTEXT_DEPENDENT_SHAPE_REPRESENTATION(#7819,#7821);
#7819 = ( REPRESENTATION_RELATIONSHIP('','',#7793,#10) 
REPRESENTATION_RELATIONSHIP_WITH_TRANSFORMATION(#7820) 
SHAPE_REPRESENTATION_RELATIONSHIP() );
#7820 = ITEM_DEFINED_TRANSFORMATION('','',#11,#831);
#7821 = PRODUCT_DEFINITION_SHAPE('Placement','Placement of an item',
  #7822);
#7822 = NEXT_ASSEMBLY_USAGE_OCCURRENCE('205','=>[0:1:1:206]','',#5,#7813
  ,$);
#7823 = PRODUCT_RELATED_PRODUCT_CATEGORY('part',$,(#7815));
#7824 = ADVANCED_BREP_SHAPE_REPRESENTATION('',(#11,#7825),#7837);
#7825 = MANIFOLD_SOLID_BREP('',#7826);
#7826 = CLOSED_SHELL('',(#7827));
#7827 = ADVANCED_FACE('',(#7828),#7832,.T.);
#7828 = FACE_BOUND('',#7829,.T.);
#7829 = VERTEX_LOOP('',#7830);
#7830 = VERTEX_POINT('',#7831);
#7831 = CARTESIAN_POINT('',(7.654042494671E-18,-1.874699728327E-33,
    -0.125));
#7832 = SPHERICAL_SURFACE('',#7833,0.125);
#7833 = AXIS2_PLACEMENT_3D('',#7834,#7835,#7836);
#7834 = CARTESIAN_POINT('',(0.,0.,0.));
#7835 = DIRECTION('',(0.,0.,1.));
#7836 = DIRECTION('',(1.,0.,-0.));
#7837 = ( GEOMETRIC_REPRESENTATION_CONTEXT(3) 
GLOBAL_UNCERTAINTY_ASSIGNED_CONTEXT((#7841)) 
GLOBAL_UNIT_ASSIGNED_CONTEXT((#7838,#7839,#7840)) REPRESENTATION_CONTEXT
('Context #1','3D Context with UNIT and UNCERTAINTY') );
#7838 = ( LENGTH_UNIT() NAMED_UNIT(*) SI_UNIT(.MILLI.,.METRE.) );
#7839 = ( NAMED_UNIT(*) PLANE_ANGLE_UNIT() SI_UNIT($,.RADIAN.) );
#7840 = ( NAMED_UNIT(*) SI_UNIT($,.STERADIAN.) SOLID_ANGLE_UNIT() );
#7841 = UNCERTAINTY_MEASURE_WITH_UNIT(LENGTH_MEASURE(1.E-07),#7838,
  'distance_accuracy_value','confusion accuracy');
#7842 = SHAPE_DEFINITION_REPRESENTATION(#7843,#7824);
#7843 = PRODUCT_DEFINITION_SHAPE('','',#7844);
#7844 = PRODUCT_DEFINITION('design','',#7845,#7848);
#7845 = PRODUCT_DEFINITION_FORMATION('','',#7846);
#7846 = PRODUCT('R13','R13','',(#7847));
#7847 = PRODUCT_CONTEXT('',#2,'mechanical');
#7848 = PRODUCT_DEFINITION_CONTEXT('part definition',#2,'design');
#7849 = CONTEXT_DEPENDENT_SHAPE_REPRESENTATION(#7850,#7852);
#7850 = ( REPRESENTATION_RELATIONSHIP('','',#7824,#10) 
REPRESENTATION_RELATIONSHIP_WITH_TRANSFORMATION(#7851) 
SHAPE_REPRESENTATION_RELATIONSHIP() );
#7851 = ITEM_DEFINED_TRANSFORMATION('','',#11,#835);
#7852 = PRODUCT_DEFINITION_SHAPE('Placement','Placement of an item',
  #7853);
#7853 = NEXT_ASSEMBLY_USAGE_OCCURRENCE('206','=>[0:1:1:207]','',#5,#7844
  ,$);
#7854 = PRODUCT_RELATED_PRODUCT_CATEGORY('part',$,(#7846));
#7855 = ADVANCED_BREP_SHAPE_REPRESENTATION('',(#11,#7856),#7868);
#7856 = MANIFOLD_SOLID_BREP('',#7857);
#7857 = CLOSED_SHELL('',(#7858));
#7858 = ADVANCED_FACE('',(#7859),#7863,.T.);
#7859 = FACE_BOUND('',#7860,.T.);
#7860 = VERTEX_LOOP('',#7861);
#7861 = VERTEX_POINT('',#7862);
#7862 = CARTESIAN_POINT('',(7.654042494671E-18,-1.874699728327E-33,
    -0.125));
#7863 = SPHERICAL_SURFACE('',#7864,0.125);
#7864 = AXIS2_PLACEMENT_3D('',#7865,#7866,#7867);
#7865 = CARTESIAN_POINT('',(0.,0.,0.));
#7866 = DIRECTION('',(0.,0.,1.));
#7867 = DIRECTION('',(1.,0.,-0.));
#7868 = ( GEOMETRIC_REPRESENTATION_CONTEXT(3) 
GLOBAL_UNCERTAINTY_ASSIGNED_CONTEXT((#7872)) 
GLOBAL_UNIT_ASSIGNED_CONTEXT((#7869,#7870,#7871)) REPRESENTATION_CONTEXT
('Context #1','3D Context with UNIT and UNCERTAINTY') );
#7869 = ( LENGTH_UNIT() NAMED_UNIT(*) SI_UNIT(.MILLI.,.METRE.) );
#7870 = ( NAMED_UNIT(*) PLANE_ANGLE_UNIT() SI_UNIT($,.RADIAN.) );
#7871 = ( NAMED_UNIT(*) SI_UNIT($,.STERADIAN.) SOLID_ANGLE_UNIT() );
#7872 = UNCERTAINTY_MEASURE_WITH_UNIT(LENGTH_MEASURE(1.E-07),#7869,
  'distance_accuracy_value','confusion accuracy');
#7873 = SHAPE_DEFINITION_REPRESENTATION(#7874,#7855);
#7874 = PRODUCT_DEFINITION_SHAPE('','',#7875);
#7875 = PRODUCT_DEFINITION('design','',#7876,#7879);
#7876 = PRODUCT_DEFINITION_FORMATION('','',#7877);
#7877 = PRODUCT('R15','R15','',(#7878));
#7878 = PRODUCT_CONTEXT('',#2,'mechanical');
#7879 = PRODUCT_DEFINITION_CONTEXT('part definition',#2,'design');
#7880 = CONTEXT_DEPENDENT_SHAPE_REPRESENTATION(#7881,#7883);
#7881 = ( REPRESENTATION_RELATIONSHIP('','',#7855,#10) 
REPRESENTATION_RELATIONSHIP_WITH_TRANSFORMATION(#7882) 
SHAPE_REPRESENTATION_RELATIONSHIP() );
#7882 = ITEM_DEFINED_TRANSFORMATION('','',#11,#839);
#7883 = PRODUCT_DEFINITION_SHAPE('Placement','Placement of an item',
  #7884);
#7884 = NEXT_ASSEMBLY_USAGE_OCCURRENCE('207','=>[0:1:1:208]','',#5,#7875
  ,$);
#7885 = PRODUCT_RELATED_PRODUCT_CATEGORY('part',$,(#7877));
#7886 = ADVANCED_BREP_SHAPE_REPRESENTATION('',(#11,#7887),#7899);
#7887 = MANIFOLD_SOLID_BREP('',#7888);
#7888 = CLOSED_SHELL('',(#7889));
#7889 = ADVANCED_FACE('',(#7890),#7894,.T.);
#7890 = FACE_BOUND('',#7891,.T.);
#7891 = VERTEX_LOOP('',#7892);
#7892 = VERTEX_POINT('',#7893);
#7893 = CARTESIAN_POINT('',(7.654042494671E-18,-1.874699728327E-33,
    -0.125));
#7894 = SPHERICAL_SURFACE('',#7895,0.125);
#7895 = AXIS2_PLACEMENT_3D('',#7896,#7897,#7898);
#7896 = CARTESIAN_POINT('',(0.,0.,0.));
#7897 = DIRECTION('',(0.,0.,1.));
#7898 = DIRECTION('',(1.,0.,-0.));
#7899 = ( GEOMETRIC_REPRESENTATION_CONTEXT(3) 
GLOBAL_UNCERTAINTY_ASSIGNED_CONTEXT((#7903)) 
GLOBAL_UNIT_ASSIGNED_CONTEXT((#7900,#7901,#7902)) REPRESENTATION_CONTEXT
('Context #1','3D Context with UNIT and UNCERTAINTY') );
#7900 = ( LENGTH_UNIT() NAMED_UNIT(*) SI_UNIT(.MILLI.,.METRE.) );
#7901 = ( NAMED_UNIT(*) PLANE_ANGLE_UNIT() SI_UNIT($,.RADIAN.) );
#7902 = ( NAMED_UNIT(*) SI_UNIT($,.STERADIAN.) SOLID_ANGLE_UNIT() );
#7903 = UNCERTAINTY_MEASURE_WITH_UNIT(LENGTH_MEASURE(1.E-07),#7900,
  'distance_accuracy_value','confusion accuracy');
#7904 = SHAPE_DEFINITION_REPRESENTATION(#7905,#7886);
#7905 = PRODUCT_DEFINITION_SHAPE('','',#7906);
#7906 = PRODUCT_DEFINITION('design','',#7907,#7910);
#7907 = PRODUCT_DEFINITION_FORMATION('','',#7908);
#7908 = PRODUCT('R17','R17','',(#7909));
#7909 = PRODUCT_CONTEXT('',#2,'mechanical');
#7910 = PRODUCT_DEFINITION_CONTEXT('part definition',#2,'design');
#7911 = CONTEXT_DEPENDENT_SHAPE_REPRESENTATION(#7912,#7914);
#7912 = ( REPRESENTATION_RELATIONSHIP('','',#7886,#10) 
REPRESENTATION_RELATIONSHIP_WITH_TRANSFORMATION(#7913) 
SHAPE_REPRESENTATION_RELATIONSHIP() );
#7913 = ITEM_DEFINED_TRANSFORMATION('','',#11,#843);
#7914 = PRODUCT_DEFINITION_SHAPE('Placement','Placement of an item',
  #7915);
#7915 = NEXT_ASSEMBLY_USAGE_OCCURRENCE('208','=>[0:1:1:209]','',#5,#7906
  ,$);
#7916 = PRODUCT_RELATED_PRODUCT_CATEGORY('part',$,(#7908));
#7917 = ADVANCED_BREP_SHAPE_REPRESENTATION('',(#11,#7918),#7930);
#7918 = MANIFOLD_SOLID_BREP('',#7919);
#7919 = CLOSED_SHELL('',(#7920));
#7920 = ADVANCED_FACE('',(#7921),#7925,.T.);
#7921 = FACE_BOUND('',#7922,.T.);
#7922 = VERTEX_LOOP('',#7923);
#7923 = VERTEX_POINT('',#7924);
#7924 = CARTESIAN_POINT('',(7.654042494671E-18,-1.874699728327E-33,
    -0.125));
#7925 = SPHERICAL_SURFACE('',#7926,0.125);
#7926 = AXIS2_PLACEMENT_3D('',#7927,#7928,#7929);
#7927 = CARTESIAN_POINT('',(0.,0.,0.));
#7928 = DIRECTION('',(0.,0.,1.));
#7929 = DIRECTION('',(1.,0.,-0.));
#7930 = ( GEOMETRIC_REPRESENTATION_CONTEXT(3) 
GLOBAL_UNCERTAINTY_ASSIGNED_CONTEXT((#7934)) 
GLOBAL_UNIT_ASSIGNED_CONTEXT((#7931,#7932,#7933)) REPRESENTATION_CONTEXT
('Context #1','3D Context with UNIT and UNCERTAINTY') );
#7931 = ( LENGTH_UNIT() NAMED_UNIT(*) SI_UNIT(.MILLI.,.METRE.) );
#7932 = ( NAMED_UNIT(*) PLANE_ANGLE_UNIT() SI_UNIT($,.RADIAN.) );
#7933 = ( NAMED_UNIT(*) SI_UNIT($,.STERADIAN.) SOLID_ANGLE_UNIT() );
#7934 = UNCERTAINTY_MEASURE_WITH_UNIT(LENGTH_MEASURE(1.E-07),#7931,
  'distance_accuracy_value','confusion accuracy');
#7935 = SHAPE_DEFINITION_REPRESENTATION(#7936,#7917);
#7936 = PRODUCT_DEFINITION_SHAPE('','',#7937);
#7937 = PRODUCT_DEFINITION('design','',#7938,#7941);
#7938 = PRODUCT_DEFINITION_FORMATION('','',#7939);
#7939 = PRODUCT('R20','R20','',(#7940));
#7940 = PRODUCT_CONTEXT('',#2,'mechanical');
#7941 = PRODUCT_DEFINITION_CONTEXT('part definition',#2,'design');
#7942 = CONTEXT_DEPENDENT_SHAPE_REPRESENTATION(#7943,#7945);
#7943 = ( REPRESENTATION_RELATIONSHIP('','',#7917,#10) 
REPRESENTATION_RELATIONSHIP_WITH_TRANSFORMATION(#7944) 
SHAPE_REPRESENTATION_RELATIONSHIP() );
#7944 = ITEM_DEFINED_TRANSFORMATION('','',#11,#847);
#7945 = PRODUCT_DEFINITION_SHAPE('Placement','Placement of an item',
  #7946);
#7946 = NEXT_ASSEMBLY_USAGE_OCCURRENCE('209','=>[0:1:1:210]','',#5,#7937
  ,$);
#7947 = PRODUCT_RELATED_PRODUCT_CATEGORY('part',$,(#7939));
#7948 = ADVANCED_BREP_SHAPE_REPRESENTATION('',(#11,#7949),#7961);
#7949 = MANIFOLD_SOLID_BREP('',#7950);
#7950 = CLOSED_SHELL('',(#7951));
#7951 = ADVANCED_FACE('',(#7952),#7956,.T.);
#7952 = FACE_BOUND('',#7953,.T.);
#7953 = VERTEX_LOOP('',#7954);
#7954 = VERTEX_POINT('',#7955);
#7955 = CARTESIAN_POINT('',(7.654042494671E-18,-1.874699728327E-33,
    -0.125));
#7956 = SPHERICAL_SURFACE('',#7957,0.125);
#7957 = AXIS2_PLACEMENT_3D('',#7958,#7959,#7960);
#7958 = CARTESIAN_POINT('',(0.,0.,0.));
#7959 = DIRECTION('',(0.,0.,1.));
#7960 = DIRECTION('',(1.,0.,-0.));
#7961 = ( GEOMETRIC_REPRESENTATION_CONTEXT(3) 
GLOBAL_UNCERTAINTY_ASSIGNED_CONTEXT((#7965)) 
GLOBAL_UNIT_ASSIGNED_CONTEXT((#7962,#7963,#7964)) REPRESENTATION_CONTEXT
('Context #1','3D Context with UNIT and UNCERTAINTY') );
#7962 = ( LENGTH_UNIT() NAMED_UNIT(*) SI_UNIT(.MILLI.,.METRE.) );
#7963 = ( NAMED_UNIT(*) PLANE_ANGLE_UNIT() SI_UNIT($,.RADIAN.) );
#7964 = ( NAMED_UNIT(*) SI_UNIT($,.STERADIAN.) SOLID_ANGLE_UNIT() );
#7965 = UNCERTAINTY_MEASURE_WITH_UNIT(LENGTH_MEASURE(1.E-07),#7962,
  'distance_accuracy_value','confusion accuracy');
#7966 = SHAPE_DEFINITION_REPRESENTATION(#7967,#7948);
#7967 = PRODUCT_DEFINITION_SHAPE('','',#7968);
#7968 = PRODUCT_DEFINITION('design','',#7969,#7972);
#7969 = PRODUCT_DEFINITION_FORMATION('','',#7970);
#7970 = PRODUCT('R23','R23','',(#7971));
#7971 = PRODUCT_CONTEXT('',#2,'mechanical');
#7972 = PRODUCT_DEFINITION_CONTEXT('part definition',#2,'design');
#7973 = CONTEXT_DEPENDENT_SHAPE_REPRESENTATION(#7974,#7976);
#7974 = ( REPRESENTATION_RELATIONSHIP('','',#7948,#10) 
REPRESENTATION_RELATIONSHIP_WITH_TRANSFORMATION(#7975) 
SHAPE_REPRESENTATION_RELATIONSHIP() );
#7975 = ITEM_DEFINED_TRANSFORMATION('','',#11,#851);
#7976 = PRODUCT_DEFINITION_SHAPE('Placement','Placement of an item',
  #7977);
#7977 = NEXT_ASSEMBLY_USAGE_OCCURRENCE('210','=>[0:1:1:211]','',#5,#7968
  ,$);
#7978 = PRODUCT_RELATED_PRODUCT_CATEGORY('part',$,(#7970));
#7979 = ADVANCED_BREP_SHAPE_REPRESENTATION('',(#11,#7980),#7992);
#7980 = MANIFOLD_SOLID_BREP('',#7981);
#7981 = CLOSED_SHELL('',(#7982));
#7982 = ADVANCED_FACE('',(#7983),#7987,.T.);
#7983 = FACE_BOUND('',#7984,.T.);
#7984 = VERTEX_LOOP('',#7985);
#7985 = VERTEX_POINT('',#7986);
#7986 = CARTESIAN_POINT('',(7.654042494671E-18,-1.874699728327E-33,
    -0.125));
#7987 = SPHERICAL_SURFACE('',#7988,0.125);
#7988 = AXIS2_PLACEMENT_3D('',#7989,#7990,#7991);
#7989 = CARTESIAN_POINT('',(0.,0.,0.));
#7990 = DIRECTION('',(0.,0.,1.));
#7991 = DIRECTION('',(1.,0.,-0.));
#7992 = ( GEOMETRIC_REPRESENTATION_CONTEXT(3) 
GLOBAL_UNCERTAINTY_ASSIGNED_CONTEXT((#7996)) 
GLOBAL_UNIT_ASSIGNED_CONTEXT((#7993,#7994,#7995)) REPRESENTATION_CONTEXT
('Context #1','3D Context with UNIT and UNCERTAINTY') );
#7993 = ( LENGTH_UNIT() NAMED_UNIT(*) SI_UNIT(.MILLI.,.METRE.) );
#7994 = ( NAMED_UNIT(*) PLANE_ANGLE_UNIT() SI_UNIT($,.RADIAN.) );
#7995 = ( NAMED_UNIT(*) SI_UNIT($,.STERADIAN.) SOLID_ANGLE_UNIT() );
#7996 = UNCERTAINTY_MEASURE_WITH_UNIT(LENGTH_MEASURE(1.E-07),#7993,
  'distance_accuracy_value','confusion accuracy');
#7997 = SHAPE_DEFINITION_REPRESENTATION(#7998,#7979);
#7998 = PRODUCT_DEFINITION_SHAPE('','',#7999);
#7999 = PRODUCT_DEFINITION('design','',#8000,#8003);
#8000 = PRODUCT_DEFINITION_FORMATION('','',#8001);
#8001 = PRODUCT('R24','R24','',(#8002));
#8002 = PRODUCT_CONTEXT('',#2,'mechanical');
#8003 = PRODUCT_DEFINITION_CONTEXT('part definition',#2,'design');
#8004 = CONTEXT_DEPENDENT_SHAPE_REPRESENTATION(#8005,#8007);
#8005 = ( REPRESENTATION_RELATIONSHIP('','',#7979,#10) 
REPRESENTATION_RELATIONSHIP_WITH_TRANSFORMATION(#8006) 
SHAPE_REPRESENTATION_RELATIONSHIP() );
#8006 = ITEM_DEFINED_TRANSFORMATION('','',#11,#855);
#8007 = PRODUCT_DEFINITION_SHAPE('Placement','Placement of an item',
  #8008);
#8008 = NEXT_ASSEMBLY_USAGE_OCCURRENCE('211','=>[0:1:1:212]','',#5,#7999
  ,$);
#8009 = PRODUCT_RELATED_PRODUCT_CATEGORY('part',$,(#8001));
#8010 = ADVANCED_BREP_SHAPE_REPRESENTATION('',(#11,#8011),#8023);
#8011 = MANIFOLD_SOLID_BREP('',#8012);
#8012 = CLOSED_SHELL('',(#8013));
#8013 = ADVANCED_FACE('',(#8014),#8018,.T.);
#8014 = FACE_BOUND('',#8015,.T.);
#8015 = VERTEX_LOOP('',#8016);
#8016 = VERTEX_POINT('',#8017);
#8017 = CARTESIAN_POINT('',(7.654042494671E-18,-1.874699728327E-33,
    -0.125));
#8018 = SPHERICAL_SURFACE('',#8019,0.125);
#8019 = AXIS2_PLACEMENT_3D('',#8020,#8021,#8022);
#8020 = CARTESIAN_POINT('',(0.,0.,0.));
#8021 = DIRECTION('',(0.,0.,1.));
#8022 = DIRECTION('',(1.,0.,-0.));
#8023 = ( GEOMETRIC_REPRESENTATION_CONTEXT(3) 
GLOBAL_UNCERTAINTY_ASSIGNED_CONTEXT((#8027)) 
GLOBAL_UNIT_ASSIGNED_CONTEXT((#8024,#8025,#8026)) REPRESENTATION_CONTEXT
('Context #1','3D Context with UNIT and UNCERTAINTY') );
#8024 = ( LENGTH_UNIT() NAMED_UNIT(*) SI_UNIT(.MILLI.,.METRE.) );
#8025 = ( NAMED_UNIT(*) PLANE_ANGLE_UNIT() SI_UNIT($,.RADIAN.) );
#8026 = ( NAMED_UNIT(*) SI_UNIT($,.STERADIAN.) SOLID_ANGLE_UNIT() );
#8027 = UNCERTAINTY_MEASURE_WITH_UNIT(LENGTH_MEASURE(1.E-07),#8024,
  'distance_accuracy_value','confusion accuracy');
#8028 = SHAPE_DEFINITION_REPRESENTATION(#8029,#8010);
#8029 = PRODUCT_DEFINITION_SHAPE('','',#8030);
#8030 = PRODUCT_DEFINITION('design','',#8031,#8034);
#8031 = PRODUCT_DEFINITION_FORMATION('','',#8032);
#8032 = PRODUCT('R25','R25','',(#8033));
#8033 = PRODUCT_CONTEXT('',#2,'mechanical');
#8034 = PRODUCT_DEFINITION_CONTEXT('part definition',#2,'design');
#8035 = CONTEXT_DEPENDENT_SHAPE_REPRESENTATION(#8036,#8038);
#8036 = ( REPRESENTATION_RELATIONSHIP('','',#8010,#10) 
REPRESENTATION_RELATIONSHIP_WITH_TRANSFORMATION(#8037) 
SHAPE_REPRESENTATION_RELATIONSHIP() );
#8037 = ITEM_DEFINED_TRANSFORMATION('','',#11,#859);
#8038 = PRODUCT_DEFINITION_SHAPE('Placement','Placement of an item',
  #8039);
#8039 = NEXT_ASSEMBLY_USAGE_OCCURRENCE('212','=>[0:1:1:213]','',#5,#8030
  ,$);
#8040 = PRODUCT_RELATED_PRODUCT_CATEGORY('part',$,(#8032));
#8041 = ADVANCED_BREP_SHAPE_REPRESENTATION('',(#11,#8042),#8054);
#8042 = MANIFOLD_SOLID_BREP('',#8043);
#8043 = CLOSED_SHELL('',(#8044));
#8044 = ADVANCED_FACE('',(#8045),#8049,.T.);
#8045 = FACE_BOUND('',#8046,.T.);
#8046 = VERTEX_LOOP('',#8047);
#8047 = VERTEX_POINT('',#8048);
#8048 = CARTESIAN_POINT('',(7.654042494671E-18,-1.874699728327E-33,
    -0.125));
#8049 = SPHERICAL_SURFACE('',#8050,0.125);
#8050 = AXIS2_PLACEMENT_3D('',#8051,#8052,#8053);
#8051 = CARTESIAN_POINT('',(0.,0.,0.));
#8052 = DIRECTION('',(0.,0.,1.));
#8053 = DIRECTION('',(1.,0.,-0.));
#8054 = ( GEOMETRIC_REPRESENTATION_CONTEXT(3) 
GLOBAL_UNCERTAINTY_ASSIGNED_CONTEXT((#8058)) 
GLOBAL_UNIT_ASSIGNED_CONTEXT((#8055,#8056,#8057)) REPRESENTATION_CONTEXT
('Context #1','3D Context with UNIT and UNCERTAINTY') );
#8055 = ( LENGTH_UNIT() NAMED_UNIT(*) SI_UNIT(.MILLI.,.METRE.) );
#8056 = ( NAMED_UNIT(*) PLANE_ANGLE_UNIT() SI_UNIT($,.RADIAN.) );
#8057 = ( NAMED_UNIT(*) SI_UNIT($,.STERADIAN.) SOLID_ANGLE_UNIT() );
#8058 = UNCERTAINTY_MEASURE_WITH_UNIT(LENGTH_MEASURE(1.E-07),#8055,
  'distance_accuracy_value','confusion accuracy');
#8059 = SHAPE_DEFINITION_REPRESENTATION(#8060,#8041);
#8060 = PRODUCT_DEFINITION_SHAPE('','',#8061);
#8061 = PRODUCT_DEFINITION('design','',#8062,#8065);
#8062 = PRODUCT_DEFINITION_FORMATION('','',#8063);
#8063 = PRODUCT('T1','T1','',(#8064));
#8064 = PRODUCT_CONTEXT('',#2,'mechanical');
#8065 = PRODUCT_DEFINITION_CONTEXT('part definition',#2,'design');
#8066 = CONTEXT_DEPENDENT_SHAPE_REPRESENTATION(#8067,#8069);
#8067 = ( REPRESENTATION_RELATIONSHIP('','',#8041,#10) 
REPRESENTATION_RELATIONSHIP_WITH_TRANSFORMATION(#8068) 
SHAPE_REPRESENTATION_RELATIONSHIP() );
#8068 = ITEM_DEFINED_TRANSFORMATION('','',#11,#863);
#8069 = PRODUCT_DEFINITION_SHAPE('Placement','Placement of an item',
  #8070);
#8070 = NEXT_ASSEMBLY_USAGE_OCCURRENCE('213','=>[0:1:1:214]','',#5,#8061
  ,$);
#8071 = PRODUCT_RELATED_PRODUCT_CATEGORY('part',$,(#8063));
#8072 = ADVANCED_BREP_SHAPE_REPRESENTATION('',(#11,#8073),#8085);
#8073 = MANIFOLD_SOLID_BREP('',#8074);
#8074 = CLOSED_SHELL('',(#8075));
#8075 = ADVANCED_FACE('',(#8076),#8080,.T.);
#8076 = FACE_BOUND('',#8077,.T.);
#8077 = VERTEX_LOOP('',#8078);
#8078 = VERTEX_POINT('',#8079);
#8079 = CARTESIAN_POINT('',(7.654042494671E-18,-1.874699728327E-33,
    -0.125));
#8080 = SPHERICAL_SURFACE('',#8081,0.125);
#8081 = AXIS2_PLACEMENT_3D('',#8082,#8083,#8084);
#8082 = CARTESIAN_POINT('',(0.,0.,0.));
#8083 = DIRECTION('',(0.,0.,1.));
#8084 = DIRECTION('',(1.,0.,-0.));
#8085 = ( GEOMETRIC_REPRESENTATION_CONTEXT(3) 
GLOBAL_UNCERTAINTY_ASSIGNED_CONTEXT((#8089)) 
GLOBAL_UNIT_ASSIGNED_CONTEXT((#8086,#8087,#8088)) REPRESENTATION_CONTEXT
('Context #1','3D Context with UNIT and UNCERTAINTY') );
#8086 = ( LENGTH_UNIT() NAMED_UNIT(*) SI_UNIT(.MILLI.,.METRE.) );
#8087 = ( NAMED_UNIT(*) PLANE_ANGLE_UNIT() SI_UNIT($,.RADIAN.) );
#8088 = ( NAMED_UNIT(*) SI_UNIT($,.STERADIAN.) SOLID_ANGLE_UNIT() );
#8089 = UNCERTAINTY_MEASURE_WITH_UNIT(LENGTH_MEASURE(1.E-07),#8086,
  'distance_accuracy_value','confusion accuracy');
#8090 = SHAPE_DEFINITION_REPRESENTATION(#8091,#8072);
#8091 = PRODUCT_DEFINITION_SHAPE('','',#8092);
#8092 = PRODUCT_DEFINITION('design','',#8093,#8096);
#8093 = PRODUCT_DEFINITION_FORMATION('','',#8094);
#8094 = PRODUCT('T2','T2','',(#8095));
#8095 = PRODUCT_CONTEXT('',#2,'mechanical');
#8096 = PRODUCT_DEFINITION_CONTEXT('part definition',#2,'design');
#8097 = CONTEXT_DEPENDENT_SHAPE_REPRESENTATION(#8098,#8100);
#8098 = ( REPRESENTATION_RELATIONSHIP('','',#8072,#10) 
REPRESENTATION_RELATIONSHIP_WITH_TRANSFORMATION(#8099) 
SHAPE_REPRESENTATION_RELATIONSHIP() );
#8099 = ITEM_DEFINED_TRANSFORMATION('','',#11,#867);
#8100 = PRODUCT_DEFINITION_SHAPE('Placement','Placement of an item',
  #8101);
#8101 = NEXT_ASSEMBLY_USAGE_OCCURRENCE('214','=>[0:1:1:215]','',#5,#8092
  ,$);
#8102 = PRODUCT_RELATED_PRODUCT_CATEGORY('part',$,(#8094));
#8103 = ADVANCED_BREP_SHAPE_REPRESENTATION('',(#11,#8104),#8116);
#8104 = MANIFOLD_SOLID_BREP('',#8105);
#8105 = CLOSED_SHELL('',(#8106));
#8106 = ADVANCED_FACE('',(#8107),#8111,.T.);
#8107 = FACE_BOUND('',#8108,.T.);
#8108 = VERTEX_LOOP('',#8109);
#8109 = VERTEX_POINT('',#8110);
#8110 = CARTESIAN_POINT('',(7.654042494671E-18,-1.874699728327E-33,
    -0.125));
#8111 = SPHERICAL_SURFACE('',#8112,0.125);
#8112 = AXIS2_PLACEMENT_3D('',#8113,#8114,#8115);
#8113 = CARTESIAN_POINT('',(0.,0.,0.));
#8114 = DIRECTION('',(0.,0.,1.));
#8115 = DIRECTION('',(1.,0.,-0.));
#8116 = ( GEOMETRIC_REPRESENTATION_CONTEXT(3) 
GLOBAL_UNCERTAINTY_ASSIGNED_CONTEXT((#8120)) 
GLOBAL_UNIT_ASSIGNED_CONTEXT((#8117,#8118,#8119)) REPRESENTATION_CONTEXT
('Context #1','3D Context with UNIT and UNCERTAINTY') );
#8117 = ( LENGTH_UNIT() NAMED_UNIT(*) SI_UNIT(.MILLI.,.METRE.) );
#8118 = ( NAMED_UNIT(*) PLANE_ANGLE_UNIT() SI_UNIT($,.RADIAN.) );
#8119 = ( NAMED_UNIT(*) SI_UNIT($,.STERADIAN.) SOLID_ANGLE_UNIT() );
#8120 = UNCERTAINTY_MEASURE_WITH_UNIT(LENGTH_MEASURE(1.E-07),#8117,
  'distance_accuracy_value','confusion accuracy');
#8121 = SHAPE_DEFINITION_REPRESENTATION(#8122,#8103);
#8122 = PRODUCT_DEFINITION_SHAPE('','',#8123);
#8123 = PRODUCT_DEFINITION('design','',#8124,#8127);
#8124 = PRODUCT_DEFINITION_FORMATION('','',#8125);
#8125 = PRODUCT('T3','T3','',(#8126));
#8126 = PRODUCT_CONTEXT('',#2,'mechanical');
#8127 = PRODUCT_DEFINITION_CONTEXT('part definition',#2,'design');
#8128 = CONTEXT_DEPENDENT_SHAPE_REPRESENTATION(#8129,#8131);
#8129 = ( REPRESENTATION_RELATIONSHIP('','',#8103,#10) 
REPRESENTATION_RELATIONSHIP_WITH_TRANSFORMATION(#8130) 
SHAPE_REPRESENTATION_RELATIONSHIP() );
#8130 = ITEM_DEFINED_TRANSFORMATION('','',#11,#871);
#8131 = PRODUCT_DEFINITION_SHAPE('Placement','Placement of an item',
  #8132);
#8132 = NEXT_ASSEMBLY_USAGE_OCCURRENCE('215','=>[0:1:1:216]','',#5,#8123
  ,$);
#8133 = PRODUCT_RELATED_PRODUCT_CATEGORY('part',$,(#8125));
#8134 = ADVANCED_BREP_SHAPE_REPRESENTATION('',(#11,#8135),#8147);
#8135 = MANIFOLD_SOLID_BREP('',#8136);
#8136 = CLOSED_SHELL('',(#8137));
#8137 = ADVANCED_FACE('',(#8138),#8142,.T.);
#8138 = FACE_BOUND('',#8139,.T.);
#8139 = VERTEX_LOOP('',#8140);
#8140 = VERTEX_POINT('',#8141);
#8141 = CARTESIAN_POINT('',(7.654042494671E-18,-1.874699728327E-33,
    -0.125));
#8142 = SPHERICAL_SURFACE('',#8143,0.125);
#8143 = AXIS2_PLACEMENT_3D('',#8144,#8145,#8146);
#8144 = CARTESIAN_POINT('',(0.,0.,0.));
#8145 = DIRECTION('',(0.,0.,1.));
#8146 = DIRECTION('',(1.,0.,-0.));
#8147 = ( GEOMETRIC_REPRESENTATION_CONTEXT(3) 
GLOBAL_UNCERTAINTY_ASSIGNED_CONTEXT((#8151)) 
GLOBAL_UNIT_ASSIGNED_CONTEXT((#8148,#8149,#8150)) REPRESENTATION_CONTEXT
('Context #1','3D Context with UNIT and UNCERTAINTY') );
#8148 = ( LENGTH_UNIT() NAMED_UNIT(*) SI_UNIT(.MILLI.,.METRE.) );
#8149 = ( NAMED_UNIT(*) PLANE_ANGLE_UNIT() SI_UNIT($,.RADIAN.) );
#8150 = ( NAMED_UNIT(*) SI_UNIT($,.STERADIAN.) SOLID_ANGLE_UNIT() );
#8151 = UNCERTAINTY_MEASURE_WITH_UNIT(LENGTH_MEASURE(1.E-07),#8148,
  'distance_accuracy_value','confusion accuracy');
#8152 = SHAPE_DEFINITION_REPRESENTATION(#8153,#8134);
#8153 = PRODUCT_DEFINITION_SHAPE('','',#8154);
#8154 = PRODUCT_DEFINITION('design','',#8155,#8158);
#8155 = PRODUCT_DEFINITION_FORMATION('','',#8156);
#8156 = PRODUCT('T6','T6','',(#8157));
#8157 = PRODUCT_CONTEXT('',#2,'mechanical');
#8158 = PRODUCT_DEFINITION_CONTEXT('part definition',#2,'design');
#8159 = CONTEXT_DEPENDENT_SHAPE_REPRESENTATION(#8160,#8162);
#8160 = ( REPRESENTATION_RELATIONSHIP('','',#8134,#10) 
REPRESENTATION_RELATIONSHIP_WITH_TRANSFORMATION(#8161) 
SHAPE_REPRESENTATION_RELATIONSHIP() );
#8161 = ITEM_DEFINED_TRANSFORMATION('','',#11,#875);
#8162 = PRODUCT_DEFINITION_SHAPE('Placement','Placement of an item',
  #8163);
#8163 = NEXT_ASSEMBLY_USAGE_OCCURRENCE('216','=>[0:1:1:217]','',#5,#8154
  ,$);
#8164 = PRODUCT_RELATED_PRODUCT_CATEGORY('part',$,(#8156));
#8165 = ADVANCED_BREP_SHAPE_REPRESENTATION('',(#11,#8166),#8178);
#8166 = MANIFOLD_SOLID_BREP('',#8167);
#8167 = CLOSED_SHELL('',(#8168));
#8168 = ADVANCED_FACE('',(#8169),#8173,.T.);
#8169 = FACE_BOUND('',#8170,.T.);
#8170 = VERTEX_LOOP('',#8171);
#8171 = VERTEX_POINT('',#8172);
#8172 = CARTESIAN_POINT('',(7.654042494671E-18,-1.874699728327E-33,
    -0.125));
#8173 = SPHERICAL_SURFACE('',#8174,0.125);
#8174 = AXIS2_PLACEMENT_3D('',#8175,#8176,#8177);
#8175 = CARTESIAN_POINT('',(0.,0.,0.));
#8176 = DIRECTION('',(0.,0.,1.));
#8177 = DIRECTION('',(1.,0.,-0.));
#8178 = ( GEOMETRIC_REPRESENTATION_CONTEXT(3) 
GLOBAL_UNCERTAINTY_ASSIGNED_CONTEXT((#8182)) 
GLOBAL_UNIT_ASSIGNED_CONTEXT((#8179,#8180,#8181)) REPRESENTATION_CONTEXT
('Context #1','3D Context with UNIT and UNCERTAINTY') );
#8179 = ( LENGTH_UNIT() NAMED_UNIT(*) SI_UNIT(.MILLI.,.METRE.) );
#8180 = ( NAMED_UNIT(*) PLANE_ANGLE_UNIT() SI_UNIT($,.RADIAN.) );
#8181 = ( NAMED_UNIT(*) SI_UNIT($,.STERADIAN.) SOLID_ANGLE_UNIT() );
#8182 = UNCERTAINTY_MEASURE_WITH_UNIT(LENGTH_MEASURE(1.E-07),#8179,
  'distance_accuracy_value','confusion accuracy');
#8183 = SHAPE_DEFINITION_REPRESENTATION(#8184,#8165);
#8184 = PRODUCT_DEFINITION_SHAPE('','',#8185);
#8185 = PRODUCT_DEFINITION('design','',#8186,#8189);
#8186 = PRODUCT_DEFINITION_FORMATION('','',#8187);
#8187 = PRODUCT('T10','T10','',(#8188));
#8188 = PRODUCT_CONTEXT('',#2,'mechanical');
#8189 = PRODUCT_DEFINITION_CONTEXT('part definition',#2,'design');
#8190 = CONTEXT_DEPENDENT_SHAPE_REPRESENTATION(#8191,#8193);
#8191 = ( REPRESENTATION_RELATIONSHIP('','',#8165,#10) 
REPRESENTATION_RELATIONSHIP_WITH_TRANSFORMATION(#8192) 
SHAPE_REPRESENTATION_RELATIONSHIP() );
#8192 = ITEM_DEFINED_TRANSFORMATION('','',#11,#879);
#8193 = PRODUCT_DEFINITION_SHAPE('Placement','Placement of an item',
  #8194);
#8194 = NEXT_ASSEMBLY_USAGE_OCCURRENCE('217','=>[0:1:1:218]','',#5,#8185
  ,$);
#8195 = PRODUCT_RELATED_PRODUCT_CATEGORY('part',$,(#8187));
#8196 = ADVANCED_BREP_SHAPE_REPRESENTATION('',(#11,#8197),#8209);
#8197 = MANIFOLD_SOLID_BREP('',#8198);
#8198 = CLOSED_SHELL('',(#8199));
#8199 = ADVANCED_FACE('',(#8200),#8204,.T.);
#8200 = FACE_BOUND('',#8201,.T.);
#8201 = VERTEX_LOOP('',#8202);
#8202 = VERTEX_POINT('',#8203);
#8203 = CARTESIAN_POINT('',(7.654042494671E-18,-1.874699728327E-33,
    -0.125));
#8204 = SPHERICAL_SURFACE('',#8205,0.125);
#8205 = AXIS2_PLACEMENT_3D('',#8206,#8207,#8208);
#8206 = CARTESIAN_POINT('',(0.,0.,0.));
#8207 = DIRECTION('',(0.,0.,1.));
#8208 = DIRECTION('',(1.,0.,-0.));
#8209 = ( GEOMETRIC_REPRESENTATION_CONTEXT(3) 
GLOBAL_UNCERTAINTY_ASSIGNED_CONTEXT((#8213)) 
GLOBAL_UNIT_ASSIGNED_CONTEXT((#8210,#8211,#8212)) REPRESENTATION_CONTEXT
('Context #1','3D Context with UNIT and UNCERTAINTY') );
#8210 = ( LENGTH_UNIT() NAMED_UNIT(*) SI_UNIT(.MILLI.,.METRE.) );
#8211 = ( NAMED_UNIT(*) PLANE_ANGLE_UNIT() SI_UNIT($,.RADIAN.) );
#8212 = ( NAMED_UNIT(*) SI_UNIT($,.STERADIAN.) SOLID_ANGLE_UNIT() );
#8213 = UNCERTAINTY_MEASURE_WITH_UNIT(LENGTH_MEASURE(1.E-07),#8210,
  'distance_accuracy_value','confusion accuracy');
#8214 = SHAPE_DEFINITION_REPRESENTATION(#8215,#8196);
#8215 = PRODUCT_DEFINITION_SHAPE('','',#8216);
#8216 = PRODUCT_DEFINITION('design','',#8217,#8220);
#8217 = PRODUCT_DEFINITION_FORMATION('','',#8218);
#8218 = PRODUCT('T12','T12','',(#8219));
#8219 = PRODUCT_CONTEXT('',#2,'mechanical');
#8220 = PRODUCT_DEFINITION_CONTEXT('part definition',#2,'design');
#8221 = CONTEXT_DEPENDENT_SHAPE_REPRESENTATION(#8222,#8224);
#8222 = ( REPRESENTATION_RELATIONSHIP('','',#8196,#10) 
REPRESENTATION_RELATIONSHIP_WITH_TRANSFORMATION(#8223) 
SHAPE_REPRESENTATION_RELATIONSHIP() );
#8223 = ITEM_DEFINED_TRANSFORMATION('','',#11,#883);
#8224 = PRODUCT_DEFINITION_SHAPE('Placement','Placement of an item',
  #8225);
#8225 = NEXT_ASSEMBLY_USAGE_OCCURRENCE('218','=>[0:1:1:219]','',#5,#8216
  ,$);
#8226 = PRODUCT_RELATED_PRODUCT_CATEGORY('part',$,(#8218));
#8227 = ADVANCED_BREP_SHAPE_REPRESENTATION('',(#11,#8228),#8240);
#8228 = MANIFOLD_SOLID_BREP('',#8229);
#8229 = CLOSED_SHELL('',(#8230));
#8230 = ADVANCED_FACE('',(#8231),#8235,.T.);
#8231 = FACE_BOUND('',#8232,.T.);
#8232 = VERTEX_LOOP('',#8233);
#8233 = VERTEX_POINT('',#8234);
#8234 = CARTESIAN_POINT('',(7.654042494671E-18,-1.874699728327E-33,
    -0.125));
#8235 = SPHERICAL_SURFACE('',#8236,0.125);
#8236 = AXIS2_PLACEMENT_3D('',#8237,#8238,#8239);
#8237 = CARTESIAN_POINT('',(0.,0.,0.));
#8238 = DIRECTION('',(0.,0.,1.));
#8239 = DIRECTION('',(1.,0.,-0.));
#8240 = ( GEOMETRIC_REPRESENTATION_CONTEXT(3) 
GLOBAL_UNCERTAINTY_ASSIGNED_CONTEXT((#8244)) 
GLOBAL_UNIT_ASSIGNED_CONTEXT((#8241,#8242,#8243)) REPRESENTATION_CONTEXT
('Context #1','3D Context with UNIT and UNCERTAINTY') );
#8241 = ( LENGTH_UNIT() NAMED_UNIT(*) SI_UNIT(.MILLI.,.METRE.) );
#8242 = ( NAMED_UNIT(*) PLANE_ANGLE_UNIT() SI_UNIT($,.RADIAN.) );
#8243 = ( NAMED_UNIT(*) SI_UNIT($,.STERADIAN.) SOLID_ANGLE_UNIT() );
#8244 = UNCERTAINTY_MEASURE_WITH_UNIT(LENGTH_MEASURE(1.E-07),#8241,
  'distance_accuracy_value','confusion accuracy');
#8245 = SHAPE_DEFINITION_REPRESENTATION(#8246,#8227);
#8246 = PRODUCT_DEFINITION_SHAPE('','',#8247);
#8247 = PRODUCT_DEFINITION('design','',#8248,#8251);
#8248 = PRODUCT_DEFINITION_FORMATION('','',#8249);
#8249 = PRODUCT('T14','T14','',(#8250));
#8250 = PRODUCT_CONTEXT('',#2,'mechanical');
#8251 = PRODUCT_DEFINITION_CONTEXT('part definition',#2,'design');
#8252 = CONTEXT_DEPENDENT_SHAPE_REPRESENTATION(#8253,#8255);
#8253 = ( REPRESENTATION_RELATIONSHIP('','',#8227,#10) 
REPRESENTATION_RELATIONSHIP_WITH_TRANSFORMATION(#8254) 
SHAPE_REPRESENTATION_RELATIONSHIP() );
#8254 = ITEM_DEFINED_TRANSFORMATION('','',#11,#887);
#8255 = PRODUCT_DEFINITION_SHAPE('Placement','Placement of an item',
  #8256);
#8256 = NEXT_ASSEMBLY_USAGE_OCCURRENCE('219','=>[0:1:1:220]','',#5,#8247
  ,$);
#8257 = PRODUCT_RELATED_PRODUCT_CATEGORY('part',$,(#8249));
#8258 = ADVANCED_BREP_SHAPE_REPRESENTATION('',(#11,#8259),#8271);
#8259 = MANIFOLD_SOLID_BREP('',#8260);
#8260 = CLOSED_SHELL('',(#8261));
#8261 = ADVANCED_FACE('',(#8262),#8266,.T.);
#8262 = FACE_BOUND('',#8263,.T.);
#8263 = VERTEX_LOOP('',#8264);
#8264 = VERTEX_POINT('',#8265);
#8265 = CARTESIAN_POINT('',(7.654042494671E-18,-1.874699728327E-33,
    -0.125));
#8266 = SPHERICAL_SURFACE('',#8267,0.125);
#8267 = AXIS2_PLACEMENT_3D('',#8268,#8269,#8270);
#8268 = CARTESIAN_POINT('',(0.,0.,0.));
#8269 = DIRECTION('',(0.,0.,1.));
#8270 = DIRECTION('',(1.,0.,-0.));
#8271 = ( GEOMETRIC_REPRESENTATION_CONTEXT(3) 
GLOBAL_UNCERTAINTY_ASSIGNED_CONTEXT((#8275)) 
GLOBAL_UNIT_ASSIGNED_CONTEXT((#8272,#8273,#8274)) REPRESENTATION_CONTEXT
('Context #1','3D Context with UNIT and UNCERTAINTY') );
#8272 = ( LENGTH_UNIT() NAMED_UNIT(*) SI_UNIT(.MILLI.,.METRE.) );
#8273 = ( NAMED_UNIT(*) PLANE_ANGLE_UNIT() SI_UNIT($,.RADIAN.) );
#8274 = ( NAMED_UNIT(*) SI_UNIT($,.STERADIAN.) SOLID_ANGLE_UNIT() );
#8275 = UNCERTAINTY_MEASURE_WITH_UNIT(LENGTH_MEASURE(1.E-07),#8272,
  'distance_accuracy_value','confusion accuracy');
#8276 = SHAPE_DEFINITION_REPRESENTATION(#8277,#8258);
#8277 = PRODUCT_DEFINITION_SHAPE('','',#8278);
#8278 = PRODUCT_DEFINITION('design','',#8279,#8282);
#8279 = PRODUCT_DEFINITION_FORMATION('','',#8280);
#8280 = PRODUCT('T16','T16','',(#8281));
#8281 = PRODUCT_CONTEXT('',#2,'mechanical');
#8282 = PRODUCT_DEFINITION_CONTEXT('part definition',#2,'design');
#8283 = CONTEXT_DEPENDENT_SHAPE_REPRESENTATION(#8284,#8286);
#8284 = ( REPRESENTATION_RELATIONSHIP('','',#8258,#10) 
REPRESENTATION_RELATIONSHIP_WITH_TRANSFORMATION(#8285) 
SHAPE_REPRESENTATION_RELATIONSHIP() );
#8285 = ITEM_DEFINED_TRANSFORMATION('','',#11,#891);
#8286 = PRODUCT_DEFINITION_SHAPE('Placement','Placement of an item',
  #8287);
#8287 = NEXT_ASSEMBLY_USAGE_OCCURRENCE('220','=>[0:1:1:221]','',#5,#8278
  ,$);
#8288 = PRODUCT_RELATED_PRODUCT_CATEGORY('part',$,(#8280));
#8289 = ADVANCED_BREP_SHAPE_REPRESENTATION('',(#11,#8290),#8302);
#8290 = MANIFOLD_SOLID_BREP('',#8291);
#8291 = CLOSED_SHELL('',(#8292));
#8292 = ADVANCED_FACE('',(#8293),#8297,.T.);
#8293 = FACE_BOUND('',#8294,.T.);
#8294 = VERTEX_LOOP('',#8295);
#8295 = VERTEX_POINT('',#8296);
#8296 = CARTESIAN_POINT('',(7.654042494671E-18,-1.874699728327E-33,
    -0.125));
#8297 = SPHERICAL_SURFACE('',#8298,0.125);
#8298 = AXIS2_PLACEMENT_3D('',#8299,#8300,#8301);
#8299 = CARTESIAN_POINT('',(0.,0.,0.));
#8300 = DIRECTION('',(0.,0.,1.));
#8301 = DIRECTION('',(1.,0.,-0.));
#8302 = ( GEOMETRIC_REPRESENTATION_CONTEXT(3) 
GLOBAL_UNCERTAINTY_ASSIGNED_CONTEXT((#8306)) 
GLOBAL_UNIT_ASSIGNED_CONTEXT((#8303,#8304,#8305)) REPRESENTATION_CONTEXT
('Context #1','3D Context with UNIT and UNCERTAINTY') );
#8303 = ( LENGTH_UNIT() NAMED_UNIT(*) SI_UNIT(.MILLI.,.METRE.) );
#8304 = ( NAMED_UNIT(*) PLANE_ANGLE_UNIT() SI_UNIT($,.RADIAN.) );
#8305 = ( NAMED_UNIT(*) SI_UNIT($,.STERADIAN.) SOLID_ANGLE_UNIT() );
#8306 = UNCERTAINTY_MEASURE_WITH_UNIT(LENGTH_MEASURE(1.E-07),#8303,
  'distance_accuracy_value','confusion accuracy');
#8307 = SHAPE_DEFINITION_REPRESENTATION(#8308,#8289);
#8308 = PRODUCT_DEFINITION_SHAPE('','',#8309);
#8309 = PRODUCT_DEFINITION('design','',#8310,#8313);
#8310 = PRODUCT_DEFINITION_FORMATION('','',#8311);
#8311 = PRODUCT('T20','T20','',(#8312));
#8312 = PRODUCT_CONTEXT('',#2,'mechanical');
#8313 = PRODUCT_DEFINITION_CONTEXT('part definition',#2,'design');
#8314 = CONTEXT_DEPENDENT_SHAPE_REPRESENTATION(#8315,#8317);
#8315 = ( REPRESENTATION_RELATIONSHIP('','',#8289,#10) 
REPRESENTATION_RELATIONSHIP_WITH_TRANSFORMATION(#8316) 
SHAPE_REPRESENTATION_RELATIONSHIP() );
#8316 = ITEM_DEFINED_TRANSFORMATION('','',#11,#895);
#8317 = PRODUCT_DEFINITION_SHAPE('Placement','Placement of an item',
  #8318);
#8318 = NEXT_ASSEMBLY_USAGE_OCCURRENCE('221','=>[0:1:1:222]','',#5,#8309
  ,$);
#8319 = PRODUCT_RELATED_PRODUCT_CATEGORY('part',$,(#8311));
#8320 = ADVANCED_BREP_SHAPE_REPRESENTATION('',(#11,#8321),#8333);
#8321 = MANIFOLD_SOLID_BREP('',#8322);
#8322 = CLOSED_SHELL('',(#8323));
#8323 = ADVANCED_FACE('',(#8324),#8328,.T.);
#8324 = FACE_BOUND('',#8325,.T.);
#8325 = VERTEX_LOOP('',#8326);
#8326 = VERTEX_POINT('',#8327);
#8327 = CARTESIAN_POINT('',(7.654042494671E-18,-1.874699728327E-33,
    -0.125));
#8328 = SPHERICAL_SURFACE('',#8329,0.125);
#8329 = AXIS2_PLACEMENT_3D('',#8330,#8331,#8332);
#8330 = CARTESIAN_POINT('',(0.,0.,0.));
#8331 = DIRECTION('',(0.,0.,1.));
#8332 = DIRECTION('',(1.,0.,-0.));
#8333 = ( GEOMETRIC_REPRESENTATION_CONTEXT(3) 
GLOBAL_UNCERTAINTY_ASSIGNED_CONTEXT((#8337)) 
GLOBAL_UNIT_ASSIGNED_CONTEXT((#8334,#8335,#8336)) REPRESENTATION_CONTEXT
('Context #1','3D Context with UNIT and UNCERTAINTY') );
#8334 = ( LENGTH_UNIT() NAMED_UNIT(*) SI_UNIT(.MILLI.,.METRE.) );
#8335 = ( NAMED_UNIT(*) PLANE_ANGLE_UNIT() SI_UNIT($,.RADIAN.) );
#8336 = ( NAMED_UNIT(*) SI_UNIT($,.STERADIAN.) SOLID_ANGLE_UNIT() );
#8337 = UNCERTAINTY_MEASURE_WITH_UNIT(LENGTH_MEASURE(1.E-07),#8334,
  'distance_accuracy_value','confusion accuracy');
#8338 = SHAPE_DEFINITION_REPRESENTATION(#8339,#8320);
#8339 = PRODUCT_DEFINITION_SHAPE('','',#8340);
#8340 = PRODUCT_DEFINITION('design','',#8341,#8344);
#8341 = PRODUCT_DEFINITION_FORMATION('','',#8342);
#8342 = PRODUCT('T23','T23','',(#8343));
#8343 = PRODUCT_CONTEXT('',#2,'mechanical');
#8344 = PRODUCT_DEFINITION_CONTEXT('part definition',#2,'design');
#8345 = CONTEXT_DEPENDENT_SHAPE_REPRESENTATION(#8346,#8348);
#8346 = ( REPRESENTATION_RELATIONSHIP('','',#8320,#10) 
REPRESENTATION_RELATIONSHIP_WITH_TRANSFORMATION(#8347) 
SHAPE_REPRESENTATION_RELATIONSHIP() );
#8347 = ITEM_DEFINED_TRANSFORMATION('','',#11,#899);
#8348 = PRODUCT_DEFINITION_SHAPE('Placement','Placement of an item',
  #8349);
#8349 = NEXT_ASSEMBLY_USAGE_OCCURRENCE('222','=>[0:1:1:223]','',#5,#8340
  ,$);
#8350 = PRODUCT_RELATED_PRODUCT_CATEGORY('part',$,(#8342));
#8351 = ADVANCED_BREP_SHAPE_REPRESENTATION('',(#11,#8352),#8364);
#8352 = MANIFOLD_SOLID_BREP('',#8353);
#8353 = CLOSED_SHELL('',(#8354));
#8354 = ADVANCED_FACE('',(#8355),#8359,.T.);
#8355 = FACE_BOUND('',#8356,.T.);
#8356 = VERTEX_LOOP('',#8357);
#8357 = VERTEX_POINT('',#8358);
#8358 = CARTESIAN_POINT('',(7.654042494671E-18,-1.874699728327E-33,
    -0.125));
#8359 = SPHERICAL_SURFACE('',#8360,0.125);
#8360 = AXIS2_PLACEMENT_3D('',#8361,#8362,#8363);
#8361 = CARTESIAN_POINT('',(0.,0.,0.));
#8362 = DIRECTION('',(0.,0.,1.));
#8363 = DIRECTION('',(1.,0.,-0.));
#8364 = ( GEOMETRIC_REPRESENTATION_CONTEXT(3) 
GLOBAL_UNCERTAINTY_ASSIGNED_CONTEXT((#8368)) 
GLOBAL_UNIT_ASSIGNED_CONTEXT((#8365,#8366,#8367)) REPRESENTATION_CONTEXT
('Context #1','3D Context with UNIT and UNCERTAINTY') );
#8365 = ( LENGTH_UNIT() NAMED_UNIT(*) SI_UNIT(.MILLI.,.METRE.) );
#8366 = ( NAMED_UNIT(*) PLANE_ANGLE_UNIT() SI_UNIT($,.RADIAN.) );
#8367 = ( NAMED_UNIT(*) SI_UNIT($,.STERADIAN.) SOLID_ANGLE_UNIT() );
#8368 = UNCERTAINTY_MEASURE_WITH_UNIT(LENGTH_MEASURE(1.E-07),#8365,
  'distance_accuracy_value','confusion accuracy');
#8369 = SHAPE_DEFINITION_REPRESENTATION(#8370,#8351);
#8370 = PRODUCT_DEFINITION_SHAPE('','',#8371);
#8371 = PRODUCT_DEFINITION('design','',#8372,#8375);
#8372 = PRODUCT_DEFINITION_FORMATION('','',#8373);
#8373 = PRODUCT('T24','T24','',(#8374));
#8374 = PRODUCT_CONTEXT('',#2,'mechanical');
#8375 = PRODUCT_DEFINITION_CONTEXT('part definition',#2,'design');
#8376 = CONTEXT_DEPENDENT_SHAPE_REPRESENTATION(#8377,#8379);
#8377 = ( REPRESENTATION_RELATIONSHIP('','',#8351,#10) 
REPRESENTATION_RELATIONSHIP_WITH_TRANSFORMATION(#8378) 
SHAPE_REPRESENTATION_RELATIONSHIP() );
#8378 = ITEM_DEFINED_TRANSFORMATION('','',#11,#903);
#8379 = PRODUCT_DEFINITION_SHAPE('Placement','Placement of an item',
  #8380);
#8380 = NEXT_ASSEMBLY_USAGE_OCCURRENCE('223','=>[0:1:1:224]','',#5,#8371
  ,$);
#8381 = PRODUCT_RELATED_PRODUCT_CATEGORY('part',$,(#8373));
#8382 = ADVANCED_BREP_SHAPE_REPRESENTATION('',(#11,#8383),#8395);
#8383 = MANIFOLD_SOLID_BREP('',#8384);
#8384 = CLOSED_SHELL('',(#8385));
#8385 = ADVANCED_FACE('',(#8386),#8390,.T.);
#8386 = FACE_BOUND('',#8387,.T.);
#8387 = VERTEX_LOOP('',#8388);
#8388 = VERTEX_POINT('',#8389);
#8389 = CARTESIAN_POINT('',(7.654042494671E-18,-1.874699728327E-33,
    -0.125));
#8390 = SPHERICAL_SURFACE('',#8391,0.125);
#8391 = AXIS2_PLACEMENT_3D('',#8392,#8393,#8394);
#8392 = CARTESIAN_POINT('',(0.,0.,0.));
#8393 = DIRECTION('',(0.,0.,1.));
#8394 = DIRECTION('',(1.,0.,-0.));
#8395 = ( GEOMETRIC_REPRESENTATION_CONTEXT(3) 
GLOBAL_UNCERTAINTY_ASSIGNED_CONTEXT((#8399)) 
GLOBAL_UNIT_ASSIGNED_CONTEXT((#8396,#8397,#8398)) REPRESENTATION_CONTEXT
('Context #1','3D Context with UNIT and UNCERTAINTY') );
#8396 = ( LENGTH_UNIT() NAMED_UNIT(*) SI_UNIT(.MILLI.,.METRE.) );
#8397 = ( NAMED_UNIT(*) PLANE_ANGLE_UNIT() SI_UNIT($,.RADIAN.) );
#8398 = ( NAMED_UNIT(*) SI_UNIT($,.STERADIAN.) SOLID_ANGLE_UNIT() );
#8399 = UNCERTAINTY_MEASURE_WITH_UNIT(LENGTH_MEASURE(1.E-07),#8396,
  'distance_accuracy_value','confusion accuracy');
#8400 = SHAPE_DEFINITION_REPRESENTATION(#8401,#8382);
#8401 = PRODUCT_DEFINITION_SHAPE('','',#8402);
#8402 = PRODUCT_DEFINITION('design','',#8403,#8406);
#8403 = PRODUCT_DEFINITION_FORMATION('','',#8404);
#8404 = PRODUCT('T25','T25','',(#8405));
#8405 = PRODUCT_CONTEXT('',#2,'mechanical');
#8406 = PRODUCT_DEFINITION_CONTEXT('part definition',#2,'design');
#8407 = CONTEXT_DEPENDENT_SHAPE_REPRESENTATION(#8408,#8410);
#8408 = ( REPRESENTATION_RELATIONSHIP('','',#8382,#10) 
REPRESENTATION_RELATIONSHIP_WITH_TRANSFORMATION(#8409) 
SHAPE_REPRESENTATION_RELATIONSHIP() );
#8409 = ITEM_DEFINED_TRANSFORMATION('','',#11,#907);
#8410 = PRODUCT_DEFINITION_SHAPE('Placement','Placement of an item',
  #8411);
#8411 = NEXT_ASSEMBLY_USAGE_OCCURRENCE('224','=>[0:1:1:225]','',#5,#8402
  ,$);
#8412 = PRODUCT_RELATED_PRODUCT_CATEGORY('part',$,(#8404));
#8413 = ADVANCED_BREP_SHAPE_REPRESENTATION('',(#11,#8414),#8426);
#8414 = MANIFOLD_SOLID_BREP('',#8415);
#8415 = CLOSED_SHELL('',(#8416));
#8416 = ADVANCED_FACE('',(#8417),#8421,.T.);
#8417 = FACE_BOUND('',#8418,.T.);
#8418 = VERTEX_LOOP('',#8419);
#8419 = VERTEX_POINT('',#8420);
#8420 = CARTESIAN_POINT('',(7.654042494671E-18,-1.874699728327E-33,
    -0.125));
#8421 = SPHERICAL_SURFACE('',#8422,0.125);
#8422 = AXIS2_PLACEMENT_3D('',#8423,#8424,#8425);
#8423 = CARTESIAN_POINT('',(0.,0.,0.));
#8424 = DIRECTION('',(0.,0.,1.));
#8425 = DIRECTION('',(1.,0.,-0.));
#8426 = ( GEOMETRIC_REPRESENTATION_CONTEXT(3) 
GLOBAL_UNCERTAINTY_ASSIGNED_CONTEXT((#8430)) 
GLOBAL_UNIT_ASSIGNED_CONTEXT((#8427,#8428,#8429)) REPRESENTATION_CONTEXT
('Context #1','3D Context with UNIT and UNCERTAINTY') );
#8427 = ( LENGTH_UNIT() NAMED_UNIT(*) SI_UNIT(.MILLI.,.METRE.) );
#8428 = ( NAMED_UNIT(*) PLANE_ANGLE_UNIT() SI_UNIT($,.RADIAN.) );
#8429 = ( NAMED_UNIT(*) SI_UNIT($,.STERADIAN.) SOLID_ANGLE_UNIT() );
#8430 = UNCERTAINTY_MEASURE_WITH_UNIT(LENGTH_MEASURE(1.E-07),#8427,
  'distance_accuracy_value','confusion accuracy');
#8431 = SHAPE_DEFINITION_REPRESENTATION(#8432,#8413);
#8432 = PRODUCT_DEFINITION_SHAPE('','',#8433);
#8433 = PRODUCT_DEFINITION('design','',#8434,#8437);
#8434 = PRODUCT_DEFINITION_FORMATION('','',#8435);
#8435 = PRODUCT('U1','U1','',(#8436));
#8436 = PRODUCT_CONTEXT('',#2,'mechanical');
#8437 = PRODUCT_DEFINITION_CONTEXT('part definition',#2,'design');
#8438 = CONTEXT_DEPENDENT_SHAPE_REPRESENTATION(#8439,#8441);
#8439 = ( REPRESENTATION_RELATIONSHIP('','',#8413,#10) 
REPRESENTATION_RELATIONSHIP_WITH_TRANSFORMATION(#8440) 
SHAPE_REPRESENTATION_RELATIONSHIP() );
#8440 = ITEM_DEFINED_TRANSFORMATION('','',#11,#911);
#8441 = PRODUCT_DEFINITION_SHAPE('Placement','Placement of an item',
  #8442);
#8442 = NEXT_ASSEMBLY_USAGE_OCCURRENCE('225','=>[0:1:1:226]','',#5,#8433
  ,$);
#8443 = PRODUCT_RELATED_PRODUCT_CATEGORY('part',$,(#8435));
#8444 = ADVANCED_BREP_SHAPE_REPRESENTATION('',(#11,#8445),#8457);
#8445 = MANIFOLD_SOLID_BREP('',#8446);
#8446 = CLOSED_SHELL('',(#8447));
#8447 = ADVANCED_FACE('',(#8448),#8452,.T.);
#8448 = FACE_BOUND('',#8449,.T.);
#8449 = VERTEX_LOOP('',#8450);
#8450 = VERTEX_POINT('',#8451);
#8451 = CARTESIAN_POINT('',(7.654042494671E-18,-1.874699728327E-33,
    -0.125));
#8452 = SPHERICAL_SURFACE('',#8453,0.125);
#8453 = AXIS2_PLACEMENT_3D('',#8454,#8455,#8456);
#8454 = CARTESIAN_POINT('',(0.,0.,0.));
#8455 = DIRECTION('',(0.,0.,1.));
#8456 = DIRECTION('',(1.,0.,-0.));
#8457 = ( GEOMETRIC_REPRESENTATION_CONTEXT(3) 
GLOBAL_UNCERTAINTY_ASSIGNED_CONTEXT((#8461)) 
GLOBAL_UNIT_ASSIGNED_CONTEXT((#8458,#8459,#8460)) REPRESENTATION_CONTEXT
('Context #1','3D Context with UNIT and UNCERTAINTY') );
#8458 = ( LENGTH_UNIT() NAMED_UNIT(*) SI_UNIT(.MILLI.,.METRE.) );
#8459 = ( NAMED_UNIT(*) PLANE_ANGLE_UNIT() SI_UNIT($,.RADIAN.) );
#8460 = ( NAMED_UNIT(*) SI_UNIT($,.STERADIAN.) SOLID_ANGLE_UNIT() );
#8461 = UNCERTAINTY_MEASURE_WITH_UNIT(LENGTH_MEASURE(1.E-07),#8458,
  'distance_accuracy_value','confusion accuracy');
#8462 = SHAPE_DEFINITION_REPRESENTATION(#8463,#8444);
#8463 = PRODUCT_DEFINITION_SHAPE('','',#8464);
#8464 = PRODUCT_DEFINITION('design','',#8465,#8468);
#8465 = PRODUCT_DEFINITION_FORMATION('','',#8466);
#8466 = PRODUCT('U2','U2','',(#8467));
#8467 = PRODUCT_CONTEXT('',#2,'mechanical');
#8468 = PRODUCT_DEFINITION_CONTEXT('part definition',#2,'design');
#8469 = CONTEXT_DEPENDENT_SHAPE_REPRESENTATION(#8470,#8472);
#8470 = ( REPRESENTATION_RELATIONSHIP('','',#8444,#10) 
REPRESENTATION_RELATIONSHIP_WITH_TRANSFORMATION(#8471) 
SHAPE_REPRESENTATION_RELATIONSHIP() );
#8471 = ITEM_DEFINED_TRANSFORMATION('','',#11,#915);
#8472 = PRODUCT_DEFINITION_SHAPE('Placement','Placement of an item',
  #8473);
#8473 = NEXT_ASSEMBLY_USAGE_OCCURRENCE('226','=>[0:1:1:227]','',#5,#8464
  ,$);
#8474 = PRODUCT_RELATED_PRODUCT_CATEGORY('part',$,(#8466));
#8475 = ADVANCED_BREP_SHAPE_REPRESENTATION('',(#11,#8476),#8488);
#8476 = MANIFOLD_SOLID_BREP('',#8477);
#8477 = CLOSED_SHELL('',(#8478));
#8478 = ADVANCED_FACE('',(#8479),#8483,.T.);
#8479 = FACE_BOUND('',#8480,.T.);
#8480 = VERTEX_LOOP('',#8481);
#8481 = VERTEX_POINT('',#8482);
#8482 = CARTESIAN_POINT('',(7.654042494671E-18,-1.874699728327E-33,
    -0.125));
#8483 = SPHERICAL_SURFACE('',#8484,0.125);
#8484 = AXIS2_PLACEMENT_3D('',#8485,#8486,#8487);
#8485 = CARTESIAN_POINT('',(0.,0.,0.));
#8486 = DIRECTION('',(0.,0.,1.));
#8487 = DIRECTION('',(1.,0.,-0.));
#8488 = ( GEOMETRIC_REPRESENTATION_CONTEXT(3) 
GLOBAL_UNCERTAINTY_ASSIGNED_CONTEXT((#8492)) 
GLOBAL_UNIT_ASSIGNED_CONTEXT((#8489,#8490,#8491)) REPRESENTATION_CONTEXT
('Context #1','3D Context with UNIT and UNCERTAINTY') );
#8489 = ( LENGTH_UNIT() NAMED_UNIT(*) SI_UNIT(.MILLI.,.METRE.) );
#8490 = ( NAMED_UNIT(*) PLANE_ANGLE_UNIT() SI_UNIT($,.RADIAN.) );
#8491 = ( NAMED_UNIT(*) SI_UNIT($,.STERADIAN.) SOLID_ANGLE_UNIT() );
#8492 = UNCERTAINTY_MEASURE_WITH_UNIT(LENGTH_MEASURE(1.E-07),#8489,
  'distance_accuracy_value','confusion accuracy');
#8493 = SHAPE_DEFINITION_REPRESENTATION(#8494,#8475);
#8494 = PRODUCT_DEFINITION_SHAPE('','',#8495);
#8495 = PRODUCT_DEFINITION('design','',#8496,#8499);
#8496 = PRODUCT_DEFINITION_FORMATION('','',#8497);
#8497 = PRODUCT('U3','U3','',(#8498));
#8498 = PRODUCT_CONTEXT('',#2,'mechanical');
#8499 = PRODUCT_DEFINITION_CONTEXT('part definition',#2,'design');
#8500 = CONTEXT_DEPENDENT_SHAPE_REPRESENTATION(#8501,#8503);
#8501 = ( REPRESENTATION_RELATIONSHIP('','',#8475,#10) 
REPRESENTATION_RELATIONSHIP_WITH_TRANSFORMATION(#8502) 
SHAPE_REPRESENTATION_RELATIONSHIP() );
#8502 = ITEM_DEFINED_TRANSFORMATION('','',#11,#919);
#8503 = PRODUCT_DEFINITION_SHAPE('Placement','Placement of an item',
  #8504);
#8504 = NEXT_ASSEMBLY_USAGE_OCCURRENCE('227','=>[0:1:1:228]','',#5,#8495
  ,$);
#8505 = PRODUCT_RELATED_PRODUCT_CATEGORY('part',$,(#8497));
#8506 = ADVANCED_BREP_SHAPE_REPRESENTATION('',(#11,#8507),#8519);
#8507 = MANIFOLD_SOLID_BREP('',#8508);
#8508 = CLOSED_SHELL('',(#8509));
#8509 = ADVANCED_FACE('',(#8510),#8514,.T.);
#8510 = FACE_BOUND('',#8511,.T.);
#8511 = VERTEX_LOOP('',#8512);
#8512 = VERTEX_POINT('',#8513);
#8513 = CARTESIAN_POINT('',(7.654042494671E-18,-1.874699728327E-33,
    -0.125));
#8514 = SPHERICAL_SURFACE('',#8515,0.125);
#8515 = AXIS2_PLACEMENT_3D('',#8516,#8517,#8518);
#8516 = CARTESIAN_POINT('',(0.,0.,0.));
#8517 = DIRECTION('',(0.,0.,1.));
#8518 = DIRECTION('',(1.,0.,-0.));
#8519 = ( GEOMETRIC_REPRESENTATION_CONTEXT(3) 
GLOBAL_UNCERTAINTY_ASSIGNED_CONTEXT((#8523)) 
GLOBAL_UNIT_ASSIGNED_CONTEXT((#8520,#8521,#8522)) REPRESENTATION_CONTEXT
('Context #1','3D Context with UNIT and UNCERTAINTY') );
#8520 = ( LENGTH_UNIT() NAMED_UNIT(*) SI_UNIT(.MILLI.,.METRE.) );
#8521 = ( NAMED_UNIT(*) PLANE_ANGLE_UNIT() SI_UNIT($,.RADIAN.) );
#8522 = ( NAMED_UNIT(*) SI_UNIT($,.STERADIAN.) SOLID_ANGLE_UNIT() );
#8523 = UNCERTAINTY_MEASURE_WITH_UNIT(LENGTH_MEASURE(1.E-07),#8520,
  'distance_accuracy_value','confusion accuracy');
#8524 = SHAPE_DEFINITION_REPRESENTATION(#8525,#8506);
#8525 = PRODUCT_DEFINITION_SHAPE('','',#8526);
#8526 = PRODUCT_DEFINITION('design','',#8527,#8530);
#8527 = PRODUCT_DEFINITION_FORMATION('','',#8528);
#8528 = PRODUCT('U6','U6','',(#8529));
#8529 = PRODUCT_CONTEXT('',#2,'mechanical');
#8530 = PRODUCT_DEFINITION_CONTEXT('part definition',#2,'design');
#8531 = CONTEXT_DEPENDENT_SHAPE_REPRESENTATION(#8532,#8534);
#8532 = ( REPRESENTATION_RELATIONSHIP('','',#8506,#10) 
REPRESENTATION_RELATIONSHIP_WITH_TRANSFORMATION(#8533) 
SHAPE_REPRESENTATION_RELATIONSHIP() );
#8533 = ITEM_DEFINED_TRANSFORMATION('','',#11,#923);
#8534 = PRODUCT_DEFINITION_SHAPE('Placement','Placement of an item',
  #8535);
#8535 = NEXT_ASSEMBLY_USAGE_OCCURRENCE('228','=>[0:1:1:229]','',#5,#8526
  ,$);
#8536 = PRODUCT_RELATED_PRODUCT_CATEGORY('part',$,(#8528));
#8537 = ADVANCED_BREP_SHAPE_REPRESENTATION('',(#11,#8538),#8550);
#8538 = MANIFOLD_SOLID_BREP('',#8539);
#8539 = CLOSED_SHELL('',(#8540));
#8540 = ADVANCED_FACE('',(#8541),#8545,.T.);
#8541 = FACE_BOUND('',#8542,.T.);
#8542 = VERTEX_LOOP('',#8543);
#8543 = VERTEX_POINT('',#8544);
#8544 = CARTESIAN_POINT('',(7.654042494671E-18,-1.874699728327E-33,
    -0.125));
#8545 = SPHERICAL_SURFACE('',#8546,0.125);
#8546 = AXIS2_PLACEMENT_3D('',#8547,#8548,#8549);
#8547 = CARTESIAN_POINT('',(0.,0.,0.));
#8548 = DIRECTION('',(0.,0.,1.));
#8549 = DIRECTION('',(1.,0.,-0.));
#8550 = ( GEOMETRIC_REPRESENTATION_CONTEXT(3) 
GLOBAL_UNCERTAINTY_ASSIGNED_CONTEXT((#8554)) 
GLOBAL_UNIT_ASSIGNED_CONTEXT((#8551,#8552,#8553)) REPRESENTATION_CONTEXT
('Context #1','3D Context with UNIT and UNCERTAINTY') );
#8551 = ( LENGTH_UNIT() NAMED_UNIT(*) SI_UNIT(.MILLI.,.METRE.) );
#8552 = ( NAMED_UNIT(*) PLANE_ANGLE_UNIT() SI_UNIT($,.RADIAN.) );
#8553 = ( NAMED_UNIT(*) SI_UNIT($,.STERADIAN.) SOLID_ANGLE_UNIT() );
#8554 = UNCERTAINTY_MEASURE_WITH_UNIT(LENGTH_MEASURE(1.E-07),#8551,
  'distance_accuracy_value','confusion accuracy');
#8555 = SHAPE_DEFINITION_REPRESENTATION(#8556,#8537);
#8556 = PRODUCT_DEFINITION_SHAPE('','',#8557);
#8557 = PRODUCT_DEFINITION('design','',#8558,#8561);
#8558 = PRODUCT_DEFINITION_FORMATION('','',#8559);
#8559 = PRODUCT('U9','U9','',(#8560));
#8560 = PRODUCT_CONTEXT('',#2,'mechanical');
#8561 = PRODUCT_DEFINITION_CONTEXT('part definition',#2,'design');
#8562 = CONTEXT_DEPENDENT_SHAPE_REPRESENTATION(#8563,#8565);
#8563 = ( REPRESENTATION_RELATIONSHIP('','',#8537,#10) 
REPRESENTATION_RELATIONSHIP_WITH_TRANSFORMATION(#8564) 
SHAPE_REPRESENTATION_RELATIONSHIP() );
#8564 = ITEM_DEFINED_TRANSFORMATION('','',#11,#927);
#8565 = PRODUCT_DEFINITION_SHAPE('Placement','Placement of an item',
  #8566);
#8566 = NEXT_ASSEMBLY_USAGE_OCCURRENCE('229','=>[0:1:1:230]','',#5,#8557
  ,$);
#8567 = PRODUCT_RELATED_PRODUCT_CATEGORY('part',$,(#8559));
#8568 = ADVANCED_BREP_SHAPE_REPRESENTATION('',(#11,#8569),#8581);
#8569 = MANIFOLD_SOLID_BREP('',#8570);
#8570 = CLOSED_SHELL('',(#8571));
#8571 = ADVANCED_FACE('',(#8572),#8576,.T.);
#8572 = FACE_BOUND('',#8573,.T.);
#8573 = VERTEX_LOOP('',#8574);
#8574 = VERTEX_POINT('',#8575);
#8575 = CARTESIAN_POINT('',(7.654042494671E-18,-1.874699728327E-33,
    -0.125));
#8576 = SPHERICAL_SURFACE('',#8577,0.125);
#8577 = AXIS2_PLACEMENT_3D('',#8578,#8579,#8580);
#8578 = CARTESIAN_POINT('',(0.,0.,0.));
#8579 = DIRECTION('',(0.,0.,1.));
#8580 = DIRECTION('',(1.,0.,-0.));
#8581 = ( GEOMETRIC_REPRESENTATION_CONTEXT(3) 
GLOBAL_UNCERTAINTY_ASSIGNED_CONTEXT((#8585)) 
GLOBAL_UNIT_ASSIGNED_CONTEXT((#8582,#8583,#8584)) REPRESENTATION_CONTEXT
('Context #1','3D Context with UNIT and UNCERTAINTY') );
#8582 = ( LENGTH_UNIT() NAMED_UNIT(*) SI_UNIT(.MILLI.,.METRE.) );
#8583 = ( NAMED_UNIT(*) PLANE_ANGLE_UNIT() SI_UNIT($,.RADIAN.) );
#8584 = ( NAMED_UNIT(*) SI_UNIT($,.STERADIAN.) SOLID_ANGLE_UNIT() );
#8585 = UNCERTAINTY_MEASURE_WITH_UNIT(LENGTH_MEASURE(1.E-07),#8582,
  'distance_accuracy_value','confusion accuracy');
#8586 = SHAPE_DEFINITION_REPRESENTATION(#8587,#8568);
#8587 = PRODUCT_DEFINITION_SHAPE('','',#8588);
#8588 = PRODUCT_DEFINITION('design','',#8589,#8592);
#8589 = PRODUCT_DEFINITION_FORMATION('','',#8590);
#8590 = PRODUCT('U11','U11','',(#8591));
#8591 = PRODUCT_CONTEXT('',#2,'mechanical');
#8592 = PRODUCT_DEFINITION_CONTEXT('part definition',#2,'design');
#8593 = CONTEXT_DEPENDENT_SHAPE_REPRESENTATION(#8594,#8596);
#8594 = ( REPRESENTATION_RELATIONSHIP('','',#8568,#10) 
REPRESENTATION_RELATIONSHIP_WITH_TRANSFORMATION(#8595) 
SHAPE_REPRESENTATION_RELATIONSHIP() );
#8595 = ITEM_DEFINED_TRANSFORMATION('','',#11,#931);
#8596 = PRODUCT_DEFINITION_SHAPE('Placement','Placement of an item',
  #8597);
#8597 = NEXT_ASSEMBLY_USAGE_OCCURRENCE('230','=>[0:1:1:231]','',#5,#8588
  ,$);
#8598 = PRODUCT_RELATED_PRODUCT_CATEGORY('part',$,(#8590));
#8599 = ADVANCED_BREP_SHAPE_REPRESENTATION('',(#11,#8600),#8612);
#8600 = MANIFOLD_SOLID_BREP('',#8601);
#8601 = CLOSED_SHELL('',(#8602));
#8602 = ADVANCED_FACE('',(#8603),#8607,.T.);
#8603 = FACE_BOUND('',#8604,.T.);
#8604 = VERTEX_LOOP('',#8605);
#8605 = VERTEX_POINT('',#8606);
#8606 = CARTESIAN_POINT('',(7.654042494671E-18,-1.874699728327E-33,
    -0.125));
#8607 = SPHERICAL_SURFACE('',#8608,0.125);
#8608 = AXIS2_PLACEMENT_3D('',#8609,#8610,#8611);
#8609 = CARTESIAN_POINT('',(0.,0.,0.));
#8610 = DIRECTION('',(0.,0.,1.));
#8611 = DIRECTION('',(1.,0.,-0.));
#8612 = ( GEOMETRIC_REPRESENTATION_CONTEXT(3) 
GLOBAL_UNCERTAINTY_ASSIGNED_CONTEXT((#8616)) 
GLOBAL_UNIT_ASSIGNED_CONTEXT((#8613,#8614,#8615)) REPRESENTATION_CONTEXT
('Context #1','3D Context with UNIT and UNCERTAINTY') );
#8613 = ( LENGTH_UNIT() NAMED_UNIT(*) SI_UNIT(.MILLI.,.METRE.) );
#8614 = ( NAMED_UNIT(*) PLANE_ANGLE_UNIT() SI_UNIT($,.RADIAN.) );
#8615 = ( NAMED_UNIT(*) SI_UNIT($,.STERADIAN.) SOLID_ANGLE_UNIT() );
#8616 = UNCERTAINTY_MEASURE_WITH_UNIT(LENGTH_MEASURE(1.E-07),#8613,
  'distance_accuracy_value','confusion accuracy');
#8617 = SHAPE_DEFINITION_REPRESENTATION(#8618,#8599);
#8618 = PRODUCT_DEFINITION_SHAPE('','',#8619);
#8619 = PRODUCT_DEFINITION('design','',#8620,#8623);
#8620 = PRODUCT_DEFINITION_FORMATION('','',#8621);
#8621 = PRODUCT('U13','U13','',(#8622));
#8622 = PRODUCT_CONTEXT('',#2,'mechanical');
#8623 = PRODUCT_DEFINITION_CONTEXT('part definition',#2,'design');
#8624 = CONTEXT_DEPENDENT_SHAPE_REPRESENTATION(#8625,#8627);
#8625 = ( REPRESENTATION_RELATIONSHIP('','',#8599,#10) 
REPRESENTATION_RELATIONSHIP_WITH_TRANSFORMATION(#8626) 
SHAPE_REPRESENTATION_RELATIONSHIP() );
#8626 = ITEM_DEFINED_TRANSFORMATION('','',#11,#935);
#8627 = PRODUCT_DEFINITION_SHAPE('Placement','Placement of an item',
  #8628);
#8628 = NEXT_ASSEMBLY_USAGE_OCCURRENCE('231','=>[0:1:1:232]','',#5,#8619
  ,$);
#8629 = PRODUCT_RELATED_PRODUCT_CATEGORY('part',$,(#8621));
#8630 = ADVANCED_BREP_SHAPE_REPRESENTATION('',(#11,#8631),#8643);
#8631 = MANIFOLD_SOLID_BREP('',#8632);
#8632 = CLOSED_SHELL('',(#8633));
#8633 = ADVANCED_FACE('',(#8634),#8638,.T.);
#8634 = FACE_BOUND('',#8635,.T.);
#8635 = VERTEX_LOOP('',#8636);
#8636 = VERTEX_POINT('',#8637);
#8637 = CARTESIAN_POINT('',(7.654042494671E-18,-1.874699728327E-33,
    -0.125));
#8638 = SPHERICAL_SURFACE('',#8639,0.125);
#8639 = AXIS2_PLACEMENT_3D('',#8640,#8641,#8642);
#8640 = CARTESIAN_POINT('',(0.,0.,0.));
#8641 = DIRECTION('',(0.,0.,1.));
#8642 = DIRECTION('',(1.,0.,-0.));
#8643 = ( GEOMETRIC_REPRESENTATION_CONTEXT(3) 
GLOBAL_UNCERTAINTY_ASSIGNED_CONTEXT((#8647)) 
GLOBAL_UNIT_ASSIGNED_CONTEXT((#8644,#8645,#8646)) REPRESENTATION_CONTEXT
('Context #1','3D Context with UNIT and UNCERTAINTY') );
#8644 = ( LENGTH_UNIT() NAMED_UNIT(*) SI_UNIT(.MILLI.,.METRE.) );
#8645 = ( NAMED_UNIT(*) PLANE_ANGLE_UNIT() SI_UNIT($,.RADIAN.) );
#8646 = ( NAMED_UNIT(*) SI_UNIT($,.STERADIAN.) SOLID_ANGLE_UNIT() );
#8647 = UNCERTAINTY_MEASURE_WITH_UNIT(LENGTH_MEASURE(1.E-07),#8644,
  'distance_accuracy_value','confusion accuracy');
#8648 = SHAPE_DEFINITION_REPRESENTATION(#8649,#8630);
#8649 = PRODUCT_DEFINITION_SHAPE('','',#8650);
#8650 = PRODUCT_DEFINITION('design','',#8651,#8654);
#8651 = PRODUCT_DEFINITION_FORMATION('','',#8652);
#8652 = PRODUCT('U15','U15','',(#8653));
#8653 = PRODUCT_CONTEXT('',#2,'mechanical');
#8654 = PRODUCT_DEFINITION_CONTEXT('part definition',#2,'design');
#8655 = CONTEXT_DEPENDENT_SHAPE_REPRESENTATION(#8656,#8658);
#8656 = ( REPRESENTATION_RELATIONSHIP('','',#8630,#10) 
REPRESENTATION_RELATIONSHIP_WITH_TRANSFORMATION(#8657) 
SHAPE_REPRESENTATION_RELATIONSHIP() );
#8657 = ITEM_DEFINED_TRANSFORMATION('','',#11,#939);
#8658 = PRODUCT_DEFINITION_SHAPE('Placement','Placement of an item',
  #8659);
#8659 = NEXT_ASSEMBLY_USAGE_OCCURRENCE('232','=>[0:1:1:233]','',#5,#8650
  ,$);
#8660 = PRODUCT_RELATED_PRODUCT_CATEGORY('part',$,(#8652));
#8661 = ADVANCED_BREP_SHAPE_REPRESENTATION('',(#11,#8662),#8674);
#8662 = MANIFOLD_SOLID_BREP('',#8663);
#8663 = CLOSED_SHELL('',(#8664));
#8664 = ADVANCED_FACE('',(#8665),#8669,.T.);
#8665 = FACE_BOUND('',#8666,.T.);
#8666 = VERTEX_LOOP('',#8667);
#8667 = VERTEX_POINT('',#8668);
#8668 = CARTESIAN_POINT('',(7.654042494671E-18,-1.874699728327E-33,
    -0.125));
#8669 = SPHERICAL_SURFACE('',#8670,0.125);
#8670 = AXIS2_PLACEMENT_3D('',#8671,#8672,#8673);
#8671 = CARTESIAN_POINT('',(0.,0.,0.));
#8672 = DIRECTION('',(0.,0.,1.));
#8673 = DIRECTION('',(1.,0.,-0.));
#8674 = ( GEOMETRIC_REPRESENTATION_CONTEXT(3) 
GLOBAL_UNCERTAINTY_ASSIGNED_CONTEXT((#8678)) 
GLOBAL_UNIT_ASSIGNED_CONTEXT((#8675,#8676,#8677)) REPRESENTATION_CONTEXT
('Context #1','3D Context with UNIT and UNCERTAINTY') );
#8675 = ( LENGTH_UNIT() NAMED_UNIT(*) SI_UNIT(.MILLI.,.METRE.) );
#8676 = ( NAMED_UNIT(*) PLANE_ANGLE_UNIT() SI_UNIT($,.RADIAN.) );
#8677 = ( NAMED_UNIT(*) SI_UNIT($,.STERADIAN.) SOLID_ANGLE_UNIT() );
#8678 = UNCERTAINTY_MEASURE_WITH_UNIT(LENGTH_MEASURE(1.E-07),#8675,
  'distance_accuracy_value','confusion accuracy');
#8679 = SHAPE_DEFINITION_REPRESENTATION(#8680,#8661);
#8680 = PRODUCT_DEFINITION_SHAPE('','',#8681);
#8681 = PRODUCT_DEFINITION('design','',#8682,#8685);
#8682 = PRODUCT_DEFINITION_FORMATION('','',#8683);
#8683 = PRODUCT('U17','U17','',(#8684));
#8684 = PRODUCT_CONTEXT('',#2,'mechanical');
#8685 = PRODUCT_DEFINITION_CONTEXT('part definition',#2,'design');
#8686 = CONTEXT_DEPENDENT_SHAPE_REPRESENTATION(#8687,#8689);
#8687 = ( REPRESENTATION_RELATIONSHIP('','',#8661,#10) 
REPRESENTATION_RELATIONSHIP_WITH_TRANSFORMATION(#8688) 
SHAPE_REPRESENTATION_RELATIONSHIP() );
#8688 = ITEM_DEFINED_TRANSFORMATION('','',#11,#943);
#8689 = PRODUCT_DEFINITION_SHAPE('Placement','Placement of an item',
  #8690);
#8690 = NEXT_ASSEMBLY_USAGE_OCCURRENCE('233','=>[0:1:1:234]','',#5,#8681
  ,$);
#8691 = PRODUCT_RELATED_PRODUCT_CATEGORY('part',$,(#8683));
#8692 = ADVANCED_BREP_SHAPE_REPRESENTATION('',(#11,#8693),#8705);
#8693 = MANIFOLD_SOLID_BREP('',#8694);
#8694 = CLOSED_SHELL('',(#8695));
#8695 = ADVANCED_FACE('',(#8696),#8700,.T.);
#8696 = FACE_BOUND('',#8697,.T.);
#8697 = VERTEX_LOOP('',#8698);
#8698 = VERTEX_POINT('',#8699);
#8699 = CARTESIAN_POINT('',(7.654042494671E-18,-1.874699728327E-33,
    -0.125));
#8700 = SPHERICAL_SURFACE('',#8701,0.125);
#8701 = AXIS2_PLACEMENT_3D('',#8702,#8703,#8704);
#8702 = CARTESIAN_POINT('',(0.,0.,0.));
#8703 = DIRECTION('',(0.,0.,1.));
#8704 = DIRECTION('',(1.,0.,-0.));
#8705 = ( GEOMETRIC_REPRESENTATION_CONTEXT(3) 
GLOBAL_UNCERTAINTY_ASSIGNED_CONTEXT((#8709)) 
GLOBAL_UNIT_ASSIGNED_CONTEXT((#8706,#8707,#8708)) REPRESENTATION_CONTEXT
('Context #1','3D Context with UNIT and UNCERTAINTY') );
#8706 = ( LENGTH_UNIT() NAMED_UNIT(*) SI_UNIT(.MILLI.,.METRE.) );
#8707 = ( NAMED_UNIT(*) PLANE_ANGLE_UNIT() SI_UNIT($,.RADIAN.) );
#8708 = ( NAMED_UNIT(*) SI_UNIT($,.STERADIAN.) SOLID_ANGLE_UNIT() );
#8709 = UNCERTAINTY_MEASURE_WITH_UNIT(LENGTH_MEASURE(1.E-07),#8706,
  'distance_accuracy_value','confusion accuracy');
#8710 = SHAPE_DEFINITION_REPRESENTATION(#8711,#8692);
#8711 = PRODUCT_DEFINITION_SHAPE('','',#8712);
#8712 = PRODUCT_DEFINITION('design','',#8713,#8716);
#8713 = PRODUCT_DEFINITION_FORMATION('','',#8714);
#8714 = PRODUCT('U20','U20','',(#8715));
#8715 = PRODUCT_CONTEXT('',#2,'mechanical');
#8716 = PRODUCT_DEFINITION_CONTEXT('part definition',#2,'design');
#8717 = CONTEXT_DEPENDENT_SHAPE_REPRESENTATION(#8718,#8720);
#8718 = ( REPRESENTATION_RELATIONSHIP('','',#8692,#10) 
REPRESENTATION_RELATIONSHIP_WITH_TRANSFORMATION(#8719) 
SHAPE_REPRESENTATION_RELATIONSHIP() );
#8719 = ITEM_DEFINED_TRANSFORMATION('','',#11,#947);
#8720 = PRODUCT_DEFINITION_SHAPE('Placement','Placement of an item',
  #8721);
#8721 = NEXT_ASSEMBLY_USAGE_OCCURRENCE('234','=>[0:1:1:235]','',#5,#8712
  ,$);
#8722 = PRODUCT_RELATED_PRODUCT_CATEGORY('part',$,(#8714));
#8723 = ADVANCED_BREP_SHAPE_REPRESENTATION('',(#11,#8724),#8736);
#8724 = MANIFOLD_SOLID_BREP('',#8725);
#8725 = CLOSED_SHELL('',(#8726));
#8726 = ADVANCED_FACE('',(#8727),#8731,.T.);
#8727 = FACE_BOUND('',#8728,.T.);
#8728 = VERTEX_LOOP('',#8729);
#8729 = VERTEX_POINT('',#8730);
#8730 = CARTESIAN_POINT('',(7.654042494671E-18,-1.874699728327E-33,
    -0.125));
#8731 = SPHERICAL_SURFACE('',#8732,0.125);
#8732 = AXIS2_PLACEMENT_3D('',#8733,#8734,#8735);
#8733 = CARTESIAN_POINT('',(0.,0.,0.));
#8734 = DIRECTION('',(0.,0.,1.));
#8735 = DIRECTION('',(1.,0.,-0.));
#8736 = ( GEOMETRIC_REPRESENTATION_CONTEXT(3) 
GLOBAL_UNCERTAINTY_ASSIGNED_CONTEXT((#8740)) 
GLOBAL_UNIT_ASSIGNED_CONTEXT((#8737,#8738,#8739)) REPRESENTATION_CONTEXT
('Context #1','3D Context with UNIT and UNCERTAINTY') );
#8737 = ( LENGTH_UNIT() NAMED_UNIT(*) SI_UNIT(.MILLI.,.METRE.) );
#8738 = ( NAMED_UNIT(*) PLANE_ANGLE_UNIT() SI_UNIT($,.RADIAN.) );
#8739 = ( NAMED_UNIT(*) SI_UNIT($,.STERADIAN.) SOLID_ANGLE_UNIT() );
#8740 = UNCERTAINTY_MEASURE_WITH_UNIT(LENGTH_MEASURE(1.E-07),#8737,
  'distance_accuracy_value','confusion accuracy');
#8741 = SHAPE_DEFINITION_REPRESENTATION(#8742,#8723);
#8742 = PRODUCT_DEFINITION_SHAPE('','',#8743);
#8743 = PRODUCT_DEFINITION('design','',#8744,#8747);
#8744 = PRODUCT_DEFINITION_FORMATION('','',#8745);
#8745 = PRODUCT('U23','U23','',(#8746));
#8746 = PRODUCT_CONTEXT('',#2,'mechanical');
#8747 = PRODUCT_DEFINITION_CONTEXT('part definition',#2,'design');
#8748 = CONTEXT_DEPENDENT_SHAPE_REPRESENTATION(#8749,#8751);
#8749 = ( REPRESENTATION_RELATIONSHIP('','',#8723,#10) 
REPRESENTATION_RELATIONSHIP_WITH_TRANSFORMATION(#8750) 
SHAPE_REPRESENTATION_RELATIONSHIP() );
#8750 = ITEM_DEFINED_TRANSFORMATION('','',#11,#951);
#8751 = PRODUCT_DEFINITION_SHAPE('Placement','Placement of an item',
  #8752);
#8752 = NEXT_ASSEMBLY_USAGE_OCCURRENCE('235','=>[0:1:1:236]','',#5,#8743
  ,$);
#8753 = PRODUCT_RELATED_PRODUCT_CATEGORY('part',$,(#8745));
#8754 = ADVANCED_BREP_SHAPE_REPRESENTATION('',(#11,#8755),#8767);
#8755 = MANIFOLD_SOLID_BREP('',#8756);
#8756 = CLOSED_SHELL('',(#8757));
#8757 = ADVANCED_FACE('',(#8758),#8762,.T.);
#8758 = FACE_BOUND('',#8759,.T.);
#8759 = VERTEX_LOOP('',#8760);
#8760 = VERTEX_POINT('',#8761);
#8761 = CARTESIAN_POINT('',(7.654042494671E-18,-1.874699728327E-33,
    -0.125));
#8762 = SPHERICAL_SURFACE('',#8763,0.125);
#8763 = AXIS2_PLACEMENT_3D('',#8764,#8765,#8766);
#8764 = CARTESIAN_POINT('',(0.,0.,0.));
#8765 = DIRECTION('',(0.,0.,1.));
#8766 = DIRECTION('',(1.,0.,-0.));
#8767 = ( GEOMETRIC_REPRESENTATION_CONTEXT(3) 
GLOBAL_UNCERTAINTY_ASSIGNED_CONTEXT((#8771)) 
GLOBAL_UNIT_ASSIGNED_CONTEXT((#8768,#8769,#8770)) REPRESENTATION_CONTEXT
('Context #1','3D Context with UNIT and UNCERTAINTY') );
#8768 = ( LENGTH_UNIT() NAMED_UNIT(*) SI_UNIT(.MILLI.,.METRE.) );
#8769 = ( NAMED_UNIT(*) PLANE_ANGLE_UNIT() SI_UNIT($,.RADIAN.) );
#8770 = ( NAMED_UNIT(*) SI_UNIT($,.STERADIAN.) SOLID_ANGLE_UNIT() );
#8771 = UNCERTAINTY_MEASURE_WITH_UNIT(LENGTH_MEASURE(1.E-07),#8768,
  'distance_accuracy_value','confusion accuracy');
#8772 = SHAPE_DEFINITION_REPRESENTATION(#8773,#8754);
#8773 = PRODUCT_DEFINITION_SHAPE('','',#8774);
#8774 = PRODUCT_DEFINITION('design','',#8775,#8778);
#8775 = PRODUCT_DEFINITION_FORMATION('','',#8776);
#8776 = PRODUCT('U24','U24','',(#8777));
#8777 = PRODUCT_CONTEXT('',#2,'mechanical');
#8778 = PRODUCT_DEFINITION_CONTEXT('part definition',#2,'design');
#8779 = CONTEXT_DEPENDENT_SHAPE_REPRESENTATION(#8780,#8782);
#8780 = ( REPRESENTATION_RELATIONSHIP('','',#8754,#10) 
REPRESENTATION_RELATIONSHIP_WITH_TRANSFORMATION(#8781) 
SHAPE_REPRESENTATION_RELATIONSHIP() );
#8781 = ITEM_DEFINED_TRANSFORMATION('','',#11,#955);
#8782 = PRODUCT_DEFINITION_SHAPE('Placement','Placement of an item',
  #8783);
#8783 = NEXT_ASSEMBLY_USAGE_OCCURRENCE('236','=>[0:1:1:237]','',#5,#8774
  ,$);
#8784 = PRODUCT_RELATED_PRODUCT_CATEGORY('part',$,(#8776));
#8785 = ADVANCED_BREP_SHAPE_REPRESENTATION('',(#11,#8786),#8798);
#8786 = MANIFOLD_SOLID_BREP('',#8787);
#8787 = CLOSED_SHELL('',(#8788));
#8788 = ADVANCED_FACE('',(#8789),#8793,.T.);
#8789 = FACE_BOUND('',#8790,.T.);
#8790 = VERTEX_LOOP('',#8791);
#8791 = VERTEX_POINT('',#8792);
#8792 = CARTESIAN_POINT('',(7.654042494671E-18,-1.874699728327E-33,
    -0.125));
#8793 = SPHERICAL_SURFACE('',#8794,0.125);
#8794 = AXIS2_PLACEMENT_3D('',#8795,#8796,#8797);
#8795 = CARTESIAN_POINT('',(0.,0.,0.));
#8796 = DIRECTION('',(0.,0.,1.));
#8797 = DIRECTION('',(1.,0.,-0.));
#8798 = ( GEOMETRIC_REPRESENTATION_CONTEXT(3) 
GLOBAL_UNCERTAINTY_ASSIGNED_CONTEXT((#8802)) 
GLOBAL_UNIT_ASSIGNED_CONTEXT((#8799,#8800,#8801)) REPRESENTATION_CONTEXT
('Context #1','3D Context with UNIT and UNCERTAINTY') );
#8799 = ( LENGTH_UNIT() NAMED_UNIT(*) SI_UNIT(.MILLI.,.METRE.) );
#8800 = ( NAMED_UNIT(*) PLANE_ANGLE_UNIT() SI_UNIT($,.RADIAN.) );
#8801 = ( NAMED_UNIT(*) SI_UNIT($,.STERADIAN.) SOLID_ANGLE_UNIT() );
#8802 = UNCERTAINTY_MEASURE_WITH_UNIT(LENGTH_MEASURE(1.E-07),#8799,
  'distance_accuracy_value','confusion accuracy');
#8803 = SHAPE_DEFINITION_REPRESENTATION(#8804,#8785);
#8804 = PRODUCT_DEFINITION_SHAPE('','',#8805);
#8805 = PRODUCT_DEFINITION('design','',#8806,#8809);
#8806 = PRODUCT_DEFINITION_FORMATION('','',#8807);
#8807 = PRODUCT('U25','U25','',(#8808));
#8808 = PRODUCT_CONTEXT('',#2,'mechanical');
#8809 = PRODUCT_DEFINITION_CONTEXT('part definition',#2,'design');
#8810 = CONTEXT_DEPENDENT_SHAPE_REPRESENTATION(#8811,#8813);
#8811 = ( REPRESENTATION_RELATIONSHIP('','',#8785,#10) 
REPRESENTATION_RELATIONSHIP_WITH_TRANSFORMATION(#8812) 
SHAPE_REPRESENTATION_RELATIONSHIP() );
#8812 = ITEM_DEFINED_TRANSFORMATION('','',#11,#959);
#8813 = PRODUCT_DEFINITION_SHAPE('Placement','Placement of an item',
  #8814);
#8814 = NEXT_ASSEMBLY_USAGE_OCCURRENCE('237','=>[0:1:1:238]','',#5,#8805
  ,$);
#8815 = PRODUCT_RELATED_PRODUCT_CATEGORY('part',$,(#8807));
#8816 = ADVANCED_BREP_SHAPE_REPRESENTATION('',(#11,#8817),#8829);
#8817 = MANIFOLD_SOLID_BREP('',#8818);
#8818 = CLOSED_SHELL('',(#8819));
#8819 = ADVANCED_FACE('',(#8820),#8824,.T.);
#8820 = FACE_BOUND('',#8821,.T.);
#8821 = VERTEX_LOOP('',#8822);
#8822 = VERTEX_POINT('',#8823);
#8823 = CARTESIAN_POINT('',(7.654042494671E-18,-1.874699728327E-33,
    -0.125));
#8824 = SPHERICAL_SURFACE('',#8825,0.125);
#8825 = AXIS2_PLACEMENT_3D('',#8826,#8827,#8828);
#8826 = CARTESIAN_POINT('',(0.,0.,0.));
#8827 = DIRECTION('',(0.,0.,1.));
#8828 = DIRECTION('',(1.,0.,-0.));
#8829 = ( GEOMETRIC_REPRESENTATION_CONTEXT(3) 
GLOBAL_UNCERTAINTY_ASSIGNED_CONTEXT((#8833)) 
GLOBAL_UNIT_ASSIGNED_CONTEXT((#8830,#8831,#8832)) REPRESENTATION_CONTEXT
('Context #1','3D Context with UNIT and UNCERTAINTY') );
#8830 = ( LENGTH_UNIT() NAMED_UNIT(*) SI_UNIT(.MILLI.,.METRE.) );
#8831 = ( NAMED_UNIT(*) PLANE_ANGLE_UNIT() SI_UNIT($,.RADIAN.) );
#8832 = ( NAMED_UNIT(*) SI_UNIT($,.STERADIAN.) SOLID_ANGLE_UNIT() );
#8833 = UNCERTAINTY_MEASURE_WITH_UNIT(LENGTH_MEASURE(1.E-07),#8830,
  'distance_accuracy_value','confusion accuracy');
#8834 = SHAPE_DEFINITION_REPRESENTATION(#8835,#8816);
#8835 = PRODUCT_DEFINITION_SHAPE('','',#8836);
#8836 = PRODUCT_DEFINITION('design','',#8837,#8840);
#8837 = PRODUCT_DEFINITION_FORMATION('','',#8838);
#8838 = PRODUCT('V1','V1','',(#8839));
#8839 = PRODUCT_CONTEXT('',#2,'mechanical');
#8840 = PRODUCT_DEFINITION_CONTEXT('part definition',#2,'design');
#8841 = CONTEXT_DEPENDENT_SHAPE_REPRESENTATION(#8842,#8844);
#8842 = ( REPRESENTATION_RELATIONSHIP('','',#8816,#10) 
REPRESENTATION_RELATIONSHIP_WITH_TRANSFORMATION(#8843) 
SHAPE_REPRESENTATION_RELATIONSHIP() );
#8843 = ITEM_DEFINED_TRANSFORMATION('','',#11,#963);
#8844 = PRODUCT_DEFINITION_SHAPE('Placement','Placement of an item',
  #8845);
#8845 = NEXT_ASSEMBLY_USAGE_OCCURRENCE('238','=>[0:1:1:239]','',#5,#8836
  ,$);
#8846 = PRODUCT_RELATED_PRODUCT_CATEGORY('part',$,(#8838));
#8847 = ADVANCED_BREP_SHAPE_REPRESENTATION('',(#11,#8848),#8860);
#8848 = MANIFOLD_SOLID_BREP('',#8849);
#8849 = CLOSED_SHELL('',(#8850));
#8850 = ADVANCED_FACE('',(#8851),#8855,.T.);
#8851 = FACE_BOUND('',#8852,.T.);
#8852 = VERTEX_LOOP('',#8853);
#8853 = VERTEX_POINT('',#8854);
#8854 = CARTESIAN_POINT('',(7.654042494671E-18,-1.874699728327E-33,
    -0.125));
#8855 = SPHERICAL_SURFACE('',#8856,0.125);
#8856 = AXIS2_PLACEMENT_3D('',#8857,#8858,#8859);
#8857 = CARTESIAN_POINT('',(0.,0.,0.));
#8858 = DIRECTION('',(0.,0.,1.));
#8859 = DIRECTION('',(1.,0.,-0.));
#8860 = ( GEOMETRIC_REPRESENTATION_CONTEXT(3) 
GLOBAL_UNCERTAINTY_ASSIGNED_CONTEXT((#8864)) 
GLOBAL_UNIT_ASSIGNED_CONTEXT((#8861,#8862,#8863)) REPRESENTATION_CONTEXT
('Context #1','3D Context with UNIT and UNCERTAINTY') );
#8861 = ( LENGTH_UNIT() NAMED_UNIT(*) SI_UNIT(.MILLI.,.METRE.) );
#8862 = ( NAMED_UNIT(*) PLANE_ANGLE_UNIT() SI_UNIT($,.RADIAN.) );
#8863 = ( NAMED_UNIT(*) SI_UNIT($,.STERADIAN.) SOLID_ANGLE_UNIT() );
#8864 = UNCERTAINTY_MEASURE_WITH_UNIT(LENGTH_MEASURE(1.E-07),#8861,
  'distance_accuracy_value','confusion accuracy');
#8865 = SHAPE_DEFINITION_REPRESENTATION(#8866,#8847);
#8866 = PRODUCT_DEFINITION_SHAPE('','',#8867);
#8867 = PRODUCT_DEFINITION('design','',#8868,#8871);
#8868 = PRODUCT_DEFINITION_FORMATION('','',#8869);
#8869 = PRODUCT('V2','V2','',(#8870));
#8870 = PRODUCT_CONTEXT('',#2,'mechanical');
#8871 = PRODUCT_DEFINITION_CONTEXT('part definition',#2,'design');
#8872 = CONTEXT_DEPENDENT_SHAPE_REPRESENTATION(#8873,#8875);
#8873 = ( REPRESENTATION_RELATIONSHIP('','',#8847,#10) 
REPRESENTATION_RELATIONSHIP_WITH_TRANSFORMATION(#8874) 
SHAPE_REPRESENTATION_RELATIONSHIP() );
#8874 = ITEM_DEFINED_TRANSFORMATION('','',#11,#967);
#8875 = PRODUCT_DEFINITION_SHAPE('Placement','Placement of an item',
  #8876);
#8876 = NEXT_ASSEMBLY_USAGE_OCCURRENCE('239','=>[0:1:1:240]','',#5,#8867
  ,$);
#8877 = PRODUCT_RELATED_PRODUCT_CATEGORY('part',$,(#8869));
#8878 = ADVANCED_BREP_SHAPE_REPRESENTATION('',(#11,#8879),#8891);
#8879 = MANIFOLD_SOLID_BREP('',#8880);
#8880 = CLOSED_SHELL('',(#8881));
#8881 = ADVANCED_FACE('',(#8882),#8886,.T.);
#8882 = FACE_BOUND('',#8883,.T.);
#8883 = VERTEX_LOOP('',#8884);
#8884 = VERTEX_POINT('',#8885);
#8885 = CARTESIAN_POINT('',(7.654042494671E-18,-1.874699728327E-33,
    -0.125));
#8886 = SPHERICAL_SURFACE('',#8887,0.125);
#8887 = AXIS2_PLACEMENT_3D('',#8888,#8889,#8890);
#8888 = CARTESIAN_POINT('',(0.,0.,0.));
#8889 = DIRECTION('',(0.,0.,1.));
#8890 = DIRECTION('',(1.,0.,-0.));
#8891 = ( GEOMETRIC_REPRESENTATION_CONTEXT(3) 
GLOBAL_UNCERTAINTY_ASSIGNED_CONTEXT((#8895)) 
GLOBAL_UNIT_ASSIGNED_CONTEXT((#8892,#8893,#8894)) REPRESENTATION_CONTEXT
('Context #1','3D Context with UNIT and UNCERTAINTY') );
#8892 = ( LENGTH_UNIT() NAMED_UNIT(*) SI_UNIT(.MILLI.,.METRE.) );
#8893 = ( NAMED_UNIT(*) PLANE_ANGLE_UNIT() SI_UNIT($,.RADIAN.) );
#8894 = ( NAMED_UNIT(*) SI_UNIT($,.STERADIAN.) SOLID_ANGLE_UNIT() );
#8895 = UNCERTAINTY_MEASURE_WITH_UNIT(LENGTH_MEASURE(1.E-07),#8892,
  'distance_accuracy_value','confusion accuracy');
#8896 = SHAPE_DEFINITION_REPRESENTATION(#8897,#8878);
#8897 = PRODUCT_DEFINITION_SHAPE('','',#8898);
#8898 = PRODUCT_DEFINITION('design','',#8899,#8902);
#8899 = PRODUCT_DEFINITION_FORMATION('','',#8900);
#8900 = PRODUCT('V3','V3','',(#8901));
#8901 = PRODUCT_CONTEXT('',#2,'mechanical');
#8902 = PRODUCT_DEFINITION_CONTEXT('part definition',#2,'design');
#8903 = CONTEXT_DEPENDENT_SHAPE_REPRESENTATION(#8904,#8906);
#8904 = ( REPRESENTATION_RELATIONSHIP('','',#8878,#10) 
REPRESENTATION_RELATIONSHIP_WITH_TRANSFORMATION(#8905) 
SHAPE_REPRESENTATION_RELATIONSHIP() );
#8905 = ITEM_DEFINED_TRANSFORMATION('','',#11,#971);
#8906 = PRODUCT_DEFINITION_SHAPE('Placement','Placement of an item',
  #8907);
#8907 = NEXT_ASSEMBLY_USAGE_OCCURRENCE('240','=>[0:1:1:241]','',#5,#8898
  ,$);
#8908 = PRODUCT_RELATED_PRODUCT_CATEGORY('part',$,(#8900));
#8909 = ADVANCED_BREP_SHAPE_REPRESENTATION('',(#11,#8910),#8922);
#8910 = MANIFOLD_SOLID_BREP('',#8911);
#8911 = CLOSED_SHELL('',(#8912));
#8912 = ADVANCED_FACE('',(#8913),#8917,.T.);
#8913 = FACE_BOUND('',#8914,.T.);
#8914 = VERTEX_LOOP('',#8915);
#8915 = VERTEX_POINT('',#8916);
#8916 = CARTESIAN_POINT('',(7.654042494671E-18,-1.874699728327E-33,
    -0.125));
#8917 = SPHERICAL_SURFACE('',#8918,0.125);
#8918 = AXIS2_PLACEMENT_3D('',#8919,#8920,#8921);
#8919 = CARTESIAN_POINT('',(0.,0.,0.));
#8920 = DIRECTION('',(0.,0.,1.));
#8921 = DIRECTION('',(1.,0.,-0.));
#8922 = ( GEOMETRIC_REPRESENTATION_CONTEXT(3) 
GLOBAL_UNCERTAINTY_ASSIGNED_CONTEXT((#8926)) 
GLOBAL_UNIT_ASSIGNED_CONTEXT((#8923,#8924,#8925)) REPRESENTATION_CONTEXT
('Context #1','3D Context with UNIT and UNCERTAINTY') );
#8923 = ( LENGTH_UNIT() NAMED_UNIT(*) SI_UNIT(.MILLI.,.METRE.) );
#8924 = ( NAMED_UNIT(*) PLANE_ANGLE_UNIT() SI_UNIT($,.RADIAN.) );
#8925 = ( NAMED_UNIT(*) SI_UNIT($,.STERADIAN.) SOLID_ANGLE_UNIT() );
#8926 = UNCERTAINTY_MEASURE_WITH_UNIT(LENGTH_MEASURE(1.E-07),#8923,
  'distance_accuracy_value','confusion accuracy');
#8927 = SHAPE_DEFINITION_REPRESENTATION(#8928,#8909);
#8928 = PRODUCT_DEFINITION_SHAPE('','',#8929);
#8929 = PRODUCT_DEFINITION('design','',#8930,#8933);
#8930 = PRODUCT_DEFINITION_FORMATION('','',#8931);
#8931 = PRODUCT('V6','V6','',(#8932));
#8932 = PRODUCT_CONTEXT('',#2,'mechanical');
#8933 = PRODUCT_DEFINITION_CONTEXT('part definition',#2,'design');
#8934 = CONTEXT_DEPENDENT_SHAPE_REPRESENTATION(#8935,#8937);
#8935 = ( REPRESENTATION_RELATIONSHIP('','',#8909,#10) 
REPRESENTATION_RELATIONSHIP_WITH_TRANSFORMATION(#8936) 
SHAPE_REPRESENTATION_RELATIONSHIP() );
#8936 = ITEM_DEFINED_TRANSFORMATION('','',#11,#975);
#8937 = PRODUCT_DEFINITION_SHAPE('Placement','Placement of an item',
  #8938);
#8938 = NEXT_ASSEMBLY_USAGE_OCCURRENCE('241','=>[0:1:1:242]','',#5,#8929
  ,$);
#8939 = PRODUCT_RELATED_PRODUCT_CATEGORY('part',$,(#8931));
#8940 = ADVANCED_BREP_SHAPE_REPRESENTATION('',(#11,#8941),#8953);
#8941 = MANIFOLD_SOLID_BREP('',#8942);
#8942 = CLOSED_SHELL('',(#8943));
#8943 = ADVANCED_FACE('',(#8944),#8948,.T.);
#8944 = FACE_BOUND('',#8945,.T.);
#8945 = VERTEX_LOOP('',#8946);
#8946 = VERTEX_POINT('',#8947);
#8947 = CARTESIAN_POINT('',(7.654042494671E-18,-1.874699728327E-33,
    -0.125));
#8948 = SPHERICAL_SURFACE('',#8949,0.125);
#8949 = AXIS2_PLACEMENT_3D('',#8950,#8951,#8952);
#8950 = CARTESIAN_POINT('',(0.,0.,0.));
#8951 = DIRECTION('',(0.,0.,1.));
#8952 = DIRECTION('',(1.,0.,-0.));
#8953 = ( GEOMETRIC_REPRESENTATION_CONTEXT(3) 
GLOBAL_UNCERTAINTY_ASSIGNED_CONTEXT((#8957)) 
GLOBAL_UNIT_ASSIGNED_CONTEXT((#8954,#8955,#8956)) REPRESENTATION_CONTEXT
('Context #1','3D Context with UNIT and UNCERTAINTY') );
#8954 = ( LENGTH_UNIT() NAMED_UNIT(*) SI_UNIT(.MILLI.,.METRE.) );
#8955 = ( NAMED_UNIT(*) PLANE_ANGLE_UNIT() SI_UNIT($,.RADIAN.) );
#8956 = ( NAMED_UNIT(*) SI_UNIT($,.STERADIAN.) SOLID_ANGLE_UNIT() );
#8957 = UNCERTAINTY_MEASURE_WITH_UNIT(LENGTH_MEASURE(1.E-07),#8954,
  'distance_accuracy_value','confusion accuracy');
#8958 = SHAPE_DEFINITION_REPRESENTATION(#8959,#8940);
#8959 = PRODUCT_DEFINITION_SHAPE('','',#8960);
#8960 = PRODUCT_DEFINITION('design','',#8961,#8964);
#8961 = PRODUCT_DEFINITION_FORMATION('','',#8962);
#8962 = PRODUCT('V20','V20','',(#8963));
#8963 = PRODUCT_CONTEXT('',#2,'mechanical');
#8964 = PRODUCT_DEFINITION_CONTEXT('part definition',#2,'design');
#8965 = CONTEXT_DEPENDENT_SHAPE_REPRESENTATION(#8966,#8968);
#8966 = ( REPRESENTATION_RELATIONSHIP('','',#8940,#10) 
REPRESENTATION_RELATIONSHIP_WITH_TRANSFORMATION(#8967) 
SHAPE_REPRESENTATION_RELATIONSHIP() );
#8967 = ITEM_DEFINED_TRANSFORMATION('','',#11,#979);
#8968 = PRODUCT_DEFINITION_SHAPE('Placement','Placement of an item',
  #8969);
#8969 = NEXT_ASSEMBLY_USAGE_OCCURRENCE('242','=>[0:1:1:243]','',#5,#8960
  ,$);
#8970 = PRODUCT_RELATED_PRODUCT_CATEGORY('part',$,(#8962));
#8971 = ADVANCED_BREP_SHAPE_REPRESENTATION('',(#11,#8972),#8984);
#8972 = MANIFOLD_SOLID_BREP('',#8973);
#8973 = CLOSED_SHELL('',(#8974));
#8974 = ADVANCED_FACE('',(#8975),#8979,.T.);
#8975 = FACE_BOUND('',#8976,.T.);
#8976 = VERTEX_LOOP('',#8977);
#8977 = VERTEX_POINT('',#8978);
#8978 = CARTESIAN_POINT('',(7.654042494671E-18,-1.874699728327E-33,
    -0.125));
#8979 = SPHERICAL_SURFACE('',#8980,0.125);
#8980 = AXIS2_PLACEMENT_3D('',#8981,#8982,#8983);
#8981 = CARTESIAN_POINT('',(0.,0.,0.));
#8982 = DIRECTION('',(0.,0.,1.));
#8983 = DIRECTION('',(1.,0.,-0.));
#8984 = ( GEOMETRIC_REPRESENTATION_CONTEXT(3) 
GLOBAL_UNCERTAINTY_ASSIGNED_CONTEXT((#8988)) 
GLOBAL_UNIT_ASSIGNED_CONTEXT((#8985,#8986,#8987)) REPRESENTATION_CONTEXT
('Context #1','3D Context with UNIT and UNCERTAINTY') );
#8985 = ( LENGTH_UNIT() NAMED_UNIT(*) SI_UNIT(.MILLI.,.METRE.) );
#8986 = ( NAMED_UNIT(*) PLANE_ANGLE_UNIT() SI_UNIT($,.RADIAN.) );
#8987 = ( NAMED_UNIT(*) SI_UNIT($,.STERADIAN.) SOLID_ANGLE_UNIT() );
#8988 = UNCERTAINTY_MEASURE_WITH_UNIT(LENGTH_MEASURE(1.E-07),#8985,
  'distance_accuracy_value','confusion accuracy');
#8989 = SHAPE_DEFINITION_REPRESENTATION(#8990,#8971);
#8990 = PRODUCT_DEFINITION_SHAPE('','',#8991);
#8991 = PRODUCT_DEFINITION('design','',#8992,#8995);
#8992 = PRODUCT_DEFINITION_FORMATION('','',#8993);
#8993 = PRODUCT('V23','V23','',(#8994));
#8994 = PRODUCT_CONTEXT('',#2,'mechanical');
#8995 = PRODUCT_DEFINITION_CONTEXT('part definition',#2,'design');
#8996 = CONTEXT_DEPENDENT_SHAPE_REPRESENTATION(#8997,#8999);
#8997 = ( REPRESENTATION_RELATIONSHIP('','',#8971,#10) 
REPRESENTATION_RELATIONSHIP_WITH_TRANSFORMATION(#8998) 
SHAPE_REPRESENTATION_RELATIONSHIP() );
#8998 = ITEM_DEFINED_TRANSFORMATION('','',#11,#983);
#8999 = PRODUCT_DEFINITION_SHAPE('Placement','Placement of an item',
  #9000);
#9000 = NEXT_ASSEMBLY_USAGE_OCCURRENCE('243','=>[0:1:1:244]','',#5,#8991
  ,$);
#9001 = PRODUCT_RELATED_PRODUCT_CATEGORY('part',$,(#8993));
#9002 = ADVANCED_BREP_SHAPE_REPRESENTATION('',(#11,#9003),#9015);
#9003 = MANIFOLD_SOLID_BREP('',#9004);
#9004 = CLOSED_SHELL('',(#9005));
#9005 = ADVANCED_FACE('',(#9006),#9010,.T.);
#9006 = FACE_BOUND('',#9007,.T.);
#9007 = VERTEX_LOOP('',#9008);
#9008 = VERTEX_POINT('',#9009);
#9009 = CARTESIAN_POINT('',(7.654042494671E-18,-1.874699728327E-33,
    -0.125));
#9010 = SPHERICAL_SURFACE('',#9011,0.125);
#9011 = AXIS2_PLACEMENT_3D('',#9012,#9013,#9014);
#9012 = CARTESIAN_POINT('',(0.,0.,0.));
#9013 = DIRECTION('',(0.,0.,1.));
#9014 = DIRECTION('',(1.,0.,-0.));
#9015 = ( GEOMETRIC_REPRESENTATION_CONTEXT(3) 
GLOBAL_UNCERTAINTY_ASSIGNED_CONTEXT((#9019)) 
GLOBAL_UNIT_ASSIGNED_CONTEXT((#9016,#9017,#9018)) REPRESENTATION_CONTEXT
('Context #1','3D Context with UNIT and UNCERTAINTY') );
#9016 = ( LENGTH_UNIT() NAMED_UNIT(*) SI_UNIT(.MILLI.,.METRE.) );
#9017 = ( NAMED_UNIT(*) PLANE_ANGLE_UNIT() SI_UNIT($,.RADIAN.) );
#9018 = ( NAMED_UNIT(*) SI_UNIT($,.STERADIAN.) SOLID_ANGLE_UNIT() );
#9019 = UNCERTAINTY_MEASURE_WITH_UNIT(LENGTH_MEASURE(1.E-07),#9016,
  'distance_accuracy_value','confusion accuracy');
#9020 = SHAPE_DEFINITION_REPRESENTATION(#9021,#9002);
#9021 = PRODUCT_DEFINITION_SHAPE('','',#9022);
#9022 = PRODUCT_DEFINITION('design','',#9023,#9026);
#9023 = PRODUCT_DEFINITION_FORMATION('','',#9024);
#9024 = PRODUCT('V24','V24','',(#9025));
#9025 = PRODUCT_CONTEXT('',#2,'mechanical');
#9026 = PRODUCT_DEFINITION_CONTEXT('part definition',#2,'design');
#9027 = CONTEXT_DEPENDENT_SHAPE_REPRESENTATION(#9028,#9030);
#9028 = ( REPRESENTATION_RELATIONSHIP('','',#9002,#10) 
REPRESENTATION_RELATIONSHIP_WITH_TRANSFORMATION(#9029) 
SHAPE_REPRESENTATION_RELATIONSHIP() );
#9029 = ITEM_DEFINED_TRANSFORMATION('','',#11,#987);
#9030 = PRODUCT_DEFINITION_SHAPE('Placement','Placement of an item',
  #9031);
#9031 = NEXT_ASSEMBLY_USAGE_OCCURRENCE('244','=>[0:1:1:245]','',#5,#9022
  ,$);
#9032 = PRODUCT_RELATED_PRODUCT_CATEGORY('part',$,(#9024));
#9033 = ADVANCED_BREP_SHAPE_REPRESENTATION('',(#11,#9034),#9046);
#9034 = MANIFOLD_SOLID_BREP('',#9035);
#9035 = CLOSED_SHELL('',(#9036));
#9036 = ADVANCED_FACE('',(#9037),#9041,.T.);
#9037 = FACE_BOUND('',#9038,.T.);
#9038 = VERTEX_LOOP('',#9039);
#9039 = VERTEX_POINT('',#9040);
#9040 = CARTESIAN_POINT('',(7.654042494671E-18,-1.874699728327E-33,
    -0.125));
#9041 = SPHERICAL_SURFACE('',#9042,0.125);
#9042 = AXIS2_PLACEMENT_3D('',#9043,#9044,#9045);
#9043 = CARTESIAN_POINT('',(0.,0.,0.));
#9044 = DIRECTION('',(0.,0.,1.));
#9045 = DIRECTION('',(1.,0.,-0.));
#9046 = ( GEOMETRIC_REPRESENTATION_CONTEXT(3) 
GLOBAL_UNCERTAINTY_ASSIGNED_CONTEXT((#9050)) 
GLOBAL_UNIT_ASSIGNED_CONTEXT((#9047,#9048,#9049)) REPRESENTATION_CONTEXT
('Context #1','3D Context with UNIT and UNCERTAINTY') );
#9047 = ( LENGTH_UNIT() NAMED_UNIT(*) SI_UNIT(.MILLI.,.METRE.) );
#9048 = ( NAMED_UNIT(*) PLANE_ANGLE_UNIT() SI_UNIT($,.RADIAN.) );
#9049 = ( NAMED_UNIT(*) SI_UNIT($,.STERADIAN.) SOLID_ANGLE_UNIT() );
#9050 = UNCERTAINTY_MEASURE_WITH_UNIT(LENGTH_MEASURE(1.E-07),#9047,
  'distance_accuracy_value','confusion accuracy');
#9051 = SHAPE_DEFINITION_REPRESENTATION(#9052,#9033);
#9052 = PRODUCT_DEFINITION_SHAPE('','',#9053);
#9053 = PRODUCT_DEFINITION('design','',#9054,#9057);
#9054 = PRODUCT_DEFINITION_FORMATION('','',#9055);
#9055 = PRODUCT('V25','V25','',(#9056));
#9056 = PRODUCT_CONTEXT('',#2,'mechanical');
#9057 = PRODUCT_DEFINITION_CONTEXT('part definition',#2,'design');
#9058 = CONTEXT_DEPENDENT_SHAPE_REPRESENTATION(#9059,#9061);
#9059 = ( REPRESENTATION_RELATIONSHIP('','',#9033,#10) 
REPRESENTATION_RELATIONSHIP_WITH_TRANSFORMATION(#9060) 
SHAPE_REPRESENTATION_RELATIONSHIP() );
#9060 = ITEM_DEFINED_TRANSFORMATION('','',#11,#991);
#9061 = PRODUCT_DEFINITION_SHAPE('Placement','Placement of an item',
  #9062);
#9062 = NEXT_ASSEMBLY_USAGE_OCCURRENCE('245','=>[0:1:1:246]','',#5,#9053
  ,$);
#9063 = PRODUCT_RELATED_PRODUCT_CATEGORY('part',$,(#9055));
#9064 = ADVANCED_BREP_SHAPE_REPRESENTATION('',(#11,#9065),#9077);
#9065 = MANIFOLD_SOLID_BREP('',#9066);
#9066 = CLOSED_SHELL('',(#9067));
#9067 = ADVANCED_FACE('',(#9068),#9072,.T.);
#9068 = FACE_BOUND('',#9069,.T.);
#9069 = VERTEX_LOOP('',#9070);
#9070 = VERTEX_POINT('',#9071);
#9071 = CARTESIAN_POINT('',(7.654042494671E-18,-1.874699728327E-33,
    -0.125));
#9072 = SPHERICAL_SURFACE('',#9073,0.125);
#9073 = AXIS2_PLACEMENT_3D('',#9074,#9075,#9076);
#9074 = CARTESIAN_POINT('',(0.,0.,0.));
#9075 = DIRECTION('',(0.,0.,1.));
#9076 = DIRECTION('',(1.,0.,-0.));
#9077 = ( GEOMETRIC_REPRESENTATION_CONTEXT(3) 
GLOBAL_UNCERTAINTY_ASSIGNED_CONTEXT((#9081)) 
GLOBAL_UNIT_ASSIGNED_CONTEXT((#9078,#9079,#9080)) REPRESENTATION_CONTEXT
('Context #1','3D Context with UNIT and UNCERTAINTY') );
#9078 = ( LENGTH_UNIT() NAMED_UNIT(*) SI_UNIT(.MILLI.,.METRE.) );
#9079 = ( NAMED_UNIT(*) PLANE_ANGLE_UNIT() SI_UNIT($,.RADIAN.) );
#9080 = ( NAMED_UNIT(*) SI_UNIT($,.STERADIAN.) SOLID_ANGLE_UNIT() );
#9081 = UNCERTAINTY_MEASURE_WITH_UNIT(LENGTH_MEASURE(1.E-07),#9078,
  'distance_accuracy_value','confusion accuracy');
#9082 = SHAPE_DEFINITION_REPRESENTATION(#9083,#9064);
#9083 = PRODUCT_DEFINITION_SHAPE('','',#9084);
#9084 = PRODUCT_DEFINITION('design','',#9085,#9088);
#9085 = PRODUCT_DEFINITION_FORMATION('','',#9086);
#9086 = PRODUCT('W1','W1','',(#9087));
#9087 = PRODUCT_CONTEXT('',#2,'mechanical');
#9088 = PRODUCT_DEFINITION_CONTEXT('part definition',#2,'design');
#9089 = CONTEXT_DEPENDENT_SHAPE_REPRESENTATION(#9090,#9092);
#9090 = ( REPRESENTATION_RELATIONSHIP('','',#9064,#10) 
REPRESENTATION_RELATIONSHIP_WITH_TRANSFORMATION(#9091) 
SHAPE_REPRESENTATION_RELATIONSHIP() );
#9091 = ITEM_DEFINED_TRANSFORMATION('','',#11,#995);
#9092 = PRODUCT_DEFINITION_SHAPE('Placement','Placement of an item',
  #9093);
#9093 = NEXT_ASSEMBLY_USAGE_OCCURRENCE('246','=>[0:1:1:247]','',#5,#9084
  ,$);
#9094 = PRODUCT_RELATED_PRODUCT_CATEGORY('part',$,(#9086));
#9095 = ADVANCED_BREP_SHAPE_REPRESENTATION('',(#11,#9096),#9108);
#9096 = MANIFOLD_SOLID_BREP('',#9097);
#9097 = CLOSED_SHELL('',(#9098));
#9098 = ADVANCED_FACE('',(#9099),#9103,.T.);
#9099 = FACE_BOUND('',#9100,.T.);
#9100 = VERTEX_LOOP('',#9101);
#9101 = VERTEX_POINT('',#9102);
#9102 = CARTESIAN_POINT('',(7.654042494671E-18,-1.874699728327E-33,
    -0.125));
#9103 = SPHERICAL_SURFACE('',#9104,0.125);
#9104 = AXIS2_PLACEMENT_3D('',#9105,#9106,#9107);
#9105 = CARTESIAN_POINT('',(0.,0.,0.));
#9106 = DIRECTION('',(0.,0.,1.));
#9107 = DIRECTION('',(1.,0.,-0.));
#9108 = ( GEOMETRIC_REPRESENTATION_CONTEXT(3) 
GLOBAL_UNCERTAINTY_ASSIGNED_CONTEXT((#9112)) 
GLOBAL_UNIT_ASSIGNED_CONTEXT((#9109,#9110,#9111)) REPRESENTATION_CONTEXT
('Context #1','3D Context with UNIT and UNCERTAINTY') );
#9109 = ( LENGTH_UNIT() NAMED_UNIT(*) SI_UNIT(.MILLI.,.METRE.) );
#9110 = ( NAMED_UNIT(*) PLANE_ANGLE_UNIT() SI_UNIT($,.RADIAN.) );
#9111 = ( NAMED_UNIT(*) SI_UNIT($,.STERADIAN.) SOLID_ANGLE_UNIT() );
#9112 = UNCERTAINTY_MEASURE_WITH_UNIT(LENGTH_MEASURE(1.E-07),#9109,
  'distance_accuracy_value','confusion accuracy');
#9113 = SHAPE_DEFINITION_REPRESENTATION(#9114,#9095);
#9114 = PRODUCT_DEFINITION_SHAPE('','',#9115);
#9115 = PRODUCT_DEFINITION('design','',#9116,#9119);
#9116 = PRODUCT_DEFINITION_FORMATION('','',#9117);
#9117 = PRODUCT('W2','W2','',(#9118));
#9118 = PRODUCT_CONTEXT('',#2,'mechanical');
#9119 = PRODUCT_DEFINITION_CONTEXT('part definition',#2,'design');
#9120 = CONTEXT_DEPENDENT_SHAPE_REPRESENTATION(#9121,#9123);
#9121 = ( REPRESENTATION_RELATIONSHIP('','',#9095,#10) 
REPRESENTATION_RELATIONSHIP_WITH_TRANSFORMATION(#9122) 
SHAPE_REPRESENTATION_RELATIONSHIP() );
#9122 = ITEM_DEFINED_TRANSFORMATION('','',#11,#999);
#9123 = PRODUCT_DEFINITION_SHAPE('Placement','Placement of an item',
  #9124);
#9124 = NEXT_ASSEMBLY_USAGE_OCCURRENCE('247','=>[0:1:1:248]','',#5,#9115
  ,$);
#9125 = PRODUCT_RELATED_PRODUCT_CATEGORY('part',$,(#9117));
#9126 = ADVANCED_BREP_SHAPE_REPRESENTATION('',(#11,#9127),#9139);
#9127 = MANIFOLD_SOLID_BREP('',#9128);
#9128 = CLOSED_SHELL('',(#9129));
#9129 = ADVANCED_FACE('',(#9130),#9134,.T.);
#9130 = FACE_BOUND('',#9131,.T.);
#9131 = VERTEX_LOOP('',#9132);
#9132 = VERTEX_POINT('',#9133);
#9133 = CARTESIAN_POINT('',(7.654042494671E-18,-1.874699728327E-33,
    -0.125));
#9134 = SPHERICAL_SURFACE('',#9135,0.125);
#9135 = AXIS2_PLACEMENT_3D('',#9136,#9137,#9138);
#9136 = CARTESIAN_POINT('',(0.,0.,0.));
#9137 = DIRECTION('',(0.,0.,1.));
#9138 = DIRECTION('',(1.,0.,-0.));
#9139 = ( GEOMETRIC_REPRESENTATION_CONTEXT(3) 
GLOBAL_UNCERTAINTY_ASSIGNED_CONTEXT((#9143)) 
GLOBAL_UNIT_ASSIGNED_CONTEXT((#9140,#9141,#9142)) REPRESENTATION_CONTEXT
('Context #1','3D Context with UNIT and UNCERTAINTY') );
#9140 = ( LENGTH_UNIT() NAMED_UNIT(*) SI_UNIT(.MILLI.,.METRE.) );
#9141 = ( NAMED_UNIT(*) PLANE_ANGLE_UNIT() SI_UNIT($,.RADIAN.) );
#9142 = ( NAMED_UNIT(*) SI_UNIT($,.STERADIAN.) SOLID_ANGLE_UNIT() );
#9143 = UNCERTAINTY_MEASURE_WITH_UNIT(LENGTH_MEASURE(1.E-07),#9140,
  'distance_accuracy_value','confusion accuracy');
#9144 = SHAPE_DEFINITION_REPRESENTATION(#9145,#9126);
#9145 = PRODUCT_DEFINITION_SHAPE('','',#9146);
#9146 = PRODUCT_DEFINITION('design','',#9147,#9150);
#9147 = PRODUCT_DEFINITION_FORMATION('','',#9148);
#9148 = PRODUCT('W3','W3','',(#9149));
#9149 = PRODUCT_CONTEXT('',#2,'mechanical');
#9150 = PRODUCT_DEFINITION_CONTEXT('part definition',#2,'design');
#9151 = CONTEXT_DEPENDENT_SHAPE_REPRESENTATION(#9152,#9154);
#9152 = ( REPRESENTATION_RELATIONSHIP('','',#9126,#10) 
REPRESENTATION_RELATIONSHIP_WITH_TRANSFORMATION(#9153) 
SHAPE_REPRESENTATION_RELATIONSHIP() );
#9153 = ITEM_DEFINED_TRANSFORMATION('','',#11,#1003);
#9154 = PRODUCT_DEFINITION_SHAPE('Placement','Placement of an item',
  #9155);
#9155 = NEXT_ASSEMBLY_USAGE_OCCURRENCE('248','=>[0:1:1:249]','',#5,#9146
  ,$);
#9156 = PRODUCT_RELATED_PRODUCT_CATEGORY('part',$,(#9148));
#9157 = ADVANCED_BREP_SHAPE_REPRESENTATION('',(#11,#9158),#9170);
#9158 = MANIFOLD_SOLID_BREP('',#9159);
#9159 = CLOSED_SHELL('',(#9160));
#9160 = ADVANCED_FACE('',(#9161),#9165,.T.);
#9161 = FACE_BOUND('',#9162,.T.);
#9162 = VERTEX_LOOP('',#9163);
#9163 = VERTEX_POINT('',#9164);
#9164 = CARTESIAN_POINT('',(7.654042494671E-18,-1.874699728327E-33,
    -0.125));
#9165 = SPHERICAL_SURFACE('',#9166,0.125);
#9166 = AXIS2_PLACEMENT_3D('',#9167,#9168,#9169);
#9167 = CARTESIAN_POINT('',(0.,0.,0.));
#9168 = DIRECTION('',(0.,0.,1.));
#9169 = DIRECTION('',(1.,0.,-0.));
#9170 = ( GEOMETRIC_REPRESENTATION_CONTEXT(3) 
GLOBAL_UNCERTAINTY_ASSIGNED_CONTEXT((#9174)) 
GLOBAL_UNIT_ASSIGNED_CONTEXT((#9171,#9172,#9173)) REPRESENTATION_CONTEXT
('Context #1','3D Context with UNIT and UNCERTAINTY') );
#9171 = ( LENGTH_UNIT() NAMED_UNIT(*) SI_UNIT(.MILLI.,.METRE.) );
#9172 = ( NAMED_UNIT(*) PLANE_ANGLE_UNIT() SI_UNIT($,.RADIAN.) );
#9173 = ( NAMED_UNIT(*) SI_UNIT($,.STERADIAN.) SOLID_ANGLE_UNIT() );
#9174 = UNCERTAINTY_MEASURE_WITH_UNIT(LENGTH_MEASURE(1.E-07),#9171,
  'distance_accuracy_value','confusion accuracy');
#9175 = SHAPE_DEFINITION_REPRESENTATION(#9176,#9157);
#9176 = PRODUCT_DEFINITION_SHAPE('','',#9177);
#9177 = PRODUCT_DEFINITION('design','',#9178,#9181);
#9178 = PRODUCT_DEFINITION_FORMATION('','',#9179);
#9179 = PRODUCT('W6','W6','',(#9180));
#9180 = PRODUCT_CONTEXT('',#2,'mechanical');
#9181 = PRODUCT_DEFINITION_CONTEXT('part definition',#2,'design');
#9182 = CONTEXT_DEPENDENT_SHAPE_REPRESENTATION(#9183,#9185);
#9183 = ( REPRESENTATION_RELATIONSHIP('','',#9157,#10) 
REPRESENTATION_RELATIONSHIP_WITH_TRANSFORMATION(#9184) 
SHAPE_REPRESENTATION_RELATIONSHIP() );
#9184 = ITEM_DEFINED_TRANSFORMATION('','',#11,#1007);
#9185 = PRODUCT_DEFINITION_SHAPE('Placement','Placement of an item',
  #9186);
#9186 = NEXT_ASSEMBLY_USAGE_OCCURRENCE('249','=>[0:1:1:250]','',#5,#9177
  ,$);
#9187 = PRODUCT_RELATED_PRODUCT_CATEGORY('part',$,(#9179));
#9188 = ADVANCED_BREP_SHAPE_REPRESENTATION('',(#11,#9189),#9201);
#9189 = MANIFOLD_SOLID_BREP('',#9190);
#9190 = CLOSED_SHELL('',(#9191));
#9191 = ADVANCED_FACE('',(#9192),#9196,.T.);
#9192 = FACE_BOUND('',#9193,.T.);
#9193 = VERTEX_LOOP('',#9194);
#9194 = VERTEX_POINT('',#9195);
#9195 = CARTESIAN_POINT('',(7.654042494671E-18,-1.874699728327E-33,
    -0.125));
#9196 = SPHERICAL_SURFACE('',#9197,0.125);
#9197 = AXIS2_PLACEMENT_3D('',#9198,#9199,#9200);
#9198 = CARTESIAN_POINT('',(0.,0.,0.));
#9199 = DIRECTION('',(0.,0.,1.));
#9200 = DIRECTION('',(1.,0.,-0.));
#9201 = ( GEOMETRIC_REPRESENTATION_CONTEXT(3) 
GLOBAL_UNCERTAINTY_ASSIGNED_CONTEXT((#9205)) 
GLOBAL_UNIT_ASSIGNED_CONTEXT((#9202,#9203,#9204)) REPRESENTATION_CONTEXT
('Context #1','3D Context with UNIT and UNCERTAINTY') );
#9202 = ( LENGTH_UNIT() NAMED_UNIT(*) SI_UNIT(.MILLI.,.METRE.) );
#9203 = ( NAMED_UNIT(*) PLANE_ANGLE_UNIT() SI_UNIT($,.RADIAN.) );
#9204 = ( NAMED_UNIT(*) SI_UNIT($,.STERADIAN.) SOLID_ANGLE_UNIT() );
#9205 = UNCERTAINTY_MEASURE_WITH_UNIT(LENGTH_MEASURE(1.E-07),#9202,
  'distance_accuracy_value','confusion accuracy');
#9206 = SHAPE_DEFINITION_REPRESENTATION(#9207,#9188);
#9207 = PRODUCT_DEFINITION_SHAPE('','',#9208);
#9208 = PRODUCT_DEFINITION('design','',#9209,#9212);
#9209 = PRODUCT_DEFINITION_FORMATION('','',#9210);
#9210 = PRODUCT('W20','W20','',(#9211));
#9211 = PRODUCT_CONTEXT('',#2,'mechanical');
#9212 = PRODUCT_DEFINITION_CONTEXT('part definition',#2,'design');
#9213 = CONTEXT_DEPENDENT_SHAPE_REPRESENTATION(#9214,#9216);
#9214 = ( REPRESENTATION_RELATIONSHIP('','',#9188,#10) 
REPRESENTATION_RELATIONSHIP_WITH_TRANSFORMATION(#9215) 
SHAPE_REPRESENTATION_RELATIONSHIP() );
#9215 = ITEM_DEFINED_TRANSFORMATION('','',#11,#1011);
#9216 = PRODUCT_DEFINITION_SHAPE('Placement','Placement of an item',
  #9217);
#9217 = NEXT_ASSEMBLY_USAGE_OCCURRENCE('250','=>[0:1:1:251]','',#5,#9208
  ,$);
#9218 = PRODUCT_RELATED_PRODUCT_CATEGORY('part',$,(#9210));
#9219 = ADVANCED_BREP_SHAPE_REPRESENTATION('',(#11,#9220),#9232);
#9220 = MANIFOLD_SOLID_BREP('',#9221);
#9221 = CLOSED_SHELL('',(#9222));
#9222 = ADVANCED_FACE('',(#9223),#9227,.T.);
#9223 = FACE_BOUND('',#9224,.T.);
#9224 = VERTEX_LOOP('',#9225);
#9225 = VERTEX_POINT('',#9226);
#9226 = CARTESIAN_POINT('',(7.654042494671E-18,-1.874699728327E-33,
    -0.125));
#9227 = SPHERICAL_SURFACE('',#9228,0.125);
#9228 = AXIS2_PLACEMENT_3D('',#9229,#9230,#9231);
#9229 = CARTESIAN_POINT('',(0.,0.,0.));
#9230 = DIRECTION('',(0.,0.,1.));
#9231 = DIRECTION('',(1.,0.,-0.));
#9232 = ( GEOMETRIC_REPRESENTATION_CONTEXT(3) 
GLOBAL_UNCERTAINTY_ASSIGNED_CONTEXT((#9236)) 
GLOBAL_UNIT_ASSIGNED_CONTEXT((#9233,#9234,#9235)) REPRESENTATION_CONTEXT
('Context #1','3D Context with UNIT and UNCERTAINTY') );
#9233 = ( LENGTH_UNIT() NAMED_UNIT(*) SI_UNIT(.MILLI.,.METRE.) );
#9234 = ( NAMED_UNIT(*) PLANE_ANGLE_UNIT() SI_UNIT($,.RADIAN.) );
#9235 = ( NAMED_UNIT(*) SI_UNIT($,.STERADIAN.) SOLID_ANGLE_UNIT() );
#9236 = UNCERTAINTY_MEASURE_WITH_UNIT(LENGTH_MEASURE(1.E-07),#9233,
  'distance_accuracy_value','confusion accuracy');
#9237 = SHAPE_DEFINITION_REPRESENTATION(#9238,#9219);
#9238 = PRODUCT_DEFINITION_SHAPE('','',#9239);
#9239 = PRODUCT_DEFINITION('design','',#9240,#9243);
#9240 = PRODUCT_DEFINITION_FORMATION('','',#9241);
#9241 = PRODUCT('W23','W23','',(#9242));
#9242 = PRODUCT_CONTEXT('',#2,'mechanical');
#9243 = PRODUCT_DEFINITION_CONTEXT('part definition',#2,'design');
#9244 = CONTEXT_DEPENDENT_SHAPE_REPRESENTATION(#9245,#9247);
#9245 = ( REPRESENTATION_RELATIONSHIP('','',#9219,#10) 
REPRESENTATION_RELATIONSHIP_WITH_TRANSFORMATION(#9246) 
SHAPE_REPRESENTATION_RELATIONSHIP() );
#9246 = ITEM_DEFINED_TRANSFORMATION('','',#11,#1015);
#9247 = PRODUCT_DEFINITION_SHAPE('Placement','Placement of an item',
  #9248);
#9248 = NEXT_ASSEMBLY_USAGE_OCCURRENCE('251','=>[0:1:1:252]','',#5,#9239
  ,$);
#9249 = PRODUCT_RELATED_PRODUCT_CATEGORY('part',$,(#9241));
#9250 = ADVANCED_BREP_SHAPE_REPRESENTATION('',(#11,#9251),#9263);
#9251 = MANIFOLD_SOLID_BREP('',#9252);
#9252 = CLOSED_SHELL('',(#9253));
#9253 = ADVANCED_FACE('',(#9254),#9258,.T.);
#9254 = FACE_BOUND('',#9255,.T.);
#9255 = VERTEX_LOOP('',#9256);
#9256 = VERTEX_POINT('',#9257);
#9257 = CARTESIAN_POINT('',(7.654042494671E-18,-1.874699728327E-33,
    -0.125));
#9258 = SPHERICAL_SURFACE('',#9259,0.125);
#9259 = AXIS2_PLACEMENT_3D('',#9260,#9261,#9262);
#9260 = CARTESIAN_POINT('',(0.,0.,0.));
#9261 = DIRECTION('',(0.,0.,1.));
#9262 = DIRECTION('',(1.,0.,-0.));
#9263 = ( GEOMETRIC_REPRESENTATION_CONTEXT(3) 
GLOBAL_UNCERTAINTY_ASSIGNED_CONTEXT((#9267)) 
GLOBAL_UNIT_ASSIGNED_CONTEXT((#9264,#9265,#9266)) REPRESENTATION_CONTEXT
('Context #1','3D Context with UNIT and UNCERTAINTY') );
#9264 = ( LENGTH_UNIT() NAMED_UNIT(*) SI_UNIT(.MILLI.,.METRE.) );
#9265 = ( NAMED_UNIT(*) PLANE_ANGLE_UNIT() SI_UNIT($,.RADIAN.) );
#9266 = ( NAMED_UNIT(*) SI_UNIT($,.STERADIAN.) SOLID_ANGLE_UNIT() );
#9267 = UNCERTAINTY_MEASURE_WITH_UNIT(LENGTH_MEASURE(1.E-07),#9264,
  'distance_accuracy_value','confusion accuracy');
#9268 = SHAPE_DEFINITION_REPRESENTATION(#9269,#9250);
#9269 = PRODUCT_DEFINITION_SHAPE('','',#9270);
#9270 = PRODUCT_DEFINITION('design','',#9271,#9274);
#9271 = PRODUCT_DEFINITION_FORMATION('','',#9272);
#9272 = PRODUCT('W24','W24','',(#9273));
#9273 = PRODUCT_CONTEXT('',#2,'mechanical');
#9274 = PRODUCT_DEFINITION_CONTEXT('part definition',#2,'design');
#9275 = CONTEXT_DEPENDENT_SHAPE_REPRESENTATION(#9276,#9278);
#9276 = ( REPRESENTATION_RELATIONSHIP('','',#9250,#10) 
REPRESENTATION_RELATIONSHIP_WITH_TRANSFORMATION(#9277) 
SHAPE_REPRESENTATION_RELATIONSHIP() );
#9277 = ITEM_DEFINED_TRANSFORMATION('','',#11,#1019);
#9278 = PRODUCT_DEFINITION_SHAPE('Placement','Placement of an item',
  #9279);
#9279 = NEXT_ASSEMBLY_USAGE_OCCURRENCE('252','=>[0:1:1:253]','',#5,#9270
  ,$);
#9280 = PRODUCT_RELATED_PRODUCT_CATEGORY('part',$,(#9272));
#9281 = ADVANCED_BREP_SHAPE_REPRESENTATION('',(#11,#9282),#9294);
#9282 = MANIFOLD_SOLID_BREP('',#9283);
#9283 = CLOSED_SHELL('',(#9284));
#9284 = ADVANCED_FACE('',(#9285),#9289,.T.);
#9285 = FACE_BOUND('',#9286,.T.);
#9286 = VERTEX_LOOP('',#9287);
#9287 = VERTEX_POINT('',#9288);
#9288 = CARTESIAN_POINT('',(7.654042494671E-18,-1.874699728327E-33,
    -0.125));
#9289 = SPHERICAL_SURFACE('',#9290,0.125);
#9290 = AXIS2_PLACEMENT_3D('',#9291,#9292,#9293);
#9291 = CARTESIAN_POINT('',(0.,0.,0.));
#9292 = DIRECTION('',(0.,0.,1.));
#9293 = DIRECTION('',(1.,0.,-0.));
#9294 = ( GEOMETRIC_REPRESENTATION_CONTEXT(3) 
GLOBAL_UNCERTAINTY_ASSIGNED_CONTEXT((#9298)) 
GLOBAL_UNIT_ASSIGNED_CONTEXT((#9295,#9296,#9297)) REPRESENTATION_CONTEXT
('Context #1','3D Context with UNIT and UNCERTAINTY') );
#9295 = ( LENGTH_UNIT() NAMED_UNIT(*) SI_UNIT(.MILLI.,.METRE.) );
#9296 = ( NAMED_UNIT(*) PLANE_ANGLE_UNIT() SI_UNIT($,.RADIAN.) );
#9297 = ( NAMED_UNIT(*) SI_UNIT($,.STERADIAN.) SOLID_ANGLE_UNIT() );
#9298 = UNCERTAINTY_MEASURE_WITH_UNIT(LENGTH_MEASURE(1.E-07),#9295,
  'distance_accuracy_value','confusion accuracy');
#9299 = SHAPE_DEFINITION_REPRESENTATION(#9300,#9281);
#9300 = PRODUCT_DEFINITION_SHAPE('','',#9301);
#9301 = PRODUCT_DEFINITION('design','',#9302,#9305);
#9302 = PRODUCT_DEFINITION_FORMATION('','',#9303);
#9303 = PRODUCT('W25','W25','',(#9304));
#9304 = PRODUCT_CONTEXT('',#2,'mechanical');
#9305 = PRODUCT_DEFINITION_CONTEXT('part definition',#2,'design');
#9306 = CONTEXT_DEPENDENT_SHAPE_REPRESENTATION(#9307,#9309);
#9307 = ( REPRESENTATION_RELATIONSHIP('','',#9281,#10) 
REPRESENTATION_RELATIONSHIP_WITH_TRANSFORMATION(#9308) 
SHAPE_REPRESENTATION_RELATIONSHIP() );
#9308 = ITEM_DEFINED_TRANSFORMATION('','',#11,#1023);
#9309 = PRODUCT_DEFINITION_SHAPE('Placement','Placement of an item',
  #9310);
#9310 = NEXT_ASSEMBLY_USAGE_OCCURRENCE('253','=>[0:1:1:254]','',#5,#9301
  ,$);
#9311 = PRODUCT_RELATED_PRODUCT_CATEGORY('part',$,(#9303));
#9312 = ADVANCED_BREP_SHAPE_REPRESENTATION('',(#11,#9313),#9325);
#9313 = MANIFOLD_SOLID_BREP('',#9314);
#9314 = CLOSED_SHELL('',(#9315));
#9315 = ADVANCED_FACE('',(#9316),#9320,.T.);
#9316 = FACE_BOUND('',#9317,.T.);
#9317 = VERTEX_LOOP('',#9318);
#9318 = VERTEX_POINT('',#9319);
#9319 = CARTESIAN_POINT('',(7.654042494671E-18,-1.874699728327E-33,
    -0.125));
#9320 = SPHERICAL_SURFACE('',#9321,0.125);
#9321 = AXIS2_PLACEMENT_3D('',#9322,#9323,#9324);
#9322 = CARTESIAN_POINT('',(0.,0.,0.));
#9323 = DIRECTION('',(0.,0.,1.));
#9324 = DIRECTION('',(1.,0.,-0.));
#9325 = ( GEOMETRIC_REPRESENTATION_CONTEXT(3) 
GLOBAL_UNCERTAINTY_ASSIGNED_CONTEXT((#9329)) 
GLOBAL_UNIT_ASSIGNED_CONTEXT((#9326,#9327,#9328)) REPRESENTATION_CONTEXT
('Context #1','3D Context with UNIT and UNCERTAINTY') );
#9326 = ( LENGTH_UNIT() NAMED_UNIT(*) SI_UNIT(.MILLI.,.METRE.) );
#9327 = ( NAMED_UNIT(*) PLANE_ANGLE_UNIT() SI_UNIT($,.RADIAN.) );
#9328 = ( NAMED_UNIT(*) SI_UNIT($,.STERADIAN.) SOLID_ANGLE_UNIT() );
#9329 = UNCERTAINTY_MEASURE_WITH_UNIT(LENGTH_MEASURE(1.E-07),#9326,
  'distance_accuracy_value','confusion accuracy');
#9330 = SHAPE_DEFINITION_REPRESENTATION(#9331,#9312);
#9331 = PRODUCT_DEFINITION_SHAPE('','',#9332);
#9332 = PRODUCT_DEFINITION('design','',#9333,#9336);
#9333 = PRODUCT_DEFINITION_FORMATION('','',#9334);
#9334 = PRODUCT('Y1','Y1','',(#9335));
#9335 = PRODUCT_CONTEXT('',#2,'mechanical');
#9336 = PRODUCT_DEFINITION_CONTEXT('part definition',#2,'design');
#9337 = CONTEXT_DEPENDENT_SHAPE_REPRESENTATION(#9338,#9340);
#9338 = ( REPRESENTATION_RELATIONSHIP('','',#9312,#10) 
REPRESENTATION_RELATIONSHIP_WITH_TRANSFORMATION(#9339) 
SHAPE_REPRESENTATION_RELATIONSHIP() );
#9339 = ITEM_DEFINED_TRANSFORMATION('','',#11,#1027);
#9340 = PRODUCT_DEFINITION_SHAPE('Placement','Placement of an item',
  #9341);
#9341 = NEXT_ASSEMBLY_USAGE_OCCURRENCE('254','=>[0:1:1:255]','',#5,#9332
  ,$);
#9342 = PRODUCT_RELATED_PRODUCT_CATEGORY('part',$,(#9334));
#9343 = ADVANCED_BREP_SHAPE_REPRESENTATION('',(#11,#9344),#9356);
#9344 = MANIFOLD_SOLID_BREP('',#9345);
#9345 = CLOSED_SHELL('',(#9346));
#9346 = ADVANCED_FACE('',(#9347),#9351,.T.);
#9347 = FACE_BOUND('',#9348,.T.);
#9348 = VERTEX_LOOP('',#9349);
#9349 = VERTEX_POINT('',#9350);
#9350 = CARTESIAN_POINT('',(7.654042494671E-18,-1.874699728327E-33,
    -0.125));
#9351 = SPHERICAL_SURFACE('',#9352,0.125);
#9352 = AXIS2_PLACEMENT_3D('',#9353,#9354,#9355);
#9353 = CARTESIAN_POINT('',(0.,0.,0.));
#9354 = DIRECTION('',(0.,0.,1.));
#9355 = DIRECTION('',(1.,0.,-0.));
#9356 = ( GEOMETRIC_REPRESENTATION_CONTEXT(3) 
GLOBAL_UNCERTAINTY_ASSIGNED_CONTEXT((#9360)) 
GLOBAL_UNIT_ASSIGNED_CONTEXT((#9357,#9358,#9359)) REPRESENTATION_CONTEXT
('Context #1','3D Context with UNIT and UNCERTAINTY') );
#9357 = ( LENGTH_UNIT() NAMED_UNIT(*) SI_UNIT(.MILLI.,.METRE.) );
#9358 = ( NAMED_UNIT(*) PLANE_ANGLE_UNIT() SI_UNIT($,.RADIAN.) );
#9359 = ( NAMED_UNIT(*) SI_UNIT($,.STERADIAN.) SOLID_ANGLE_UNIT() );
#9360 = UNCERTAINTY_MEASURE_WITH_UNIT(LENGTH_MEASURE(1.E-07),#9357,
  'distance_accuracy_value','confusion accuracy');
#9361 = SHAPE_DEFINITION_REPRESENTATION(#9362,#9343);
#9362 = PRODUCT_DEFINITION_SHAPE('','',#9363);
#9363 = PRODUCT_DEFINITION('design','',#9364,#9367);
#9364 = PRODUCT_DEFINITION_FORMATION('','',#9365);
#9365 = PRODUCT('Y2','Y2','',(#9366));
#9366 = PRODUCT_CONTEXT('',#2,'mechanical');
#9367 = PRODUCT_DEFINITION_CONTEXT('part definition',#2,'design');
#9368 = CONTEXT_DEPENDENT_SHAPE_REPRESENTATION(#9369,#9371);
#9369 = ( REPRESENTATION_RELATIONSHIP('','',#9343,#10) 
REPRESENTATION_RELATIONSHIP_WITH_TRANSFORMATION(#9370) 
SHAPE_REPRESENTATION_RELATIONSHIP() );
#9370 = ITEM_DEFINED_TRANSFORMATION('','',#11,#1031);
#9371 = PRODUCT_DEFINITION_SHAPE('Placement','Placement of an item',
  #9372);
#9372 = NEXT_ASSEMBLY_USAGE_OCCURRENCE('255','=>[0:1:1:256]','',#5,#9363
  ,$);
#9373 = PRODUCT_RELATED_PRODUCT_CATEGORY('part',$,(#9365));
#9374 = ADVANCED_BREP_SHAPE_REPRESENTATION('',(#11,#9375),#9387);
#9375 = MANIFOLD_SOLID_BREP('',#9376);
#9376 = CLOSED_SHELL('',(#9377));
#9377 = ADVANCED_FACE('',(#9378),#9382,.T.);
#9378 = FACE_BOUND('',#9379,.T.);
#9379 = VERTEX_LOOP('',#9380);
#9380 = VERTEX_POINT('',#9381);
#9381 = CARTESIAN_POINT('',(7.654042494671E-18,-1.874699728327E-33,
    -0.125));
#9382 = SPHERICAL_SURFACE('',#9383,0.125);
#9383 = AXIS2_PLACEMENT_3D('',#9384,#9385,#9386);
#9384 = CARTESIAN_POINT('',(0.,0.,0.));
#9385 = DIRECTION('',(0.,0.,1.));
#9386 = DIRECTION('',(1.,0.,-0.));
#9387 = ( GEOMETRIC_REPRESENTATION_CONTEXT(3) 
GLOBAL_UNCERTAINTY_ASSIGNED_CONTEXT((#9391)) 
GLOBAL_UNIT_ASSIGNED_CONTEXT((#9388,#9389,#9390)) REPRESENTATION_CONTEXT
('Context #1','3D Context with UNIT and UNCERTAINTY') );
#9388 = ( LENGTH_UNIT() NAMED_UNIT(*) SI_UNIT(.MILLI.,.METRE.) );
#9389 = ( NAMED_UNIT(*) PLANE_ANGLE_UNIT() SI_UNIT($,.RADIAN.) );
#9390 = ( NAMED_UNIT(*) SI_UNIT($,.STERADIAN.) SOLID_ANGLE_UNIT() );
#9391 = UNCERTAINTY_MEASURE_WITH_UNIT(LENGTH_MEASURE(1.E-07),#9388,
  'distance_accuracy_value','confusion accuracy');
#9392 = SHAPE_DEFINITION_REPRESENTATION(#9393,#9374);
#9393 = PRODUCT_DEFINITION_SHAPE('','',#9394);
#9394 = PRODUCT_DEFINITION('design','',#9395,#9398);
#9395 = PRODUCT_DEFINITION_FORMATION('','',#9396);
#9396 = PRODUCT('Y3','Y3','',(#9397));
#9397 = PRODUCT_CONTEXT('',#2,'mechanical');
#9398 = PRODUCT_DEFINITION_CONTEXT('part definition',#2,'design');
#9399 = CONTEXT_DEPENDENT_SHAPE_REPRESENTATION(#9400,#9402);
#9400 = ( REPRESENTATION_RELATIONSHIP('','',#9374,#10) 
REPRESENTATION_RELATIONSHIP_WITH_TRANSFORMATION(#9401) 
SHAPE_REPRESENTATION_RELATIONSHIP() );
#9401 = ITEM_DEFINED_TRANSFORMATION('','',#11,#1035);
#9402 = PRODUCT_DEFINITION_SHAPE('Placement','Placement of an item',
  #9403);
#9403 = NEXT_ASSEMBLY_USAGE_OCCURRENCE('256','=>[0:1:1:257]','',#5,#9394
  ,$);
#9404 = PRODUCT_RELATED_PRODUCT_CATEGORY('part',$,(#9396));
#9405 = ADVANCED_BREP_SHAPE_REPRESENTATION('',(#11,#9406),#9418);
#9406 = MANIFOLD_SOLID_BREP('',#9407);
#9407 = CLOSED_SHELL('',(#9408));
#9408 = ADVANCED_FACE('',(#9409),#9413,.T.);
#9409 = FACE_BOUND('',#9410,.T.);
#9410 = VERTEX_LOOP('',#9411);
#9411 = VERTEX_POINT('',#9412);
#9412 = CARTESIAN_POINT('',(7.654042494671E-18,-1.874699728327E-33,
    -0.125));
#9413 = SPHERICAL_SURFACE('',#9414,0.125);
#9414 = AXIS2_PLACEMENT_3D('',#9415,#9416,#9417);
#9415 = CARTESIAN_POINT('',(0.,0.,0.));
#9416 = DIRECTION('',(0.,0.,1.));
#9417 = DIRECTION('',(1.,0.,-0.));
#9418 = ( GEOMETRIC_REPRESENTATION_CONTEXT(3) 
GLOBAL_UNCERTAINTY_ASSIGNED_CONTEXT((#9422)) 
GLOBAL_UNIT_ASSIGNED_CONTEXT((#9419,#9420,#9421)) REPRESENTATION_CONTEXT
('Context #1','3D Context with UNIT and UNCERTAINTY') );
#9419 = ( LENGTH_UNIT() NAMED_UNIT(*) SI_UNIT(.MILLI.,.METRE.) );
#9420 = ( NAMED_UNIT(*) PLANE_ANGLE_UNIT() SI_UNIT($,.RADIAN.) );
#9421 = ( NAMED_UNIT(*) SI_UNIT($,.STERADIAN.) SOLID_ANGLE_UNIT() );
#9422 = UNCERTAINTY_MEASURE_WITH_UNIT(LENGTH_MEASURE(1.E-07),#9419,
  'distance_accuracy_value','confusion accuracy');
#9423 = SHAPE_DEFINITION_REPRESENTATION(#9424,#9405);
#9424 = PRODUCT_DEFINITION_SHAPE('','',#9425);
#9425 = PRODUCT_DEFINITION('design','',#9426,#9429);
#9426 = PRODUCT_DEFINITION_FORMATION('','',#9427);
#9427 = PRODUCT('Y6','Y6','',(#9428));
#9428 = PRODUCT_CONTEXT('',#2,'mechanical');
#9429 = PRODUCT_DEFINITION_CONTEXT('part definition',#2,'design');
#9430 = CONTEXT_DEPENDENT_SHAPE_REPRESENTATION(#9431,#9433);
#9431 = ( REPRESENTATION_RELATIONSHIP('','',#9405,#10) 
REPRESENTATION_RELATIONSHIP_WITH_TRANSFORMATION(#9432) 
SHAPE_REPRESENTATION_RELATIONSHIP() );
#9432 = ITEM_DEFINED_TRANSFORMATION('','',#11,#1039);
#9433 = PRODUCT_DEFINITION_SHAPE('Placement','Placement of an item',
  #9434);
#9434 = NEXT_ASSEMBLY_USAGE_OCCURRENCE('257','=>[0:1:1:258]','',#5,#9425
  ,$);
#9435 = PRODUCT_RELATED_PRODUCT_CATEGORY('part',$,(#9427));
#9436 = ADVANCED_BREP_SHAPE_REPRESENTATION('',(#11,#9437),#9449);
#9437 = MANIFOLD_SOLID_BREP('',#9438);
#9438 = CLOSED_SHELL('',(#9439));
#9439 = ADVANCED_FACE('',(#9440),#9444,.T.);
#9440 = FACE_BOUND('',#9441,.T.);
#9441 = VERTEX_LOOP('',#9442);
#9442 = VERTEX_POINT('',#9443);
#9443 = CARTESIAN_POINT('',(7.654042494671E-18,-1.874699728327E-33,
    -0.125));
#9444 = SPHERICAL_SURFACE('',#9445,0.125);
#9445 = AXIS2_PLACEMENT_3D('',#9446,#9447,#9448);
#9446 = CARTESIAN_POINT('',(0.,0.,0.));
#9447 = DIRECTION('',(0.,0.,1.));
#9448 = DIRECTION('',(1.,0.,-0.));
#9449 = ( GEOMETRIC_REPRESENTATION_CONTEXT(3) 
GLOBAL_UNCERTAINTY_ASSIGNED_CONTEXT((#9453)) 
GLOBAL_UNIT_ASSIGNED_CONTEXT((#9450,#9451,#9452)) REPRESENTATION_CONTEXT
('Context #1','3D Context with UNIT and UNCERTAINTY') );
#9450 = ( LENGTH_UNIT() NAMED_UNIT(*) SI_UNIT(.MILLI.,.METRE.) );
#9451 = ( NAMED_UNIT(*) PLANE_ANGLE_UNIT() SI_UNIT($,.RADIAN.) );
#9452 = ( NAMED_UNIT(*) SI_UNIT($,.STERADIAN.) SOLID_ANGLE_UNIT() );
#9453 = UNCERTAINTY_MEASURE_WITH_UNIT(LENGTH_MEASURE(1.E-07),#9450,
  'distance_accuracy_value','confusion accuracy');
#9454 = SHAPE_DEFINITION_REPRESENTATION(#9455,#9436);
#9455 = PRODUCT_DEFINITION_SHAPE('','',#9456);
#9456 = PRODUCT_DEFINITION('design','',#9457,#9460);
#9457 = PRODUCT_DEFINITION_FORMATION('','',#9458);
#9458 = PRODUCT('Y7','Y7','',(#9459));
#9459 = PRODUCT_CONTEXT('',#2,'mechanical');
#9460 = PRODUCT_DEFINITION_CONTEXT('part definition',#2,'design');
#9461 = CONTEXT_DEPENDENT_SHAPE_REPRESENTATION(#9462,#9464);
#9462 = ( REPRESENTATION_RELATIONSHIP('','',#9436,#10) 
REPRESENTATION_RELATIONSHIP_WITH_TRANSFORMATION(#9463) 
SHAPE_REPRESENTATION_RELATIONSHIP() );
#9463 = ITEM_DEFINED_TRANSFORMATION('','',#11,#1043);
#9464 = PRODUCT_DEFINITION_SHAPE('Placement','Placement of an item',
  #9465);
#9465 = NEXT_ASSEMBLY_USAGE_OCCURRENCE('258','=>[0:1:1:259]','',#5,#9456
  ,$);
#9466 = PRODUCT_RELATED_PRODUCT_CATEGORY('part',$,(#9458));
#9467 = ADVANCED_BREP_SHAPE_REPRESENTATION('',(#11,#9468),#9480);
#9468 = MANIFOLD_SOLID_BREP('',#9469);
#9469 = CLOSED_SHELL('',(#9470));
#9470 = ADVANCED_FACE('',(#9471),#9475,.T.);
#9471 = FACE_BOUND('',#9472,.T.);
#9472 = VERTEX_LOOP('',#9473);
#9473 = VERTEX_POINT('',#9474);
#9474 = CARTESIAN_POINT('',(7.654042494671E-18,-1.874699728327E-33,
    -0.125));
#9475 = SPHERICAL_SURFACE('',#9476,0.125);
#9476 = AXIS2_PLACEMENT_3D('',#9477,#9478,#9479);
#9477 = CARTESIAN_POINT('',(0.,0.,0.));
#9478 = DIRECTION('',(0.,0.,1.));
#9479 = DIRECTION('',(1.,0.,-0.));
#9480 = ( GEOMETRIC_REPRESENTATION_CONTEXT(3) 
GLOBAL_UNCERTAINTY_ASSIGNED_CONTEXT((#9484)) 
GLOBAL_UNIT_ASSIGNED_CONTEXT((#9481,#9482,#9483)) REPRESENTATION_CONTEXT
('Context #1','3D Context with UNIT and UNCERTAINTY') );
#9481 = ( LENGTH_UNIT() NAMED_UNIT(*) SI_UNIT(.MILLI.,.METRE.) );
#9482 = ( NAMED_UNIT(*) PLANE_ANGLE_UNIT() SI_UNIT($,.RADIAN.) );
#9483 = ( NAMED_UNIT(*) SI_UNIT($,.STERADIAN.) SOLID_ANGLE_UNIT() );
#9484 = UNCERTAINTY_MEASURE_WITH_UNIT(LENGTH_MEASURE(1.E-07),#9481,
  'distance_accuracy_value','confusion accuracy');
#9485 = SHAPE_DEFINITION_REPRESENTATION(#9486,#9467);
#9486 = PRODUCT_DEFINITION_SHAPE('','',#9487);
#9487 = PRODUCT_DEFINITION('design','',#9488,#9491);
#9488 = PRODUCT_DEFINITION_FORMATION('','',#9489);
#9489 = PRODUCT('Y8','Y8','',(#9490));
#9490 = PRODUCT_CONTEXT('',#2,'mechanical');
#9491 = PRODUCT_DEFINITION_CONTEXT('part definition',#2,'design');
#9492 = CONTEXT_DEPENDENT_SHAPE_REPRESENTATION(#9493,#9495);
#9493 = ( REPRESENTATION_RELATIONSHIP('','',#9467,#10) 
REPRESENTATION_RELATIONSHIP_WITH_TRANSFORMATION(#9494) 
SHAPE_REPRESENTATION_RELATIONSHIP() );
#9494 = ITEM_DEFINED_TRANSFORMATION('','',#11,#1047);
#9495 = PRODUCT_DEFINITION_SHAPE('Placement','Placement of an item',
  #9496);
#9496 = NEXT_ASSEMBLY_USAGE_OCCURRENCE('259','=>[0:1:1:260]','',#5,#9487
  ,$);
#9497 = PRODUCT_RELATED_PRODUCT_CATEGORY('part',$,(#9489));
#9498 = ADVANCED_BREP_SHAPE_REPRESENTATION('',(#11,#9499),#9511);
#9499 = MANIFOLD_SOLID_BREP('',#9500);
#9500 = CLOSED_SHELL('',(#9501));
#9501 = ADVANCED_FACE('',(#9502),#9506,.T.);
#9502 = FACE_BOUND('',#9503,.T.);
#9503 = VERTEX_LOOP('',#9504);
#9504 = VERTEX_POINT('',#9505);
#9505 = CARTESIAN_POINT('',(7.654042494671E-18,-1.874699728327E-33,
    -0.125));
#9506 = SPHERICAL_SURFACE('',#9507,0.125);
#9507 = AXIS2_PLACEMENT_3D('',#9508,#9509,#9510);
#9508 = CARTESIAN_POINT('',(0.,0.,0.));
#9509 = DIRECTION('',(0.,0.,1.));
#9510 = DIRECTION('',(1.,0.,-0.));
#9511 = ( GEOMETRIC_REPRESENTATION_CONTEXT(3) 
GLOBAL_UNCERTAINTY_ASSIGNED_CONTEXT((#9515)) 
GLOBAL_UNIT_ASSIGNED_CONTEXT((#9512,#9513,#9514)) REPRESENTATION_CONTEXT
('Context #1','3D Context with UNIT and UNCERTAINTY') );
#9512 = ( LENGTH_UNIT() NAMED_UNIT(*) SI_UNIT(.MILLI.,.METRE.) );
#9513 = ( NAMED_UNIT(*) PLANE_ANGLE_UNIT() SI_UNIT($,.RADIAN.) );
#9514 = ( NAMED_UNIT(*) SI_UNIT($,.STERADIAN.) SOLID_ANGLE_UNIT() );
#9515 = UNCERTAINTY_MEASURE_WITH_UNIT(LENGTH_MEASURE(1.E-07),#9512,
  'distance_accuracy_value','confusion accuracy');
#9516 = SHAPE_DEFINITION_REPRESENTATION(#9517,#9498);
#9517 = PRODUCT_DEFINITION_SHAPE('','',#9518);
#9518 = PRODUCT_DEFINITION('design','',#9519,#9522);
#9519 = PRODUCT_DEFINITION_FORMATION('','',#9520);
#9520 = PRODUCT('Y9','Y9','',(#9521));
#9521 = PRODUCT_CONTEXT('',#2,'mechanical');
#9522 = PRODUCT_DEFINITION_CONTEXT('part definition',#2,'design');
#9523 = CONTEXT_DEPENDENT_SHAPE_REPRESENTATION(#9524,#9526);
#9524 = ( REPRESENTATION_RELATIONSHIP('','',#9498,#10) 
REPRESENTATION_RELATIONSHIP_WITH_TRANSFORMATION(#9525) 
SHAPE_REPRESENTATION_RELATIONSHIP() );
#9525 = ITEM_DEFINED_TRANSFORMATION('','',#11,#1051);
#9526 = PRODUCT_DEFINITION_SHAPE('Placement','Placement of an item',
  #9527);
#9527 = NEXT_ASSEMBLY_USAGE_OCCURRENCE('260','=>[0:1:1:261]','',#5,#9518
  ,$);
#9528 = PRODUCT_RELATED_PRODUCT_CATEGORY('part',$,(#9520));
#9529 = ADVANCED_BREP_SHAPE_REPRESENTATION('',(#11,#9530),#9542);
#9530 = MANIFOLD_SOLID_BREP('',#9531);
#9531 = CLOSED_SHELL('',(#9532));
#9532 = ADVANCED_FACE('',(#9533),#9537,.T.);
#9533 = FACE_BOUND('',#9534,.T.);
#9534 = VERTEX_LOOP('',#9535);
#9535 = VERTEX_POINT('',#9536);
#9536 = CARTESIAN_POINT('',(7.654042494671E-18,-1.874699728327E-33,
    -0.125));
#9537 = SPHERICAL_SURFACE('',#9538,0.125);
#9538 = AXIS2_PLACEMENT_3D('',#9539,#9540,#9541);
#9539 = CARTESIAN_POINT('',(0.,0.,0.));
#9540 = DIRECTION('',(0.,0.,1.));
#9541 = DIRECTION('',(1.,0.,-0.));
#9542 = ( GEOMETRIC_REPRESENTATION_CONTEXT(3) 
GLOBAL_UNCERTAINTY_ASSIGNED_CONTEXT((#9546)) 
GLOBAL_UNIT_ASSIGNED_CONTEXT((#9543,#9544,#9545)) REPRESENTATION_CONTEXT
('Context #1','3D Context with UNIT and UNCERTAINTY') );
#9543 = ( LENGTH_UNIT() NAMED_UNIT(*) SI_UNIT(.MILLI.,.METRE.) );
#9544 = ( NAMED_UNIT(*) PLANE_ANGLE_UNIT() SI_UNIT($,.RADIAN.) );
#9545 = ( NAMED_UNIT(*) SI_UNIT($,.STERADIAN.) SOLID_ANGLE_UNIT() );
#9546 = UNCERTAINTY_MEASURE_WITH_UNIT(LENGTH_MEASURE(1.E-07),#9543,
  'distance_accuracy_value','confusion accuracy');
#9547 = SHAPE_DEFINITION_REPRESENTATION(#9548,#9529);
#9548 = PRODUCT_DEFINITION_SHAPE('','',#9549);
#9549 = PRODUCT_DEFINITION('design','',#9550,#9553);
#9550 = PRODUCT_DEFINITION_FORMATION('','',#9551);
#9551 = PRODUCT('Y10','Y10','',(#9552));
#9552 = PRODUCT_CONTEXT('',#2,'mechanical');
#9553 = PRODUCT_DEFINITION_CONTEXT('part definition',#2,'design');
#9554 = CONTEXT_DEPENDENT_SHAPE_REPRESENTATION(#9555,#9557);
#9555 = ( REPRESENTATION_RELATIONSHIP('','',#9529,#10) 
REPRESENTATION_RELATIONSHIP_WITH_TRANSFORMATION(#9556) 
SHAPE_REPRESENTATION_RELATIONSHIP() );
#9556 = ITEM_DEFINED_TRANSFORMATION('','',#11,#1055);
#9557 = PRODUCT_DEFINITION_SHAPE('Placement','Placement of an item',
  #9558);
#9558 = NEXT_ASSEMBLY_USAGE_OCCURRENCE('261','=>[0:1:1:262]','',#5,#9549
  ,$);
#9559 = PRODUCT_RELATED_PRODUCT_CATEGORY('part',$,(#9551));
#9560 = ADVANCED_BREP_SHAPE_REPRESENTATION('',(#11,#9561),#9573);
#9561 = MANIFOLD_SOLID_BREP('',#9562);
#9562 = CLOSED_SHELL('',(#9563));
#9563 = ADVANCED_FACE('',(#9564),#9568,.T.);
#9564 = FACE_BOUND('',#9565,.T.);
#9565 = VERTEX_LOOP('',#9566);
#9566 = VERTEX_POINT('',#9567);
#9567 = CARTESIAN_POINT('',(7.654042494671E-18,-1.874699728327E-33,
    -0.125));
#9568 = SPHERICAL_SURFACE('',#9569,0.125);
#9569 = AXIS2_PLACEMENT_3D('',#9570,#9571,#9572);
#9570 = CARTESIAN_POINT('',(0.,0.,0.));
#9571 = DIRECTION('',(0.,0.,1.));
#9572 = DIRECTION('',(1.,0.,-0.));
#9573 = ( GEOMETRIC_REPRESENTATION_CONTEXT(3) 
GLOBAL_UNCERTAINTY_ASSIGNED_CONTEXT((#9577)) 
GLOBAL_UNIT_ASSIGNED_CONTEXT((#9574,#9575,#9576)) REPRESENTATION_CONTEXT
('Context #1','3D Context with UNIT and UNCERTAINTY') );
#9574 = ( LENGTH_UNIT() NAMED_UNIT(*) SI_UNIT(.MILLI.,.METRE.) );
#9575 = ( NAMED_UNIT(*) PLANE_ANGLE_UNIT() SI_UNIT($,.RADIAN.) );
#9576 = ( NAMED_UNIT(*) SI_UNIT($,.STERADIAN.) SOLID_ANGLE_UNIT() );
#9577 = UNCERTAINTY_MEASURE_WITH_UNIT(LENGTH_MEASURE(1.E-07),#9574,
  'distance_accuracy_value','confusion accuracy');
#9578 = SHAPE_DEFINITION_REPRESENTATION(#9579,#9560);
#9579 = PRODUCT_DEFINITION_SHAPE('','',#9580);
#9580 = PRODUCT_DEFINITION('design','',#9581,#9584);
#9581 = PRODUCT_DEFINITION_FORMATION('','',#9582);
#9582 = PRODUCT('Y11','Y11','',(#9583));
#9583 = PRODUCT_CONTEXT('',#2,'mechanical');
#9584 = PRODUCT_DEFINITION_CONTEXT('part definition',#2,'design');
#9585 = CONTEXT_DEPENDENT_SHAPE_REPRESENTATION(#9586,#9588);
#9586 = ( REPRESENTATION_RELATIONSHIP('','',#9560,#10) 
REPRESENTATION_RELATIONSHIP_WITH_TRANSFORMATION(#9587) 
SHAPE_REPRESENTATION_RELATIONSHIP() );
#9587 = ITEM_DEFINED_TRANSFORMATION('','',#11,#1059);
#9588 = PRODUCT_DEFINITION_SHAPE('Placement','Placement of an item',
  #9589);
#9589 = NEXT_ASSEMBLY_USAGE_OCCURRENCE('262','=>[0:1:1:263]','',#5,#9580
  ,$);
#9590 = PRODUCT_RELATED_PRODUCT_CATEGORY('part',$,(#9582));
#9591 = ADVANCED_BREP_SHAPE_REPRESENTATION('',(#11,#9592),#9604);
#9592 = MANIFOLD_SOLID_BREP('',#9593);
#9593 = CLOSED_SHELL('',(#9594));
#9594 = ADVANCED_FACE('',(#9595),#9599,.T.);
#9595 = FACE_BOUND('',#9596,.T.);
#9596 = VERTEX_LOOP('',#9597);
#9597 = VERTEX_POINT('',#9598);
#9598 = CARTESIAN_POINT('',(7.654042494671E-18,-1.874699728327E-33,
    -0.125));
#9599 = SPHERICAL_SURFACE('',#9600,0.125);
#9600 = AXIS2_PLACEMENT_3D('',#9601,#9602,#9603);
#9601 = CARTESIAN_POINT('',(0.,0.,0.));
#9602 = DIRECTION('',(0.,0.,1.));
#9603 = DIRECTION('',(1.,0.,-0.));
#9604 = ( GEOMETRIC_REPRESENTATION_CONTEXT(3) 
GLOBAL_UNCERTAINTY_ASSIGNED_CONTEXT((#9608)) 
GLOBAL_UNIT_ASSIGNED_CONTEXT((#9605,#9606,#9607)) REPRESENTATION_CONTEXT
('Context #1','3D Context with UNIT and UNCERTAINTY') );
#9605 = ( LENGTH_UNIT() NAMED_UNIT(*) SI_UNIT(.MILLI.,.METRE.) );
#9606 = ( NAMED_UNIT(*) PLANE_ANGLE_UNIT() SI_UNIT($,.RADIAN.) );
#9607 = ( NAMED_UNIT(*) SI_UNIT($,.STERADIAN.) SOLID_ANGLE_UNIT() );
#9608 = UNCERTAINTY_MEASURE_WITH_UNIT(LENGTH_MEASURE(1.E-07),#9605,
  'distance_accuracy_value','confusion accuracy');
#9609 = SHAPE_DEFINITION_REPRESENTATION(#9610,#9591);
#9610 = PRODUCT_DEFINITION_SHAPE('','',#9611);
#9611 = PRODUCT_DEFINITION('design','',#9612,#9615);
#9612 = PRODUCT_DEFINITION_FORMATION('','',#9613);
#9613 = PRODUCT('Y12','Y12','',(#9614));
#9614 = PRODUCT_CONTEXT('',#2,'mechanical');
#9615 = PRODUCT_DEFINITION_CONTEXT('part definition',#2,'design');
#9616 = CONTEXT_DEPENDENT_SHAPE_REPRESENTATION(#9617,#9619);
#9617 = ( REPRESENTATION_RELATIONSHIP('','',#9591,#10) 
REPRESENTATION_RELATIONSHIP_WITH_TRANSFORMATION(#9618) 
SHAPE_REPRESENTATION_RELATIONSHIP() );
#9618 = ITEM_DEFINED_TRANSFORMATION('','',#11,#1063);
#9619 = PRODUCT_DEFINITION_SHAPE('Placement','Placement of an item',
  #9620);
#9620 = NEXT_ASSEMBLY_USAGE_OCCURRENCE('263','=>[0:1:1:264]','',#5,#9611
  ,$);
#9621 = PRODUCT_RELATED_PRODUCT_CATEGORY('part',$,(#9613));
#9622 = ADVANCED_BREP_SHAPE_REPRESENTATION('',(#11,#9623),#9635);
#9623 = MANIFOLD_SOLID_BREP('',#9624);
#9624 = CLOSED_SHELL('',(#9625));
#9625 = ADVANCED_FACE('',(#9626),#9630,.T.);
#9626 = FACE_BOUND('',#9627,.T.);
#9627 = VERTEX_LOOP('',#9628);
#9628 = VERTEX_POINT('',#9629);
#9629 = CARTESIAN_POINT('',(7.654042494671E-18,-1.874699728327E-33,
    -0.125));
#9630 = SPHERICAL_SURFACE('',#9631,0.125);
#9631 = AXIS2_PLACEMENT_3D('',#9632,#9633,#9634);
#9632 = CARTESIAN_POINT('',(0.,0.,0.));
#9633 = DIRECTION('',(0.,0.,1.));
#9634 = DIRECTION('',(1.,0.,-0.));
#9635 = ( GEOMETRIC_REPRESENTATION_CONTEXT(3) 
GLOBAL_UNCERTAINTY_ASSIGNED_CONTEXT((#9639)) 
GLOBAL_UNIT_ASSIGNED_CONTEXT((#9636,#9637,#9638)) REPRESENTATION_CONTEXT
('Context #1','3D Context with UNIT and UNCERTAINTY') );
#9636 = ( LENGTH_UNIT() NAMED_UNIT(*) SI_UNIT(.MILLI.,.METRE.) );
#9637 = ( NAMED_UNIT(*) PLANE_ANGLE_UNIT() SI_UNIT($,.RADIAN.) );
#9638 = ( NAMED_UNIT(*) SI_UNIT($,.STERADIAN.) SOLID_ANGLE_UNIT() );
#9639 = UNCERTAINTY_MEASURE_WITH_UNIT(LENGTH_MEASURE(1.E-07),#9636,
  'distance_accuracy_value','confusion accuracy');
#9640 = SHAPE_DEFINITION_REPRESENTATION(#9641,#9622);
#9641 = PRODUCT_DEFINITION_SHAPE('','',#9642);
#9642 = PRODUCT_DEFINITION('design','',#9643,#9646);
#9643 = PRODUCT_DEFINITION_FORMATION('','',#9644);
#9644 = PRODUCT('Y13','Y13','',(#9645));
#9645 = PRODUCT_CONTEXT('',#2,'mechanical');
#9646 = PRODUCT_DEFINITION_CONTEXT('part definition',#2,'design');
#9647 = CONTEXT_DEPENDENT_SHAPE_REPRESENTATION(#9648,#9650);
#9648 = ( REPRESENTATION_RELATIONSHIP('','',#9622,#10) 
REPRESENTATION_RELATIONSHIP_WITH_TRANSFORMATION(#9649) 
SHAPE_REPRESENTATION_RELATIONSHIP() );
#9649 = ITEM_DEFINED_TRANSFORMATION('','',#11,#1067);
#9650 = PRODUCT_DEFINITION_SHAPE('Placement','Placement of an item',
  #9651);
#9651 = NEXT_ASSEMBLY_USAGE_OCCURRENCE('264','=>[0:1:1:265]','',#5,#9642
  ,$);
#9652 = PRODUCT_RELATED_PRODUCT_CATEGORY('part',$,(#9644));
#9653 = ADVANCED_BREP_SHAPE_REPRESENTATION('',(#11,#9654),#9666);
#9654 = MANIFOLD_SOLID_BREP('',#9655);
#9655 = CLOSED_SHELL('',(#9656));
#9656 = ADVANCED_FACE('',(#9657),#9661,.T.);
#9657 = FACE_BOUND('',#9658,.T.);
#9658 = VERTEX_LOOP('',#9659);
#9659 = VERTEX_POINT('',#9660);
#9660 = CARTESIAN_POINT('',(7.654042494671E-18,-1.874699728327E-33,
    -0.125));
#9661 = SPHERICAL_SURFACE('',#9662,0.125);
#9662 = AXIS2_PLACEMENT_3D('',#9663,#9664,#9665);
#9663 = CARTESIAN_POINT('',(0.,0.,0.));
#9664 = DIRECTION('',(0.,0.,1.));
#9665 = DIRECTION('',(1.,0.,-0.));
#9666 = ( GEOMETRIC_REPRESENTATION_CONTEXT(3) 
GLOBAL_UNCERTAINTY_ASSIGNED_CONTEXT((#9670)) 
GLOBAL_UNIT_ASSIGNED_CONTEXT((#9667,#9668,#9669)) REPRESENTATION_CONTEXT
('Context #1','3D Context with UNIT and UNCERTAINTY') );
#9667 = ( LENGTH_UNIT() NAMED_UNIT(*) SI_UNIT(.MILLI.,.METRE.) );
#9668 = ( NAMED_UNIT(*) PLANE_ANGLE_UNIT() SI_UNIT($,.RADIAN.) );
#9669 = ( NAMED_UNIT(*) SI_UNIT($,.STERADIAN.) SOLID_ANGLE_UNIT() );
#9670 = UNCERTAINTY_MEASURE_WITH_UNIT(LENGTH_MEASURE(1.E-07),#9667,
  'distance_accuracy_value','confusion accuracy');
#9671 = SHAPE_DEFINITION_REPRESENTATION(#9672,#9653);
#9672 = PRODUCT_DEFINITION_SHAPE('','',#9673);
#9673 = PRODUCT_DEFINITION('design','',#9674,#9677);
#9674 = PRODUCT_DEFINITION_FORMATION('','',#9675);
#9675 = PRODUCT('Y14','Y14','',(#9676));
#9676 = PRODUCT_CONTEXT('',#2,'mechanical');
#9677 = PRODUCT_DEFINITION_CONTEXT('part definition',#2,'design');
#9678 = CONTEXT_DEPENDENT_SHAPE_REPRESENTATION(#9679,#9681);
#9679 = ( REPRESENTATION_RELATIONSHIP('','',#9653,#10) 
REPRESENTATION_RELATIONSHIP_WITH_TRANSFORMATION(#9680) 
SHAPE_REPRESENTATION_RELATIONSHIP() );
#9680 = ITEM_DEFINED_TRANSFORMATION('','',#11,#1071);
#9681 = PRODUCT_DEFINITION_SHAPE('Placement','Placement of an item',
  #9682);
#9682 = NEXT_ASSEMBLY_USAGE_OCCURRENCE('265','=>[0:1:1:266]','',#5,#9673
  ,$);
#9683 = PRODUCT_RELATED_PRODUCT_CATEGORY('part',$,(#9675));
#9684 = ADVANCED_BREP_SHAPE_REPRESENTATION('',(#11,#9685),#9697);
#9685 = MANIFOLD_SOLID_BREP('',#9686);
#9686 = CLOSED_SHELL('',(#9687));
#9687 = ADVANCED_FACE('',(#9688),#9692,.T.);
#9688 = FACE_BOUND('',#9689,.T.);
#9689 = VERTEX_LOOP('',#9690);
#9690 = VERTEX_POINT('',#9691);
#9691 = CARTESIAN_POINT('',(7.654042494671E-18,-1.874699728327E-33,
    -0.125));
#9692 = SPHERICAL_SURFACE('',#9693,0.125);
#9693 = AXIS2_PLACEMENT_3D('',#9694,#9695,#9696);
#9694 = CARTESIAN_POINT('',(0.,0.,0.));
#9695 = DIRECTION('',(0.,0.,1.));
#9696 = DIRECTION('',(1.,0.,-0.));
#9697 = ( GEOMETRIC_REPRESENTATION_CONTEXT(3) 
GLOBAL_UNCERTAINTY_ASSIGNED_CONTEXT((#9701)) 
GLOBAL_UNIT_ASSIGNED_CONTEXT((#9698,#9699,#9700)) REPRESENTATION_CONTEXT
('Context #1','3D Context with UNIT and UNCERTAINTY') );
#9698 = ( LENGTH_UNIT() NAMED_UNIT(*) SI_UNIT(.MILLI.,.METRE.) );
#9699 = ( NAMED_UNIT(*) PLANE_ANGLE_UNIT() SI_UNIT($,.RADIAN.) );
#9700 = ( NAMED_UNIT(*) SI_UNIT($,.STERADIAN.) SOLID_ANGLE_UNIT() );
#9701 = UNCERTAINTY_MEASURE_WITH_UNIT(LENGTH_MEASURE(1.E-07),#9698,
  'distance_accuracy_value','confusion accuracy');
#9702 = SHAPE_DEFINITION_REPRESENTATION(#9703,#9684);
#9703 = PRODUCT_DEFINITION_SHAPE('','',#9704);
#9704 = PRODUCT_DEFINITION('design','',#9705,#9708);
#9705 = PRODUCT_DEFINITION_FORMATION('','',#9706);
#9706 = PRODUCT('Y15','Y15','',(#9707));
#9707 = PRODUCT_CONTEXT('',#2,'mechanical');
#9708 = PRODUCT_DEFINITION_CONTEXT('part definition',#2,'design');
#9709 = CONTEXT_DEPENDENT_SHAPE_REPRESENTATION(#9710,#9712);
#9710 = ( REPRESENTATION_RELATIONSHIP('','',#9684,#10) 
REPRESENTATION_RELATIONSHIP_WITH_TRANSFORMATION(#9711) 
SHAPE_REPRESENTATION_RELATIONSHIP() );
#9711 = ITEM_DEFINED_TRANSFORMATION('','',#11,#1075);
#9712 = PRODUCT_DEFINITION_SHAPE('Placement','Placement of an item',
  #9713);
#9713 = NEXT_ASSEMBLY_USAGE_OCCURRENCE('266','=>[0:1:1:267]','',#5,#9704
  ,$);
#9714 = PRODUCT_RELATED_PRODUCT_CATEGORY('part',$,(#9706));
#9715 = ADVANCED_BREP_SHAPE_REPRESENTATION('',(#11,#9716),#9728);
#9716 = MANIFOLD_SOLID_BREP('',#9717);
#9717 = CLOSED_SHELL('',(#9718));
#9718 = ADVANCED_FACE('',(#9719),#9723,.T.);
#9719 = FACE_BOUND('',#9720,.T.);
#9720 = VERTEX_LOOP('',#9721);
#9721 = VERTEX_POINT('',#9722);
#9722 = CARTESIAN_POINT('',(7.654042494671E-18,-1.874699728327E-33,
    -0.125));
#9723 = SPHERICAL_SURFACE('',#9724,0.125);
#9724 = AXIS2_PLACEMENT_3D('',#9725,#9726,#9727);
#9725 = CARTESIAN_POINT('',(0.,0.,0.));
#9726 = DIRECTION('',(0.,0.,1.));
#9727 = DIRECTION('',(1.,0.,-0.));
#9728 = ( GEOMETRIC_REPRESENTATION_CONTEXT(3) 
GLOBAL_UNCERTAINTY_ASSIGNED_CONTEXT((#9732)) 
GLOBAL_UNIT_ASSIGNED_CONTEXT((#9729,#9730,#9731)) REPRESENTATION_CONTEXT
('Context #1','3D Context with UNIT and UNCERTAINTY') );
#9729 = ( LENGTH_UNIT() NAMED_UNIT(*) SI_UNIT(.MILLI.,.METRE.) );
#9730 = ( NAMED_UNIT(*) PLANE_ANGLE_UNIT() SI_UNIT($,.RADIAN.) );
#9731 = ( NAMED_UNIT(*) SI_UNIT($,.STERADIAN.) SOLID_ANGLE_UNIT() );
#9732 = UNCERTAINTY_MEASURE_WITH_UNIT(LENGTH_MEASURE(1.E-07),#9729,
  'distance_accuracy_value','confusion accuracy');
#9733 = SHAPE_DEFINITION_REPRESENTATION(#9734,#9715);
#9734 = PRODUCT_DEFINITION_SHAPE('','',#9735);
#9735 = PRODUCT_DEFINITION('design','',#9736,#9739);
#9736 = PRODUCT_DEFINITION_FORMATION('','',#9737);
#9737 = PRODUCT('Y16','Y16','',(#9738));
#9738 = PRODUCT_CONTEXT('',#2,'mechanical');
#9739 = PRODUCT_DEFINITION_CONTEXT('part definition',#2,'design');
#9740 = CONTEXT_DEPENDENT_SHAPE_REPRESENTATION(#9741,#9743);
#9741 = ( REPRESENTATION_RELATIONSHIP('','',#9715,#10) 
REPRESENTATION_RELATIONSHIP_WITH_TRANSFORMATION(#9742) 
SHAPE_REPRESENTATION_RELATIONSHIP() );
#9742 = ITEM_DEFINED_TRANSFORMATION('','',#11,#1079);
#9743 = PRODUCT_DEFINITION_SHAPE('Placement','Placement of an item',
  #9744);
#9744 = NEXT_ASSEMBLY_USAGE_OCCURRENCE('267','=>[0:1:1:268]','',#5,#9735
  ,$);
#9745 = PRODUCT_RELATED_PRODUCT_CATEGORY('part',$,(#9737));
#9746 = ADVANCED_BREP_SHAPE_REPRESENTATION('',(#11,#9747),#9759);
#9747 = MANIFOLD_SOLID_BREP('',#9748);
#9748 = CLOSED_SHELL('',(#9749));
#9749 = ADVANCED_FACE('',(#9750),#9754,.T.);
#9750 = FACE_BOUND('',#9751,.T.);
#9751 = VERTEX_LOOP('',#9752);
#9752 = VERTEX_POINT('',#9753);
#9753 = CARTESIAN_POINT('',(7.654042494671E-18,-1.874699728327E-33,
    -0.125));
#9754 = SPHERICAL_SURFACE('',#9755,0.125);
#9755 = AXIS2_PLACEMENT_3D('',#9756,#9757,#9758);
#9756 = CARTESIAN_POINT('',(0.,0.,0.));
#9757 = DIRECTION('',(0.,0.,1.));
#9758 = DIRECTION('',(1.,0.,-0.));
#9759 = ( GEOMETRIC_REPRESENTATION_CONTEXT(3) 
GLOBAL_UNCERTAINTY_ASSIGNED_CONTEXT((#9763)) 
GLOBAL_UNIT_ASSIGNED_CONTEXT((#9760,#9761,#9762)) REPRESENTATION_CONTEXT
('Context #1','3D Context with UNIT and UNCERTAINTY') );
#9760 = ( LENGTH_UNIT() NAMED_UNIT(*) SI_UNIT(.MILLI.,.METRE.) );
#9761 = ( NAMED_UNIT(*) PLANE_ANGLE_UNIT() SI_UNIT($,.RADIAN.) );
#9762 = ( NAMED_UNIT(*) SI_UNIT($,.STERADIAN.) SOLID_ANGLE_UNIT() );
#9763 = UNCERTAINTY_MEASURE_WITH_UNIT(LENGTH_MEASURE(1.E-07),#9760,
  'distance_accuracy_value','confusion accuracy');
#9764 = SHAPE_DEFINITION_REPRESENTATION(#9765,#9746);
#9765 = PRODUCT_DEFINITION_SHAPE('','',#9766);
#9766 = PRODUCT_DEFINITION('design','',#9767,#9770);
#9767 = PRODUCT_DEFINITION_FORMATION('','',#9768);
#9768 = PRODUCT('Y17','Y17','',(#9769));
#9769 = PRODUCT_CONTEXT('',#2,'mechanical');
#9770 = PRODUCT_DEFINITION_CONTEXT('part definition',#2,'design');
#9771 = CONTEXT_DEPENDENT_SHAPE_REPRESENTATION(#9772,#9774);
#9772 = ( REPRESENTATION_RELATIONSHIP('','',#9746,#10) 
REPRESENTATION_RELATIONSHIP_WITH_TRANSFORMATION(#9773) 
SHAPE_REPRESENTATION_RELATIONSHIP() );
#9773 = ITEM_DEFINED_TRANSFORMATION('','',#11,#1083);
#9774 = PRODUCT_DEFINITION_SHAPE('Placement','Placement of an item',
  #9775);
#9775 = NEXT_ASSEMBLY_USAGE_OCCURRENCE('268','=>[0:1:1:269]','',#5,#9766
  ,$);
#9776 = PRODUCT_RELATED_PRODUCT_CATEGORY('part',$,(#9768));
#9777 = ADVANCED_BREP_SHAPE_REPRESENTATION('',(#11,#9778),#9790);
#9778 = MANIFOLD_SOLID_BREP('',#9779);
#9779 = CLOSED_SHELL('',(#9780));
#9780 = ADVANCED_FACE('',(#9781),#9785,.T.);
#9781 = FACE_BOUND('',#9782,.T.);
#9782 = VERTEX_LOOP('',#9783);
#9783 = VERTEX_POINT('',#9784);
#9784 = CARTESIAN_POINT('',(7.654042494671E-18,-1.874699728327E-33,
    -0.125));
#9785 = SPHERICAL_SURFACE('',#9786,0.125);
#9786 = AXIS2_PLACEMENT_3D('',#9787,#9788,#9789);
#9787 = CARTESIAN_POINT('',(0.,0.,0.));
#9788 = DIRECTION('',(0.,0.,1.));
#9789 = DIRECTION('',(1.,0.,-0.));
#9790 = ( GEOMETRIC_REPRESENTATION_CONTEXT(3) 
GLOBAL_UNCERTAINTY_ASSIGNED_CONTEXT((#9794)) 
GLOBAL_UNIT_ASSIGNED_CONTEXT((#9791,#9792,#9793)) REPRESENTATION_CONTEXT
('Context #1','3D Context with UNIT and UNCERTAINTY') );
#9791 = ( LENGTH_UNIT() NAMED_UNIT(*) SI_UNIT(.MILLI.,.METRE.) );
#9792 = ( NAMED_UNIT(*) PLANE_ANGLE_UNIT() SI_UNIT($,.RADIAN.) );
#9793 = ( NAMED_UNIT(*) SI_UNIT($,.STERADIAN.) SOLID_ANGLE_UNIT() );
#9794 = UNCERTAINTY_MEASURE_WITH_UNIT(LENGTH_MEASURE(1.E-07),#9791,
  'distance_accuracy_value','confusion accuracy');
#9795 = SHAPE_DEFINITION_REPRESENTATION(#9796,#9777);
#9796 = PRODUCT_DEFINITION_SHAPE('','',#9797);
#9797 = PRODUCT_DEFINITION('design','',#9798,#9801);
#9798 = PRODUCT_DEFINITION_FORMATION('','',#9799);
#9799 = PRODUCT('Y18','Y18','',(#9800));
#9800 = PRODUCT_CONTEXT('',#2,'mechanical');
#9801 = PRODUCT_DEFINITION_CONTEXT('part definition',#2,'design');
#9802 = CONTEXT_DEPENDENT_SHAPE_REPRESENTATION(#9803,#9805);
#9803 = ( REPRESENTATION_RELATIONSHIP('','',#9777,#10) 
REPRESENTATION_RELATIONSHIP_WITH_TRANSFORMATION(#9804) 
SHAPE_REPRESENTATION_RELATIONSHIP() );
#9804 = ITEM_DEFINED_TRANSFORMATION('','',#11,#1087);
#9805 = PRODUCT_DEFINITION_SHAPE('Placement','Placement of an item',
  #9806);
#9806 = NEXT_ASSEMBLY_USAGE_OCCURRENCE('269','=>[0:1:1:270]','',#5,#9797
  ,$);
#9807 = PRODUCT_RELATED_PRODUCT_CATEGORY('part',$,(#9799));
#9808 = ADVANCED_BREP_SHAPE_REPRESENTATION('',(#11,#9809),#9821);
#9809 = MANIFOLD_SOLID_BREP('',#9810);
#9810 = CLOSED_SHELL('',(#9811));
#9811 = ADVANCED_FACE('',(#9812),#9816,.T.);
#9812 = FACE_BOUND('',#9813,.T.);
#9813 = VERTEX_LOOP('',#9814);
#9814 = VERTEX_POINT('',#9815);
#9815 = CARTESIAN_POINT('',(7.654042494671E-18,-1.874699728327E-33,
    -0.125));
#9816 = SPHERICAL_SURFACE('',#9817,0.125);
#9817 = AXIS2_PLACEMENT_3D('',#9818,#9819,#9820);
#9818 = CARTESIAN_POINT('',(0.,0.,0.));
#9819 = DIRECTION('',(0.,0.,1.));
#9820 = DIRECTION('',(1.,0.,-0.));
#9821 = ( GEOMETRIC_REPRESENTATION_CONTEXT(3) 
GLOBAL_UNCERTAINTY_ASSIGNED_CONTEXT((#9825)) 
GLOBAL_UNIT_ASSIGNED_CONTEXT((#9822,#9823,#9824)) REPRESENTATION_CONTEXT
('Context #1','3D Context with UNIT and UNCERTAINTY') );
#9822 = ( LENGTH_UNIT() NAMED_UNIT(*) SI_UNIT(.MILLI.,.METRE.) );
#9823 = ( NAMED_UNIT(*) PLANE_ANGLE_UNIT() SI_UNIT($,.RADIAN.) );
#9824 = ( NAMED_UNIT(*) SI_UNIT($,.STERADIAN.) SOLID_ANGLE_UNIT() );
#9825 = UNCERTAINTY_MEASURE_WITH_UNIT(LENGTH_MEASURE(1.E-07),#9822,
  'distance_accuracy_value','confusion accuracy');
#9826 = SHAPE_DEFINITION_REPRESENTATION(#9827,#9808);
#9827 = PRODUCT_DEFINITION_SHAPE('','',#9828);
#9828 = PRODUCT_DEFINITION('design','',#9829,#9832);
#9829 = PRODUCT_DEFINITION_FORMATION('','',#9830);
#9830 = PRODUCT('Y19','Y19','',(#9831));
#9831 = PRODUCT_CONTEXT('',#2,'mechanical');
#9832 = PRODUCT_DEFINITION_CONTEXT('part definition',#2,'design');
#9833 = CONTEXT_DEPENDENT_SHAPE_REPRESENTATION(#9834,#9836);
#9834 = ( REPRESENTATION_RELATIONSHIP('','',#9808,#10) 
REPRESENTATION_RELATIONSHIP_WITH_TRANSFORMATION(#9835) 
SHAPE_REPRESENTATION_RELATIONSHIP() );
#9835 = ITEM_DEFINED_TRANSFORMATION('','',#11,#1091);
#9836 = PRODUCT_DEFINITION_SHAPE('Placement','Placement of an item',
  #9837);
#9837 = NEXT_ASSEMBLY_USAGE_OCCURRENCE('270','=>[0:1:1:271]','',#5,#9828
  ,$);
#9838 = PRODUCT_RELATED_PRODUCT_CATEGORY('part',$,(#9830));
#9839 = ADVANCED_BREP_SHAPE_REPRESENTATION('',(#11,#9840),#9852);
#9840 = MANIFOLD_SOLID_BREP('',#9841);
#9841 = CLOSED_SHELL('',(#9842));
#9842 = ADVANCED_FACE('',(#9843),#9847,.T.);
#9843 = FACE_BOUND('',#9844,.T.);
#9844 = VERTEX_LOOP('',#9845);
#9845 = VERTEX_POINT('',#9846);
#9846 = CARTESIAN_POINT('',(7.654042494671E-18,-1.874699728327E-33,
    -0.125));
#9847 = SPHERICAL_SURFACE('',#9848,0.125);
#9848 = AXIS2_PLACEMENT_3D('',#9849,#9850,#9851);
#9849 = CARTESIAN_POINT('',(0.,0.,0.));
#9850 = DIRECTION('',(0.,0.,1.));
#9851 = DIRECTION('',(1.,0.,-0.));
#9852 = ( GEOMETRIC_REPRESENTATION_CONTEXT(3) 
GLOBAL_UNCERTAINTY_ASSIGNED_CONTEXT((#9856)) 
GLOBAL_UNIT_ASSIGNED_CONTEXT((#9853,#9854,#9855)) REPRESENTATION_CONTEXT
('Context #1','3D Context with UNIT and UNCERTAINTY') );
#9853 = ( LENGTH_UNIT() NAMED_UNIT(*) SI_UNIT(.MILLI.,.METRE.) );
#9854 = ( NAMED_UNIT(*) PLANE_ANGLE_UNIT() SI_UNIT($,.RADIAN.) );
#9855 = ( NAMED_UNIT(*) SI_UNIT($,.STERADIAN.) SOLID_ANGLE_UNIT() );
#9856 = UNCERTAINTY_MEASURE_WITH_UNIT(LENGTH_MEASURE(1.E-07),#9853,
  'distance_accuracy_value','confusion accuracy');
#9857 = SHAPE_DEFINITION_REPRESENTATION(#9858,#9839);
#9858 = PRODUCT_DEFINITION_SHAPE('','',#9859);
#9859 = PRODUCT_DEFINITION('design','',#9860,#9863);
#9860 = PRODUCT_DEFINITION_FORMATION('','',#9861);
#9861 = PRODUCT('Y20','Y20','',(#9862));
#9862 = PRODUCT_CONTEXT('',#2,'mechanical');
#9863 = PRODUCT_DEFINITION_CONTEXT('part definition',#2,'design');
#9864 = CONTEXT_DEPENDENT_SHAPE_REPRESENTATION(#9865,#9867);
#9865 = ( REPRESENTATION_RELATIONSHIP('','',#9839,#10) 
REPRESENTATION_RELATIONSHIP_WITH_TRANSFORMATION(#9866) 
SHAPE_REPRESENTATION_RELATIONSHIP() );
#9866 = ITEM_DEFINED_TRANSFORMATION('','',#11,#1095);
#9867 = PRODUCT_DEFINITION_SHAPE('Placement','Placement of an item',
  #9868);
#9868 = NEXT_ASSEMBLY_USAGE_OCCURRENCE('271','=>[0:1:1:272]','',#5,#9859
  ,$);
#9869 = PRODUCT_RELATED_PRODUCT_CATEGORY('part',$,(#9861));
#9870 = ADVANCED_BREP_SHAPE_REPRESENTATION('',(#11,#9871),#9883);
#9871 = MANIFOLD_SOLID_BREP('',#9872);
#9872 = CLOSED_SHELL('',(#9873));
#9873 = ADVANCED_FACE('',(#9874),#9878,.T.);
#9874 = FACE_BOUND('',#9875,.T.);
#9875 = VERTEX_LOOP('',#9876);
#9876 = VERTEX_POINT('',#9877);
#9877 = CARTESIAN_POINT('',(7.654042494671E-18,-1.874699728327E-33,
    -0.125));
#9878 = SPHERICAL_SURFACE('',#9879,0.125);
#9879 = AXIS2_PLACEMENT_3D('',#9880,#9881,#9882);
#9880 = CARTESIAN_POINT('',(0.,0.,0.));
#9881 = DIRECTION('',(0.,0.,1.));
#9882 = DIRECTION('',(1.,0.,-0.));
#9883 = ( GEOMETRIC_REPRESENTATION_CONTEXT(3) 
GLOBAL_UNCERTAINTY_ASSIGNED_CONTEXT((#9887)) 
GLOBAL_UNIT_ASSIGNED_CONTEXT((#9884,#9885,#9886)) REPRESENTATION_CONTEXT
('Context #1','3D Context with UNIT and UNCERTAINTY') );
#9884 = ( LENGTH_UNIT() NAMED_UNIT(*) SI_UNIT(.MILLI.,.METRE.) );
#9885 = ( NAMED_UNIT(*) PLANE_ANGLE_UNIT() SI_UNIT($,.RADIAN.) );
#9886 = ( NAMED_UNIT(*) SI_UNIT($,.STERADIAN.) SOLID_ANGLE_UNIT() );
#9887 = UNCERTAINTY_MEASURE_WITH_UNIT(LENGTH_MEASURE(1.E-07),#9884,
  'distance_accuracy_value','confusion accuracy');
#9888 = SHAPE_DEFINITION_REPRESENTATION(#9889,#9870);
#9889 = PRODUCT_DEFINITION_SHAPE('','',#9890);
#9890 = PRODUCT_DEFINITION('design','',#9891,#9894);
#9891 = PRODUCT_DEFINITION_FORMATION('','',#9892);
#9892 = PRODUCT('Y23','Y23','',(#9893));
#9893 = PRODUCT_CONTEXT('',#2,'mechanical');
#9894 = PRODUCT_DEFINITION_CONTEXT('part definition',#2,'design');
#9895 = CONTEXT_DEPENDENT_SHAPE_REPRESENTATION(#9896,#9898);
#9896 = ( REPRESENTATION_RELATIONSHIP('','',#9870,#10) 
REPRESENTATION_RELATIONSHIP_WITH_TRANSFORMATION(#9897) 
SHAPE_REPRESENTATION_RELATIONSHIP() );
#9897 = ITEM_DEFINED_TRANSFORMATION('','',#11,#1099);
#9898 = PRODUCT_DEFINITION_SHAPE('Placement','Placement of an item',
  #9899);
#9899 = NEXT_ASSEMBLY_USAGE_OCCURRENCE('272','=>[0:1:1:273]','',#5,#9890
  ,$);
#9900 = PRODUCT_RELATED_PRODUCT_CATEGORY('part',$,(#9892));
#9901 = ADVANCED_BREP_SHAPE_REPRESENTATION('',(#11,#9902),#9914);
#9902 = MANIFOLD_SOLID_BREP('',#9903);
#9903 = CLOSED_SHELL('',(#9904));
#9904 = ADVANCED_FACE('',(#9905),#9909,.T.);
#9905 = FACE_BOUND('',#9906,.T.);
#9906 = VERTEX_LOOP('',#9907);
#9907 = VERTEX_POINT('',#9908);
#9908 = CARTESIAN_POINT('',(7.654042494671E-18,-1.874699728327E-33,
    -0.125));
#9909 = SPHERICAL_SURFACE('',#9910,0.125);
#9910 = AXIS2_PLACEMENT_3D('',#9911,#9912,#9913);
#9911 = CARTESIAN_POINT('',(0.,0.,0.));
#9912 = DIRECTION('',(0.,0.,1.));
#9913 = DIRECTION('',(1.,0.,-0.));
#9914 = ( GEOMETRIC_REPRESENTATION_CONTEXT(3) 
GLOBAL_UNCERTAINTY_ASSIGNED_CONTEXT((#9918)) 
GLOBAL_UNIT_ASSIGNED_CONTEXT((#9915,#9916,#9917)) REPRESENTATION_CONTEXT
('Context #1','3D Context with UNIT and UNCERTAINTY') );
#9915 = ( LENGTH_UNIT() NAMED_UNIT(*) SI_UNIT(.MILLI.,.METRE.) );
#9916 = ( NAMED_UNIT(*) PLANE_ANGLE_UNIT() SI_UNIT($,.RADIAN.) );
#9917 = ( NAMED_UNIT(*) SI_UNIT($,.STERADIAN.) SOLID_ANGLE_UNIT() );
#9918 = UNCERTAINTY_MEASURE_WITH_UNIT(LENGTH_MEASURE(1.E-07),#9915,
  'distance_accuracy_value','confusion accuracy');
#9919 = SHAPE_DEFINITION_REPRESENTATION(#9920,#9901);
#9920 = PRODUCT_DEFINITION_SHAPE('','',#9921);
#9921 = PRODUCT_DEFINITION('design','',#9922,#9925);
#9922 = PRODUCT_DEFINITION_FORMATION('','',#9923);
#9923 = PRODUCT('Y24','Y24','',(#9924));
#9924 = PRODUCT_CONTEXT('',#2,'mechanical');
#9925 = PRODUCT_DEFINITION_CONTEXT('part definition',#2,'design');
#9926 = CONTEXT_DEPENDENT_SHAPE_REPRESENTATION(#9927,#9929);
#9927 = ( REPRESENTATION_RELATIONSHIP('','',#9901,#10) 
REPRESENTATION_RELATIONSHIP_WITH_TRANSFORMATION(#9928) 
SHAPE_REPRESENTATION_RELATIONSHIP() );
#9928 = ITEM_DEFINED_TRANSFORMATION('','',#11,#1103);
#9929 = PRODUCT_DEFINITION_SHAPE('Placement','Placement of an item',
  #9930);
#9930 = NEXT_ASSEMBLY_USAGE_OCCURRENCE('273','=>[0:1:1:274]','',#5,#9921
  ,$);
#9931 = PRODUCT_RELATED_PRODUCT_CATEGORY('part',$,(#9923));
#9932 = ADVANCED_BREP_SHAPE_REPRESENTATION('',(#11,#9933),#9945);
#9933 = MANIFOLD_SOLID_BREP('',#9934);
#9934 = CLOSED_SHELL('',(#9935));
#9935 = ADVANCED_FACE('',(#9936),#9940,.T.);
#9936 = FACE_BOUND('',#9937,.T.);
#9937 = VERTEX_LOOP('',#9938);
#9938 = VERTEX_POINT('',#9939);
#9939 = CARTESIAN_POINT('',(7.654042494671E-18,-1.874699728327E-33,
    -0.125));
#9940 = SPHERICAL_SURFACE('',#9941,0.125);
#9941 = AXIS2_PLACEMENT_3D('',#9942,#9943,#9944);
#9942 = CARTESIAN_POINT('',(0.,0.,0.));
#9943 = DIRECTION('',(0.,0.,1.));
#9944 = DIRECTION('',(1.,0.,-0.));
#9945 = ( GEOMETRIC_REPRESENTATION_CONTEXT(3) 
GLOBAL_UNCERTAINTY_ASSIGNED_CONTEXT((#9949)) 
GLOBAL_UNIT_ASSIGNED_CONTEXT((#9946,#9947,#9948)) REPRESENTATION_CONTEXT
('Context #1','3D Context with UNIT and UNCERTAINTY') );
#9946 = ( LENGTH_UNIT() NAMED_UNIT(*) SI_UNIT(.MILLI.,.METRE.) );
#9947 = ( NAMED_UNIT(*) PLANE_ANGLE_UNIT() SI_UNIT($,.RADIAN.) );
#9948 = ( NAMED_UNIT(*) SI_UNIT($,.STERADIAN.) SOLID_ANGLE_UNIT() );
#9949 = UNCERTAINTY_MEASURE_WITH_UNIT(LENGTH_MEASURE(1.E-07),#9946,
  'distance_accuracy_value','confusion accuracy');
#9950 = SHAPE_DEFINITION_REPRESENTATION(#9951,#9932);
#9951 = PRODUCT_DEFINITION_SHAPE('','',#9952);
#9952 = PRODUCT_DEFINITION('design','',#9953,#9956);
#9953 = PRODUCT_DEFINITION_FORMATION('','',#9954);
#9954 = PRODUCT('Y25','Y25','',(#9955));
#9955 = PRODUCT_CONTEXT('',#2,'mechanical');
#9956 = PRODUCT_DEFINITION_CONTEXT('part definition',#2,'design');
#9957 = CONTEXT_DEPENDENT_SHAPE_REPRESENTATION(#9958,#9960);
#9958 = ( REPRESENTATION_RELATIONSHIP('','',#9932,#10) 
REPRESENTATION_RELATIONSHIP_WITH_TRANSFORMATION(#9959) 
SHAPE_REPRESENTATION_RELATIONSHIP() );
#9959 = ITEM_DEFINED_TRANSFORMATION('','',#11,#1107);
#9960 = PRODUCT_DEFINITION_SHAPE('Placement','Placement of an item',
  #9961);
#9961 = NEXT_ASSEMBLY_USAGE_OCCURRENCE('274','=>[0:1:1:275]','',#5,#9952
  ,$);
#9962 = PRODUCT_RELATED_PRODUCT_CATEGORY('part',$,(#9954));
#9963 = ADVANCED_BREP_SHAPE_REPRESENTATION('',(#11,#9964),#9976);
#9964 = MANIFOLD_SOLID_BREP('',#9965);
#9965 = CLOSED_SHELL('',(#9966));
#9966 = ADVANCED_FACE('',(#9967),#9971,.T.);
#9967 = FACE_BOUND('',#9968,.T.);
#9968 = VERTEX_LOOP('',#9969);
#9969 = VERTEX_POINT('',#9970);
#9970 = CARTESIAN_POINT('',(7.654042494671E-18,-1.874699728327E-33,
    -0.125));
#9971 = SPHERICAL_SURFACE('',#9972,0.125);
#9972 = AXIS2_PLACEMENT_3D('',#9973,#9974,#9975);
#9973 = CARTESIAN_POINT('',(0.,0.,0.));
#9974 = DIRECTION('',(0.,0.,1.));
#9975 = DIRECTION('',(1.,0.,-0.));
#9976 = ( GEOMETRIC_REPRESENTATION_CONTEXT(3) 
GLOBAL_UNCERTAINTY_ASSIGNED_CONTEXT((#9980)) 
GLOBAL_UNIT_ASSIGNED_CONTEXT((#9977,#9978,#9979)) REPRESENTATION_CONTEXT
('Context #1','3D Context with UNIT and UNCERTAINTY') );
#9977 = ( LENGTH_UNIT() NAMED_UNIT(*) SI_UNIT(.MILLI.,.METRE.) );
#9978 = ( NAMED_UNIT(*) PLANE_ANGLE_UNIT() SI_UNIT($,.RADIAN.) );
#9979 = ( NAMED_UNIT(*) SI_UNIT($,.STERADIAN.) SOLID_ANGLE_UNIT() );
#9980 = UNCERTAINTY_MEASURE_WITH_UNIT(LENGTH_MEASURE(1.E-07),#9977,
  'distance_accuracy_value','confusion accuracy');
#9981 = SHAPE_DEFINITION_REPRESENTATION(#9982,#9963);
#9982 = PRODUCT_DEFINITION_SHAPE('','',#9983);
#9983 = PRODUCT_DEFINITION('design','',#9984,#9987);
#9984 = PRODUCT_DEFINITION_FORMATION('','',#9985);
#9985 = PRODUCT('AA1','AA1','',(#9986));
#9986 = PRODUCT_CONTEXT('',#2,'mechanical');
#9987 = PRODUCT_DEFINITION_CONTEXT('part definition',#2,'design');
#9988 = CONTEXT_DEPENDENT_SHAPE_REPRESENTATION(#9989,#9991);
#9989 = ( REPRESENTATION_RELATIONSHIP('','',#9963,#10) 
REPRESENTATION_RELATIONSHIP_WITH_TRANSFORMATION(#9990) 
SHAPE_REPRESENTATION_RELATIONSHIP() );
#9990 = ITEM_DEFINED_TRANSFORMATION('','',#11,#1111);
#9991 = PRODUCT_DEFINITION_SHAPE('Placement','Placement of an item',
  #9992);
#9992 = NEXT_ASSEMBLY_USAGE_OCCURRENCE('275','=>[0:1:1:276]','',#5,#9983
  ,$);
#9993 = PRODUCT_RELATED_PRODUCT_CATEGORY('part',$,(#9985));
#9994 = ADVANCED_BREP_SHAPE_REPRESENTATION('',(#11,#9995),#10007);
#9995 = MANIFOLD_SOLID_BREP('',#9996);
#9996 = CLOSED_SHELL('',(#9997));
#9997 = ADVANCED_FACE('',(#9998),#10002,.T.);
#9998 = FACE_BOUND('',#9999,.T.);
#9999 = VERTEX_LOOP('',#10000);
#10000 = VERTEX_POINT('',#10001);
#10001 = CARTESIAN_POINT('',(7.654042494671E-18,-1.874699728327E-33,
    -0.125));
#10002 = SPHERICAL_SURFACE('',#10003,0.125);
#10003 = AXIS2_PLACEMENT_3D('',#10004,#10005,#10006);
#10004 = CARTESIAN_POINT('',(0.,0.,0.));
#10005 = DIRECTION('',(0.,0.,1.));
#10006 = DIRECTION('',(1.,0.,-0.));
#10007 = ( GEOMETRIC_REPRESENTATION_CONTEXT(3) 
GLOBAL_UNCERTAINTY_ASSIGNED_CONTEXT((#10011)) 
GLOBAL_UNIT_ASSIGNED_CONTEXT((#10008,#10009,#10010)) 
REPRESENTATION_CONTEXT('Context #1',
  '3D Context with UNIT and UNCERTAINTY') );
#10008 = ( LENGTH_UNIT() NAMED_UNIT(*) SI_UNIT(.MILLI.,.METRE.) );
#10009 = ( NAMED_UNIT(*) PLANE_ANGLE_UNIT() SI_UNIT($,.RADIAN.) );
#10010 = ( NAMED_UNIT(*) SI_UNIT($,.STERADIAN.) SOLID_ANGLE_UNIT() );
#10011 = UNCERTAINTY_MEASURE_WITH_UNIT(LENGTH_MEASURE(1.E-07),#10008,
  'distance_accuracy_value','confusion accuracy');
#10012 = SHAPE_DEFINITION_REPRESENTATION(#10013,#9994);
#10013 = PRODUCT_DEFINITION_SHAPE('','',#10014);
#10014 = PRODUCT_DEFINITION('design','',#10015,#10018);
#10015 = PRODUCT_DEFINITION_FORMATION('','',#10016);
#10016 = PRODUCT('AA2','AA2','',(#10017));
#10017 = PRODUCT_CONTEXT('',#2,'mechanical');
#10018 = PRODUCT_DEFINITION_CONTEXT('part definition',#2,'design');
#10019 = CONTEXT_DEPENDENT_SHAPE_REPRESENTATION(#10020,#10022);
#10020 = ( REPRESENTATION_RELATIONSHIP('','',#9994,#10) 
REPRESENTATION_RELATIONSHIP_WITH_TRANSFORMATION(#10021) 
SHAPE_REPRESENTATION_RELATIONSHIP() );
#10021 = ITEM_DEFINED_TRANSFORMATION('','',#11,#1115);
#10022 = PRODUCT_DEFINITION_SHAPE('Placement','Placement of an item',
  #10023);
#10023 = NEXT_ASSEMBLY_USAGE_OCCURRENCE('276','=>[0:1:1:277]','',#5,
  #10014,$);
#10024 = PRODUCT_RELATED_PRODUCT_CATEGORY('part',$,(#10016));
#10025 = ADVANCED_BREP_SHAPE_REPRESENTATION('',(#11,#10026),#10038);
#10026 = MANIFOLD_SOLID_BREP('',#10027);
#10027 = CLOSED_SHELL('',(#10028));
#10028 = ADVANCED_FACE('',(#10029),#10033,.T.);
#10029 = FACE_BOUND('',#10030,.T.);
#10030 = VERTEX_LOOP('',#10031);
#10031 = VERTEX_POINT('',#10032);
#10032 = CARTESIAN_POINT('',(7.654042494671E-18,-1.874699728327E-33,
    -0.125));
#10033 = SPHERICAL_SURFACE('',#10034,0.125);
#10034 = AXIS2_PLACEMENT_3D('',#10035,#10036,#10037);
#10035 = CARTESIAN_POINT('',(0.,0.,0.));
#10036 = DIRECTION('',(0.,0.,1.));
#10037 = DIRECTION('',(1.,0.,-0.));
#10038 = ( GEOMETRIC_REPRESENTATION_CONTEXT(3) 
GLOBAL_UNCERTAINTY_ASSIGNED_CONTEXT((#10042)) 
GLOBAL_UNIT_ASSIGNED_CONTEXT((#10039,#10040,#10041)) 
REPRESENTATION_CONTEXT('Context #1',
  '3D Context with UNIT and UNCERTAINTY') );
#10039 = ( LENGTH_UNIT() NAMED_UNIT(*) SI_UNIT(.MILLI.,.METRE.) );
#10040 = ( NAMED_UNIT(*) PLANE_ANGLE_UNIT() SI_UNIT($,.RADIAN.) );
#10041 = ( NAMED_UNIT(*) SI_UNIT($,.STERADIAN.) SOLID_ANGLE_UNIT() );
#10042 = UNCERTAINTY_MEASURE_WITH_UNIT(LENGTH_MEASURE(1.E-07),#10039,
  'distance_accuracy_value','confusion accuracy');
#10043 = SHAPE_DEFINITION_REPRESENTATION(#10044,#10025);
#10044 = PRODUCT_DEFINITION_SHAPE('','',#10045);
#10045 = PRODUCT_DEFINITION('design','',#10046,#10049);
#10046 = PRODUCT_DEFINITION_FORMATION('','',#10047);
#10047 = PRODUCT('AA3','AA3','',(#10048));
#10048 = PRODUCT_CONTEXT('',#2,'mechanical');
#10049 = PRODUCT_DEFINITION_CONTEXT('part definition',#2,'design');
#10050 = CONTEXT_DEPENDENT_SHAPE_REPRESENTATION(#10051,#10053);
#10051 = ( REPRESENTATION_RELATIONSHIP('','',#10025,#10) 
REPRESENTATION_RELATIONSHIP_WITH_TRANSFORMATION(#10052) 
SHAPE_REPRESENTATION_RELATIONSHIP() );
#10052 = ITEM_DEFINED_TRANSFORMATION('','',#11,#1119);
#10053 = PRODUCT_DEFINITION_SHAPE('Placement','Placement of an item',
  #10054);
#10054 = NEXT_ASSEMBLY_USAGE_OCCURRENCE('277','=>[0:1:1:278]','',#5,
  #10045,$);
#10055 = PRODUCT_RELATED_PRODUCT_CATEGORY('part',$,(#10047));
#10056 = ADVANCED_BREP_SHAPE_REPRESENTATION('',(#11,#10057),#10069);
#10057 = MANIFOLD_SOLID_BREP('',#10058);
#10058 = CLOSED_SHELL('',(#10059));
#10059 = ADVANCED_FACE('',(#10060),#10064,.T.);
#10060 = FACE_BOUND('',#10061,.T.);
#10061 = VERTEX_LOOP('',#10062);
#10062 = VERTEX_POINT('',#10063);
#10063 = CARTESIAN_POINT('',(7.654042494671E-18,-1.874699728327E-33,
    -0.125));
#10064 = SPHERICAL_SURFACE('',#10065,0.125);
#10065 = AXIS2_PLACEMENT_3D('',#10066,#10067,#10068);
#10066 = CARTESIAN_POINT('',(0.,0.,0.));
#10067 = DIRECTION('',(0.,0.,1.));
#10068 = DIRECTION('',(1.,0.,-0.));
#10069 = ( GEOMETRIC_REPRESENTATION_CONTEXT(3) 
GLOBAL_UNCERTAINTY_ASSIGNED_CONTEXT((#10073)) 
GLOBAL_UNIT_ASSIGNED_CONTEXT((#10070,#10071,#10072)) 
REPRESENTATION_CONTEXT('Context #1',
  '3D Context with UNIT and UNCERTAINTY') );
#10070 = ( LENGTH_UNIT() NAMED_UNIT(*) SI_UNIT(.MILLI.,.METRE.) );
#10071 = ( NAMED_UNIT(*) PLANE_ANGLE_UNIT() SI_UNIT($,.RADIAN.) );
#10072 = ( NAMED_UNIT(*) SI_UNIT($,.STERADIAN.) SOLID_ANGLE_UNIT() );
#10073 = UNCERTAINTY_MEASURE_WITH_UNIT(LENGTH_MEASURE(1.E-07),#10070,
  'distance_accuracy_value','confusion accuracy');
#10074 = SHAPE_DEFINITION_REPRESENTATION(#10075,#10056);
#10075 = PRODUCT_DEFINITION_SHAPE('','',#10076);
#10076 = PRODUCT_DEFINITION('design','',#10077,#10080);
#10077 = PRODUCT_DEFINITION_FORMATION('','',#10078);
#10078 = PRODUCT('AA23','AA23','',(#10079));
#10079 = PRODUCT_CONTEXT('',#2,'mechanical');
#10080 = PRODUCT_DEFINITION_CONTEXT('part definition',#2,'design');
#10081 = CONTEXT_DEPENDENT_SHAPE_REPRESENTATION(#10082,#10084);
#10082 = ( REPRESENTATION_RELATIONSHIP('','',#10056,#10) 
REPRESENTATION_RELATIONSHIP_WITH_TRANSFORMATION(#10083) 
SHAPE_REPRESENTATION_RELATIONSHIP() );
#10083 = ITEM_DEFINED_TRANSFORMATION('','',#11,#1123);
#10084 = PRODUCT_DEFINITION_SHAPE('Placement','Placement of an item',
  #10085);
#10085 = NEXT_ASSEMBLY_USAGE_OCCURRENCE('278','=>[0:1:1:279]','',#5,
  #10076,$);
#10086 = PRODUCT_RELATED_PRODUCT_CATEGORY('part',$,(#10078));
#10087 = ADVANCED_BREP_SHAPE_REPRESENTATION('',(#11,#10088),#10100);
#10088 = MANIFOLD_SOLID_BREP('',#10089);
#10089 = CLOSED_SHELL('',(#10090));
#10090 = ADVANCED_FACE('',(#10091),#10095,.T.);
#10091 = FACE_BOUND('',#10092,.T.);
#10092 = VERTEX_LOOP('',#10093);
#10093 = VERTEX_POINT('',#10094);
#10094 = CARTESIAN_POINT('',(7.654042494671E-18,-1.874699728327E-33,
    -0.125));
#10095 = SPHERICAL_SURFACE('',#10096,0.125);
#10096 = AXIS2_PLACEMENT_3D('',#10097,#10098,#10099);
#10097 = CARTESIAN_POINT('',(0.,0.,0.));
#10098 = DIRECTION('',(0.,0.,1.));
#10099 = DIRECTION('',(1.,0.,-0.));
#10100 = ( GEOMETRIC_REPRESENTATION_CONTEXT(3) 
GLOBAL_UNCERTAINTY_ASSIGNED_CONTEXT((#10104)) 
GLOBAL_UNIT_ASSIGNED_CONTEXT((#10101,#10102,#10103)) 
REPRESENTATION_CONTEXT('Context #1',
  '3D Context with UNIT and UNCERTAINTY') );
#10101 = ( LENGTH_UNIT() NAMED_UNIT(*) SI_UNIT(.MILLI.,.METRE.) );
#10102 = ( NAMED_UNIT(*) PLANE_ANGLE_UNIT() SI_UNIT($,.RADIAN.) );
#10103 = ( NAMED_UNIT(*) SI_UNIT($,.STERADIAN.) SOLID_ANGLE_UNIT() );
#10104 = UNCERTAINTY_MEASURE_WITH_UNIT(LENGTH_MEASURE(1.E-07),#10101,
  'distance_accuracy_value','confusion accuracy');
#10105 = SHAPE_DEFINITION_REPRESENTATION(#10106,#10087);
#10106 = PRODUCT_DEFINITION_SHAPE('','',#10107);
#10107 = PRODUCT_DEFINITION('design','',#10108,#10111);
#10108 = PRODUCT_DEFINITION_FORMATION('','',#10109);
#10109 = PRODUCT('AA24','AA24','',(#10110));
#10110 = PRODUCT_CONTEXT('',#2,'mechanical');
#10111 = PRODUCT_DEFINITION_CONTEXT('part definition',#2,'design');
#10112 = CONTEXT_DEPENDENT_SHAPE_REPRESENTATION(#10113,#10115);
#10113 = ( REPRESENTATION_RELATIONSHIP('','',#10087,#10) 
REPRESENTATION_RELATIONSHIP_WITH_TRANSFORMATION(#10114) 
SHAPE_REPRESENTATION_RELATIONSHIP() );
#10114 = ITEM_DEFINED_TRANSFORMATION('','',#11,#1127);
#10115 = PRODUCT_DEFINITION_SHAPE('Placement','Placement of an item',
  #10116);
#10116 = NEXT_ASSEMBLY_USAGE_OCCURRENCE('279','=>[0:1:1:280]','',#5,
  #10107,$);
#10117 = PRODUCT_RELATED_PRODUCT_CATEGORY('part',$,(#10109));
#10118 = ADVANCED_BREP_SHAPE_REPRESENTATION('',(#11,#10119),#10131);
#10119 = MANIFOLD_SOLID_BREP('',#10120);
#10120 = CLOSED_SHELL('',(#10121));
#10121 = ADVANCED_FACE('',(#10122),#10126,.T.);
#10122 = FACE_BOUND('',#10123,.T.);
#10123 = VERTEX_LOOP('',#10124);
#10124 = VERTEX_POINT('',#10125);
#10125 = CARTESIAN_POINT('',(7.654042494671E-18,-1.874699728327E-33,
    -0.125));
#10126 = SPHERICAL_SURFACE('',#10127,0.125);
#10127 = AXIS2_PLACEMENT_3D('',#10128,#10129,#10130);
#10128 = CARTESIAN_POINT('',(0.,0.,0.));
#10129 = DIRECTION('',(0.,0.,1.));
#10130 = DIRECTION('',(1.,0.,-0.));
#10131 = ( GEOMETRIC_REPRESENTATION_CONTEXT(3) 
GLOBAL_UNCERTAINTY_ASSIGNED_CONTEXT((#10135)) 
GLOBAL_UNIT_ASSIGNED_CONTEXT((#10132,#10133,#10134)) 
REPRESENTATION_CONTEXT('Context #1',
  '3D Context with UNIT and UNCERTAINTY') );
#10132 = ( LENGTH_UNIT() NAMED_UNIT(*) SI_UNIT(.MILLI.,.METRE.) );
#10133 = ( NAMED_UNIT(*) PLANE_ANGLE_UNIT() SI_UNIT($,.RADIAN.) );
#10134 = ( NAMED_UNIT(*) SI_UNIT($,.STERADIAN.) SOLID_ANGLE_UNIT() );
#10135 = UNCERTAINTY_MEASURE_WITH_UNIT(LENGTH_MEASURE(1.E-07),#10132,
  'distance_accuracy_value','confusion accuracy');
#10136 = SHAPE_DEFINITION_REPRESENTATION(#10137,#10118);
#10137 = PRODUCT_DEFINITION_SHAPE('','',#10138);
#10138 = PRODUCT_DEFINITION('design','',#10139,#10142);
#10139 = PRODUCT_DEFINITION_FORMATION('','',#10140);
#10140 = PRODUCT('AA25','AA25','',(#10141));
#10141 = PRODUCT_CONTEXT('',#2,'mechanical');
#10142 = PRODUCT_DEFINITION_CONTEXT('part definition',#2,'design');
#10143 = CONTEXT_DEPENDENT_SHAPE_REPRESENTATION(#10144,#10146);
#10144 = ( REPRESENTATION_RELATIONSHIP('','',#10118,#10) 
REPRESENTATION_RELATIONSHIP_WITH_TRANSFORMATION(#10145) 
SHAPE_REPRESENTATION_RELATIONSHIP() );
#10145 = ITEM_DEFINED_TRANSFORMATION('','',#11,#1131);
#10146 = PRODUCT_DEFINITION_SHAPE('Placement','Placement of an item',
  #10147);
#10147 = NEXT_ASSEMBLY_USAGE_OCCURRENCE('280','=>[0:1:1:281]','',#5,
  #10138,$);
#10148 = PRODUCT_RELATED_PRODUCT_CATEGORY('part',$,(#10140));
#10149 = ADVANCED_BREP_SHAPE_REPRESENTATION('',(#11,#10150),#10162);
#10150 = MANIFOLD_SOLID_BREP('',#10151);
#10151 = CLOSED_SHELL('',(#10152));
#10152 = ADVANCED_FACE('',(#10153),#10157,.T.);
#10153 = FACE_BOUND('',#10154,.T.);
#10154 = VERTEX_LOOP('',#10155);
#10155 = VERTEX_POINT('',#10156);
#10156 = CARTESIAN_POINT('',(7.654042494671E-18,-1.874699728327E-33,
    -0.125));
#10157 = SPHERICAL_SURFACE('',#10158,0.125);
#10158 = AXIS2_PLACEMENT_3D('',#10159,#10160,#10161);
#10159 = CARTESIAN_POINT('',(0.,0.,0.));
#10160 = DIRECTION('',(0.,0.,1.));
#10161 = DIRECTION('',(1.,0.,-0.));
#10162 = ( GEOMETRIC_REPRESENTATION_CONTEXT(3) 
GLOBAL_UNCERTAINTY_ASSIGNED_CONTEXT((#10166)) 
GLOBAL_UNIT_ASSIGNED_CONTEXT((#10163,#10164,#10165)) 
REPRESENTATION_CONTEXT('Context #1',
  '3D Context with UNIT and UNCERTAINTY') );
#10163 = ( LENGTH_UNIT() NAMED_UNIT(*) SI_UNIT(.MILLI.,.METRE.) );
#10164 = ( NAMED_UNIT(*) PLANE_ANGLE_UNIT() SI_UNIT($,.RADIAN.) );
#10165 = ( NAMED_UNIT(*) SI_UNIT($,.STERADIAN.) SOLID_ANGLE_UNIT() );
#10166 = UNCERTAINTY_MEASURE_WITH_UNIT(LENGTH_MEASURE(1.E-07),#10163,
  'distance_accuracy_value','confusion accuracy');
#10167 = SHAPE_DEFINITION_REPRESENTATION(#10168,#10149);
#10168 = PRODUCT_DEFINITION_SHAPE('','',#10169);
#10169 = PRODUCT_DEFINITION('design','',#10170,#10173);
#10170 = PRODUCT_DEFINITION_FORMATION('','',#10171);
#10171 = PRODUCT('AB1','AB1','',(#10172));
#10172 = PRODUCT_CONTEXT('',#2,'mechanical');
#10173 = PRODUCT_DEFINITION_CONTEXT('part definition',#2,'design');
#10174 = CONTEXT_DEPENDENT_SHAPE_REPRESENTATION(#10175,#10177);
#10175 = ( REPRESENTATION_RELATIONSHIP('','',#10149,#10) 
REPRESENTATION_RELATIONSHIP_WITH_TRANSFORMATION(#10176) 
SHAPE_REPRESENTATION_RELATIONSHIP() );
#10176 = ITEM_DEFINED_TRANSFORMATION('','',#11,#1135);
#10177 = PRODUCT_DEFINITION_SHAPE('Placement','Placement of an item',
  #10178);
#10178 = NEXT_ASSEMBLY_USAGE_OCCURRENCE('281','=>[0:1:1:282]','',#5,
  #10169,$);
#10179 = PRODUCT_RELATED_PRODUCT_CATEGORY('part',$,(#10171));
#10180 = ADVANCED_BREP_SHAPE_REPRESENTATION('',(#11,#10181),#10193);
#10181 = MANIFOLD_SOLID_BREP('',#10182);
#10182 = CLOSED_SHELL('',(#10183));
#10183 = ADVANCED_FACE('',(#10184),#10188,.T.);
#10184 = FACE_BOUND('',#10185,.T.);
#10185 = VERTEX_LOOP('',#10186);
#10186 = VERTEX_POINT('',#10187);
#10187 = CARTESIAN_POINT('',(7.654042494671E-18,-1.874699728327E-33,
    -0.125));
#10188 = SPHERICAL_SURFACE('',#10189,0.125);
#10189 = AXIS2_PLACEMENT_3D('',#10190,#10191,#10192);
#10190 = CARTESIAN_POINT('',(0.,0.,0.));
#10191 = DIRECTION('',(0.,0.,1.));
#10192 = DIRECTION('',(1.,0.,-0.));
#10193 = ( GEOMETRIC_REPRESENTATION_CONTEXT(3) 
GLOBAL_UNCERTAINTY_ASSIGNED_CONTEXT((#10197)) 
GLOBAL_UNIT_ASSIGNED_CONTEXT((#10194,#10195,#10196)) 
REPRESENTATION_CONTEXT('Context #1',
  '3D Context with UNIT and UNCERTAINTY') );
#10194 = ( LENGTH_UNIT() NAMED_UNIT(*) SI_UNIT(.MILLI.,.METRE.) );
#10195 = ( NAMED_UNIT(*) PLANE_ANGLE_UNIT() SI_UNIT($,.RADIAN.) );
#10196 = ( NAMED_UNIT(*) SI_UNIT($,.STERADIAN.) SOLID_ANGLE_UNIT() );
#10197 = UNCERTAINTY_MEASURE_WITH_UNIT(LENGTH_MEASURE(1.E-07),#10194,
  'distance_accuracy_value','confusion accuracy');
#10198 = SHAPE_DEFINITION_REPRESENTATION(#10199,#10180);
#10199 = PRODUCT_DEFINITION_SHAPE('','',#10200);
#10200 = PRODUCT_DEFINITION('design','',#10201,#10204);
#10201 = PRODUCT_DEFINITION_FORMATION('','',#10202);
#10202 = PRODUCT('AB2','AB2','',(#10203));
#10203 = PRODUCT_CONTEXT('',#2,'mechanical');
#10204 = PRODUCT_DEFINITION_CONTEXT('part definition',#2,'design');
#10205 = CONTEXT_DEPENDENT_SHAPE_REPRESENTATION(#10206,#10208);
#10206 = ( REPRESENTATION_RELATIONSHIP('','',#10180,#10) 
REPRESENTATION_RELATIONSHIP_WITH_TRANSFORMATION(#10207) 
SHAPE_REPRESENTATION_RELATIONSHIP() );
#10207 = ITEM_DEFINED_TRANSFORMATION('','',#11,#1139);
#10208 = PRODUCT_DEFINITION_SHAPE('Placement','Placement of an item',
  #10209);
#10209 = NEXT_ASSEMBLY_USAGE_OCCURRENCE('282','=>[0:1:1:283]','',#5,
  #10200,$);
#10210 = PRODUCT_RELATED_PRODUCT_CATEGORY('part',$,(#10202));
#10211 = ADVANCED_BREP_SHAPE_REPRESENTATION('',(#11,#10212),#10224);
#10212 = MANIFOLD_SOLID_BREP('',#10213);
#10213 = CLOSED_SHELL('',(#10214));
#10214 = ADVANCED_FACE('',(#10215),#10219,.T.);
#10215 = FACE_BOUND('',#10216,.T.);
#10216 = VERTEX_LOOP('',#10217);
#10217 = VERTEX_POINT('',#10218);
#10218 = CARTESIAN_POINT('',(7.654042494671E-18,-1.874699728327E-33,
    -0.125));
#10219 = SPHERICAL_SURFACE('',#10220,0.125);
#10220 = AXIS2_PLACEMENT_3D('',#10221,#10222,#10223);
#10221 = CARTESIAN_POINT('',(0.,0.,0.));
#10222 = DIRECTION('',(0.,0.,1.));
#10223 = DIRECTION('',(1.,0.,-0.));
#10224 = ( GEOMETRIC_REPRESENTATION_CONTEXT(3) 
GLOBAL_UNCERTAINTY_ASSIGNED_CONTEXT((#10228)) 
GLOBAL_UNIT_ASSIGNED_CONTEXT((#10225,#10226,#10227)) 
REPRESENTATION_CONTEXT('Context #1',
  '3D Context with UNIT and UNCERTAINTY') );
#10225 = ( LENGTH_UNIT() NAMED_UNIT(*) SI_UNIT(.MILLI.,.METRE.) );
#10226 = ( NAMED_UNIT(*) PLANE_ANGLE_UNIT() SI_UNIT($,.RADIAN.) );
#10227 = ( NAMED_UNIT(*) SI_UNIT($,.STERADIAN.) SOLID_ANGLE_UNIT() );
#10228 = UNCERTAINTY_MEASURE_WITH_UNIT(LENGTH_MEASURE(1.E-07),#10225,
  'distance_accuracy_value','confusion accuracy');
#10229 = SHAPE_DEFINITION_REPRESENTATION(#10230,#10211);
#10230 = PRODUCT_DEFINITION_SHAPE('','',#10231);
#10231 = PRODUCT_DEFINITION('design','',#10232,#10235);
#10232 = PRODUCT_DEFINITION_FORMATION('','',#10233);
#10233 = PRODUCT('AB3','AB3','',(#10234));
#10234 = PRODUCT_CONTEXT('',#2,'mechanical');
#10235 = PRODUCT_DEFINITION_CONTEXT('part definition',#2,'design');
#10236 = CONTEXT_DEPENDENT_SHAPE_REPRESENTATION(#10237,#10239);
#10237 = ( REPRESENTATION_RELATIONSHIP('','',#10211,#10) 
REPRESENTATION_RELATIONSHIP_WITH_TRANSFORMATION(#10238) 
SHAPE_REPRESENTATION_RELATIONSHIP() );
#10238 = ITEM_DEFINED_TRANSFORMATION('','',#11,#1143);
#10239 = PRODUCT_DEFINITION_SHAPE('Placement','Placement of an item',
  #10240);
#10240 = NEXT_ASSEMBLY_USAGE_OCCURRENCE('283','=>[0:1:1:284]','',#5,
  #10231,$);
#10241 = PRODUCT_RELATED_PRODUCT_CATEGORY('part',$,(#10233));
#10242 = ADVANCED_BREP_SHAPE_REPRESENTATION('',(#11,#10243),#10255);
#10243 = MANIFOLD_SOLID_BREP('',#10244);
#10244 = CLOSED_SHELL('',(#10245));
#10245 = ADVANCED_FACE('',(#10246),#10250,.T.);
#10246 = FACE_BOUND('',#10247,.T.);
#10247 = VERTEX_LOOP('',#10248);
#10248 = VERTEX_POINT('',#10249);
#10249 = CARTESIAN_POINT('',(7.654042494671E-18,-1.874699728327E-33,
    -0.125));
#10250 = SPHERICAL_SURFACE('',#10251,0.125);
#10251 = AXIS2_PLACEMENT_3D('',#10252,#10253,#10254);
#10252 = CARTESIAN_POINT('',(0.,0.,0.));
#10253 = DIRECTION('',(0.,0.,1.));
#10254 = DIRECTION('',(1.,0.,-0.));
#10255 = ( GEOMETRIC_REPRESENTATION_CONTEXT(3) 
GLOBAL_UNCERTAINTY_ASSIGNED_CONTEXT((#10259)) 
GLOBAL_UNIT_ASSIGNED_CONTEXT((#10256,#10257,#10258)) 
REPRESENTATION_CONTEXT('Context #1',
  '3D Context with UNIT and UNCERTAINTY') );
#10256 = ( LENGTH_UNIT() NAMED_UNIT(*) SI_UNIT(.MILLI.,.METRE.) );
#10257 = ( NAMED_UNIT(*) PLANE_ANGLE_UNIT() SI_UNIT($,.RADIAN.) );
#10258 = ( NAMED_UNIT(*) SI_UNIT($,.STERADIAN.) SOLID_ANGLE_UNIT() );
#10259 = UNCERTAINTY_MEASURE_WITH_UNIT(LENGTH_MEASURE(1.E-07),#10256,
  'distance_accuracy_value','confusion accuracy');
#10260 = SHAPE_DEFINITION_REPRESENTATION(#10261,#10242);
#10261 = PRODUCT_DEFINITION_SHAPE('','',#10262);
#10262 = PRODUCT_DEFINITION('design','',#10263,#10266);
#10263 = PRODUCT_DEFINITION_FORMATION('','',#10264);
#10264 = PRODUCT('AB23','AB23','',(#10265));
#10265 = PRODUCT_CONTEXT('',#2,'mechanical');
#10266 = PRODUCT_DEFINITION_CONTEXT('part definition',#2,'design');
#10267 = CONTEXT_DEPENDENT_SHAPE_REPRESENTATION(#10268,#10270);
#10268 = ( REPRESENTATION_RELATIONSHIP('','',#10242,#10) 
REPRESENTATION_RELATIONSHIP_WITH_TRANSFORMATION(#10269) 
SHAPE_REPRESENTATION_RELATIONSHIP() );
#10269 = ITEM_DEFINED_TRANSFORMATION('','',#11,#1147);
#10270 = PRODUCT_DEFINITION_SHAPE('Placement','Placement of an item',
  #10271);
#10271 = NEXT_ASSEMBLY_USAGE_OCCURRENCE('284','=>[0:1:1:285]','',#5,
  #10262,$);
#10272 = PRODUCT_RELATED_PRODUCT_CATEGORY('part',$,(#10264));
#10273 = ADVANCED_BREP_SHAPE_REPRESENTATION('',(#11,#10274),#10286);
#10274 = MANIFOLD_SOLID_BREP('',#10275);
#10275 = CLOSED_SHELL('',(#10276));
#10276 = ADVANCED_FACE('',(#10277),#10281,.T.);
#10277 = FACE_BOUND('',#10278,.T.);
#10278 = VERTEX_LOOP('',#10279);
#10279 = VERTEX_POINT('',#10280);
#10280 = CARTESIAN_POINT('',(7.654042494671E-18,-1.874699728327E-33,
    -0.125));
#10281 = SPHERICAL_SURFACE('',#10282,0.125);
#10282 = AXIS2_PLACEMENT_3D('',#10283,#10284,#10285);
#10283 = CARTESIAN_POINT('',(0.,0.,0.));
#10284 = DIRECTION('',(0.,0.,1.));
#10285 = DIRECTION('',(1.,0.,-0.));
#10286 = ( GEOMETRIC_REPRESENTATION_CONTEXT(3) 
GLOBAL_UNCERTAINTY_ASSIGNED_CONTEXT((#10290)) 
GLOBAL_UNIT_ASSIGNED_CONTEXT((#10287,#10288,#10289)) 
REPRESENTATION_CONTEXT('Context #1',
  '3D Context with UNIT and UNCERTAINTY') );
#10287 = ( LENGTH_UNIT() NAMED_UNIT(*) SI_UNIT(.MILLI.,.METRE.) );
#10288 = ( NAMED_UNIT(*) PLANE_ANGLE_UNIT() SI_UNIT($,.RADIAN.) );
#10289 = ( NAMED_UNIT(*) SI_UNIT($,.STERADIAN.) SOLID_ANGLE_UNIT() );
#10290 = UNCERTAINTY_MEASURE_WITH_UNIT(LENGTH_MEASURE(1.E-07),#10287,
  'distance_accuracy_value','confusion accuracy');
#10291 = SHAPE_DEFINITION_REPRESENTATION(#10292,#10273);
#10292 = PRODUCT_DEFINITION_SHAPE('','',#10293);
#10293 = PRODUCT_DEFINITION('design','',#10294,#10297);
#10294 = PRODUCT_DEFINITION_FORMATION('','',#10295);
#10295 = PRODUCT('AB24','AB24','',(#10296));
#10296 = PRODUCT_CONTEXT('',#2,'mechanical');
#10297 = PRODUCT_DEFINITION_CONTEXT('part definition',#2,'design');
#10298 = CONTEXT_DEPENDENT_SHAPE_REPRESENTATION(#10299,#10301);
#10299 = ( REPRESENTATION_RELATIONSHIP('','',#10273,#10) 
REPRESENTATION_RELATIONSHIP_WITH_TRANSFORMATION(#10300) 
SHAPE_REPRESENTATION_RELATIONSHIP() );
#10300 = ITEM_DEFINED_TRANSFORMATION('','',#11,#1151);
#10301 = PRODUCT_DEFINITION_SHAPE('Placement','Placement of an item',
  #10302);
#10302 = NEXT_ASSEMBLY_USAGE_OCCURRENCE('285','=>[0:1:1:286]','',#5,
  #10293,$);
#10303 = PRODUCT_RELATED_PRODUCT_CATEGORY('part',$,(#10295));
#10304 = ADVANCED_BREP_SHAPE_REPRESENTATION('',(#11,#10305),#10317);
#10305 = MANIFOLD_SOLID_BREP('',#10306);
#10306 = CLOSED_SHELL('',(#10307));
#10307 = ADVANCED_FACE('',(#10308),#10312,.T.);
#10308 = FACE_BOUND('',#10309,.T.);
#10309 = VERTEX_LOOP('',#10310);
#10310 = VERTEX_POINT('',#10311);
#10311 = CARTESIAN_POINT('',(7.654042494671E-18,-1.874699728327E-33,
    -0.125));
#10312 = SPHERICAL_SURFACE('',#10313,0.125);
#10313 = AXIS2_PLACEMENT_3D('',#10314,#10315,#10316);
#10314 = CARTESIAN_POINT('',(0.,0.,0.));
#10315 = DIRECTION('',(0.,0.,1.));
#10316 = DIRECTION('',(1.,0.,-0.));
#10317 = ( GEOMETRIC_REPRESENTATION_CONTEXT(3) 
GLOBAL_UNCERTAINTY_ASSIGNED_CONTEXT((#10321)) 
GLOBAL_UNIT_ASSIGNED_CONTEXT((#10318,#10319,#10320)) 
REPRESENTATION_CONTEXT('Context #1',
  '3D Context with UNIT and UNCERTAINTY') );
#10318 = ( LENGTH_UNIT() NAMED_UNIT(*) SI_UNIT(.MILLI.,.METRE.) );
#10319 = ( NAMED_UNIT(*) PLANE_ANGLE_UNIT() SI_UNIT($,.RADIAN.) );
#10320 = ( NAMED_UNIT(*) SI_UNIT($,.STERADIAN.) SOLID_ANGLE_UNIT() );
#10321 = UNCERTAINTY_MEASURE_WITH_UNIT(LENGTH_MEASURE(1.E-07),#10318,
  'distance_accuracy_value','confusion accuracy');
#10322 = SHAPE_DEFINITION_REPRESENTATION(#10323,#10304);
#10323 = PRODUCT_DEFINITION_SHAPE('','',#10324);
#10324 = PRODUCT_DEFINITION('design','',#10325,#10328);
#10325 = PRODUCT_DEFINITION_FORMATION('','',#10326);
#10326 = PRODUCT('AB25','AB25','',(#10327));
#10327 = PRODUCT_CONTEXT('',#2,'mechanical');
#10328 = PRODUCT_DEFINITION_CONTEXT('part definition',#2,'design');
#10329 = CONTEXT_DEPENDENT_SHAPE_REPRESENTATION(#10330,#10332);
#10330 = ( REPRESENTATION_RELATIONSHIP('','',#10304,#10) 
REPRESENTATION_RELATIONSHIP_WITH_TRANSFORMATION(#10331) 
SHAPE_REPRESENTATION_RELATIONSHIP() );
#10331 = ITEM_DEFINED_TRANSFORMATION('','',#11,#1155);
#10332 = PRODUCT_DEFINITION_SHAPE('Placement','Placement of an item',
  #10333);
#10333 = NEXT_ASSEMBLY_USAGE_OCCURRENCE('286','=>[0:1:1:287]','',#5,
  #10324,$);
#10334 = PRODUCT_RELATED_PRODUCT_CATEGORY('part',$,(#10326));
#10335 = ADVANCED_BREP_SHAPE_REPRESENTATION('',(#11,#10336),#10348);
#10336 = MANIFOLD_SOLID_BREP('',#10337);
#10337 = CLOSED_SHELL('',(#10338));
#10338 = ADVANCED_FACE('',(#10339),#10343,.T.);
#10339 = FACE_BOUND('',#10340,.T.);
#10340 = VERTEX_LOOP('',#10341);
#10341 = VERTEX_POINT('',#10342);
#10342 = CARTESIAN_POINT('',(7.654042494671E-18,-1.874699728327E-33,
    -0.125));
#10343 = SPHERICAL_SURFACE('',#10344,0.125);
#10344 = AXIS2_PLACEMENT_3D('',#10345,#10346,#10347);
#10345 = CARTESIAN_POINT('',(0.,0.,0.));
#10346 = DIRECTION('',(0.,0.,1.));
#10347 = DIRECTION('',(1.,0.,-0.));
#10348 = ( GEOMETRIC_REPRESENTATION_CONTEXT(3) 
GLOBAL_UNCERTAINTY_ASSIGNED_CONTEXT((#10352)) 
GLOBAL_UNIT_ASSIGNED_CONTEXT((#10349,#10350,#10351)) 
REPRESENTATION_CONTEXT('Context #1',
  '3D Context with UNIT and UNCERTAINTY') );
#10349 = ( LENGTH_UNIT() NAMED_UNIT(*) SI_UNIT(.MILLI.,.METRE.) );
#10350 = ( NAMED_UNIT(*) PLANE_ANGLE_UNIT() SI_UNIT($,.RADIAN.) );
#10351 = ( NAMED_UNIT(*) SI_UNIT($,.STERADIAN.) SOLID_ANGLE_UNIT() );
#10352 = UNCERTAINTY_MEASURE_WITH_UNIT(LENGTH_MEASURE(1.E-07),#10349,
  'distance_accuracy_value','confusion accuracy');
#10353 = SHAPE_DEFINITION_REPRESENTATION(#10354,#10335);
#10354 = PRODUCT_DEFINITION_SHAPE('','',#10355);
#10355 = PRODUCT_DEFINITION('design','',#10356,#10359);
#10356 = PRODUCT_DEFINITION_FORMATION('','',#10357);
#10357 = PRODUCT('AC1','AC1','',(#10358));
#10358 = PRODUCT_CONTEXT('',#2,'mechanical');
#10359 = PRODUCT_DEFINITION_CONTEXT('part definition',#2,'design');
#10360 = CONTEXT_DEPENDENT_SHAPE_REPRESENTATION(#10361,#10363);
#10361 = ( REPRESENTATION_RELATIONSHIP('','',#10335,#10) 
REPRESENTATION_RELATIONSHIP_WITH_TRANSFORMATION(#10362) 
SHAPE_REPRESENTATION_RELATIONSHIP() );
#10362 = ITEM_DEFINED_TRANSFORMATION('','',#11,#1159);
#10363 = PRODUCT_DEFINITION_SHAPE('Placement','Placement of an item',
  #10364);
#10364 = NEXT_ASSEMBLY_USAGE_OCCURRENCE('287','=>[0:1:1:288]','',#5,
  #10355,$);
#10365 = PRODUCT_RELATED_PRODUCT_CATEGORY('part',$,(#10357));
#10366 = ADVANCED_BREP_SHAPE_REPRESENTATION('',(#11,#10367),#10379);
#10367 = MANIFOLD_SOLID_BREP('',#10368);
#10368 = CLOSED_SHELL('',(#10369));
#10369 = ADVANCED_FACE('',(#10370),#10374,.T.);
#10370 = FACE_BOUND('',#10371,.T.);
#10371 = VERTEX_LOOP('',#10372);
#10372 = VERTEX_POINT('',#10373);
#10373 = CARTESIAN_POINT('',(7.654042494671E-18,-1.874699728327E-33,
    -0.125));
#10374 = SPHERICAL_SURFACE('',#10375,0.125);
#10375 = AXIS2_PLACEMENT_3D('',#10376,#10377,#10378);
#10376 = CARTESIAN_POINT('',(0.,0.,0.));
#10377 = DIRECTION('',(0.,0.,1.));
#10378 = DIRECTION('',(1.,0.,-0.));
#10379 = ( GEOMETRIC_REPRESENTATION_CONTEXT(3) 
GLOBAL_UNCERTAINTY_ASSIGNED_CONTEXT((#10383)) 
GLOBAL_UNIT_ASSIGNED_CONTEXT((#10380,#10381,#10382)) 
REPRESENTATION_CONTEXT('Context #1',
  '3D Context with UNIT and UNCERTAINTY') );
#10380 = ( LENGTH_UNIT() NAMED_UNIT(*) SI_UNIT(.MILLI.,.METRE.) );
#10381 = ( NAMED_UNIT(*) PLANE_ANGLE_UNIT() SI_UNIT($,.RADIAN.) );
#10382 = ( NAMED_UNIT(*) SI_UNIT($,.STERADIAN.) SOLID_ANGLE_UNIT() );
#10383 = UNCERTAINTY_MEASURE_WITH_UNIT(LENGTH_MEASURE(1.E-07),#10380,
  'distance_accuracy_value','confusion accuracy');
#10384 = SHAPE_DEFINITION_REPRESENTATION(#10385,#10366);
#10385 = PRODUCT_DEFINITION_SHAPE('','',#10386);
#10386 = PRODUCT_DEFINITION('design','',#10387,#10390);
#10387 = PRODUCT_DEFINITION_FORMATION('','',#10388);
#10388 = PRODUCT('AC2','AC2','',(#10389));
#10389 = PRODUCT_CONTEXT('',#2,'mechanical');
#10390 = PRODUCT_DEFINITION_CONTEXT('part definition',#2,'design');
#10391 = CONTEXT_DEPENDENT_SHAPE_REPRESENTATION(#10392,#10394);
#10392 = ( REPRESENTATION_RELATIONSHIP('','',#10366,#10) 
REPRESENTATION_RELATIONSHIP_WITH_TRANSFORMATION(#10393) 
SHAPE_REPRESENTATION_RELATIONSHIP() );
#10393 = ITEM_DEFINED_TRANSFORMATION('','',#11,#1163);
#10394 = PRODUCT_DEFINITION_SHAPE('Placement','Placement of an item',
  #10395);
#10395 = NEXT_ASSEMBLY_USAGE_OCCURRENCE('288','=>[0:1:1:289]','',#5,
  #10386,$);
#10396 = PRODUCT_RELATED_PRODUCT_CATEGORY('part',$,(#10388));
#10397 = ADVANCED_BREP_SHAPE_REPRESENTATION('',(#11,#10398),#10410);
#10398 = MANIFOLD_SOLID_BREP('',#10399);
#10399 = CLOSED_SHELL('',(#10400));
#10400 = ADVANCED_FACE('',(#10401),#10405,.T.);
#10401 = FACE_BOUND('',#10402,.T.);
#10402 = VERTEX_LOOP('',#10403);
#10403 = VERTEX_POINT('',#10404);
#10404 = CARTESIAN_POINT('',(7.654042494671E-18,-1.874699728327E-33,
    -0.125));
#10405 = SPHERICAL_SURFACE('',#10406,0.125);
#10406 = AXIS2_PLACEMENT_3D('',#10407,#10408,#10409);
#10407 = CARTESIAN_POINT('',(0.,0.,0.));
#10408 = DIRECTION('',(0.,0.,1.));
#10409 = DIRECTION('',(1.,0.,-0.));
#10410 = ( GEOMETRIC_REPRESENTATION_CONTEXT(3) 
GLOBAL_UNCERTAINTY_ASSIGNED_CONTEXT((#10414)) 
GLOBAL_UNIT_ASSIGNED_CONTEXT((#10411,#10412,#10413)) 
REPRESENTATION_CONTEXT('Context #1',
  '3D Context with UNIT and UNCERTAINTY') );
#10411 = ( LENGTH_UNIT() NAMED_UNIT(*) SI_UNIT(.MILLI.,.METRE.) );
#10412 = ( NAMED_UNIT(*) PLANE_ANGLE_UNIT() SI_UNIT($,.RADIAN.) );
#10413 = ( NAMED_UNIT(*) SI_UNIT($,.STERADIAN.) SOLID_ANGLE_UNIT() );
#10414 = UNCERTAINTY_MEASURE_WITH_UNIT(LENGTH_MEASURE(1.E-07),#10411,
  'distance_accuracy_value','confusion accuracy');
#10415 = SHAPE_DEFINITION_REPRESENTATION(#10416,#10397);
#10416 = PRODUCT_DEFINITION_SHAPE('','',#10417);
#10417 = PRODUCT_DEFINITION('design','',#10418,#10421);
#10418 = PRODUCT_DEFINITION_FORMATION('','',#10419);
#10419 = PRODUCT('AC3','AC3','',(#10420));
#10420 = PRODUCT_CONTEXT('',#2,'mechanical');
#10421 = PRODUCT_DEFINITION_CONTEXT('part definition',#2,'design');
#10422 = CONTEXT_DEPENDENT_SHAPE_REPRESENTATION(#10423,#10425);
#10423 = ( REPRESENTATION_RELATIONSHIP('','',#10397,#10) 
REPRESENTATION_RELATIONSHIP_WITH_TRANSFORMATION(#10424) 
SHAPE_REPRESENTATION_RELATIONSHIP() );
#10424 = ITEM_DEFINED_TRANSFORMATION('','',#11,#1167);
#10425 = PRODUCT_DEFINITION_SHAPE('Placement','Placement of an item',
  #10426);
#10426 = NEXT_ASSEMBLY_USAGE_OCCURRENCE('289','=>[0:1:1:290]','',#5,
  #10417,$);
#10427 = PRODUCT_RELATED_PRODUCT_CATEGORY('part',$,(#10419));
#10428 = ADVANCED_BREP_SHAPE_REPRESENTATION('',(#11,#10429),#10441);
#10429 = MANIFOLD_SOLID_BREP('',#10430);
#10430 = CLOSED_SHELL('',(#10431));
#10431 = ADVANCED_FACE('',(#10432),#10436,.T.);
#10432 = FACE_BOUND('',#10433,.T.);
#10433 = VERTEX_LOOP('',#10434);
#10434 = VERTEX_POINT('',#10435);
#10435 = CARTESIAN_POINT('',(7.654042494671E-18,-1.874699728327E-33,
    -0.125));
#10436 = SPHERICAL_SURFACE('',#10437,0.125);
#10437 = AXIS2_PLACEMENT_3D('',#10438,#10439,#10440);
#10438 = CARTESIAN_POINT('',(0.,0.,0.));
#10439 = DIRECTION('',(0.,0.,1.));
#10440 = DIRECTION('',(1.,0.,-0.));
#10441 = ( GEOMETRIC_REPRESENTATION_CONTEXT(3) 
GLOBAL_UNCERTAINTY_ASSIGNED_CONTEXT((#10445)) 
GLOBAL_UNIT_ASSIGNED_CONTEXT((#10442,#10443,#10444)) 
REPRESENTATION_CONTEXT('Context #1',
  '3D Context with UNIT and UNCERTAINTY') );
#10442 = ( LENGTH_UNIT() NAMED_UNIT(*) SI_UNIT(.MILLI.,.METRE.) );
#10443 = ( NAMED_UNIT(*) PLANE_ANGLE_UNIT() SI_UNIT($,.RADIAN.) );
#10444 = ( NAMED_UNIT(*) SI_UNIT($,.STERADIAN.) SOLID_ANGLE_UNIT() );
#10445 = UNCERTAINTY_MEASURE_WITH_UNIT(LENGTH_MEASURE(1.E-07),#10442,
  'distance_accuracy_value','confusion accuracy');
#10446 = SHAPE_DEFINITION_REPRESENTATION(#10447,#10428);
#10447 = PRODUCT_DEFINITION_SHAPE('','',#10448);
#10448 = PRODUCT_DEFINITION('design','',#10449,#10452);
#10449 = PRODUCT_DEFINITION_FORMATION('','',#10450);
#10450 = PRODUCT('AC4','AC4','',(#10451));
#10451 = PRODUCT_CONTEXT('',#2,'mechanical');
#10452 = PRODUCT_DEFINITION_CONTEXT('part definition',#2,'design');
#10453 = CONTEXT_DEPENDENT_SHAPE_REPRESENTATION(#10454,#10456);
#10454 = ( REPRESENTATION_RELATIONSHIP('','',#10428,#10) 
REPRESENTATION_RELATIONSHIP_WITH_TRANSFORMATION(#10455) 
SHAPE_REPRESENTATION_RELATIONSHIP() );
#10455 = ITEM_DEFINED_TRANSFORMATION('','',#11,#1171);
#10456 = PRODUCT_DEFINITION_SHAPE('Placement','Placement of an item',
  #10457);
#10457 = NEXT_ASSEMBLY_USAGE_OCCURRENCE('290','=>[0:1:1:291]','',#5,
  #10448,$);
#10458 = PRODUCT_RELATED_PRODUCT_CATEGORY('part',$,(#10450));
#10459 = ADVANCED_BREP_SHAPE_REPRESENTATION('',(#11,#10460),#10472);
#10460 = MANIFOLD_SOLID_BREP('',#10461);
#10461 = CLOSED_SHELL('',(#10462));
#10462 = ADVANCED_FACE('',(#10463),#10467,.T.);
#10463 = FACE_BOUND('',#10464,.T.);
#10464 = VERTEX_LOOP('',#10465);
#10465 = VERTEX_POINT('',#10466);
#10466 = CARTESIAN_POINT('',(7.654042494671E-18,-1.874699728327E-33,
    -0.125));
#10467 = SPHERICAL_SURFACE('',#10468,0.125);
#10468 = AXIS2_PLACEMENT_3D('',#10469,#10470,#10471);
#10469 = CARTESIAN_POINT('',(0.,0.,0.));
#10470 = DIRECTION('',(0.,0.,1.));
#10471 = DIRECTION('',(1.,0.,-0.));
#10472 = ( GEOMETRIC_REPRESENTATION_CONTEXT(3) 
GLOBAL_UNCERTAINTY_ASSIGNED_CONTEXT((#10476)) 
GLOBAL_UNIT_ASSIGNED_CONTEXT((#10473,#10474,#10475)) 
REPRESENTATION_CONTEXT('Context #1',
  '3D Context with UNIT and UNCERTAINTY') );
#10473 = ( LENGTH_UNIT() NAMED_UNIT(*) SI_UNIT(.MILLI.,.METRE.) );
#10474 = ( NAMED_UNIT(*) PLANE_ANGLE_UNIT() SI_UNIT($,.RADIAN.) );
#10475 = ( NAMED_UNIT(*) SI_UNIT($,.STERADIAN.) SOLID_ANGLE_UNIT() );
#10476 = UNCERTAINTY_MEASURE_WITH_UNIT(LENGTH_MEASURE(1.E-07),#10473,
  'distance_accuracy_value','confusion accuracy');
#10477 = SHAPE_DEFINITION_REPRESENTATION(#10478,#10459);
#10478 = PRODUCT_DEFINITION_SHAPE('','',#10479);
#10479 = PRODUCT_DEFINITION('design','',#10480,#10483);
#10480 = PRODUCT_DEFINITION_FORMATION('','',#10481);
#10481 = PRODUCT('AC5','AC5','',(#10482));
#10482 = PRODUCT_CONTEXT('',#2,'mechanical');
#10483 = PRODUCT_DEFINITION_CONTEXT('part definition',#2,'design');
#10484 = CONTEXT_DEPENDENT_SHAPE_REPRESENTATION(#10485,#10487);
#10485 = ( REPRESENTATION_RELATIONSHIP('','',#10459,#10) 
REPRESENTATION_RELATIONSHIP_WITH_TRANSFORMATION(#10486) 
SHAPE_REPRESENTATION_RELATIONSHIP() );
#10486 = ITEM_DEFINED_TRANSFORMATION('','',#11,#1175);
#10487 = PRODUCT_DEFINITION_SHAPE('Placement','Placement of an item',
  #10488);
#10488 = NEXT_ASSEMBLY_USAGE_OCCURRENCE('291','=>[0:1:1:292]','',#5,
  #10479,$);
#10489 = PRODUCT_RELATED_PRODUCT_CATEGORY('part',$,(#10481));
#10490 = ADVANCED_BREP_SHAPE_REPRESENTATION('',(#11,#10491),#10503);
#10491 = MANIFOLD_SOLID_BREP('',#10492);
#10492 = CLOSED_SHELL('',(#10493));
#10493 = ADVANCED_FACE('',(#10494),#10498,.T.);
#10494 = FACE_BOUND('',#10495,.T.);
#10495 = VERTEX_LOOP('',#10496);
#10496 = VERTEX_POINT('',#10497);
#10497 = CARTESIAN_POINT('',(7.654042494671E-18,-1.874699728327E-33,
    -0.125));
#10498 = SPHERICAL_SURFACE('',#10499,0.125);
#10499 = AXIS2_PLACEMENT_3D('',#10500,#10501,#10502);
#10500 = CARTESIAN_POINT('',(0.,0.,0.));
#10501 = DIRECTION('',(0.,0.,1.));
#10502 = DIRECTION('',(1.,0.,-0.));
#10503 = ( GEOMETRIC_REPRESENTATION_CONTEXT(3) 
GLOBAL_UNCERTAINTY_ASSIGNED_CONTEXT((#10507)) 
GLOBAL_UNIT_ASSIGNED_CONTEXT((#10504,#10505,#10506)) 
REPRESENTATION_CONTEXT('Context #1',
  '3D Context with UNIT and UNCERTAINTY') );
#10504 = ( LENGTH_UNIT() NAMED_UNIT(*) SI_UNIT(.MILLI.,.METRE.) );
#10505 = ( NAMED_UNIT(*) PLANE_ANGLE_UNIT() SI_UNIT($,.RADIAN.) );
#10506 = ( NAMED_UNIT(*) SI_UNIT($,.STERADIAN.) SOLID_ANGLE_UNIT() );
#10507 = UNCERTAINTY_MEASURE_WITH_UNIT(LENGTH_MEASURE(1.E-07),#10504,
  'distance_accuracy_value','confusion accuracy');
#10508 = SHAPE_DEFINITION_REPRESENTATION(#10509,#10490);
#10509 = PRODUCT_DEFINITION_SHAPE('','',#10510);
#10510 = PRODUCT_DEFINITION('design','',#10511,#10514);
#10511 = PRODUCT_DEFINITION_FORMATION('','',#10512);
#10512 = PRODUCT('AC6','AC6','',(#10513));
#10513 = PRODUCT_CONTEXT('',#2,'mechanical');
#10514 = PRODUCT_DEFINITION_CONTEXT('part definition',#2,'design');
#10515 = CONTEXT_DEPENDENT_SHAPE_REPRESENTATION(#10516,#10518);
#10516 = ( REPRESENTATION_RELATIONSHIP('','',#10490,#10) 
REPRESENTATION_RELATIONSHIP_WITH_TRANSFORMATION(#10517) 
SHAPE_REPRESENTATION_RELATIONSHIP() );
#10517 = ITEM_DEFINED_TRANSFORMATION('','',#11,#1179);
#10518 = PRODUCT_DEFINITION_SHAPE('Placement','Placement of an item',
  #10519);
#10519 = NEXT_ASSEMBLY_USAGE_OCCURRENCE('292','=>[0:1:1:293]','',#5,
  #10510,$);
#10520 = PRODUCT_RELATED_PRODUCT_CATEGORY('part',$,(#10512));
#10521 = ADVANCED_BREP_SHAPE_REPRESENTATION('',(#11,#10522),#10534);
#10522 = MANIFOLD_SOLID_BREP('',#10523);
#10523 = CLOSED_SHELL('',(#10524));
#10524 = ADVANCED_FACE('',(#10525),#10529,.T.);
#10525 = FACE_BOUND('',#10526,.T.);
#10526 = VERTEX_LOOP('',#10527);
#10527 = VERTEX_POINT('',#10528);
#10528 = CARTESIAN_POINT('',(7.654042494671E-18,-1.874699728327E-33,
    -0.125));
#10529 = SPHERICAL_SURFACE('',#10530,0.125);
#10530 = AXIS2_PLACEMENT_3D('',#10531,#10532,#10533);
#10531 = CARTESIAN_POINT('',(0.,0.,0.));
#10532 = DIRECTION('',(0.,0.,1.));
#10533 = DIRECTION('',(1.,0.,-0.));
#10534 = ( GEOMETRIC_REPRESENTATION_CONTEXT(3) 
GLOBAL_UNCERTAINTY_ASSIGNED_CONTEXT((#10538)) 
GLOBAL_UNIT_ASSIGNED_CONTEXT((#10535,#10536,#10537)) 
REPRESENTATION_CONTEXT('Context #1',
  '3D Context with UNIT and UNCERTAINTY') );
#10535 = ( LENGTH_UNIT() NAMED_UNIT(*) SI_UNIT(.MILLI.,.METRE.) );
#10536 = ( NAMED_UNIT(*) PLANE_ANGLE_UNIT() SI_UNIT($,.RADIAN.) );
#10537 = ( NAMED_UNIT(*) SI_UNIT($,.STERADIAN.) SOLID_ANGLE_UNIT() );
#10538 = UNCERTAINTY_MEASURE_WITH_UNIT(LENGTH_MEASURE(1.E-07),#10535,
  'distance_accuracy_value','confusion accuracy');
#10539 = SHAPE_DEFINITION_REPRESENTATION(#10540,#10521);
#10540 = PRODUCT_DEFINITION_SHAPE('','',#10541);
#10541 = PRODUCT_DEFINITION('design','',#10542,#10545);
#10542 = PRODUCT_DEFINITION_FORMATION('','',#10543);
#10543 = PRODUCT('AC7','AC7','',(#10544));
#10544 = PRODUCT_CONTEXT('',#2,'mechanical');
#10545 = PRODUCT_DEFINITION_CONTEXT('part definition',#2,'design');
#10546 = CONTEXT_DEPENDENT_SHAPE_REPRESENTATION(#10547,#10549);
#10547 = ( REPRESENTATION_RELATIONSHIP('','',#10521,#10) 
REPRESENTATION_RELATIONSHIP_WITH_TRANSFORMATION(#10548) 
SHAPE_REPRESENTATION_RELATIONSHIP() );
#10548 = ITEM_DEFINED_TRANSFORMATION('','',#11,#1183);
#10549 = PRODUCT_DEFINITION_SHAPE('Placement','Placement of an item',
  #10550);
#10550 = NEXT_ASSEMBLY_USAGE_OCCURRENCE('293','=>[0:1:1:294]','',#5,
  #10541,$);
#10551 = PRODUCT_RELATED_PRODUCT_CATEGORY('part',$,(#10543));
#10552 = ADVANCED_BREP_SHAPE_REPRESENTATION('',(#11,#10553),#10565);
#10553 = MANIFOLD_SOLID_BREP('',#10554);
#10554 = CLOSED_SHELL('',(#10555));
#10555 = ADVANCED_FACE('',(#10556),#10560,.T.);
#10556 = FACE_BOUND('',#10557,.T.);
#10557 = VERTEX_LOOP('',#10558);
#10558 = VERTEX_POINT('',#10559);
#10559 = CARTESIAN_POINT('',(7.654042494671E-18,-1.874699728327E-33,
    -0.125));
#10560 = SPHERICAL_SURFACE('',#10561,0.125);
#10561 = AXIS2_PLACEMENT_3D('',#10562,#10563,#10564);
#10562 = CARTESIAN_POINT('',(0.,0.,0.));
#10563 = DIRECTION('',(0.,0.,1.));
#10564 = DIRECTION('',(1.,0.,-0.));
#10565 = ( GEOMETRIC_REPRESENTATION_CONTEXT(3) 
GLOBAL_UNCERTAINTY_ASSIGNED_CONTEXT((#10569)) 
GLOBAL_UNIT_ASSIGNED_CONTEXT((#10566,#10567,#10568)) 
REPRESENTATION_CONTEXT('Context #1',
  '3D Context with UNIT and UNCERTAINTY') );
#10566 = ( LENGTH_UNIT() NAMED_UNIT(*) SI_UNIT(.MILLI.,.METRE.) );
#10567 = ( NAMED_UNIT(*) PLANE_ANGLE_UNIT() SI_UNIT($,.RADIAN.) );
#10568 = ( NAMED_UNIT(*) SI_UNIT($,.STERADIAN.) SOLID_ANGLE_UNIT() );
#10569 = UNCERTAINTY_MEASURE_WITH_UNIT(LENGTH_MEASURE(1.E-07),#10566,
  'distance_accuracy_value','confusion accuracy');
#10570 = SHAPE_DEFINITION_REPRESENTATION(#10571,#10552);
#10571 = PRODUCT_DEFINITION_SHAPE('','',#10572);
#10572 = PRODUCT_DEFINITION('design','',#10573,#10576);
#10573 = PRODUCT_DEFINITION_FORMATION('','',#10574);
#10574 = PRODUCT('AC8','AC8','',(#10575));
#10575 = PRODUCT_CONTEXT('',#2,'mechanical');
#10576 = PRODUCT_DEFINITION_CONTEXT('part definition',#2,'design');
#10577 = CONTEXT_DEPENDENT_SHAPE_REPRESENTATION(#10578,#10580);
#10578 = ( REPRESENTATION_RELATIONSHIP('','',#10552,#10) 
REPRESENTATION_RELATIONSHIP_WITH_TRANSFORMATION(#10579) 
SHAPE_REPRESENTATION_RELATIONSHIP() );
#10579 = ITEM_DEFINED_TRANSFORMATION('','',#11,#1187);
#10580 = PRODUCT_DEFINITION_SHAPE('Placement','Placement of an item',
  #10581);
#10581 = NEXT_ASSEMBLY_USAGE_OCCURRENCE('294','=>[0:1:1:295]','',#5,
  #10572,$);
#10582 = PRODUCT_RELATED_PRODUCT_CATEGORY('part',$,(#10574));
#10583 = ADVANCED_BREP_SHAPE_REPRESENTATION('',(#11,#10584),#10596);
#10584 = MANIFOLD_SOLID_BREP('',#10585);
#10585 = CLOSED_SHELL('',(#10586));
#10586 = ADVANCED_FACE('',(#10587),#10591,.T.);
#10587 = FACE_BOUND('',#10588,.T.);
#10588 = VERTEX_LOOP('',#10589);
#10589 = VERTEX_POINT('',#10590);
#10590 = CARTESIAN_POINT('',(7.654042494671E-18,-1.874699728327E-33,
    -0.125));
#10591 = SPHERICAL_SURFACE('',#10592,0.125);
#10592 = AXIS2_PLACEMENT_3D('',#10593,#10594,#10595);
#10593 = CARTESIAN_POINT('',(0.,0.,0.));
#10594 = DIRECTION('',(0.,0.,1.));
#10595 = DIRECTION('',(1.,0.,-0.));
#10596 = ( GEOMETRIC_REPRESENTATION_CONTEXT(3) 
GLOBAL_UNCERTAINTY_ASSIGNED_CONTEXT((#10600)) 
GLOBAL_UNIT_ASSIGNED_CONTEXT((#10597,#10598,#10599)) 
REPRESENTATION_CONTEXT('Context #1',
  '3D Context with UNIT and UNCERTAINTY') );
#10597 = ( LENGTH_UNIT() NAMED_UNIT(*) SI_UNIT(.MILLI.,.METRE.) );
#10598 = ( NAMED_UNIT(*) PLANE_ANGLE_UNIT() SI_UNIT($,.RADIAN.) );
#10599 = ( NAMED_UNIT(*) SI_UNIT($,.STERADIAN.) SOLID_ANGLE_UNIT() );
#10600 = UNCERTAINTY_MEASURE_WITH_UNIT(LENGTH_MEASURE(1.E-07),#10597,
  'distance_accuracy_value','confusion accuracy');
#10601 = SHAPE_DEFINITION_REPRESENTATION(#10602,#10583);
#10602 = PRODUCT_DEFINITION_SHAPE('','',#10603);
#10603 = PRODUCT_DEFINITION('design','',#10604,#10607);
#10604 = PRODUCT_DEFINITION_FORMATION('','',#10605);
#10605 = PRODUCT('AC9','AC9','',(#10606));
#10606 = PRODUCT_CONTEXT('',#2,'mechanical');
#10607 = PRODUCT_DEFINITION_CONTEXT('part definition',#2,'design');
#10608 = CONTEXT_DEPENDENT_SHAPE_REPRESENTATION(#10609,#10611);
#10609 = ( REPRESENTATION_RELATIONSHIP('','',#10583,#10) 
REPRESENTATION_RELATIONSHIP_WITH_TRANSFORMATION(#10610) 
SHAPE_REPRESENTATION_RELATIONSHIP() );
#10610 = ITEM_DEFINED_TRANSFORMATION('','',#11,#1191);
#10611 = PRODUCT_DEFINITION_SHAPE('Placement','Placement of an item',
  #10612);
#10612 = NEXT_ASSEMBLY_USAGE_OCCURRENCE('295','=>[0:1:1:296]','',#5,
  #10603,$);
#10613 = PRODUCT_RELATED_PRODUCT_CATEGORY('part',$,(#10605));
#10614 = ADVANCED_BREP_SHAPE_REPRESENTATION('',(#11,#10615),#10627);
#10615 = MANIFOLD_SOLID_BREP('',#10616);
#10616 = CLOSED_SHELL('',(#10617));
#10617 = ADVANCED_FACE('',(#10618),#10622,.T.);
#10618 = FACE_BOUND('',#10619,.T.);
#10619 = VERTEX_LOOP('',#10620);
#10620 = VERTEX_POINT('',#10621);
#10621 = CARTESIAN_POINT('',(7.654042494671E-18,-1.874699728327E-33,
    -0.125));
#10622 = SPHERICAL_SURFACE('',#10623,0.125);
#10623 = AXIS2_PLACEMENT_3D('',#10624,#10625,#10626);
#10624 = CARTESIAN_POINT('',(0.,0.,0.));
#10625 = DIRECTION('',(0.,0.,1.));
#10626 = DIRECTION('',(1.,0.,-0.));
#10627 = ( GEOMETRIC_REPRESENTATION_CONTEXT(3) 
GLOBAL_UNCERTAINTY_ASSIGNED_CONTEXT((#10631)) 
GLOBAL_UNIT_ASSIGNED_CONTEXT((#10628,#10629,#10630)) 
REPRESENTATION_CONTEXT('Context #1',
  '3D Context with UNIT and UNCERTAINTY') );
#10628 = ( LENGTH_UNIT() NAMED_UNIT(*) SI_UNIT(.MILLI.,.METRE.) );
#10629 = ( NAMED_UNIT(*) PLANE_ANGLE_UNIT() SI_UNIT($,.RADIAN.) );
#10630 = ( NAMED_UNIT(*) SI_UNIT($,.STERADIAN.) SOLID_ANGLE_UNIT() );
#10631 = UNCERTAINTY_MEASURE_WITH_UNIT(LENGTH_MEASURE(1.E-07),#10628,
  'distance_accuracy_value','confusion accuracy');
#10632 = SHAPE_DEFINITION_REPRESENTATION(#10633,#10614);
#10633 = PRODUCT_DEFINITION_SHAPE('','',#10634);
#10634 = PRODUCT_DEFINITION('design','',#10635,#10638);
#10635 = PRODUCT_DEFINITION_FORMATION('','',#10636);
#10636 = PRODUCT('AC10','AC10','',(#10637));
#10637 = PRODUCT_CONTEXT('',#2,'mechanical');
#10638 = PRODUCT_DEFINITION_CONTEXT('part definition',#2,'design');
#10639 = CONTEXT_DEPENDENT_SHAPE_REPRESENTATION(#10640,#10642);
#10640 = ( REPRESENTATION_RELATIONSHIP('','',#10614,#10) 
REPRESENTATION_RELATIONSHIP_WITH_TRANSFORMATION(#10641) 
SHAPE_REPRESENTATION_RELATIONSHIP() );
#10641 = ITEM_DEFINED_TRANSFORMATION('','',#11,#1195);
#10642 = PRODUCT_DEFINITION_SHAPE('Placement','Placement of an item',
  #10643);
#10643 = NEXT_ASSEMBLY_USAGE_OCCURRENCE('296','=>[0:1:1:297]','',#5,
  #10634,$);
#10644 = PRODUCT_RELATED_PRODUCT_CATEGORY('part',$,(#10636));
#10645 = ADVANCED_BREP_SHAPE_REPRESENTATION('',(#11,#10646),#10658);
#10646 = MANIFOLD_SOLID_BREP('',#10647);
#10647 = CLOSED_SHELL('',(#10648));
#10648 = ADVANCED_FACE('',(#10649),#10653,.T.);
#10649 = FACE_BOUND('',#10650,.T.);
#10650 = VERTEX_LOOP('',#10651);
#10651 = VERTEX_POINT('',#10652);
#10652 = CARTESIAN_POINT('',(7.654042494671E-18,-1.874699728327E-33,
    -0.125));
#10653 = SPHERICAL_SURFACE('',#10654,0.125);
#10654 = AXIS2_PLACEMENT_3D('',#10655,#10656,#10657);
#10655 = CARTESIAN_POINT('',(0.,0.,0.));
#10656 = DIRECTION('',(0.,0.,1.));
#10657 = DIRECTION('',(1.,0.,-0.));
#10658 = ( GEOMETRIC_REPRESENTATION_CONTEXT(3) 
GLOBAL_UNCERTAINTY_ASSIGNED_CONTEXT((#10662)) 
GLOBAL_UNIT_ASSIGNED_CONTEXT((#10659,#10660,#10661)) 
REPRESENTATION_CONTEXT('Context #1',
  '3D Context with UNIT and UNCERTAINTY') );
#10659 = ( LENGTH_UNIT() NAMED_UNIT(*) SI_UNIT(.MILLI.,.METRE.) );
#10660 = ( NAMED_UNIT(*) PLANE_ANGLE_UNIT() SI_UNIT($,.RADIAN.) );
#10661 = ( NAMED_UNIT(*) SI_UNIT($,.STERADIAN.) SOLID_ANGLE_UNIT() );
#10662 = UNCERTAINTY_MEASURE_WITH_UNIT(LENGTH_MEASURE(1.E-07),#10659,
  'distance_accuracy_value','confusion accuracy');
#10663 = SHAPE_DEFINITION_REPRESENTATION(#10664,#10645);
#10664 = PRODUCT_DEFINITION_SHAPE('','',#10665);
#10665 = PRODUCT_DEFINITION('design','',#10666,#10669);
#10666 = PRODUCT_DEFINITION_FORMATION('','',#10667);
#10667 = PRODUCT('AC11','AC11','',(#10668));
#10668 = PRODUCT_CONTEXT('',#2,'mechanical');
#10669 = PRODUCT_DEFINITION_CONTEXT('part definition',#2,'design');
#10670 = CONTEXT_DEPENDENT_SHAPE_REPRESENTATION(#10671,#10673);
#10671 = ( REPRESENTATION_RELATIONSHIP('','',#10645,#10) 
REPRESENTATION_RELATIONSHIP_WITH_TRANSFORMATION(#10672) 
SHAPE_REPRESENTATION_RELATIONSHIP() );
#10672 = ITEM_DEFINED_TRANSFORMATION('','',#11,#1199);
#10673 = PRODUCT_DEFINITION_SHAPE('Placement','Placement of an item',
  #10674);
#10674 = NEXT_ASSEMBLY_USAGE_OCCURRENCE('297','=>[0:1:1:298]','',#5,
  #10665,$);
#10675 = PRODUCT_RELATED_PRODUCT_CATEGORY('part',$,(#10667));
#10676 = ADVANCED_BREP_SHAPE_REPRESENTATION('',(#11,#10677),#10689);
#10677 = MANIFOLD_SOLID_BREP('',#10678);
#10678 = CLOSED_SHELL('',(#10679));
#10679 = ADVANCED_FACE('',(#10680),#10684,.T.);
#10680 = FACE_BOUND('',#10681,.T.);
#10681 = VERTEX_LOOP('',#10682);
#10682 = VERTEX_POINT('',#10683);
#10683 = CARTESIAN_POINT('',(7.654042494671E-18,-1.874699728327E-33,
    -0.125));
#10684 = SPHERICAL_SURFACE('',#10685,0.125);
#10685 = AXIS2_PLACEMENT_3D('',#10686,#10687,#10688);
#10686 = CARTESIAN_POINT('',(0.,0.,0.));
#10687 = DIRECTION('',(0.,0.,1.));
#10688 = DIRECTION('',(1.,0.,-0.));
#10689 = ( GEOMETRIC_REPRESENTATION_CONTEXT(3) 
GLOBAL_UNCERTAINTY_ASSIGNED_CONTEXT((#10693)) 
GLOBAL_UNIT_ASSIGNED_CONTEXT((#10690,#10691,#10692)) 
REPRESENTATION_CONTEXT('Context #1',
  '3D Context with UNIT and UNCERTAINTY') );
#10690 = ( LENGTH_UNIT() NAMED_UNIT(*) SI_UNIT(.MILLI.,.METRE.) );
#10691 = ( NAMED_UNIT(*) PLANE_ANGLE_UNIT() SI_UNIT($,.RADIAN.) );
#10692 = ( NAMED_UNIT(*) SI_UNIT($,.STERADIAN.) SOLID_ANGLE_UNIT() );
#10693 = UNCERTAINTY_MEASURE_WITH_UNIT(LENGTH_MEASURE(1.E-07),#10690,
  'distance_accuracy_value','confusion accuracy');
#10694 = SHAPE_DEFINITION_REPRESENTATION(#10695,#10676);
#10695 = PRODUCT_DEFINITION_SHAPE('','',#10696);
#10696 = PRODUCT_DEFINITION('design','',#10697,#10700);
#10697 = PRODUCT_DEFINITION_FORMATION('','',#10698);
#10698 = PRODUCT('AC12','AC12','',(#10699));
#10699 = PRODUCT_CONTEXT('',#2,'mechanical');
#10700 = PRODUCT_DEFINITION_CONTEXT('part definition',#2,'design');
#10701 = CONTEXT_DEPENDENT_SHAPE_REPRESENTATION(#10702,#10704);
#10702 = ( REPRESENTATION_RELATIONSHIP('','',#10676,#10) 
REPRESENTATION_RELATIONSHIP_WITH_TRANSFORMATION(#10703) 
SHAPE_REPRESENTATION_RELATIONSHIP() );
#10703 = ITEM_DEFINED_TRANSFORMATION('','',#11,#1203);
#10704 = PRODUCT_DEFINITION_SHAPE('Placement','Placement of an item',
  #10705);
#10705 = NEXT_ASSEMBLY_USAGE_OCCURRENCE('298','=>[0:1:1:299]','',#5,
  #10696,$);
#10706 = PRODUCT_RELATED_PRODUCT_CATEGORY('part',$,(#10698));
#10707 = ADVANCED_BREP_SHAPE_REPRESENTATION('',(#11,#10708),#10720);
#10708 = MANIFOLD_SOLID_BREP('',#10709);
#10709 = CLOSED_SHELL('',(#10710));
#10710 = ADVANCED_FACE('',(#10711),#10715,.T.);
#10711 = FACE_BOUND('',#10712,.T.);
#10712 = VERTEX_LOOP('',#10713);
#10713 = VERTEX_POINT('',#10714);
#10714 = CARTESIAN_POINT('',(7.654042494671E-18,-1.874699728327E-33,
    -0.125));
#10715 = SPHERICAL_SURFACE('',#10716,0.125);
#10716 = AXIS2_PLACEMENT_3D('',#10717,#10718,#10719);
#10717 = CARTESIAN_POINT('',(0.,0.,0.));
#10718 = DIRECTION('',(0.,0.,1.));
#10719 = DIRECTION('',(1.,0.,-0.));
#10720 = ( GEOMETRIC_REPRESENTATION_CONTEXT(3) 
GLOBAL_UNCERTAINTY_ASSIGNED_CONTEXT((#10724)) 
GLOBAL_UNIT_ASSIGNED_CONTEXT((#10721,#10722,#10723)) 
REPRESENTATION_CONTEXT('Context #1',
  '3D Context with UNIT and UNCERTAINTY') );
#10721 = ( LENGTH_UNIT() NAMED_UNIT(*) SI_UNIT(.MILLI.,.METRE.) );
#10722 = ( NAMED_UNIT(*) PLANE_ANGLE_UNIT() SI_UNIT($,.RADIAN.) );
#10723 = ( NAMED_UNIT(*) SI_UNIT($,.STERADIAN.) SOLID_ANGLE_UNIT() );
#10724 = UNCERTAINTY_MEASURE_WITH_UNIT(LENGTH_MEASURE(1.E-07),#10721,
  'distance_accuracy_value','confusion accuracy');
#10725 = SHAPE_DEFINITION_REPRESENTATION(#10726,#10707);
#10726 = PRODUCT_DEFINITION_SHAPE('','',#10727);
#10727 = PRODUCT_DEFINITION('design','',#10728,#10731);
#10728 = PRODUCT_DEFINITION_FORMATION('','',#10729);
#10729 = PRODUCT('AC13','AC13','',(#10730));
#10730 = PRODUCT_CONTEXT('',#2,'mechanical');
#10731 = PRODUCT_DEFINITION_CONTEXT('part definition',#2,'design');
#10732 = CONTEXT_DEPENDENT_SHAPE_REPRESENTATION(#10733,#10735);
#10733 = ( REPRESENTATION_RELATIONSHIP('','',#10707,#10) 
REPRESENTATION_RELATIONSHIP_WITH_TRANSFORMATION(#10734) 
SHAPE_REPRESENTATION_RELATIONSHIP() );
#10734 = ITEM_DEFINED_TRANSFORMATION('','',#11,#1207);
#10735 = PRODUCT_DEFINITION_SHAPE('Placement','Placement of an item',
  #10736);
#10736 = NEXT_ASSEMBLY_USAGE_OCCURRENCE('299','=>[0:1:1:300]','',#5,
  #10727,$);
#10737 = PRODUCT_RELATED_PRODUCT_CATEGORY('part',$,(#10729));
#10738 = ADVANCED_BREP_SHAPE_REPRESENTATION('',(#11,#10739),#10751);
#10739 = MANIFOLD_SOLID_BREP('',#10740);
#10740 = CLOSED_SHELL('',(#10741));
#10741 = ADVANCED_FACE('',(#10742),#10746,.T.);
#10742 = FACE_BOUND('',#10743,.T.);
#10743 = VERTEX_LOOP('',#10744);
#10744 = VERTEX_POINT('',#10745);
#10745 = CARTESIAN_POINT('',(7.654042494671E-18,-1.874699728327E-33,
    -0.125));
#10746 = SPHERICAL_SURFACE('',#10747,0.125);
#10747 = AXIS2_PLACEMENT_3D('',#10748,#10749,#10750);
#10748 = CARTESIAN_POINT('',(0.,0.,0.));
#10749 = DIRECTION('',(0.,0.,1.));
#10750 = DIRECTION('',(1.,0.,-0.));
#10751 = ( GEOMETRIC_REPRESENTATION_CONTEXT(3) 
GLOBAL_UNCERTAINTY_ASSIGNED_CONTEXT((#10755)) 
GLOBAL_UNIT_ASSIGNED_CONTEXT((#10752,#10753,#10754)) 
REPRESENTATION_CONTEXT('Context #1',
  '3D Context with UNIT and UNCERTAINTY') );
#10752 = ( LENGTH_UNIT() NAMED_UNIT(*) SI_UNIT(.MILLI.,.METRE.) );
#10753 = ( NAMED_UNIT(*) PLANE_ANGLE_UNIT() SI_UNIT($,.RADIAN.) );
#10754 = ( NAMED_UNIT(*) SI_UNIT($,.STERADIAN.) SOLID_ANGLE_UNIT() );
#10755 = UNCERTAINTY_MEASURE_WITH_UNIT(LENGTH_MEASURE(1.E-07),#10752,
  'distance_accuracy_value','confusion accuracy');
#10756 = SHAPE_DEFINITION_REPRESENTATION(#10757,#10738);
#10757 = PRODUCT_DEFINITION_SHAPE('','',#10758);
#10758 = PRODUCT_DEFINITION('design','',#10759,#10762);
#10759 = PRODUCT_DEFINITION_FORMATION('','',#10760);
#10760 = PRODUCT('AC14','AC14','',(#10761));
#10761 = PRODUCT_CONTEXT('',#2,'mechanical');
#10762 = PRODUCT_DEFINITION_CONTEXT('part definition',#2,'design');
#10763 = CONTEXT_DEPENDENT_SHAPE_REPRESENTATION(#10764,#10766);
#10764 = ( REPRESENTATION_RELATIONSHIP('','',#10738,#10) 
REPRESENTATION_RELATIONSHIP_WITH_TRANSFORMATION(#10765) 
SHAPE_REPRESENTATION_RELATIONSHIP() );
#10765 = ITEM_DEFINED_TRANSFORMATION('','',#11,#1211);
#10766 = PRODUCT_DEFINITION_SHAPE('Placement','Placement of an item',
  #10767);
#10767 = NEXT_ASSEMBLY_USAGE_OCCURRENCE('300','=>[0:1:1:301]','',#5,
  #10758,$);
#10768 = PRODUCT_RELATED_PRODUCT_CATEGORY('part',$,(#10760));
#10769 = ADVANCED_BREP_SHAPE_REPRESENTATION('',(#11,#10770),#10782);
#10770 = MANIFOLD_SOLID_BREP('',#10771);
#10771 = CLOSED_SHELL('',(#10772));
#10772 = ADVANCED_FACE('',(#10773),#10777,.T.);
#10773 = FACE_BOUND('',#10774,.T.);
#10774 = VERTEX_LOOP('',#10775);
#10775 = VERTEX_POINT('',#10776);
#10776 = CARTESIAN_POINT('',(7.654042494671E-18,-1.874699728327E-33,
    -0.125));
#10777 = SPHERICAL_SURFACE('',#10778,0.125);
#10778 = AXIS2_PLACEMENT_3D('',#10779,#10780,#10781);
#10779 = CARTESIAN_POINT('',(0.,0.,0.));
#10780 = DIRECTION('',(0.,0.,1.));
#10781 = DIRECTION('',(1.,0.,-0.));
#10782 = ( GEOMETRIC_REPRESENTATION_CONTEXT(3) 
GLOBAL_UNCERTAINTY_ASSIGNED_CONTEXT((#10786)) 
GLOBAL_UNIT_ASSIGNED_CONTEXT((#10783,#10784,#10785)) 
REPRESENTATION_CONTEXT('Context #1',
  '3D Context with UNIT and UNCERTAINTY') );
#10783 = ( LENGTH_UNIT() NAMED_UNIT(*) SI_UNIT(.MILLI.,.METRE.) );
#10784 = ( NAMED_UNIT(*) PLANE_ANGLE_UNIT() SI_UNIT($,.RADIAN.) );
#10785 = ( NAMED_UNIT(*) SI_UNIT($,.STERADIAN.) SOLID_ANGLE_UNIT() );
#10786 = UNCERTAINTY_MEASURE_WITH_UNIT(LENGTH_MEASURE(1.E-07),#10783,
  'distance_accuracy_value','confusion accuracy');
#10787 = SHAPE_DEFINITION_REPRESENTATION(#10788,#10769);
#10788 = PRODUCT_DEFINITION_SHAPE('','',#10789);
#10789 = PRODUCT_DEFINITION('design','',#10790,#10793);
#10790 = PRODUCT_DEFINITION_FORMATION('','',#10791);
#10791 = PRODUCT('AC15','AC15','',(#10792));
#10792 = PRODUCT_CONTEXT('',#2,'mechanical');
#10793 = PRODUCT_DEFINITION_CONTEXT('part definition',#2,'design');
#10794 = CONTEXT_DEPENDENT_SHAPE_REPRESENTATION(#10795,#10797);
#10795 = ( REPRESENTATION_RELATIONSHIP('','',#10769,#10) 
REPRESENTATION_RELATIONSHIP_WITH_TRANSFORMATION(#10796) 
SHAPE_REPRESENTATION_RELATIONSHIP() );
#10796 = ITEM_DEFINED_TRANSFORMATION('','',#11,#1215);
#10797 = PRODUCT_DEFINITION_SHAPE('Placement','Placement of an item',
  #10798);
#10798 = NEXT_ASSEMBLY_USAGE_OCCURRENCE('301','=>[0:1:1:302]','',#5,
  #10789,$);
#10799 = PRODUCT_RELATED_PRODUCT_CATEGORY('part',$,(#10791));
#10800 = ADVANCED_BREP_SHAPE_REPRESENTATION('',(#11,#10801),#10813);
#10801 = MANIFOLD_SOLID_BREP('',#10802);
#10802 = CLOSED_SHELL('',(#10803));
#10803 = ADVANCED_FACE('',(#10804),#10808,.T.);
#10804 = FACE_BOUND('',#10805,.T.);
#10805 = VERTEX_LOOP('',#10806);
#10806 = VERTEX_POINT('',#10807);
#10807 = CARTESIAN_POINT('',(7.654042494671E-18,-1.874699728327E-33,
    -0.125));
#10808 = SPHERICAL_SURFACE('',#10809,0.125);
#10809 = AXIS2_PLACEMENT_3D('',#10810,#10811,#10812);
#10810 = CARTESIAN_POINT('',(0.,0.,0.));
#10811 = DIRECTION('',(0.,0.,1.));
#10812 = DIRECTION('',(1.,0.,-0.));
#10813 = ( GEOMETRIC_REPRESENTATION_CONTEXT(3) 
GLOBAL_UNCERTAINTY_ASSIGNED_CONTEXT((#10817)) 
GLOBAL_UNIT_ASSIGNED_CONTEXT((#10814,#10815,#10816)) 
REPRESENTATION_CONTEXT('Context #1',
  '3D Context with UNIT and UNCERTAINTY') );
#10814 = ( LENGTH_UNIT() NAMED_UNIT(*) SI_UNIT(.MILLI.,.METRE.) );
#10815 = ( NAMED_UNIT(*) PLANE_ANGLE_UNIT() SI_UNIT($,.RADIAN.) );
#10816 = ( NAMED_UNIT(*) SI_UNIT($,.STERADIAN.) SOLID_ANGLE_UNIT() );
#10817 = UNCERTAINTY_MEASURE_WITH_UNIT(LENGTH_MEASURE(1.E-07),#10814,
  'distance_accuracy_value','confusion accuracy');
#10818 = SHAPE_DEFINITION_REPRESENTATION(#10819,#10800);
#10819 = PRODUCT_DEFINITION_SHAPE('','',#10820);
#10820 = PRODUCT_DEFINITION('design','',#10821,#10824);
#10821 = PRODUCT_DEFINITION_FORMATION('','',#10822);
#10822 = PRODUCT('AC16','AC16','',(#10823));
#10823 = PRODUCT_CONTEXT('',#2,'mechanical');
#10824 = PRODUCT_DEFINITION_CONTEXT('part definition',#2,'design');
#10825 = CONTEXT_DEPENDENT_SHAPE_REPRESENTATION(#10826,#10828);
#10826 = ( REPRESENTATION_RELATIONSHIP('','',#10800,#10) 
REPRESENTATION_RELATIONSHIP_WITH_TRANSFORMATION(#10827) 
SHAPE_REPRESENTATION_RELATIONSHIP() );
#10827 = ITEM_DEFINED_TRANSFORMATION('','',#11,#1219);
#10828 = PRODUCT_DEFINITION_SHAPE('Placement','Placement of an item',
  #10829);
#10829 = NEXT_ASSEMBLY_USAGE_OCCURRENCE('302','=>[0:1:1:303]','',#5,
  #10820,$);
#10830 = PRODUCT_RELATED_PRODUCT_CATEGORY('part',$,(#10822));
#10831 = ADVANCED_BREP_SHAPE_REPRESENTATION('',(#11,#10832),#10844);
#10832 = MANIFOLD_SOLID_BREP('',#10833);
#10833 = CLOSED_SHELL('',(#10834));
#10834 = ADVANCED_FACE('',(#10835),#10839,.T.);
#10835 = FACE_BOUND('',#10836,.T.);
#10836 = VERTEX_LOOP('',#10837);
#10837 = VERTEX_POINT('',#10838);
#10838 = CARTESIAN_POINT('',(7.654042494671E-18,-1.874699728327E-33,
    -0.125));
#10839 = SPHERICAL_SURFACE('',#10840,0.125);
#10840 = AXIS2_PLACEMENT_3D('',#10841,#10842,#10843);
#10841 = CARTESIAN_POINT('',(0.,0.,0.));
#10842 = DIRECTION('',(0.,0.,1.));
#10843 = DIRECTION('',(1.,0.,-0.));
#10844 = ( GEOMETRIC_REPRESENTATION_CONTEXT(3) 
GLOBAL_UNCERTAINTY_ASSIGNED_CONTEXT((#10848)) 
GLOBAL_UNIT_ASSIGNED_CONTEXT((#10845,#10846,#10847)) 
REPRESENTATION_CONTEXT('Context #1',
  '3D Context with UNIT and UNCERTAINTY') );
#10845 = ( LENGTH_UNIT() NAMED_UNIT(*) SI_UNIT(.MILLI.,.METRE.) );
#10846 = ( NAMED_UNIT(*) PLANE_ANGLE_UNIT() SI_UNIT($,.RADIAN.) );
#10847 = ( NAMED_UNIT(*) SI_UNIT($,.STERADIAN.) SOLID_ANGLE_UNIT() );
#10848 = UNCERTAINTY_MEASURE_WITH_UNIT(LENGTH_MEASURE(1.E-07),#10845,
  'distance_accuracy_value','confusion accuracy');
#10849 = SHAPE_DEFINITION_REPRESENTATION(#10850,#10831);
#10850 = PRODUCT_DEFINITION_SHAPE('','',#10851);
#10851 = PRODUCT_DEFINITION('design','',#10852,#10855);
#10852 = PRODUCT_DEFINITION_FORMATION('','',#10853);
#10853 = PRODUCT('AC17','AC17','',(#10854));
#10854 = PRODUCT_CONTEXT('',#2,'mechanical');
#10855 = PRODUCT_DEFINITION_CONTEXT('part definition',#2,'design');
#10856 = CONTEXT_DEPENDENT_SHAPE_REPRESENTATION(#10857,#10859);
#10857 = ( REPRESENTATION_RELATIONSHIP('','',#10831,#10) 
REPRESENTATION_RELATIONSHIP_WITH_TRANSFORMATION(#10858) 
SHAPE_REPRESENTATION_RELATIONSHIP() );
#10858 = ITEM_DEFINED_TRANSFORMATION('','',#11,#1223);
#10859 = PRODUCT_DEFINITION_SHAPE('Placement','Placement of an item',
  #10860);
#10860 = NEXT_ASSEMBLY_USAGE_OCCURRENCE('303','=>[0:1:1:304]','',#5,
  #10851,$);
#10861 = PRODUCT_RELATED_PRODUCT_CATEGORY('part',$,(#10853));
#10862 = ADVANCED_BREP_SHAPE_REPRESENTATION('',(#11,#10863),#10875);
#10863 = MANIFOLD_SOLID_BREP('',#10864);
#10864 = CLOSED_SHELL('',(#10865));
#10865 = ADVANCED_FACE('',(#10866),#10870,.T.);
#10866 = FACE_BOUND('',#10867,.T.);
#10867 = VERTEX_LOOP('',#10868);
#10868 = VERTEX_POINT('',#10869);
#10869 = CARTESIAN_POINT('',(7.654042494671E-18,-1.874699728327E-33,
    -0.125));
#10870 = SPHERICAL_SURFACE('',#10871,0.125);
#10871 = AXIS2_PLACEMENT_3D('',#10872,#10873,#10874);
#10872 = CARTESIAN_POINT('',(0.,0.,0.));
#10873 = DIRECTION('',(0.,0.,1.));
#10874 = DIRECTION('',(1.,0.,-0.));
#10875 = ( GEOMETRIC_REPRESENTATION_CONTEXT(3) 
GLOBAL_UNCERTAINTY_ASSIGNED_CONTEXT((#10879)) 
GLOBAL_UNIT_ASSIGNED_CONTEXT((#10876,#10877,#10878)) 
REPRESENTATION_CONTEXT('Context #1',
  '3D Context with UNIT and UNCERTAINTY') );
#10876 = ( LENGTH_UNIT() NAMED_UNIT(*) SI_UNIT(.MILLI.,.METRE.) );
#10877 = ( NAMED_UNIT(*) PLANE_ANGLE_UNIT() SI_UNIT($,.RADIAN.) );
#10878 = ( NAMED_UNIT(*) SI_UNIT($,.STERADIAN.) SOLID_ANGLE_UNIT() );
#10879 = UNCERTAINTY_MEASURE_WITH_UNIT(LENGTH_MEASURE(1.E-07),#10876,
  'distance_accuracy_value','confusion accuracy');
#10880 = SHAPE_DEFINITION_REPRESENTATION(#10881,#10862);
#10881 = PRODUCT_DEFINITION_SHAPE('','',#10882);
#10882 = PRODUCT_DEFINITION('design','',#10883,#10886);
#10883 = PRODUCT_DEFINITION_FORMATION('','',#10884);
#10884 = PRODUCT('AC18','AC18','',(#10885));
#10885 = PRODUCT_CONTEXT('',#2,'mechanical');
#10886 = PRODUCT_DEFINITION_CONTEXT('part definition',#2,'design');
#10887 = CONTEXT_DEPENDENT_SHAPE_REPRESENTATION(#10888,#10890);
#10888 = ( REPRESENTATION_RELATIONSHIP('','',#10862,#10) 
REPRESENTATION_RELATIONSHIP_WITH_TRANSFORMATION(#10889) 
SHAPE_REPRESENTATION_RELATIONSHIP() );
#10889 = ITEM_DEFINED_TRANSFORMATION('','',#11,#1227);
#10890 = PRODUCT_DEFINITION_SHAPE('Placement','Placement of an item',
  #10891);
#10891 = NEXT_ASSEMBLY_USAGE_OCCURRENCE('304','=>[0:1:1:305]','',#5,
  #10882,$);
#10892 = PRODUCT_RELATED_PRODUCT_CATEGORY('part',$,(#10884));
#10893 = ADVANCED_BREP_SHAPE_REPRESENTATION('',(#11,#10894),#10906);
#10894 = MANIFOLD_SOLID_BREP('',#10895);
#10895 = CLOSED_SHELL('',(#10896));
#10896 = ADVANCED_FACE('',(#10897),#10901,.T.);
#10897 = FACE_BOUND('',#10898,.T.);
#10898 = VERTEX_LOOP('',#10899);
#10899 = VERTEX_POINT('',#10900);
#10900 = CARTESIAN_POINT('',(7.654042494671E-18,-1.874699728327E-33,
    -0.125));
#10901 = SPHERICAL_SURFACE('',#10902,0.125);
#10902 = AXIS2_PLACEMENT_3D('',#10903,#10904,#10905);
#10903 = CARTESIAN_POINT('',(0.,0.,0.));
#10904 = DIRECTION('',(0.,0.,1.));
#10905 = DIRECTION('',(1.,0.,-0.));
#10906 = ( GEOMETRIC_REPRESENTATION_CONTEXT(3) 
GLOBAL_UNCERTAINTY_ASSIGNED_CONTEXT((#10910)) 
GLOBAL_UNIT_ASSIGNED_CONTEXT((#10907,#10908,#10909)) 
REPRESENTATION_CONTEXT('Context #1',
  '3D Context with UNIT and UNCERTAINTY') );
#10907 = ( LENGTH_UNIT() NAMED_UNIT(*) SI_UNIT(.MILLI.,.METRE.) );
#10908 = ( NAMED_UNIT(*) PLANE_ANGLE_UNIT() SI_UNIT($,.RADIAN.) );
#10909 = ( NAMED_UNIT(*) SI_UNIT($,.STERADIAN.) SOLID_ANGLE_UNIT() );
#10910 = UNCERTAINTY_MEASURE_WITH_UNIT(LENGTH_MEASURE(1.E-07),#10907,
  'distance_accuracy_value','confusion accuracy');
#10911 = SHAPE_DEFINITION_REPRESENTATION(#10912,#10893);
#10912 = PRODUCT_DEFINITION_SHAPE('','',#10913);
#10913 = PRODUCT_DEFINITION('design','',#10914,#10917);
#10914 = PRODUCT_DEFINITION_FORMATION('','',#10915);
#10915 = PRODUCT('AC19','AC19','',(#10916));
#10916 = PRODUCT_CONTEXT('',#2,'mechanical');
#10917 = PRODUCT_DEFINITION_CONTEXT('part definition',#2,'design');
#10918 = CONTEXT_DEPENDENT_SHAPE_REPRESENTATION(#10919,#10921);
#10919 = ( REPRESENTATION_RELATIONSHIP('','',#10893,#10) 
REPRESENTATION_RELATIONSHIP_WITH_TRANSFORMATION(#10920) 
SHAPE_REPRESENTATION_RELATIONSHIP() );
#10920 = ITEM_DEFINED_TRANSFORMATION('','',#11,#1231);
#10921 = PRODUCT_DEFINITION_SHAPE('Placement','Placement of an item',
  #10922);
#10922 = NEXT_ASSEMBLY_USAGE_OCCURRENCE('305','=>[0:1:1:306]','',#5,
  #10913,$);
#10923 = PRODUCT_RELATED_PRODUCT_CATEGORY('part',$,(#10915));
#10924 = ADVANCED_BREP_SHAPE_REPRESENTATION('',(#11,#10925),#10937);
#10925 = MANIFOLD_SOLID_BREP('',#10926);
#10926 = CLOSED_SHELL('',(#10927));
#10927 = ADVANCED_FACE('',(#10928),#10932,.T.);
#10928 = FACE_BOUND('',#10929,.T.);
#10929 = VERTEX_LOOP('',#10930);
#10930 = VERTEX_POINT('',#10931);
#10931 = CARTESIAN_POINT('',(7.654042494671E-18,-1.874699728327E-33,
    -0.125));
#10932 = SPHERICAL_SURFACE('',#10933,0.125);
#10933 = AXIS2_PLACEMENT_3D('',#10934,#10935,#10936);
#10934 = CARTESIAN_POINT('',(0.,0.,0.));
#10935 = DIRECTION('',(0.,0.,1.));
#10936 = DIRECTION('',(1.,0.,-0.));
#10937 = ( GEOMETRIC_REPRESENTATION_CONTEXT(3) 
GLOBAL_UNCERTAINTY_ASSIGNED_CONTEXT((#10941)) 
GLOBAL_UNIT_ASSIGNED_CONTEXT((#10938,#10939,#10940)) 
REPRESENTATION_CONTEXT('Context #1',
  '3D Context with UNIT and UNCERTAINTY') );
#10938 = ( LENGTH_UNIT() NAMED_UNIT(*) SI_UNIT(.MILLI.,.METRE.) );
#10939 = ( NAMED_UNIT(*) PLANE_ANGLE_UNIT() SI_UNIT($,.RADIAN.) );
#10940 = ( NAMED_UNIT(*) SI_UNIT($,.STERADIAN.) SOLID_ANGLE_UNIT() );
#10941 = UNCERTAINTY_MEASURE_WITH_UNIT(LENGTH_MEASURE(1.E-07),#10938,
  'distance_accuracy_value','confusion accuracy');
#10942 = SHAPE_DEFINITION_REPRESENTATION(#10943,#10924);
#10943 = PRODUCT_DEFINITION_SHAPE('','',#10944);
#10944 = PRODUCT_DEFINITION('design','',#10945,#10948);
#10945 = PRODUCT_DEFINITION_FORMATION('','',#10946);
#10946 = PRODUCT('AC20','AC20','',(#10947));
#10947 = PRODUCT_CONTEXT('',#2,'mechanical');
#10948 = PRODUCT_DEFINITION_CONTEXT('part definition',#2,'design');
#10949 = CONTEXT_DEPENDENT_SHAPE_REPRESENTATION(#10950,#10952);
#10950 = ( REPRESENTATION_RELATIONSHIP('','',#10924,#10) 
REPRESENTATION_RELATIONSHIP_WITH_TRANSFORMATION(#10951) 
SHAPE_REPRESENTATION_RELATIONSHIP() );
#10951 = ITEM_DEFINED_TRANSFORMATION('','',#11,#1235);
#10952 = PRODUCT_DEFINITION_SHAPE('Placement','Placement of an item',
  #10953);
#10953 = NEXT_ASSEMBLY_USAGE_OCCURRENCE('306','=>[0:1:1:307]','',#5,
  #10944,$);
#10954 = PRODUCT_RELATED_PRODUCT_CATEGORY('part',$,(#10946));
#10955 = ADVANCED_BREP_SHAPE_REPRESENTATION('',(#11,#10956),#10968);
#10956 = MANIFOLD_SOLID_BREP('',#10957);
#10957 = CLOSED_SHELL('',(#10958));
#10958 = ADVANCED_FACE('',(#10959),#10963,.T.);
#10959 = FACE_BOUND('',#10960,.T.);
#10960 = VERTEX_LOOP('',#10961);
#10961 = VERTEX_POINT('',#10962);
#10962 = CARTESIAN_POINT('',(7.654042494671E-18,-1.874699728327E-33,
    -0.125));
#10963 = SPHERICAL_SURFACE('',#10964,0.125);
#10964 = AXIS2_PLACEMENT_3D('',#10965,#10966,#10967);
#10965 = CARTESIAN_POINT('',(0.,0.,0.));
#10966 = DIRECTION('',(0.,0.,1.));
#10967 = DIRECTION('',(1.,0.,-0.));
#10968 = ( GEOMETRIC_REPRESENTATION_CONTEXT(3) 
GLOBAL_UNCERTAINTY_ASSIGNED_CONTEXT((#10972)) 
GLOBAL_UNIT_ASSIGNED_CONTEXT((#10969,#10970,#10971)) 
REPRESENTATION_CONTEXT('Context #1',
  '3D Context with UNIT and UNCERTAINTY') );
#10969 = ( LENGTH_UNIT() NAMED_UNIT(*) SI_UNIT(.MILLI.,.METRE.) );
#10970 = ( NAMED_UNIT(*) PLANE_ANGLE_UNIT() SI_UNIT($,.RADIAN.) );
#10971 = ( NAMED_UNIT(*) SI_UNIT($,.STERADIAN.) SOLID_ANGLE_UNIT() );
#10972 = UNCERTAINTY_MEASURE_WITH_UNIT(LENGTH_MEASURE(1.E-07),#10969,
  'distance_accuracy_value','confusion accuracy');
#10973 = SHAPE_DEFINITION_REPRESENTATION(#10974,#10955);
#10974 = PRODUCT_DEFINITION_SHAPE('','',#10975);
#10975 = PRODUCT_DEFINITION('design','',#10976,#10979);
#10976 = PRODUCT_DEFINITION_FORMATION('','',#10977);
#10977 = PRODUCT('AC21','AC21','',(#10978));
#10978 = PRODUCT_CONTEXT('',#2,'mechanical');
#10979 = PRODUCT_DEFINITION_CONTEXT('part definition',#2,'design');
#10980 = CONTEXT_DEPENDENT_SHAPE_REPRESENTATION(#10981,#10983);
#10981 = ( REPRESENTATION_RELATIONSHIP('','',#10955,#10) 
REPRESENTATION_RELATIONSHIP_WITH_TRANSFORMATION(#10982) 
SHAPE_REPRESENTATION_RELATIONSHIP() );
#10982 = ITEM_DEFINED_TRANSFORMATION('','',#11,#1239);
#10983 = PRODUCT_DEFINITION_SHAPE('Placement','Placement of an item',
  #10984);
#10984 = NEXT_ASSEMBLY_USAGE_OCCURRENCE('307','=>[0:1:1:308]','',#5,
  #10975,$);
#10985 = PRODUCT_RELATED_PRODUCT_CATEGORY('part',$,(#10977));
#10986 = ADVANCED_BREP_SHAPE_REPRESENTATION('',(#11,#10987),#10999);
#10987 = MANIFOLD_SOLID_BREP('',#10988);
#10988 = CLOSED_SHELL('',(#10989));
#10989 = ADVANCED_FACE('',(#10990),#10994,.T.);
#10990 = FACE_BOUND('',#10991,.T.);
#10991 = VERTEX_LOOP('',#10992);
#10992 = VERTEX_POINT('',#10993);
#10993 = CARTESIAN_POINT('',(7.654042494671E-18,-1.874699728327E-33,
    -0.125));
#10994 = SPHERICAL_SURFACE('',#10995,0.125);
#10995 = AXIS2_PLACEMENT_3D('',#10996,#10997,#10998);
#10996 = CARTESIAN_POINT('',(0.,0.,0.));
#10997 = DIRECTION('',(0.,0.,1.));
#10998 = DIRECTION('',(1.,0.,-0.));
#10999 = ( GEOMETRIC_REPRESENTATION_CONTEXT(3) 
GLOBAL_UNCERTAINTY_ASSIGNED_CONTEXT((#11003)) 
GLOBAL_UNIT_ASSIGNED_CONTEXT((#11000,#11001,#11002)) 
REPRESENTATION_CONTEXT('Context #1',
  '3D Context with UNIT and UNCERTAINTY') );
#11000 = ( LENGTH_UNIT() NAMED_UNIT(*) SI_UNIT(.MILLI.,.METRE.) );
#11001 = ( NAMED_UNIT(*) PLANE_ANGLE_UNIT() SI_UNIT($,.RADIAN.) );
#11002 = ( NAMED_UNIT(*) SI_UNIT($,.STERADIAN.) SOLID_ANGLE_UNIT() );
#11003 = UNCERTAINTY_MEASURE_WITH_UNIT(LENGTH_MEASURE(1.E-07),#11000,
  'distance_accuracy_value','confusion accuracy');
#11004 = SHAPE_DEFINITION_REPRESENTATION(#11005,#10986);
#11005 = PRODUCT_DEFINITION_SHAPE('','',#11006);
#11006 = PRODUCT_DEFINITION('design','',#11007,#11010);
#11007 = PRODUCT_DEFINITION_FORMATION('','',#11008);
#11008 = PRODUCT('AC22','AC22','',(#11009));
#11009 = PRODUCT_CONTEXT('',#2,'mechanical');
#11010 = PRODUCT_DEFINITION_CONTEXT('part definition',#2,'design');
#11011 = CONTEXT_DEPENDENT_SHAPE_REPRESENTATION(#11012,#11014);
#11012 = ( REPRESENTATION_RELATIONSHIP('','',#10986,#10) 
REPRESENTATION_RELATIONSHIP_WITH_TRANSFORMATION(#11013) 
SHAPE_REPRESENTATION_RELATIONSHIP() );
#11013 = ITEM_DEFINED_TRANSFORMATION('','',#11,#1243);
#11014 = PRODUCT_DEFINITION_SHAPE('Placement','Placement of an item',
  #11015);
#11015 = NEXT_ASSEMBLY_USAGE_OCCURRENCE('308','=>[0:1:1:309]','',#5,
  #11006,$);
#11016 = PRODUCT_RELATED_PRODUCT_CATEGORY('part',$,(#11008));
#11017 = ADVANCED_BREP_SHAPE_REPRESENTATION('',(#11,#11018),#11030);
#11018 = MANIFOLD_SOLID_BREP('',#11019);
#11019 = CLOSED_SHELL('',(#11020));
#11020 = ADVANCED_FACE('',(#11021),#11025,.T.);
#11021 = FACE_BOUND('',#11022,.T.);
#11022 = VERTEX_LOOP('',#11023);
#11023 = VERTEX_POINT('',#11024);
#11024 = CARTESIAN_POINT('',(7.654042494671E-18,-1.874699728327E-33,
    -0.125));
#11025 = SPHERICAL_SURFACE('',#11026,0.125);
#11026 = AXIS2_PLACEMENT_3D('',#11027,#11028,#11029);
#11027 = CARTESIAN_POINT('',(0.,0.,0.));
#11028 = DIRECTION('',(0.,0.,1.));
#11029 = DIRECTION('',(1.,0.,-0.));
#11030 = ( GEOMETRIC_REPRESENTATION_CONTEXT(3) 
GLOBAL_UNCERTAINTY_ASSIGNED_CONTEXT((#11034)) 
GLOBAL_UNIT_ASSIGNED_CONTEXT((#11031,#11032,#11033)) 
REPRESENTATION_CONTEXT('Context #1',
  '3D Context with UNIT and UNCERTAINTY') );
#11031 = ( LENGTH_UNIT() NAMED_UNIT(*) SI_UNIT(.MILLI.,.METRE.) );
#11032 = ( NAMED_UNIT(*) PLANE_ANGLE_UNIT() SI_UNIT($,.RADIAN.) );
#11033 = ( NAMED_UNIT(*) SI_UNIT($,.STERADIAN.) SOLID_ANGLE_UNIT() );
#11034 = UNCERTAINTY_MEASURE_WITH_UNIT(LENGTH_MEASURE(1.E-07),#11031,
  'distance_accuracy_value','confusion accuracy');
#11035 = SHAPE_DEFINITION_REPRESENTATION(#11036,#11017);
#11036 = PRODUCT_DEFINITION_SHAPE('','',#11037);
#11037 = PRODUCT_DEFINITION('design','',#11038,#11041);
#11038 = PRODUCT_DEFINITION_FORMATION('','',#11039);
#11039 = PRODUCT('AC23','AC23','',(#11040));
#11040 = PRODUCT_CONTEXT('',#2,'mechanical');
#11041 = PRODUCT_DEFINITION_CONTEXT('part definition',#2,'design');
#11042 = CONTEXT_DEPENDENT_SHAPE_REPRESENTATION(#11043,#11045);
#11043 = ( REPRESENTATION_RELATIONSHIP('','',#11017,#10) 
REPRESENTATION_RELATIONSHIP_WITH_TRANSFORMATION(#11044) 
SHAPE_REPRESENTATION_RELATIONSHIP() );
#11044 = ITEM_DEFINED_TRANSFORMATION('','',#11,#1247);
#11045 = PRODUCT_DEFINITION_SHAPE('Placement','Placement of an item',
  #11046);
#11046 = NEXT_ASSEMBLY_USAGE_OCCURRENCE('309','=>[0:1:1:310]','',#5,
  #11037,$);
#11047 = PRODUCT_RELATED_PRODUCT_CATEGORY('part',$,(#11039));
#11048 = ADVANCED_BREP_SHAPE_REPRESENTATION('',(#11,#11049),#11061);
#11049 = MANIFOLD_SOLID_BREP('',#11050);
#11050 = CLOSED_SHELL('',(#11051));
#11051 = ADVANCED_FACE('',(#11052),#11056,.T.);
#11052 = FACE_BOUND('',#11053,.T.);
#11053 = VERTEX_LOOP('',#11054);
#11054 = VERTEX_POINT('',#11055);
#11055 = CARTESIAN_POINT('',(7.654042494671E-18,-1.874699728327E-33,
    -0.125));
#11056 = SPHERICAL_SURFACE('',#11057,0.125);
#11057 = AXIS2_PLACEMENT_3D('',#11058,#11059,#11060);
#11058 = CARTESIAN_POINT('',(0.,0.,0.));
#11059 = DIRECTION('',(0.,0.,1.));
#11060 = DIRECTION('',(1.,0.,-0.));
#11061 = ( GEOMETRIC_REPRESENTATION_CONTEXT(3) 
GLOBAL_UNCERTAINTY_ASSIGNED_CONTEXT((#11065)) 
GLOBAL_UNIT_ASSIGNED_CONTEXT((#11062,#11063,#11064)) 
REPRESENTATION_CONTEXT('Context #1',
  '3D Context with UNIT and UNCERTAINTY') );
#11062 = ( LENGTH_UNIT() NAMED_UNIT(*) SI_UNIT(.MILLI.,.METRE.) );
#11063 = ( NAMED_UNIT(*) PLANE_ANGLE_UNIT() SI_UNIT($,.RADIAN.) );
#11064 = ( NAMED_UNIT(*) SI_UNIT($,.STERADIAN.) SOLID_ANGLE_UNIT() );
#11065 = UNCERTAINTY_MEASURE_WITH_UNIT(LENGTH_MEASURE(1.E-07),#11062,
  'distance_accuracy_value','confusion accuracy');
#11066 = SHAPE_DEFINITION_REPRESENTATION(#11067,#11048);
#11067 = PRODUCT_DEFINITION_SHAPE('','',#11068);
#11068 = PRODUCT_DEFINITION('design','',#11069,#11072);
#11069 = PRODUCT_DEFINITION_FORMATION('','',#11070);
#11070 = PRODUCT('AC24','AC24','',(#11071));
#11071 = PRODUCT_CONTEXT('',#2,'mechanical');
#11072 = PRODUCT_DEFINITION_CONTEXT('part definition',#2,'design');
#11073 = CONTEXT_DEPENDENT_SHAPE_REPRESENTATION(#11074,#11076);
#11074 = ( REPRESENTATION_RELATIONSHIP('','',#11048,#10) 
REPRESENTATION_RELATIONSHIP_WITH_TRANSFORMATION(#11075) 
SHAPE_REPRESENTATION_RELATIONSHIP() );
#11075 = ITEM_DEFINED_TRANSFORMATION('','',#11,#1251);
#11076 = PRODUCT_DEFINITION_SHAPE('Placement','Placement of an item',
  #11077);
#11077 = NEXT_ASSEMBLY_USAGE_OCCURRENCE('310','=>[0:1:1:311]','',#5,
  #11068,$);
#11078 = PRODUCT_RELATED_PRODUCT_CATEGORY('part',$,(#11070));
#11079 = ADVANCED_BREP_SHAPE_REPRESENTATION('',(#11,#11080),#11092);
#11080 = MANIFOLD_SOLID_BREP('',#11081);
#11081 = CLOSED_SHELL('',(#11082));
#11082 = ADVANCED_FACE('',(#11083),#11087,.T.);
#11083 = FACE_BOUND('',#11084,.T.);
#11084 = VERTEX_LOOP('',#11085);
#11085 = VERTEX_POINT('',#11086);
#11086 = CARTESIAN_POINT('',(7.654042494671E-18,-1.874699728327E-33,
    -0.125));
#11087 = SPHERICAL_SURFACE('',#11088,0.125);
#11088 = AXIS2_PLACEMENT_3D('',#11089,#11090,#11091);
#11089 = CARTESIAN_POINT('',(0.,0.,0.));
#11090 = DIRECTION('',(0.,0.,1.));
#11091 = DIRECTION('',(1.,0.,-0.));
#11092 = ( GEOMETRIC_REPRESENTATION_CONTEXT(3) 
GLOBAL_UNCERTAINTY_ASSIGNED_CONTEXT((#11096)) 
GLOBAL_UNIT_ASSIGNED_CONTEXT((#11093,#11094,#11095)) 
REPRESENTATION_CONTEXT('Context #1',
  '3D Context with UNIT and UNCERTAINTY') );
#11093 = ( LENGTH_UNIT() NAMED_UNIT(*) SI_UNIT(.MILLI.,.METRE.) );
#11094 = ( NAMED_UNIT(*) PLANE_ANGLE_UNIT() SI_UNIT($,.RADIAN.) );
#11095 = ( NAMED_UNIT(*) SI_UNIT($,.STERADIAN.) SOLID_ANGLE_UNIT() );
#11096 = UNCERTAINTY_MEASURE_WITH_UNIT(LENGTH_MEASURE(1.E-07),#11093,
  'distance_accuracy_value','confusion accuracy');
#11097 = SHAPE_DEFINITION_REPRESENTATION(#11098,#11079);
#11098 = PRODUCT_DEFINITION_SHAPE('','',#11099);
#11099 = PRODUCT_DEFINITION('design','',#11100,#11103);
#11100 = PRODUCT_DEFINITION_FORMATION('','',#11101);
#11101 = PRODUCT('AC25','AC25','',(#11102));
#11102 = PRODUCT_CONTEXT('',#2,'mechanical');
#11103 = PRODUCT_DEFINITION_CONTEXT('part definition',#2,'design');
#11104 = CONTEXT_DEPENDENT_SHAPE_REPRESENTATION(#11105,#11107);
#11105 = ( REPRESENTATION_RELATIONSHIP('','',#11079,#10) 
REPRESENTATION_RELATIONSHIP_WITH_TRANSFORMATION(#11106) 
SHAPE_REPRESENTATION_RELATIONSHIP() );
#11106 = ITEM_DEFINED_TRANSFORMATION('','',#11,#1255);
#11107 = PRODUCT_DEFINITION_SHAPE('Placement','Placement of an item',
  #11108);
#11108 = NEXT_ASSEMBLY_USAGE_OCCURRENCE('311','=>[0:1:1:312]','',#5,
  #11099,$);
#11109 = PRODUCT_RELATED_PRODUCT_CATEGORY('part',$,(#11101));
#11110 = ADVANCED_BREP_SHAPE_REPRESENTATION('',(#11,#11111),#11123);
#11111 = MANIFOLD_SOLID_BREP('',#11112);
#11112 = CLOSED_SHELL('',(#11113));
#11113 = ADVANCED_FACE('',(#11114),#11118,.T.);
#11114 = FACE_BOUND('',#11115,.T.);
#11115 = VERTEX_LOOP('',#11116);
#11116 = VERTEX_POINT('',#11117);
#11117 = CARTESIAN_POINT('',(7.654042494671E-18,-1.874699728327E-33,
    -0.125));
#11118 = SPHERICAL_SURFACE('',#11119,0.125);
#11119 = AXIS2_PLACEMENT_3D('',#11120,#11121,#11122);
#11120 = CARTESIAN_POINT('',(0.,0.,0.));
#11121 = DIRECTION('',(0.,0.,1.));
#11122 = DIRECTION('',(1.,0.,-0.));
#11123 = ( GEOMETRIC_REPRESENTATION_CONTEXT(3) 
GLOBAL_UNCERTAINTY_ASSIGNED_CONTEXT((#11127)) 
GLOBAL_UNIT_ASSIGNED_CONTEXT((#11124,#11125,#11126)) 
REPRESENTATION_CONTEXT('Context #1',
  '3D Context with UNIT and UNCERTAINTY') );
#11124 = ( LENGTH_UNIT() NAMED_UNIT(*) SI_UNIT(.MILLI.,.METRE.) );
#11125 = ( NAMED_UNIT(*) PLANE_ANGLE_UNIT() SI_UNIT($,.RADIAN.) );
#11126 = ( NAMED_UNIT(*) SI_UNIT($,.STERADIAN.) SOLID_ANGLE_UNIT() );
#11127 = UNCERTAINTY_MEASURE_WITH_UNIT(LENGTH_MEASURE(1.E-07),#11124,
  'distance_accuracy_value','confusion accuracy');
#11128 = SHAPE_DEFINITION_REPRESENTATION(#11129,#11110);
#11129 = PRODUCT_DEFINITION_SHAPE('','',#11130);
#11130 = PRODUCT_DEFINITION('design','',#11131,#11134);
#11131 = PRODUCT_DEFINITION_FORMATION('','',#11132);
#11132 = PRODUCT('AD1','AD1','',(#11133));
#11133 = PRODUCT_CONTEXT('',#2,'mechanical');
#11134 = PRODUCT_DEFINITION_CONTEXT('part definition',#2,'design');
#11135 = CONTEXT_DEPENDENT_SHAPE_REPRESENTATION(#11136,#11138);
#11136 = ( REPRESENTATION_RELATIONSHIP('','',#11110,#10) 
REPRESENTATION_RELATIONSHIP_WITH_TRANSFORMATION(#11137) 
SHAPE_REPRESENTATION_RELATIONSHIP() );
#11137 = ITEM_DEFINED_TRANSFORMATION('','',#11,#1259);
#11138 = PRODUCT_DEFINITION_SHAPE('Placement','Placement of an item',
  #11139);
#11139 = NEXT_ASSEMBLY_USAGE_OCCURRENCE('312','=>[0:1:1:313]','',#5,
  #11130,$);
#11140 = PRODUCT_RELATED_PRODUCT_CATEGORY('part',$,(#11132));
#11141 = ADVANCED_BREP_SHAPE_REPRESENTATION('',(#11,#11142),#11154);
#11142 = MANIFOLD_SOLID_BREP('',#11143);
#11143 = CLOSED_SHELL('',(#11144));
#11144 = ADVANCED_FACE('',(#11145),#11149,.T.);
#11145 = FACE_BOUND('',#11146,.T.);
#11146 = VERTEX_LOOP('',#11147);
#11147 = VERTEX_POINT('',#11148);
#11148 = CARTESIAN_POINT('',(7.654042494671E-18,-1.874699728327E-33,
    -0.125));
#11149 = SPHERICAL_SURFACE('',#11150,0.125);
#11150 = AXIS2_PLACEMENT_3D('',#11151,#11152,#11153);
#11151 = CARTESIAN_POINT('',(0.,0.,0.));
#11152 = DIRECTION('',(0.,0.,1.));
#11153 = DIRECTION('',(1.,0.,-0.));
#11154 = ( GEOMETRIC_REPRESENTATION_CONTEXT(3) 
GLOBAL_UNCERTAINTY_ASSIGNED_CONTEXT((#11158)) 
GLOBAL_UNIT_ASSIGNED_CONTEXT((#11155,#11156,#11157)) 
REPRESENTATION_CONTEXT('Context #1',
  '3D Context with UNIT and UNCERTAINTY') );
#11155 = ( LENGTH_UNIT() NAMED_UNIT(*) SI_UNIT(.MILLI.,.METRE.) );
#11156 = ( NAMED_UNIT(*) PLANE_ANGLE_UNIT() SI_UNIT($,.RADIAN.) );
#11157 = ( NAMED_UNIT(*) SI_UNIT($,.STERADIAN.) SOLID_ANGLE_UNIT() );
#11158 = UNCERTAINTY_MEASURE_WITH_UNIT(LENGTH_MEASURE(1.E-07),#11155,
  'distance_accuracy_value','confusion accuracy');
#11159 = SHAPE_DEFINITION_REPRESENTATION(#11160,#11141);
#11160 = PRODUCT_DEFINITION_SHAPE('','',#11161);
#11161 = PRODUCT_DEFINITION('design','',#11162,#11165);
#11162 = PRODUCT_DEFINITION_FORMATION('','',#11163);
#11163 = PRODUCT('AD2','AD2','',(#11164));
#11164 = PRODUCT_CONTEXT('',#2,'mechanical');
#11165 = PRODUCT_DEFINITION_CONTEXT('part definition',#2,'design');
#11166 = CONTEXT_DEPENDENT_SHAPE_REPRESENTATION(#11167,#11169);
#11167 = ( REPRESENTATION_RELATIONSHIP('','',#11141,#10) 
REPRESENTATION_RELATIONSHIP_WITH_TRANSFORMATION(#11168) 
SHAPE_REPRESENTATION_RELATIONSHIP() );
#11168 = ITEM_DEFINED_TRANSFORMATION('','',#11,#1263);
#11169 = PRODUCT_DEFINITION_SHAPE('Placement','Placement of an item',
  #11170);
#11170 = NEXT_ASSEMBLY_USAGE_OCCURRENCE('313','=>[0:1:1:314]','',#5,
  #11161,$);
#11171 = PRODUCT_RELATED_PRODUCT_CATEGORY('part',$,(#11163));
#11172 = ADVANCED_BREP_SHAPE_REPRESENTATION('',(#11,#11173),#11185);
#11173 = MANIFOLD_SOLID_BREP('',#11174);
#11174 = CLOSED_SHELL('',(#11175));
#11175 = ADVANCED_FACE('',(#11176),#11180,.T.);
#11176 = FACE_BOUND('',#11177,.T.);
#11177 = VERTEX_LOOP('',#11178);
#11178 = VERTEX_POINT('',#11179);
#11179 = CARTESIAN_POINT('',(7.654042494671E-18,-1.874699728327E-33,
    -0.125));
#11180 = SPHERICAL_SURFACE('',#11181,0.125);
#11181 = AXIS2_PLACEMENT_3D('',#11182,#11183,#11184);
#11182 = CARTESIAN_POINT('',(0.,0.,0.));
#11183 = DIRECTION('',(0.,0.,1.));
#11184 = DIRECTION('',(1.,0.,-0.));
#11185 = ( GEOMETRIC_REPRESENTATION_CONTEXT(3) 
GLOBAL_UNCERTAINTY_ASSIGNED_CONTEXT((#11189)) 
GLOBAL_UNIT_ASSIGNED_CONTEXT((#11186,#11187,#11188)) 
REPRESENTATION_CONTEXT('Context #1',
  '3D Context with UNIT and UNCERTAINTY') );
#11186 = ( LENGTH_UNIT() NAMED_UNIT(*) SI_UNIT(.MILLI.,.METRE.) );
#11187 = ( NAMED_UNIT(*) PLANE_ANGLE_UNIT() SI_UNIT($,.RADIAN.) );
#11188 = ( NAMED_UNIT(*) SI_UNIT($,.STERADIAN.) SOLID_ANGLE_UNIT() );
#11189 = UNCERTAINTY_MEASURE_WITH_UNIT(LENGTH_MEASURE(1.E-07),#11186,
  'distance_accuracy_value','confusion accuracy');
#11190 = SHAPE_DEFINITION_REPRESENTATION(#11191,#11172);
#11191 = PRODUCT_DEFINITION_SHAPE('','',#11192);
#11192 = PRODUCT_DEFINITION('design','',#11193,#11196);
#11193 = PRODUCT_DEFINITION_FORMATION('','',#11194);
#11194 = PRODUCT('AD3','AD3','',(#11195));
#11195 = PRODUCT_CONTEXT('',#2,'mechanical');
#11196 = PRODUCT_DEFINITION_CONTEXT('part definition',#2,'design');
#11197 = CONTEXT_DEPENDENT_SHAPE_REPRESENTATION(#11198,#11200);
#11198 = ( REPRESENTATION_RELATIONSHIP('','',#11172,#10) 
REPRESENTATION_RELATIONSHIP_WITH_TRANSFORMATION(#11199) 
SHAPE_REPRESENTATION_RELATIONSHIP() );
#11199 = ITEM_DEFINED_TRANSFORMATION('','',#11,#1267);
#11200 = PRODUCT_DEFINITION_SHAPE('Placement','Placement of an item',
  #11201);
#11201 = NEXT_ASSEMBLY_USAGE_OCCURRENCE('314','=>[0:1:1:315]','',#5,
  #11192,$);
#11202 = PRODUCT_RELATED_PRODUCT_CATEGORY('part',$,(#11194));
#11203 = ADVANCED_BREP_SHAPE_REPRESENTATION('',(#11,#11204),#11216);
#11204 = MANIFOLD_SOLID_BREP('',#11205);
#11205 = CLOSED_SHELL('',(#11206));
#11206 = ADVANCED_FACE('',(#11207),#11211,.T.);
#11207 = FACE_BOUND('',#11208,.T.);
#11208 = VERTEX_LOOP('',#11209);
#11209 = VERTEX_POINT('',#11210);
#11210 = CARTESIAN_POINT('',(7.654042494671E-18,-1.874699728327E-33,
    -0.125));
#11211 = SPHERICAL_SURFACE('',#11212,0.125);
#11212 = AXIS2_PLACEMENT_3D('',#11213,#11214,#11215);
#11213 = CARTESIAN_POINT('',(0.,0.,0.));
#11214 = DIRECTION('',(0.,0.,1.));
#11215 = DIRECTION('',(1.,0.,-0.));
#11216 = ( GEOMETRIC_REPRESENTATION_CONTEXT(3) 
GLOBAL_UNCERTAINTY_ASSIGNED_CONTEXT((#11220)) 
GLOBAL_UNIT_ASSIGNED_CONTEXT((#11217,#11218,#11219)) 
REPRESENTATION_CONTEXT('Context #1',
  '3D Context with UNIT and UNCERTAINTY') );
#11217 = ( LENGTH_UNIT() NAMED_UNIT(*) SI_UNIT(.MILLI.,.METRE.) );
#11218 = ( NAMED_UNIT(*) PLANE_ANGLE_UNIT() SI_UNIT($,.RADIAN.) );
#11219 = ( NAMED_UNIT(*) SI_UNIT($,.STERADIAN.) SOLID_ANGLE_UNIT() );
#11220 = UNCERTAINTY_MEASURE_WITH_UNIT(LENGTH_MEASURE(1.E-07),#11217,
  'distance_accuracy_value','confusion accuracy');
#11221 = SHAPE_DEFINITION_REPRESENTATION(#11222,#11203);
#11222 = PRODUCT_DEFINITION_SHAPE('','',#11223);
#11223 = PRODUCT_DEFINITION('design','',#11224,#11227);
#11224 = PRODUCT_DEFINITION_FORMATION('','',#11225);
#11225 = PRODUCT('AD4','AD4','',(#11226));
#11226 = PRODUCT_CONTEXT('',#2,'mechanical');
#11227 = PRODUCT_DEFINITION_CONTEXT('part definition',#2,'design');
#11228 = CONTEXT_DEPENDENT_SHAPE_REPRESENTATION(#11229,#11231);
#11229 = ( REPRESENTATION_RELATIONSHIP('','',#11203,#10) 
REPRESENTATION_RELATIONSHIP_WITH_TRANSFORMATION(#11230) 
SHAPE_REPRESENTATION_RELATIONSHIP() );
#11230 = ITEM_DEFINED_TRANSFORMATION('','',#11,#1271);
#11231 = PRODUCT_DEFINITION_SHAPE('Placement','Placement of an item',
  #11232);
#11232 = NEXT_ASSEMBLY_USAGE_OCCURRENCE('315','=>[0:1:1:316]','',#5,
  #11223,$);
#11233 = PRODUCT_RELATED_PRODUCT_CATEGORY('part',$,(#11225));
#11234 = ADVANCED_BREP_SHAPE_REPRESENTATION('',(#11,#11235),#11247);
#11235 = MANIFOLD_SOLID_BREP('',#11236);
#11236 = CLOSED_SHELL('',(#11237));
#11237 = ADVANCED_FACE('',(#11238),#11242,.T.);
#11238 = FACE_BOUND('',#11239,.T.);
#11239 = VERTEX_LOOP('',#11240);
#11240 = VERTEX_POINT('',#11241);
#11241 = CARTESIAN_POINT('',(7.654042494671E-18,-1.874699728327E-33,
    -0.125));
#11242 = SPHERICAL_SURFACE('',#11243,0.125);
#11243 = AXIS2_PLACEMENT_3D('',#11244,#11245,#11246);
#11244 = CARTESIAN_POINT('',(0.,0.,0.));
#11245 = DIRECTION('',(0.,0.,1.));
#11246 = DIRECTION('',(1.,0.,-0.));
#11247 = ( GEOMETRIC_REPRESENTATION_CONTEXT(3) 
GLOBAL_UNCERTAINTY_ASSIGNED_CONTEXT((#11251)) 
GLOBAL_UNIT_ASSIGNED_CONTEXT((#11248,#11249,#11250)) 
REPRESENTATION_CONTEXT('Context #1',
  '3D Context with UNIT and UNCERTAINTY') );
#11248 = ( LENGTH_UNIT() NAMED_UNIT(*) SI_UNIT(.MILLI.,.METRE.) );
#11249 = ( NAMED_UNIT(*) PLANE_ANGLE_UNIT() SI_UNIT($,.RADIAN.) );
#11250 = ( NAMED_UNIT(*) SI_UNIT($,.STERADIAN.) SOLID_ANGLE_UNIT() );
#11251 = UNCERTAINTY_MEASURE_WITH_UNIT(LENGTH_MEASURE(1.E-07),#11248,
  'distance_accuracy_value','confusion accuracy');
#11252 = SHAPE_DEFINITION_REPRESENTATION(#11253,#11234);
#11253 = PRODUCT_DEFINITION_SHAPE('','',#11254);
#11254 = PRODUCT_DEFINITION('design','',#11255,#11258);
#11255 = PRODUCT_DEFINITION_FORMATION('','',#11256);
#11256 = PRODUCT('AD5','AD5','',(#11257));
#11257 = PRODUCT_CONTEXT('',#2,'mechanical');
#11258 = PRODUCT_DEFINITION_CONTEXT('part definition',#2,'design');
#11259 = CONTEXT_DEPENDENT_SHAPE_REPRESENTATION(#11260,#11262);
#11260 = ( REPRESENTATION_RELATIONSHIP('','',#11234,#10) 
REPRESENTATION_RELATIONSHIP_WITH_TRANSFORMATION(#11261) 
SHAPE_REPRESENTATION_RELATIONSHIP() );
#11261 = ITEM_DEFINED_TRANSFORMATION('','',#11,#1275);
#11262 = PRODUCT_DEFINITION_SHAPE('Placement','Placement of an item',
  #11263);
#11263 = NEXT_ASSEMBLY_USAGE_OCCURRENCE('316','=>[0:1:1:317]','',#5,
  #11254,$);
#11264 = PRODUCT_RELATED_PRODUCT_CATEGORY('part',$,(#11256));
#11265 = ADVANCED_BREP_SHAPE_REPRESENTATION('',(#11,#11266),#11278);
#11266 = MANIFOLD_SOLID_BREP('',#11267);
#11267 = CLOSED_SHELL('',(#11268));
#11268 = ADVANCED_FACE('',(#11269),#11273,.T.);
#11269 = FACE_BOUND('',#11270,.T.);
#11270 = VERTEX_LOOP('',#11271);
#11271 = VERTEX_POINT('',#11272);
#11272 = CARTESIAN_POINT('',(7.654042494671E-18,-1.874699728327E-33,
    -0.125));
#11273 = SPHERICAL_SURFACE('',#11274,0.125);
#11274 = AXIS2_PLACEMENT_3D('',#11275,#11276,#11277);
#11275 = CARTESIAN_POINT('',(0.,0.,0.));
#11276 = DIRECTION('',(0.,0.,1.));
#11277 = DIRECTION('',(1.,0.,-0.));
#11278 = ( GEOMETRIC_REPRESENTATION_CONTEXT(3) 
GLOBAL_UNCERTAINTY_ASSIGNED_CONTEXT((#11282)) 
GLOBAL_UNIT_ASSIGNED_CONTEXT((#11279,#11280,#11281)) 
REPRESENTATION_CONTEXT('Context #1',
  '3D Context with UNIT and UNCERTAINTY') );
#11279 = ( LENGTH_UNIT() NAMED_UNIT(*) SI_UNIT(.MILLI.,.METRE.) );
#11280 = ( NAMED_UNIT(*) PLANE_ANGLE_UNIT() SI_UNIT($,.RADIAN.) );
#11281 = ( NAMED_UNIT(*) SI_UNIT($,.STERADIAN.) SOLID_ANGLE_UNIT() );
#11282 = UNCERTAINTY_MEASURE_WITH_UNIT(LENGTH_MEASURE(1.E-07),#11279,
  'distance_accuracy_value','confusion accuracy');
#11283 = SHAPE_DEFINITION_REPRESENTATION(#11284,#11265);
#11284 = PRODUCT_DEFINITION_SHAPE('','',#11285);
#11285 = PRODUCT_DEFINITION('design','',#11286,#11289);
#11286 = PRODUCT_DEFINITION_FORMATION('','',#11287);
#11287 = PRODUCT('AD6','AD6','',(#11288));
#11288 = PRODUCT_CONTEXT('',#2,'mechanical');
#11289 = PRODUCT_DEFINITION_CONTEXT('part definition',#2,'design');
#11290 = CONTEXT_DEPENDENT_SHAPE_REPRESENTATION(#11291,#11293);
#11291 = ( REPRESENTATION_RELATIONSHIP('','',#11265,#10) 
REPRESENTATION_RELATIONSHIP_WITH_TRANSFORMATION(#11292) 
SHAPE_REPRESENTATION_RELATIONSHIP() );
#11292 = ITEM_DEFINED_TRANSFORMATION('','',#11,#1279);
#11293 = PRODUCT_DEFINITION_SHAPE('Placement','Placement of an item',
  #11294);
#11294 = NEXT_ASSEMBLY_USAGE_OCCURRENCE('317','=>[0:1:1:318]','',#5,
  #11285,$);
#11295 = PRODUCT_RELATED_PRODUCT_CATEGORY('part',$,(#11287));
#11296 = ADVANCED_BREP_SHAPE_REPRESENTATION('',(#11,#11297),#11309);
#11297 = MANIFOLD_SOLID_BREP('',#11298);
#11298 = CLOSED_SHELL('',(#11299));
#11299 = ADVANCED_FACE('',(#11300),#11304,.T.);
#11300 = FACE_BOUND('',#11301,.T.);
#11301 = VERTEX_LOOP('',#11302);
#11302 = VERTEX_POINT('',#11303);
#11303 = CARTESIAN_POINT('',(7.654042494671E-18,-1.874699728327E-33,
    -0.125));
#11304 = SPHERICAL_SURFACE('',#11305,0.125);
#11305 = AXIS2_PLACEMENT_3D('',#11306,#11307,#11308);
#11306 = CARTESIAN_POINT('',(0.,0.,0.));
#11307 = DIRECTION('',(0.,0.,1.));
#11308 = DIRECTION('',(1.,0.,-0.));
#11309 = ( GEOMETRIC_REPRESENTATION_CONTEXT(3) 
GLOBAL_UNCERTAINTY_ASSIGNED_CONTEXT((#11313)) 
GLOBAL_UNIT_ASSIGNED_CONTEXT((#11310,#11311,#11312)) 
REPRESENTATION_CONTEXT('Context #1',
  '3D Context with UNIT and UNCERTAINTY') );
#11310 = ( LENGTH_UNIT() NAMED_UNIT(*) SI_UNIT(.MILLI.,.METRE.) );
#11311 = ( NAMED_UNIT(*) PLANE_ANGLE_UNIT() SI_UNIT($,.RADIAN.) );
#11312 = ( NAMED_UNIT(*) SI_UNIT($,.STERADIAN.) SOLID_ANGLE_UNIT() );
#11313 = UNCERTAINTY_MEASURE_WITH_UNIT(LENGTH_MEASURE(1.E-07),#11310,
  'distance_accuracy_value','confusion accuracy');
#11314 = SHAPE_DEFINITION_REPRESENTATION(#11315,#11296);
#11315 = PRODUCT_DEFINITION_SHAPE('','',#11316);
#11316 = PRODUCT_DEFINITION('design','',#11317,#11320);
#11317 = PRODUCT_DEFINITION_FORMATION('','',#11318);
#11318 = PRODUCT('AD7','AD7','',(#11319));
#11319 = PRODUCT_CONTEXT('',#2,'mechanical');
#11320 = PRODUCT_DEFINITION_CONTEXT('part definition',#2,'design');
#11321 = CONTEXT_DEPENDENT_SHAPE_REPRESENTATION(#11322,#11324);
#11322 = ( REPRESENTATION_RELATIONSHIP('','',#11296,#10) 
REPRESENTATION_RELATIONSHIP_WITH_TRANSFORMATION(#11323) 
SHAPE_REPRESENTATION_RELATIONSHIP() );
#11323 = ITEM_DEFINED_TRANSFORMATION('','',#11,#1283);
#11324 = PRODUCT_DEFINITION_SHAPE('Placement','Placement of an item',
  #11325);
#11325 = NEXT_ASSEMBLY_USAGE_OCCURRENCE('318','=>[0:1:1:319]','',#5,
  #11316,$);
#11326 = PRODUCT_RELATED_PRODUCT_CATEGORY('part',$,(#11318));
#11327 = ADVANCED_BREP_SHAPE_REPRESENTATION('',(#11,#11328),#11340);
#11328 = MANIFOLD_SOLID_BREP('',#11329);
#11329 = CLOSED_SHELL('',(#11330));
#11330 = ADVANCED_FACE('',(#11331),#11335,.T.);
#11331 = FACE_BOUND('',#11332,.T.);
#11332 = VERTEX_LOOP('',#11333);
#11333 = VERTEX_POINT('',#11334);
#11334 = CARTESIAN_POINT('',(7.654042494671E-18,-1.874699728327E-33,
    -0.125));
#11335 = SPHERICAL_SURFACE('',#11336,0.125);
#11336 = AXIS2_PLACEMENT_3D('',#11337,#11338,#11339);
#11337 = CARTESIAN_POINT('',(0.,0.,0.));
#11338 = DIRECTION('',(0.,0.,1.));
#11339 = DIRECTION('',(1.,0.,-0.));
#11340 = ( GEOMETRIC_REPRESENTATION_CONTEXT(3) 
GLOBAL_UNCERTAINTY_ASSIGNED_CONTEXT((#11344)) 
GLOBAL_UNIT_ASSIGNED_CONTEXT((#11341,#11342,#11343)) 
REPRESENTATION_CONTEXT('Context #1',
  '3D Context with UNIT and UNCERTAINTY') );
#11341 = ( LENGTH_UNIT() NAMED_UNIT(*) SI_UNIT(.MILLI.,.METRE.) );
#11342 = ( NAMED_UNIT(*) PLANE_ANGLE_UNIT() SI_UNIT($,.RADIAN.) );
#11343 = ( NAMED_UNIT(*) SI_UNIT($,.STERADIAN.) SOLID_ANGLE_UNIT() );
#11344 = UNCERTAINTY_MEASURE_WITH_UNIT(LENGTH_MEASURE(1.E-07),#11341,
  'distance_accuracy_value','confusion accuracy');
#11345 = SHAPE_DEFINITION_REPRESENTATION(#11346,#11327);
#11346 = PRODUCT_DEFINITION_SHAPE('','',#11347);
#11347 = PRODUCT_DEFINITION('design','',#11348,#11351);
#11348 = PRODUCT_DEFINITION_FORMATION('','',#11349);
#11349 = PRODUCT('AD8','AD8','',(#11350));
#11350 = PRODUCT_CONTEXT('',#2,'mechanical');
#11351 = PRODUCT_DEFINITION_CONTEXT('part definition',#2,'design');
#11352 = CONTEXT_DEPENDENT_SHAPE_REPRESENTATION(#11353,#11355);
#11353 = ( REPRESENTATION_RELATIONSHIP('','',#11327,#10) 
REPRESENTATION_RELATIONSHIP_WITH_TRANSFORMATION(#11354) 
SHAPE_REPRESENTATION_RELATIONSHIP() );
#11354 = ITEM_DEFINED_TRANSFORMATION('','',#11,#1287);
#11355 = PRODUCT_DEFINITION_SHAPE('Placement','Placement of an item',
  #11356);
#11356 = NEXT_ASSEMBLY_USAGE_OCCURRENCE('319','=>[0:1:1:320]','',#5,
  #11347,$);
#11357 = PRODUCT_RELATED_PRODUCT_CATEGORY('part',$,(#11349));
#11358 = ADVANCED_BREP_SHAPE_REPRESENTATION('',(#11,#11359),#11371);
#11359 = MANIFOLD_SOLID_BREP('',#11360);
#11360 = CLOSED_SHELL('',(#11361));
#11361 = ADVANCED_FACE('',(#11362),#11366,.T.);
#11362 = FACE_BOUND('',#11363,.T.);
#11363 = VERTEX_LOOP('',#11364);
#11364 = VERTEX_POINT('',#11365);
#11365 = CARTESIAN_POINT('',(7.654042494671E-18,-1.874699728327E-33,
    -0.125));
#11366 = SPHERICAL_SURFACE('',#11367,0.125);
#11367 = AXIS2_PLACEMENT_3D('',#11368,#11369,#11370);
#11368 = CARTESIAN_POINT('',(0.,0.,0.));
#11369 = DIRECTION('',(0.,0.,1.));
#11370 = DIRECTION('',(1.,0.,-0.));
#11371 = ( GEOMETRIC_REPRESENTATION_CONTEXT(3) 
GLOBAL_UNCERTAINTY_ASSIGNED_CONTEXT((#11375)) 
GLOBAL_UNIT_ASSIGNED_CONTEXT((#11372,#11373,#11374)) 
REPRESENTATION_CONTEXT('Context #1',
  '3D Context with UNIT and UNCERTAINTY') );
#11372 = ( LENGTH_UNIT() NAMED_UNIT(*) SI_UNIT(.MILLI.,.METRE.) );
#11373 = ( NAMED_UNIT(*) PLANE_ANGLE_UNIT() SI_UNIT($,.RADIAN.) );
#11374 = ( NAMED_UNIT(*) SI_UNIT($,.STERADIAN.) SOLID_ANGLE_UNIT() );
#11375 = UNCERTAINTY_MEASURE_WITH_UNIT(LENGTH_MEASURE(1.E-07),#11372,
  'distance_accuracy_value','confusion accuracy');
#11376 = SHAPE_DEFINITION_REPRESENTATION(#11377,#11358);
#11377 = PRODUCT_DEFINITION_SHAPE('','',#11378);
#11378 = PRODUCT_DEFINITION('design','',#11379,#11382);
#11379 = PRODUCT_DEFINITION_FORMATION('','',#11380);
#11380 = PRODUCT('AD9','AD9','',(#11381));
#11381 = PRODUCT_CONTEXT('',#2,'mechanical');
#11382 = PRODUCT_DEFINITION_CONTEXT('part definition',#2,'design');
#11383 = CONTEXT_DEPENDENT_SHAPE_REPRESENTATION(#11384,#11386);
#11384 = ( REPRESENTATION_RELATIONSHIP('','',#11358,#10) 
REPRESENTATION_RELATIONSHIP_WITH_TRANSFORMATION(#11385) 
SHAPE_REPRESENTATION_RELATIONSHIP() );
#11385 = ITEM_DEFINED_TRANSFORMATION('','',#11,#1291);
#11386 = PRODUCT_DEFINITION_SHAPE('Placement','Placement of an item',
  #11387);
#11387 = NEXT_ASSEMBLY_USAGE_OCCURRENCE('320','=>[0:1:1:321]','',#5,
  #11378,$);
#11388 = PRODUCT_RELATED_PRODUCT_CATEGORY('part',$,(#11380));
#11389 = ADVANCED_BREP_SHAPE_REPRESENTATION('',(#11,#11390),#11402);
#11390 = MANIFOLD_SOLID_BREP('',#11391);
#11391 = CLOSED_SHELL('',(#11392));
#11392 = ADVANCED_FACE('',(#11393),#11397,.T.);
#11393 = FACE_BOUND('',#11394,.T.);
#11394 = VERTEX_LOOP('',#11395);
#11395 = VERTEX_POINT('',#11396);
#11396 = CARTESIAN_POINT('',(7.654042494671E-18,-1.874699728327E-33,
    -0.125));
#11397 = SPHERICAL_SURFACE('',#11398,0.125);
#11398 = AXIS2_PLACEMENT_3D('',#11399,#11400,#11401);
#11399 = CARTESIAN_POINT('',(0.,0.,0.));
#11400 = DIRECTION('',(0.,0.,1.));
#11401 = DIRECTION('',(1.,0.,-0.));
#11402 = ( GEOMETRIC_REPRESENTATION_CONTEXT(3) 
GLOBAL_UNCERTAINTY_ASSIGNED_CONTEXT((#11406)) 
GLOBAL_UNIT_ASSIGNED_CONTEXT((#11403,#11404,#11405)) 
REPRESENTATION_CONTEXT('Context #1',
  '3D Context with UNIT and UNCERTAINTY') );
#11403 = ( LENGTH_UNIT() NAMED_UNIT(*) SI_UNIT(.MILLI.,.METRE.) );
#11404 = ( NAMED_UNIT(*) PLANE_ANGLE_UNIT() SI_UNIT($,.RADIAN.) );
#11405 = ( NAMED_UNIT(*) SI_UNIT($,.STERADIAN.) SOLID_ANGLE_UNIT() );
#11406 = UNCERTAINTY_MEASURE_WITH_UNIT(LENGTH_MEASURE(1.E-07),#11403,
  'distance_accuracy_value','confusion accuracy');
#11407 = SHAPE_DEFINITION_REPRESENTATION(#11408,#11389);
#11408 = PRODUCT_DEFINITION_SHAPE('','',#11409);
#11409 = PRODUCT_DEFINITION('design','',#11410,#11413);
#11410 = PRODUCT_DEFINITION_FORMATION('','',#11411);
#11411 = PRODUCT('AD10','AD10','',(#11412));
#11412 = PRODUCT_CONTEXT('',#2,'mechanical');
#11413 = PRODUCT_DEFINITION_CONTEXT('part definition',#2,'design');
#11414 = CONTEXT_DEPENDENT_SHAPE_REPRESENTATION(#11415,#11417);
#11415 = ( REPRESENTATION_RELATIONSHIP('','',#11389,#10) 
REPRESENTATION_RELATIONSHIP_WITH_TRANSFORMATION(#11416) 
SHAPE_REPRESENTATION_RELATIONSHIP() );
#11416 = ITEM_DEFINED_TRANSFORMATION('','',#11,#1295);
#11417 = PRODUCT_DEFINITION_SHAPE('Placement','Placement of an item',
  #11418);
#11418 = NEXT_ASSEMBLY_USAGE_OCCURRENCE('321','=>[0:1:1:322]','',#5,
  #11409,$);
#11419 = PRODUCT_RELATED_PRODUCT_CATEGORY('part',$,(#11411));
#11420 = ADVANCED_BREP_SHAPE_REPRESENTATION('',(#11,#11421),#11433);
#11421 = MANIFOLD_SOLID_BREP('',#11422);
#11422 = CLOSED_SHELL('',(#11423));
#11423 = ADVANCED_FACE('',(#11424),#11428,.T.);
#11424 = FACE_BOUND('',#11425,.T.);
#11425 = VERTEX_LOOP('',#11426);
#11426 = VERTEX_POINT('',#11427);
#11427 = CARTESIAN_POINT('',(7.654042494671E-18,-1.874699728327E-33,
    -0.125));
#11428 = SPHERICAL_SURFACE('',#11429,0.125);
#11429 = AXIS2_PLACEMENT_3D('',#11430,#11431,#11432);
#11430 = CARTESIAN_POINT('',(0.,0.,0.));
#11431 = DIRECTION('',(0.,0.,1.));
#11432 = DIRECTION('',(1.,0.,-0.));
#11433 = ( GEOMETRIC_REPRESENTATION_CONTEXT(3) 
GLOBAL_UNCERTAINTY_ASSIGNED_CONTEXT((#11437)) 
GLOBAL_UNIT_ASSIGNED_CONTEXT((#11434,#11435,#11436)) 
REPRESENTATION_CONTEXT('Context #1',
  '3D Context with UNIT and UNCERTAINTY') );
#11434 = ( LENGTH_UNIT() NAMED_UNIT(*) SI_UNIT(.MILLI.,.METRE.) );
#11435 = ( NAMED_UNIT(*) PLANE_ANGLE_UNIT() SI_UNIT($,.RADIAN.) );
#11436 = ( NAMED_UNIT(*) SI_UNIT($,.STERADIAN.) SOLID_ANGLE_UNIT() );
#11437 = UNCERTAINTY_MEASURE_WITH_UNIT(LENGTH_MEASURE(1.E-07),#11434,
  'distance_accuracy_value','confusion accuracy');
#11438 = SHAPE_DEFINITION_REPRESENTATION(#11439,#11420);
#11439 = PRODUCT_DEFINITION_SHAPE('','',#11440);
#11440 = PRODUCT_DEFINITION('design','',#11441,#11444);
#11441 = PRODUCT_DEFINITION_FORMATION('','',#11442);
#11442 = PRODUCT('AD11','AD11','',(#11443));
#11443 = PRODUCT_CONTEXT('',#2,'mechanical');
#11444 = PRODUCT_DEFINITION_CONTEXT('part definition',#2,'design');
#11445 = CONTEXT_DEPENDENT_SHAPE_REPRESENTATION(#11446,#11448);
#11446 = ( REPRESENTATION_RELATIONSHIP('','',#11420,#10) 
REPRESENTATION_RELATIONSHIP_WITH_TRANSFORMATION(#11447) 
SHAPE_REPRESENTATION_RELATIONSHIP() );
#11447 = ITEM_DEFINED_TRANSFORMATION('','',#11,#1299);
#11448 = PRODUCT_DEFINITION_SHAPE('Placement','Placement of an item',
  #11449);
#11449 = NEXT_ASSEMBLY_USAGE_OCCURRENCE('322','=>[0:1:1:323]','',#5,
  #11440,$);
#11450 = PRODUCT_RELATED_PRODUCT_CATEGORY('part',$,(#11442));
#11451 = ADVANCED_BREP_SHAPE_REPRESENTATION('',(#11,#11452),#11464);
#11452 = MANIFOLD_SOLID_BREP('',#11453);
#11453 = CLOSED_SHELL('',(#11454));
#11454 = ADVANCED_FACE('',(#11455),#11459,.T.);
#11455 = FACE_BOUND('',#11456,.T.);
#11456 = VERTEX_LOOP('',#11457);
#11457 = VERTEX_POINT('',#11458);
#11458 = CARTESIAN_POINT('',(7.654042494671E-18,-1.874699728327E-33,
    -0.125));
#11459 = SPHERICAL_SURFACE('',#11460,0.125);
#11460 = AXIS2_PLACEMENT_3D('',#11461,#11462,#11463);
#11461 = CARTESIAN_POINT('',(0.,0.,0.));
#11462 = DIRECTION('',(0.,0.,1.));
#11463 = DIRECTION('',(1.,0.,-0.));
#11464 = ( GEOMETRIC_REPRESENTATION_CONTEXT(3) 
GLOBAL_UNCERTAINTY_ASSIGNED_CONTEXT((#11468)) 
GLOBAL_UNIT_ASSIGNED_CONTEXT((#11465,#11466,#11467)) 
REPRESENTATION_CONTEXT('Context #1',
  '3D Context with UNIT and UNCERTAINTY') );
#11465 = ( LENGTH_UNIT() NAMED_UNIT(*) SI_UNIT(.MILLI.,.METRE.) );
#11466 = ( NAMED_UNIT(*) PLANE_ANGLE_UNIT() SI_UNIT($,.RADIAN.) );
#11467 = ( NAMED_UNIT(*) SI_UNIT($,.STERADIAN.) SOLID_ANGLE_UNIT() );
#11468 = UNCERTAINTY_MEASURE_WITH_UNIT(LENGTH_MEASURE(1.E-07),#11465,
  'distance_accuracy_value','confusion accuracy');
#11469 = SHAPE_DEFINITION_REPRESENTATION(#11470,#11451);
#11470 = PRODUCT_DEFINITION_SHAPE('','',#11471);
#11471 = PRODUCT_DEFINITION('design','',#11472,#11475);
#11472 = PRODUCT_DEFINITION_FORMATION('','',#11473);
#11473 = PRODUCT('AD12','AD12','',(#11474));
#11474 = PRODUCT_CONTEXT('',#2,'mechanical');
#11475 = PRODUCT_DEFINITION_CONTEXT('part definition',#2,'design');
#11476 = CONTEXT_DEPENDENT_SHAPE_REPRESENTATION(#11477,#11479);
#11477 = ( REPRESENTATION_RELATIONSHIP('','',#11451,#10) 
REPRESENTATION_RELATIONSHIP_WITH_TRANSFORMATION(#11478) 
SHAPE_REPRESENTATION_RELATIONSHIP() );
#11478 = ITEM_DEFINED_TRANSFORMATION('','',#11,#1303);
#11479 = PRODUCT_DEFINITION_SHAPE('Placement','Placement of an item',
  #11480);
#11480 = NEXT_ASSEMBLY_USAGE_OCCURRENCE('323','=>[0:1:1:324]','',#5,
  #11471,$);
#11481 = PRODUCT_RELATED_PRODUCT_CATEGORY('part',$,(#11473));
#11482 = ADVANCED_BREP_SHAPE_REPRESENTATION('',(#11,#11483),#11495);
#11483 = MANIFOLD_SOLID_BREP('',#11484);
#11484 = CLOSED_SHELL('',(#11485));
#11485 = ADVANCED_FACE('',(#11486),#11490,.T.);
#11486 = FACE_BOUND('',#11487,.T.);
#11487 = VERTEX_LOOP('',#11488);
#11488 = VERTEX_POINT('',#11489);
#11489 = CARTESIAN_POINT('',(7.654042494671E-18,-1.874699728327E-33,
    -0.125));
#11490 = SPHERICAL_SURFACE('',#11491,0.125);
#11491 = AXIS2_PLACEMENT_3D('',#11492,#11493,#11494);
#11492 = CARTESIAN_POINT('',(0.,0.,0.));
#11493 = DIRECTION('',(0.,0.,1.));
#11494 = DIRECTION('',(1.,0.,-0.));
#11495 = ( GEOMETRIC_REPRESENTATION_CONTEXT(3) 
GLOBAL_UNCERTAINTY_ASSIGNED_CONTEXT((#11499)) 
GLOBAL_UNIT_ASSIGNED_CONTEXT((#11496,#11497,#11498)) 
REPRESENTATION_CONTEXT('Context #1',
  '3D Context with UNIT and UNCERTAINTY') );
#11496 = ( LENGTH_UNIT() NAMED_UNIT(*) SI_UNIT(.MILLI.,.METRE.) );
#11497 = ( NAMED_UNIT(*) PLANE_ANGLE_UNIT() SI_UNIT($,.RADIAN.) );
#11498 = ( NAMED_UNIT(*) SI_UNIT($,.STERADIAN.) SOLID_ANGLE_UNIT() );
#11499 = UNCERTAINTY_MEASURE_WITH_UNIT(LENGTH_MEASURE(1.E-07),#11496,
  'distance_accuracy_value','confusion accuracy');
#11500 = SHAPE_DEFINITION_REPRESENTATION(#11501,#11482);
#11501 = PRODUCT_DEFINITION_SHAPE('','',#11502);
#11502 = PRODUCT_DEFINITION('design','',#11503,#11506);
#11503 = PRODUCT_DEFINITION_FORMATION('','',#11504);
#11504 = PRODUCT('AD13','AD13','',(#11505));
#11505 = PRODUCT_CONTEXT('',#2,'mechanical');
#11506 = PRODUCT_DEFINITION_CONTEXT('part definition',#2,'design');
#11507 = CONTEXT_DEPENDENT_SHAPE_REPRESENTATION(#11508,#11510);
#11508 = ( REPRESENTATION_RELATIONSHIP('','',#11482,#10) 
REPRESENTATION_RELATIONSHIP_WITH_TRANSFORMATION(#11509) 
SHAPE_REPRESENTATION_RELATIONSHIP() );
#11509 = ITEM_DEFINED_TRANSFORMATION('','',#11,#1307);
#11510 = PRODUCT_DEFINITION_SHAPE('Placement','Placement of an item',
  #11511);
#11511 = NEXT_ASSEMBLY_USAGE_OCCURRENCE('324','=>[0:1:1:325]','',#5,
  #11502,$);
#11512 = PRODUCT_RELATED_PRODUCT_CATEGORY('part',$,(#11504));
#11513 = ADVANCED_BREP_SHAPE_REPRESENTATION('',(#11,#11514),#11526);
#11514 = MANIFOLD_SOLID_BREP('',#11515);
#11515 = CLOSED_SHELL('',(#11516));
#11516 = ADVANCED_FACE('',(#11517),#11521,.T.);
#11517 = FACE_BOUND('',#11518,.T.);
#11518 = VERTEX_LOOP('',#11519);
#11519 = VERTEX_POINT('',#11520);
#11520 = CARTESIAN_POINT('',(7.654042494671E-18,-1.874699728327E-33,
    -0.125));
#11521 = SPHERICAL_SURFACE('',#11522,0.125);
#11522 = AXIS2_PLACEMENT_3D('',#11523,#11524,#11525);
#11523 = CARTESIAN_POINT('',(0.,0.,0.));
#11524 = DIRECTION('',(0.,0.,1.));
#11525 = DIRECTION('',(1.,0.,-0.));
#11526 = ( GEOMETRIC_REPRESENTATION_CONTEXT(3) 
GLOBAL_UNCERTAINTY_ASSIGNED_CONTEXT((#11530)) 
GLOBAL_UNIT_ASSIGNED_CONTEXT((#11527,#11528,#11529)) 
REPRESENTATION_CONTEXT('Context #1',
  '3D Context with UNIT and UNCERTAINTY') );
#11527 = ( LENGTH_UNIT() NAMED_UNIT(*) SI_UNIT(.MILLI.,.METRE.) );
#11528 = ( NAMED_UNIT(*) PLANE_ANGLE_UNIT() SI_UNIT($,.RADIAN.) );
#11529 = ( NAMED_UNIT(*) SI_UNIT($,.STERADIAN.) SOLID_ANGLE_UNIT() );
#11530 = UNCERTAINTY_MEASURE_WITH_UNIT(LENGTH_MEASURE(1.E-07),#11527,
  'distance_accuracy_value','confusion accuracy');
#11531 = SHAPE_DEFINITION_REPRESENTATION(#11532,#11513);
#11532 = PRODUCT_DEFINITION_SHAPE('','',#11533);
#11533 = PRODUCT_DEFINITION('design','',#11534,#11537);
#11534 = PRODUCT_DEFINITION_FORMATION('','',#11535);
#11535 = PRODUCT('AD14','AD14','',(#11536));
#11536 = PRODUCT_CONTEXT('',#2,'mechanical');
#11537 = PRODUCT_DEFINITION_CONTEXT('part definition',#2,'design');
#11538 = CONTEXT_DEPENDENT_SHAPE_REPRESENTATION(#11539,#11541);
#11539 = ( REPRESENTATION_RELATIONSHIP('','',#11513,#10) 
REPRESENTATION_RELATIONSHIP_WITH_TRANSFORMATION(#11540) 
SHAPE_REPRESENTATION_RELATIONSHIP() );
#11540 = ITEM_DEFINED_TRANSFORMATION('','',#11,#1311);
#11541 = PRODUCT_DEFINITION_SHAPE('Placement','Placement of an item',
  #11542);
#11542 = NEXT_ASSEMBLY_USAGE_OCCURRENCE('325','=>[0:1:1:326]','',#5,
  #11533,$);
#11543 = PRODUCT_RELATED_PRODUCT_CATEGORY('part',$,(#11535));
#11544 = ADVANCED_BREP_SHAPE_REPRESENTATION('',(#11,#11545),#11557);
#11545 = MANIFOLD_SOLID_BREP('',#11546);
#11546 = CLOSED_SHELL('',(#11547));
#11547 = ADVANCED_FACE('',(#11548),#11552,.T.);
#11548 = FACE_BOUND('',#11549,.T.);
#11549 = VERTEX_LOOP('',#11550);
#11550 = VERTEX_POINT('',#11551);
#11551 = CARTESIAN_POINT('',(7.654042494671E-18,-1.874699728327E-33,
    -0.125));
#11552 = SPHERICAL_SURFACE('',#11553,0.125);
#11553 = AXIS2_PLACEMENT_3D('',#11554,#11555,#11556);
#11554 = CARTESIAN_POINT('',(0.,0.,0.));
#11555 = DIRECTION('',(0.,0.,1.));
#11556 = DIRECTION('',(1.,0.,-0.));
#11557 = ( GEOMETRIC_REPRESENTATION_CONTEXT(3) 
GLOBAL_UNCERTAINTY_ASSIGNED_CONTEXT((#11561)) 
GLOBAL_UNIT_ASSIGNED_CONTEXT((#11558,#11559,#11560)) 
REPRESENTATION_CONTEXT('Context #1',
  '3D Context with UNIT and UNCERTAINTY') );
#11558 = ( LENGTH_UNIT() NAMED_UNIT(*) SI_UNIT(.MILLI.,.METRE.) );
#11559 = ( NAMED_UNIT(*) PLANE_ANGLE_UNIT() SI_UNIT($,.RADIAN.) );
#11560 = ( NAMED_UNIT(*) SI_UNIT($,.STERADIAN.) SOLID_ANGLE_UNIT() );
#11561 = UNCERTAINTY_MEASURE_WITH_UNIT(LENGTH_MEASURE(1.E-07),#11558,
  'distance_accuracy_value','confusion accuracy');
#11562 = SHAPE_DEFINITION_REPRESENTATION(#11563,#11544);
#11563 = PRODUCT_DEFINITION_SHAPE('','',#11564);
#11564 = PRODUCT_DEFINITION('design','',#11565,#11568);
#11565 = PRODUCT_DEFINITION_FORMATION('','',#11566);
#11566 = PRODUCT('AD15','AD15','',(#11567));
#11567 = PRODUCT_CONTEXT('',#2,'mechanical');
#11568 = PRODUCT_DEFINITION_CONTEXT('part definition',#2,'design');
#11569 = CONTEXT_DEPENDENT_SHAPE_REPRESENTATION(#11570,#11572);
#11570 = ( REPRESENTATION_RELATIONSHIP('','',#11544,#10) 
REPRESENTATION_RELATIONSHIP_WITH_TRANSFORMATION(#11571) 
SHAPE_REPRESENTATION_RELATIONSHIP() );
#11571 = ITEM_DEFINED_TRANSFORMATION('','',#11,#1315);
#11572 = PRODUCT_DEFINITION_SHAPE('Placement','Placement of an item',
  #11573);
#11573 = NEXT_ASSEMBLY_USAGE_OCCURRENCE('326','=>[0:1:1:327]','',#5,
  #11564,$);
#11574 = PRODUCT_RELATED_PRODUCT_CATEGORY('part',$,(#11566));
#11575 = ADVANCED_BREP_SHAPE_REPRESENTATION('',(#11,#11576),#11588);
#11576 = MANIFOLD_SOLID_BREP('',#11577);
#11577 = CLOSED_SHELL('',(#11578));
#11578 = ADVANCED_FACE('',(#11579),#11583,.T.);
#11579 = FACE_BOUND('',#11580,.T.);
#11580 = VERTEX_LOOP('',#11581);
#11581 = VERTEX_POINT('',#11582);
#11582 = CARTESIAN_POINT('',(7.654042494671E-18,-1.874699728327E-33,
    -0.125));
#11583 = SPHERICAL_SURFACE('',#11584,0.125);
#11584 = AXIS2_PLACEMENT_3D('',#11585,#11586,#11587);
#11585 = CARTESIAN_POINT('',(0.,0.,0.));
#11586 = DIRECTION('',(0.,0.,1.));
#11587 = DIRECTION('',(1.,0.,-0.));
#11588 = ( GEOMETRIC_REPRESENTATION_CONTEXT(3) 
GLOBAL_UNCERTAINTY_ASSIGNED_CONTEXT((#11592)) 
GLOBAL_UNIT_ASSIGNED_CONTEXT((#11589,#11590,#11591)) 
REPRESENTATION_CONTEXT('Context #1',
  '3D Context with UNIT and UNCERTAINTY') );
#11589 = ( LENGTH_UNIT() NAMED_UNIT(*) SI_UNIT(.MILLI.,.METRE.) );
#11590 = ( NAMED_UNIT(*) PLANE_ANGLE_UNIT() SI_UNIT($,.RADIAN.) );
#11591 = ( NAMED_UNIT(*) SI_UNIT($,.STERADIAN.) SOLID_ANGLE_UNIT() );
#11592 = UNCERTAINTY_MEASURE_WITH_UNIT(LENGTH_MEASURE(1.E-07),#11589,
  'distance_accuracy_value','confusion accuracy');
#11593 = SHAPE_DEFINITION_REPRESENTATION(#11594,#11575);
#11594 = PRODUCT_DEFINITION_SHAPE('','',#11595);
#11595 = PRODUCT_DEFINITION('design','',#11596,#11599);
#11596 = PRODUCT_DEFINITION_FORMATION('','',#11597);
#11597 = PRODUCT('AD16','AD16','',(#11598));
#11598 = PRODUCT_CONTEXT('',#2,'mechanical');
#11599 = PRODUCT_DEFINITION_CONTEXT('part definition',#2,'design');
#11600 = CONTEXT_DEPENDENT_SHAPE_REPRESENTATION(#11601,#11603);
#11601 = ( REPRESENTATION_RELATIONSHIP('','',#11575,#10) 
REPRESENTATION_RELATIONSHIP_WITH_TRANSFORMATION(#11602) 
SHAPE_REPRESENTATION_RELATIONSHIP() );
#11602 = ITEM_DEFINED_TRANSFORMATION('','',#11,#1319);
#11603 = PRODUCT_DEFINITION_SHAPE('Placement','Placement of an item',
  #11604);
#11604 = NEXT_ASSEMBLY_USAGE_OCCURRENCE('327','=>[0:1:1:328]','',#5,
  #11595,$);
#11605 = PRODUCT_RELATED_PRODUCT_CATEGORY('part',$,(#11597));
#11606 = ADVANCED_BREP_SHAPE_REPRESENTATION('',(#11,#11607),#11619);
#11607 = MANIFOLD_SOLID_BREP('',#11608);
#11608 = CLOSED_SHELL('',(#11609));
#11609 = ADVANCED_FACE('',(#11610),#11614,.T.);
#11610 = FACE_BOUND('',#11611,.T.);
#11611 = VERTEX_LOOP('',#11612);
#11612 = VERTEX_POINT('',#11613);
#11613 = CARTESIAN_POINT('',(7.654042494671E-18,-1.874699728327E-33,
    -0.125));
#11614 = SPHERICAL_SURFACE('',#11615,0.125);
#11615 = AXIS2_PLACEMENT_3D('',#11616,#11617,#11618);
#11616 = CARTESIAN_POINT('',(0.,0.,0.));
#11617 = DIRECTION('',(0.,0.,1.));
#11618 = DIRECTION('',(1.,0.,-0.));
#11619 = ( GEOMETRIC_REPRESENTATION_CONTEXT(3) 
GLOBAL_UNCERTAINTY_ASSIGNED_CONTEXT((#11623)) 
GLOBAL_UNIT_ASSIGNED_CONTEXT((#11620,#11621,#11622)) 
REPRESENTATION_CONTEXT('Context #1',
  '3D Context with UNIT and UNCERTAINTY') );
#11620 = ( LENGTH_UNIT() NAMED_UNIT(*) SI_UNIT(.MILLI.,.METRE.) );
#11621 = ( NAMED_UNIT(*) PLANE_ANGLE_UNIT() SI_UNIT($,.RADIAN.) );
#11622 = ( NAMED_UNIT(*) SI_UNIT($,.STERADIAN.) SOLID_ANGLE_UNIT() );
#11623 = UNCERTAINTY_MEASURE_WITH_UNIT(LENGTH_MEASURE(1.E-07),#11620,
  'distance_accuracy_value','confusion accuracy');
#11624 = SHAPE_DEFINITION_REPRESENTATION(#11625,#11606);
#11625 = PRODUCT_DEFINITION_SHAPE('','',#11626);
#11626 = PRODUCT_DEFINITION('design','',#11627,#11630);
#11627 = PRODUCT_DEFINITION_FORMATION('','',#11628);
#11628 = PRODUCT('AD17','AD17','',(#11629));
#11629 = PRODUCT_CONTEXT('',#2,'mechanical');
#11630 = PRODUCT_DEFINITION_CONTEXT('part definition',#2,'design');
#11631 = CONTEXT_DEPENDENT_SHAPE_REPRESENTATION(#11632,#11634);
#11632 = ( REPRESENTATION_RELATIONSHIP('','',#11606,#10) 
REPRESENTATION_RELATIONSHIP_WITH_TRANSFORMATION(#11633) 
SHAPE_REPRESENTATION_RELATIONSHIP() );
#11633 = ITEM_DEFINED_TRANSFORMATION('','',#11,#1323);
#11634 = PRODUCT_DEFINITION_SHAPE('Placement','Placement of an item',
  #11635);
#11635 = NEXT_ASSEMBLY_USAGE_OCCURRENCE('328','=>[0:1:1:329]','',#5,
  #11626,$);
#11636 = PRODUCT_RELATED_PRODUCT_CATEGORY('part',$,(#11628));
#11637 = ADVANCED_BREP_SHAPE_REPRESENTATION('',(#11,#11638),#11650);
#11638 = MANIFOLD_SOLID_BREP('',#11639);
#11639 = CLOSED_SHELL('',(#11640));
#11640 = ADVANCED_FACE('',(#11641),#11645,.T.);
#11641 = FACE_BOUND('',#11642,.T.);
#11642 = VERTEX_LOOP('',#11643);
#11643 = VERTEX_POINT('',#11644);
#11644 = CARTESIAN_POINT('',(7.654042494671E-18,-1.874699728327E-33,
    -0.125));
#11645 = SPHERICAL_SURFACE('',#11646,0.125);
#11646 = AXIS2_PLACEMENT_3D('',#11647,#11648,#11649);
#11647 = CARTESIAN_POINT('',(0.,0.,0.));
#11648 = DIRECTION('',(0.,0.,1.));
#11649 = DIRECTION('',(1.,0.,-0.));
#11650 = ( GEOMETRIC_REPRESENTATION_CONTEXT(3) 
GLOBAL_UNCERTAINTY_ASSIGNED_CONTEXT((#11654)) 
GLOBAL_UNIT_ASSIGNED_CONTEXT((#11651,#11652,#11653)) 
REPRESENTATION_CONTEXT('Context #1',
  '3D Context with UNIT and UNCERTAINTY') );
#11651 = ( LENGTH_UNIT() NAMED_UNIT(*) SI_UNIT(.MILLI.,.METRE.) );
#11652 = ( NAMED_UNIT(*) PLANE_ANGLE_UNIT() SI_UNIT($,.RADIAN.) );
#11653 = ( NAMED_UNIT(*) SI_UNIT($,.STERADIAN.) SOLID_ANGLE_UNIT() );
#11654 = UNCERTAINTY_MEASURE_WITH_UNIT(LENGTH_MEASURE(1.E-07),#11651,
  'distance_accuracy_value','confusion accuracy');
#11655 = SHAPE_DEFINITION_REPRESENTATION(#11656,#11637);
#11656 = PRODUCT_DEFINITION_SHAPE('','',#11657);
#11657 = PRODUCT_DEFINITION('design','',#11658,#11661);
#11658 = PRODUCT_DEFINITION_FORMATION('','',#11659);
#11659 = PRODUCT('AD18','AD18','',(#11660));
#11660 = PRODUCT_CONTEXT('',#2,'mechanical');
#11661 = PRODUCT_DEFINITION_CONTEXT('part definition',#2,'design');
#11662 = CONTEXT_DEPENDENT_SHAPE_REPRESENTATION(#11663,#11665);
#11663 = ( REPRESENTATION_RELATIONSHIP('','',#11637,#10) 
REPRESENTATION_RELATIONSHIP_WITH_TRANSFORMATION(#11664) 
SHAPE_REPRESENTATION_RELATIONSHIP() );
#11664 = ITEM_DEFINED_TRANSFORMATION('','',#11,#1327);
#11665 = PRODUCT_DEFINITION_SHAPE('Placement','Placement of an item',
  #11666);
#11666 = NEXT_ASSEMBLY_USAGE_OCCURRENCE('329','=>[0:1:1:330]','',#5,
  #11657,$);
#11667 = PRODUCT_RELATED_PRODUCT_CATEGORY('part',$,(#11659));
#11668 = ADVANCED_BREP_SHAPE_REPRESENTATION('',(#11,#11669),#11681);
#11669 = MANIFOLD_SOLID_BREP('',#11670);
#11670 = CLOSED_SHELL('',(#11671));
#11671 = ADVANCED_FACE('',(#11672),#11676,.T.);
#11672 = FACE_BOUND('',#11673,.T.);
#11673 = VERTEX_LOOP('',#11674);
#11674 = VERTEX_POINT('',#11675);
#11675 = CARTESIAN_POINT('',(7.654042494671E-18,-1.874699728327E-33,
    -0.125));
#11676 = SPHERICAL_SURFACE('',#11677,0.125);
#11677 = AXIS2_PLACEMENT_3D('',#11678,#11679,#11680);
#11678 = CARTESIAN_POINT('',(0.,0.,0.));
#11679 = DIRECTION('',(0.,0.,1.));
#11680 = DIRECTION('',(1.,0.,-0.));
#11681 = ( GEOMETRIC_REPRESENTATION_CONTEXT(3) 
GLOBAL_UNCERTAINTY_ASSIGNED_CONTEXT((#11685)) 
GLOBAL_UNIT_ASSIGNED_CONTEXT((#11682,#11683,#11684)) 
REPRESENTATION_CONTEXT('Context #1',
  '3D Context with UNIT and UNCERTAINTY') );
#11682 = ( LENGTH_UNIT() NAMED_UNIT(*) SI_UNIT(.MILLI.,.METRE.) );
#11683 = ( NAMED_UNIT(*) PLANE_ANGLE_UNIT() SI_UNIT($,.RADIAN.) );
#11684 = ( NAMED_UNIT(*) SI_UNIT($,.STERADIAN.) SOLID_ANGLE_UNIT() );
#11685 = UNCERTAINTY_MEASURE_WITH_UNIT(LENGTH_MEASURE(1.E-07),#11682,
  'distance_accuracy_value','confusion accuracy');
#11686 = SHAPE_DEFINITION_REPRESENTATION(#11687,#11668);
#11687 = PRODUCT_DEFINITION_SHAPE('','',#11688);
#11688 = PRODUCT_DEFINITION('design','',#11689,#11692);
#11689 = PRODUCT_DEFINITION_FORMATION('','',#11690);
#11690 = PRODUCT('AD19','AD19','',(#11691));
#11691 = PRODUCT_CONTEXT('',#2,'mechanical');
#11692 = PRODUCT_DEFINITION_CONTEXT('part definition',#2,'design');
#11693 = CONTEXT_DEPENDENT_SHAPE_REPRESENTATION(#11694,#11696);
#11694 = ( REPRESENTATION_RELATIONSHIP('','',#11668,#10) 
REPRESENTATION_RELATIONSHIP_WITH_TRANSFORMATION(#11695) 
SHAPE_REPRESENTATION_RELATIONSHIP() );
#11695 = ITEM_DEFINED_TRANSFORMATION('','',#11,#1331);
#11696 = PRODUCT_DEFINITION_SHAPE('Placement','Placement of an item',
  #11697);
#11697 = NEXT_ASSEMBLY_USAGE_OCCURRENCE('330','=>[0:1:1:331]','',#5,
  #11688,$);
#11698 = PRODUCT_RELATED_PRODUCT_CATEGORY('part',$,(#11690));
#11699 = ADVANCED_BREP_SHAPE_REPRESENTATION('',(#11,#11700),#11712);
#11700 = MANIFOLD_SOLID_BREP('',#11701);
#11701 = CLOSED_SHELL('',(#11702));
#11702 = ADVANCED_FACE('',(#11703),#11707,.T.);
#11703 = FACE_BOUND('',#11704,.T.);
#11704 = VERTEX_LOOP('',#11705);
#11705 = VERTEX_POINT('',#11706);
#11706 = CARTESIAN_POINT('',(7.654042494671E-18,-1.874699728327E-33,
    -0.125));
#11707 = SPHERICAL_SURFACE('',#11708,0.125);
#11708 = AXIS2_PLACEMENT_3D('',#11709,#11710,#11711);
#11709 = CARTESIAN_POINT('',(0.,0.,0.));
#11710 = DIRECTION('',(0.,0.,1.));
#11711 = DIRECTION('',(1.,0.,-0.));
#11712 = ( GEOMETRIC_REPRESENTATION_CONTEXT(3) 
GLOBAL_UNCERTAINTY_ASSIGNED_CONTEXT((#11716)) 
GLOBAL_UNIT_ASSIGNED_CONTEXT((#11713,#11714,#11715)) 
REPRESENTATION_CONTEXT('Context #1',
  '3D Context with UNIT and UNCERTAINTY') );
#11713 = ( LENGTH_UNIT() NAMED_UNIT(*) SI_UNIT(.MILLI.,.METRE.) );
#11714 = ( NAMED_UNIT(*) PLANE_ANGLE_UNIT() SI_UNIT($,.RADIAN.) );
#11715 = ( NAMED_UNIT(*) SI_UNIT($,.STERADIAN.) SOLID_ANGLE_UNIT() );
#11716 = UNCERTAINTY_MEASURE_WITH_UNIT(LENGTH_MEASURE(1.E-07),#11713,
  'distance_accuracy_value','confusion accuracy');
#11717 = SHAPE_DEFINITION_REPRESENTATION(#11718,#11699);
#11718 = PRODUCT_DEFINITION_SHAPE('','',#11719);
#11719 = PRODUCT_DEFINITION('design','',#11720,#11723);
#11720 = PRODUCT_DEFINITION_FORMATION('','',#11721);
#11721 = PRODUCT('AD20','AD20','',(#11722));
#11722 = PRODUCT_CONTEXT('',#2,'mechanical');
#11723 = PRODUCT_DEFINITION_CONTEXT('part definition',#2,'design');
#11724 = CONTEXT_DEPENDENT_SHAPE_REPRESENTATION(#11725,#11727);
#11725 = ( REPRESENTATION_RELATIONSHIP('','',#11699,#10) 
REPRESENTATION_RELATIONSHIP_WITH_TRANSFORMATION(#11726) 
SHAPE_REPRESENTATION_RELATIONSHIP() );
#11726 = ITEM_DEFINED_TRANSFORMATION('','',#11,#1335);
#11727 = PRODUCT_DEFINITION_SHAPE('Placement','Placement of an item',
  #11728);
#11728 = NEXT_ASSEMBLY_USAGE_OCCURRENCE('331','=>[0:1:1:332]','',#5,
  #11719,$);
#11729 = PRODUCT_RELATED_PRODUCT_CATEGORY('part',$,(#11721));
#11730 = ADVANCED_BREP_SHAPE_REPRESENTATION('',(#11,#11731),#11743);
#11731 = MANIFOLD_SOLID_BREP('',#11732);
#11732 = CLOSED_SHELL('',(#11733));
#11733 = ADVANCED_FACE('',(#11734),#11738,.T.);
#11734 = FACE_BOUND('',#11735,.T.);
#11735 = VERTEX_LOOP('',#11736);
#11736 = VERTEX_POINT('',#11737);
#11737 = CARTESIAN_POINT('',(7.654042494671E-18,-1.874699728327E-33,
    -0.125));
#11738 = SPHERICAL_SURFACE('',#11739,0.125);
#11739 = AXIS2_PLACEMENT_3D('',#11740,#11741,#11742);
#11740 = CARTESIAN_POINT('',(0.,0.,0.));
#11741 = DIRECTION('',(0.,0.,1.));
#11742 = DIRECTION('',(1.,0.,-0.));
#11743 = ( GEOMETRIC_REPRESENTATION_CONTEXT(3) 
GLOBAL_UNCERTAINTY_ASSIGNED_CONTEXT((#11747)) 
GLOBAL_UNIT_ASSIGNED_CONTEXT((#11744,#11745,#11746)) 
REPRESENTATION_CONTEXT('Context #1',
  '3D Context with UNIT and UNCERTAINTY') );
#11744 = ( LENGTH_UNIT() NAMED_UNIT(*) SI_UNIT(.MILLI.,.METRE.) );
#11745 = ( NAMED_UNIT(*) PLANE_ANGLE_UNIT() SI_UNIT($,.RADIAN.) );
#11746 = ( NAMED_UNIT(*) SI_UNIT($,.STERADIAN.) SOLID_ANGLE_UNIT() );
#11747 = UNCERTAINTY_MEASURE_WITH_UNIT(LENGTH_MEASURE(1.E-07),#11744,
  'distance_accuracy_value','confusion accuracy');
#11748 = SHAPE_DEFINITION_REPRESENTATION(#11749,#11730);
#11749 = PRODUCT_DEFINITION_SHAPE('','',#11750);
#11750 = PRODUCT_DEFINITION('design','',#11751,#11754);
#11751 = PRODUCT_DEFINITION_FORMATION('','',#11752);
#11752 = PRODUCT('AD21','AD21','',(#11753));
#11753 = PRODUCT_CONTEXT('',#2,'mechanical');
#11754 = PRODUCT_DEFINITION_CONTEXT('part definition',#2,'design');
#11755 = CONTEXT_DEPENDENT_SHAPE_REPRESENTATION(#11756,#11758);
#11756 = ( REPRESENTATION_RELATIONSHIP('','',#11730,#10) 
REPRESENTATION_RELATIONSHIP_WITH_TRANSFORMATION(#11757) 
SHAPE_REPRESENTATION_RELATIONSHIP() );
#11757 = ITEM_DEFINED_TRANSFORMATION('','',#11,#1339);
#11758 = PRODUCT_DEFINITION_SHAPE('Placement','Placement of an item',
  #11759);
#11759 = NEXT_ASSEMBLY_USAGE_OCCURRENCE('332','=>[0:1:1:333]','',#5,
  #11750,$);
#11760 = PRODUCT_RELATED_PRODUCT_CATEGORY('part',$,(#11752));
#11761 = ADVANCED_BREP_SHAPE_REPRESENTATION('',(#11,#11762),#11774);
#11762 = MANIFOLD_SOLID_BREP('',#11763);
#11763 = CLOSED_SHELL('',(#11764));
#11764 = ADVANCED_FACE('',(#11765),#11769,.T.);
#11765 = FACE_BOUND('',#11766,.T.);
#11766 = VERTEX_LOOP('',#11767);
#11767 = VERTEX_POINT('',#11768);
#11768 = CARTESIAN_POINT('',(7.654042494671E-18,-1.874699728327E-33,
    -0.125));
#11769 = SPHERICAL_SURFACE('',#11770,0.125);
#11770 = AXIS2_PLACEMENT_3D('',#11771,#11772,#11773);
#11771 = CARTESIAN_POINT('',(0.,0.,0.));
#11772 = DIRECTION('',(0.,0.,1.));
#11773 = DIRECTION('',(1.,0.,-0.));
#11774 = ( GEOMETRIC_REPRESENTATION_CONTEXT(3) 
GLOBAL_UNCERTAINTY_ASSIGNED_CONTEXT((#11778)) 
GLOBAL_UNIT_ASSIGNED_CONTEXT((#11775,#11776,#11777)) 
REPRESENTATION_CONTEXT('Context #1',
  '3D Context with UNIT and UNCERTAINTY') );
#11775 = ( LENGTH_UNIT() NAMED_UNIT(*) SI_UNIT(.MILLI.,.METRE.) );
#11776 = ( NAMED_UNIT(*) PLANE_ANGLE_UNIT() SI_UNIT($,.RADIAN.) );
#11777 = ( NAMED_UNIT(*) SI_UNIT($,.STERADIAN.) SOLID_ANGLE_UNIT() );
#11778 = UNCERTAINTY_MEASURE_WITH_UNIT(LENGTH_MEASURE(1.E-07),#11775,
  'distance_accuracy_value','confusion accuracy');
#11779 = SHAPE_DEFINITION_REPRESENTATION(#11780,#11761);
#11780 = PRODUCT_DEFINITION_SHAPE('','',#11781);
#11781 = PRODUCT_DEFINITION('design','',#11782,#11785);
#11782 = PRODUCT_DEFINITION_FORMATION('','',#11783);
#11783 = PRODUCT('AD22','AD22','',(#11784));
#11784 = PRODUCT_CONTEXT('',#2,'mechanical');
#11785 = PRODUCT_DEFINITION_CONTEXT('part definition',#2,'design');
#11786 = CONTEXT_DEPENDENT_SHAPE_REPRESENTATION(#11787,#11789);
#11787 = ( REPRESENTATION_RELATIONSHIP('','',#11761,#10) 
REPRESENTATION_RELATIONSHIP_WITH_TRANSFORMATION(#11788) 
SHAPE_REPRESENTATION_RELATIONSHIP() );
#11788 = ITEM_DEFINED_TRANSFORMATION('','',#11,#1343);
#11789 = PRODUCT_DEFINITION_SHAPE('Placement','Placement of an item',
  #11790);
#11790 = NEXT_ASSEMBLY_USAGE_OCCURRENCE('333','=>[0:1:1:334]','',#5,
  #11781,$);
#11791 = PRODUCT_RELATED_PRODUCT_CATEGORY('part',$,(#11783));
#11792 = ADVANCED_BREP_SHAPE_REPRESENTATION('',(#11,#11793),#11805);
#11793 = MANIFOLD_SOLID_BREP('',#11794);
#11794 = CLOSED_SHELL('',(#11795));
#11795 = ADVANCED_FACE('',(#11796),#11800,.T.);
#11796 = FACE_BOUND('',#11797,.T.);
#11797 = VERTEX_LOOP('',#11798);
#11798 = VERTEX_POINT('',#11799);
#11799 = CARTESIAN_POINT('',(7.654042494671E-18,-1.874699728327E-33,
    -0.125));
#11800 = SPHERICAL_SURFACE('',#11801,0.125);
#11801 = AXIS2_PLACEMENT_3D('',#11802,#11803,#11804);
#11802 = CARTESIAN_POINT('',(0.,0.,0.));
#11803 = DIRECTION('',(0.,0.,1.));
#11804 = DIRECTION('',(1.,0.,-0.));
#11805 = ( GEOMETRIC_REPRESENTATION_CONTEXT(3) 
GLOBAL_UNCERTAINTY_ASSIGNED_CONTEXT((#11809)) 
GLOBAL_UNIT_ASSIGNED_CONTEXT((#11806,#11807,#11808)) 
REPRESENTATION_CONTEXT('Context #1',
  '3D Context with UNIT and UNCERTAINTY') );
#11806 = ( LENGTH_UNIT() NAMED_UNIT(*) SI_UNIT(.MILLI.,.METRE.) );
#11807 = ( NAMED_UNIT(*) PLANE_ANGLE_UNIT() SI_UNIT($,.RADIAN.) );
#11808 = ( NAMED_UNIT(*) SI_UNIT($,.STERADIAN.) SOLID_ANGLE_UNIT() );
#11809 = UNCERTAINTY_MEASURE_WITH_UNIT(LENGTH_MEASURE(1.E-07),#11806,
  'distance_accuracy_value','confusion accuracy');
#11810 = SHAPE_DEFINITION_REPRESENTATION(#11811,#11792);
#11811 = PRODUCT_DEFINITION_SHAPE('','',#11812);
#11812 = PRODUCT_DEFINITION('design','',#11813,#11816);
#11813 = PRODUCT_DEFINITION_FORMATION('','',#11814);
#11814 = PRODUCT('AD23','AD23','',(#11815));
#11815 = PRODUCT_CONTEXT('',#2,'mechanical');
#11816 = PRODUCT_DEFINITION_CONTEXT('part definition',#2,'design');
#11817 = CONTEXT_DEPENDENT_SHAPE_REPRESENTATION(#11818,#11820);
#11818 = ( REPRESENTATION_RELATIONSHIP('','',#11792,#10) 
REPRESENTATION_RELATIONSHIP_WITH_TRANSFORMATION(#11819) 
SHAPE_REPRESENTATION_RELATIONSHIP() );
#11819 = ITEM_DEFINED_TRANSFORMATION('','',#11,#1347);
#11820 = PRODUCT_DEFINITION_SHAPE('Placement','Placement of an item',
  #11821);
#11821 = NEXT_ASSEMBLY_USAGE_OCCURRENCE('334','=>[0:1:1:335]','',#5,
  #11812,$);
#11822 = PRODUCT_RELATED_PRODUCT_CATEGORY('part',$,(#11814));
#11823 = ADVANCED_BREP_SHAPE_REPRESENTATION('',(#11,#11824),#11836);
#11824 = MANIFOLD_SOLID_BREP('',#11825);
#11825 = CLOSED_SHELL('',(#11826));
#11826 = ADVANCED_FACE('',(#11827),#11831,.T.);
#11827 = FACE_BOUND('',#11828,.T.);
#11828 = VERTEX_LOOP('',#11829);
#11829 = VERTEX_POINT('',#11830);
#11830 = CARTESIAN_POINT('',(7.654042494671E-18,-1.874699728327E-33,
    -0.125));
#11831 = SPHERICAL_SURFACE('',#11832,0.125);
#11832 = AXIS2_PLACEMENT_3D('',#11833,#11834,#11835);
#11833 = CARTESIAN_POINT('',(0.,0.,0.));
#11834 = DIRECTION('',(0.,0.,1.));
#11835 = DIRECTION('',(1.,0.,-0.));
#11836 = ( GEOMETRIC_REPRESENTATION_CONTEXT(3) 
GLOBAL_UNCERTAINTY_ASSIGNED_CONTEXT((#11840)) 
GLOBAL_UNIT_ASSIGNED_CONTEXT((#11837,#11838,#11839)) 
REPRESENTATION_CONTEXT('Context #1',
  '3D Context with UNIT and UNCERTAINTY') );
#11837 = ( LENGTH_UNIT() NAMED_UNIT(*) SI_UNIT(.MILLI.,.METRE.) );
#11838 = ( NAMED_UNIT(*) PLANE_ANGLE_UNIT() SI_UNIT($,.RADIAN.) );
#11839 = ( NAMED_UNIT(*) SI_UNIT($,.STERADIAN.) SOLID_ANGLE_UNIT() );
#11840 = UNCERTAINTY_MEASURE_WITH_UNIT(LENGTH_MEASURE(1.E-07),#11837,
  'distance_accuracy_value','confusion accuracy');
#11841 = SHAPE_DEFINITION_REPRESENTATION(#11842,#11823);
#11842 = PRODUCT_DEFINITION_SHAPE('','',#11843);
#11843 = PRODUCT_DEFINITION('design','',#11844,#11847);
#11844 = PRODUCT_DEFINITION_FORMATION('','',#11845);
#11845 = PRODUCT('AD24','AD24','',(#11846));
#11846 = PRODUCT_CONTEXT('',#2,'mechanical');
#11847 = PRODUCT_DEFINITION_CONTEXT('part definition',#2,'design');
#11848 = CONTEXT_DEPENDENT_SHAPE_REPRESENTATION(#11849,#11851);
#11849 = ( REPRESENTATION_RELATIONSHIP('','',#11823,#10) 
REPRESENTATION_RELATIONSHIP_WITH_TRANSFORMATION(#11850) 
SHAPE_REPRESENTATION_RELATIONSHIP() );
#11850 = ITEM_DEFINED_TRANSFORMATION('','',#11,#1351);
#11851 = PRODUCT_DEFINITION_SHAPE('Placement','Placement of an item',
  #11852);
#11852 = NEXT_ASSEMBLY_USAGE_OCCURRENCE('335','=>[0:1:1:336]','',#5,
  #11843,$);
#11853 = PRODUCT_RELATED_PRODUCT_CATEGORY('part',$,(#11845));
#11854 = ADVANCED_BREP_SHAPE_REPRESENTATION('',(#11,#11855),#11867);
#11855 = MANIFOLD_SOLID_BREP('',#11856);
#11856 = CLOSED_SHELL('',(#11857));
#11857 = ADVANCED_FACE('',(#11858),#11862,.T.);
#11858 = FACE_BOUND('',#11859,.T.);
#11859 = VERTEX_LOOP('',#11860);
#11860 = VERTEX_POINT('',#11861);
#11861 = CARTESIAN_POINT('',(7.654042494671E-18,-1.874699728327E-33,
    -0.125));
#11862 = SPHERICAL_SURFACE('',#11863,0.125);
#11863 = AXIS2_PLACEMENT_3D('',#11864,#11865,#11866);
#11864 = CARTESIAN_POINT('',(0.,0.,0.));
#11865 = DIRECTION('',(0.,0.,1.));
#11866 = DIRECTION('',(1.,0.,-0.));
#11867 = ( GEOMETRIC_REPRESENTATION_CONTEXT(3) 
GLOBAL_UNCERTAINTY_ASSIGNED_CONTEXT((#11871)) 
GLOBAL_UNIT_ASSIGNED_CONTEXT((#11868,#11869,#11870)) 
REPRESENTATION_CONTEXT('Context #1',
  '3D Context with UNIT and UNCERTAINTY') );
#11868 = ( LENGTH_UNIT() NAMED_UNIT(*) SI_UNIT(.MILLI.,.METRE.) );
#11869 = ( NAMED_UNIT(*) PLANE_ANGLE_UNIT() SI_UNIT($,.RADIAN.) );
#11870 = ( NAMED_UNIT(*) SI_UNIT($,.STERADIAN.) SOLID_ANGLE_UNIT() );
#11871 = UNCERTAINTY_MEASURE_WITH_UNIT(LENGTH_MEASURE(1.E-07),#11868,
  'distance_accuracy_value','confusion accuracy');
#11872 = SHAPE_DEFINITION_REPRESENTATION(#11873,#11854);
#11873 = PRODUCT_DEFINITION_SHAPE('','',#11874);
#11874 = PRODUCT_DEFINITION('design','',#11875,#11878);
#11875 = PRODUCT_DEFINITION_FORMATION('','',#11876);
#11876 = PRODUCT('AD25','AD25','',(#11877));
#11877 = PRODUCT_CONTEXT('',#2,'mechanical');
#11878 = PRODUCT_DEFINITION_CONTEXT('part definition',#2,'design');
#11879 = CONTEXT_DEPENDENT_SHAPE_REPRESENTATION(#11880,#11882);
#11880 = ( REPRESENTATION_RELATIONSHIP('','',#11854,#10) 
REPRESENTATION_RELATIONSHIP_WITH_TRANSFORMATION(#11881) 
SHAPE_REPRESENTATION_RELATIONSHIP() );
#11881 = ITEM_DEFINED_TRANSFORMATION('','',#11,#1355);
#11882 = PRODUCT_DEFINITION_SHAPE('Placement','Placement of an item',
  #11883);
#11883 = NEXT_ASSEMBLY_USAGE_OCCURRENCE('336','=>[0:1:1:337]','',#5,
  #11874,$);
#11884 = PRODUCT_RELATED_PRODUCT_CATEGORY('part',$,(#11876));
#11885 = ADVANCED_BREP_SHAPE_REPRESENTATION('',(#11,#11886),#11898);
#11886 = MANIFOLD_SOLID_BREP('',#11887);
#11887 = CLOSED_SHELL('',(#11888));
#11888 = ADVANCED_FACE('',(#11889),#11893,.T.);
#11889 = FACE_BOUND('',#11890,.T.);
#11890 = VERTEX_LOOP('',#11891);
#11891 = VERTEX_POINT('',#11892);
#11892 = CARTESIAN_POINT('',(7.654042494671E-18,-1.874699728327E-33,
    -0.125));
#11893 = SPHERICAL_SURFACE('',#11894,0.125);
#11894 = AXIS2_PLACEMENT_3D('',#11895,#11896,#11897);
#11895 = CARTESIAN_POINT('',(0.,0.,0.));
#11896 = DIRECTION('',(0.,0.,1.));
#11897 = DIRECTION('',(1.,0.,-0.));
#11898 = ( GEOMETRIC_REPRESENTATION_CONTEXT(3) 
GLOBAL_UNCERTAINTY_ASSIGNED_CONTEXT((#11902)) 
GLOBAL_UNIT_ASSIGNED_CONTEXT((#11899,#11900,#11901)) 
REPRESENTATION_CONTEXT('Context #1',
  '3D Context with UNIT and UNCERTAINTY') );
#11899 = ( LENGTH_UNIT() NAMED_UNIT(*) SI_UNIT(.MILLI.,.METRE.) );
#11900 = ( NAMED_UNIT(*) PLANE_ANGLE_UNIT() SI_UNIT($,.RADIAN.) );
#11901 = ( NAMED_UNIT(*) SI_UNIT($,.STERADIAN.) SOLID_ANGLE_UNIT() );
#11902 = UNCERTAINTY_MEASURE_WITH_UNIT(LENGTH_MEASURE(1.E-07),#11899,
  'distance_accuracy_value','confusion accuracy');
#11903 = SHAPE_DEFINITION_REPRESENTATION(#11904,#11885);
#11904 = PRODUCT_DEFINITION_SHAPE('','',#11905);
#11905 = PRODUCT_DEFINITION('design','',#11906,#11909);
#11906 = PRODUCT_DEFINITION_FORMATION('','',#11907);
#11907 = PRODUCT('AE1','AE1','',(#11908));
#11908 = PRODUCT_CONTEXT('',#2,'mechanical');
#11909 = PRODUCT_DEFINITION_CONTEXT('part definition',#2,'design');
#11910 = CONTEXT_DEPENDENT_SHAPE_REPRESENTATION(#11911,#11913);
#11911 = ( REPRESENTATION_RELATIONSHIP('','',#11885,#10) 
REPRESENTATION_RELATIONSHIP_WITH_TRANSFORMATION(#11912) 
SHAPE_REPRESENTATION_RELATIONSHIP() );
#11912 = ITEM_DEFINED_TRANSFORMATION('','',#11,#1359);
#11913 = PRODUCT_DEFINITION_SHAPE('Placement','Placement of an item',
  #11914);
#11914 = NEXT_ASSEMBLY_USAGE_OCCURRENCE('337','=>[0:1:1:338]','',#5,
  #11905,$);
#11915 = PRODUCT_RELATED_PRODUCT_CATEGORY('part',$,(#11907));
#11916 = ADVANCED_BREP_SHAPE_REPRESENTATION('',(#11,#11917),#11929);
#11917 = MANIFOLD_SOLID_BREP('',#11918);
#11918 = CLOSED_SHELL('',(#11919));
#11919 = ADVANCED_FACE('',(#11920),#11924,.T.);
#11920 = FACE_BOUND('',#11921,.T.);
#11921 = VERTEX_LOOP('',#11922);
#11922 = VERTEX_POINT('',#11923);
#11923 = CARTESIAN_POINT('',(7.654042494671E-18,-1.874699728327E-33,
    -0.125));
#11924 = SPHERICAL_SURFACE('',#11925,0.125);
#11925 = AXIS2_PLACEMENT_3D('',#11926,#11927,#11928);
#11926 = CARTESIAN_POINT('',(0.,0.,0.));
#11927 = DIRECTION('',(0.,0.,1.));
#11928 = DIRECTION('',(1.,0.,-0.));
#11929 = ( GEOMETRIC_REPRESENTATION_CONTEXT(3) 
GLOBAL_UNCERTAINTY_ASSIGNED_CONTEXT((#11933)) 
GLOBAL_UNIT_ASSIGNED_CONTEXT((#11930,#11931,#11932)) 
REPRESENTATION_CONTEXT('Context #1',
  '3D Context with UNIT and UNCERTAINTY') );
#11930 = ( LENGTH_UNIT() NAMED_UNIT(*) SI_UNIT(.MILLI.,.METRE.) );
#11931 = ( NAMED_UNIT(*) PLANE_ANGLE_UNIT() SI_UNIT($,.RADIAN.) );
#11932 = ( NAMED_UNIT(*) SI_UNIT($,.STERADIAN.) SOLID_ANGLE_UNIT() );
#11933 = UNCERTAINTY_MEASURE_WITH_UNIT(LENGTH_MEASURE(1.E-07),#11930,
  'distance_accuracy_value','confusion accuracy');
#11934 = SHAPE_DEFINITION_REPRESENTATION(#11935,#11916);
#11935 = PRODUCT_DEFINITION_SHAPE('','',#11936);
#11936 = PRODUCT_DEFINITION('design','',#11937,#11940);
#11937 = PRODUCT_DEFINITION_FORMATION('','',#11938);
#11938 = PRODUCT('AE2','AE2','',(#11939));
#11939 = PRODUCT_CONTEXT('',#2,'mechanical');
#11940 = PRODUCT_DEFINITION_CONTEXT('part definition',#2,'design');
#11941 = CONTEXT_DEPENDENT_SHAPE_REPRESENTATION(#11942,#11944);
#11942 = ( REPRESENTATION_RELATIONSHIP('','',#11916,#10) 
REPRESENTATION_RELATIONSHIP_WITH_TRANSFORMATION(#11943) 
SHAPE_REPRESENTATION_RELATIONSHIP() );
#11943 = ITEM_DEFINED_TRANSFORMATION('','',#11,#1363);
#11944 = PRODUCT_DEFINITION_SHAPE('Placement','Placement of an item',
  #11945);
#11945 = NEXT_ASSEMBLY_USAGE_OCCURRENCE('338','=>[0:1:1:339]','',#5,
  #11936,$);
#11946 = PRODUCT_RELATED_PRODUCT_CATEGORY('part',$,(#11938));
#11947 = ADVANCED_BREP_SHAPE_REPRESENTATION('',(#11,#11948),#11960);
#11948 = MANIFOLD_SOLID_BREP('',#11949);
#11949 = CLOSED_SHELL('',(#11950));
#11950 = ADVANCED_FACE('',(#11951),#11955,.T.);
#11951 = FACE_BOUND('',#11952,.T.);
#11952 = VERTEX_LOOP('',#11953);
#11953 = VERTEX_POINT('',#11954);
#11954 = CARTESIAN_POINT('',(7.654042494671E-18,-1.874699728327E-33,
    -0.125));
#11955 = SPHERICAL_SURFACE('',#11956,0.125);
#11956 = AXIS2_PLACEMENT_3D('',#11957,#11958,#11959);
#11957 = CARTESIAN_POINT('',(0.,0.,0.));
#11958 = DIRECTION('',(0.,0.,1.));
#11959 = DIRECTION('',(1.,0.,-0.));
#11960 = ( GEOMETRIC_REPRESENTATION_CONTEXT(3) 
GLOBAL_UNCERTAINTY_ASSIGNED_CONTEXT((#11964)) 
GLOBAL_UNIT_ASSIGNED_CONTEXT((#11961,#11962,#11963)) 
REPRESENTATION_CONTEXT('Context #1',
  '3D Context with UNIT and UNCERTAINTY') );
#11961 = ( LENGTH_UNIT() NAMED_UNIT(*) SI_UNIT(.MILLI.,.METRE.) );
#11962 = ( NAMED_UNIT(*) PLANE_ANGLE_UNIT() SI_UNIT($,.RADIAN.) );
#11963 = ( NAMED_UNIT(*) SI_UNIT($,.STERADIAN.) SOLID_ANGLE_UNIT() );
#11964 = UNCERTAINTY_MEASURE_WITH_UNIT(LENGTH_MEASURE(1.E-07),#11961,
  'distance_accuracy_value','confusion accuracy');
#11965 = SHAPE_DEFINITION_REPRESENTATION(#11966,#11947);
#11966 = PRODUCT_DEFINITION_SHAPE('','',#11967);
#11967 = PRODUCT_DEFINITION('design','',#11968,#11971);
#11968 = PRODUCT_DEFINITION_FORMATION('','',#11969);
#11969 = PRODUCT('AE3','AE3','',(#11970));
#11970 = PRODUCT_CONTEXT('',#2,'mechanical');
#11971 = PRODUCT_DEFINITION_CONTEXT('part definition',#2,'design');
#11972 = CONTEXT_DEPENDENT_SHAPE_REPRESENTATION(#11973,#11975);
#11973 = ( REPRESENTATION_RELATIONSHIP('','',#11947,#10) 
REPRESENTATION_RELATIONSHIP_WITH_TRANSFORMATION(#11974) 
SHAPE_REPRESENTATION_RELATIONSHIP() );
#11974 = ITEM_DEFINED_TRANSFORMATION('','',#11,#1367);
#11975 = PRODUCT_DEFINITION_SHAPE('Placement','Placement of an item',
  #11976);
#11976 = NEXT_ASSEMBLY_USAGE_OCCURRENCE('339','=>[0:1:1:340]','',#5,
  #11967,$);
#11977 = PRODUCT_RELATED_PRODUCT_CATEGORY('part',$,(#11969));
#11978 = ADVANCED_BREP_SHAPE_REPRESENTATION('',(#11,#11979),#11991);
#11979 = MANIFOLD_SOLID_BREP('',#11980);
#11980 = CLOSED_SHELL('',(#11981));
#11981 = ADVANCED_FACE('',(#11982),#11986,.T.);
#11982 = FACE_BOUND('',#11983,.T.);
#11983 = VERTEX_LOOP('',#11984);
#11984 = VERTEX_POINT('',#11985);
#11985 = CARTESIAN_POINT('',(7.654042494671E-18,-1.874699728327E-33,
    -0.125));
#11986 = SPHERICAL_SURFACE('',#11987,0.125);
#11987 = AXIS2_PLACEMENT_3D('',#11988,#11989,#11990);
#11988 = CARTESIAN_POINT('',(0.,0.,0.));
#11989 = DIRECTION('',(0.,0.,1.));
#11990 = DIRECTION('',(1.,0.,-0.));
#11991 = ( GEOMETRIC_REPRESENTATION_CONTEXT(3) 
GLOBAL_UNCERTAINTY_ASSIGNED_CONTEXT((#11995)) 
GLOBAL_UNIT_ASSIGNED_CONTEXT((#11992,#11993,#11994)) 
REPRESENTATION_CONTEXT('Context #1',
  '3D Context with UNIT and UNCERTAINTY') );
#11992 = ( LENGTH_UNIT() NAMED_UNIT(*) SI_UNIT(.MILLI.,.METRE.) );
#11993 = ( NAMED_UNIT(*) PLANE_ANGLE_UNIT() SI_UNIT($,.RADIAN.) );
#11994 = ( NAMED_UNIT(*) SI_UNIT($,.STERADIAN.) SOLID_ANGLE_UNIT() );
#11995 = UNCERTAINTY_MEASURE_WITH_UNIT(LENGTH_MEASURE(1.E-07),#11992,
  'distance_accuracy_value','confusion accuracy');
#11996 = SHAPE_DEFINITION_REPRESENTATION(#11997,#11978);
#11997 = PRODUCT_DEFINITION_SHAPE('','',#11998);
#11998 = PRODUCT_DEFINITION('design','',#11999,#12002);
#11999 = PRODUCT_DEFINITION_FORMATION('','',#12000);
#12000 = PRODUCT('AE4','AE4','',(#12001));
#12001 = PRODUCT_CONTEXT('',#2,'mechanical');
#12002 = PRODUCT_DEFINITION_CONTEXT('part definition',#2,'design');
#12003 = CONTEXT_DEPENDENT_SHAPE_REPRESENTATION(#12004,#12006);
#12004 = ( REPRESENTATION_RELATIONSHIP('','',#11978,#10) 
REPRESENTATION_RELATIONSHIP_WITH_TRANSFORMATION(#12005) 
SHAPE_REPRESENTATION_RELATIONSHIP() );
#12005 = ITEM_DEFINED_TRANSFORMATION('','',#11,#1371);
#12006 = PRODUCT_DEFINITION_SHAPE('Placement','Placement of an item',
  #12007);
#12007 = NEXT_ASSEMBLY_USAGE_OCCURRENCE('340','=>[0:1:1:341]','',#5,
  #11998,$);
#12008 = PRODUCT_RELATED_PRODUCT_CATEGORY('part',$,(#12000));
#12009 = ADVANCED_BREP_SHAPE_REPRESENTATION('',(#11,#12010),#12022);
#12010 = MANIFOLD_SOLID_BREP('',#12011);
#12011 = CLOSED_SHELL('',(#12012));
#12012 = ADVANCED_FACE('',(#12013),#12017,.T.);
#12013 = FACE_BOUND('',#12014,.T.);
#12014 = VERTEX_LOOP('',#12015);
#12015 = VERTEX_POINT('',#12016);
#12016 = CARTESIAN_POINT('',(7.654042494671E-18,-1.874699728327E-33,
    -0.125));
#12017 = SPHERICAL_SURFACE('',#12018,0.125);
#12018 = AXIS2_PLACEMENT_3D('',#12019,#12020,#12021);
#12019 = CARTESIAN_POINT('',(0.,0.,0.));
#12020 = DIRECTION('',(0.,0.,1.));
#12021 = DIRECTION('',(1.,0.,-0.));
#12022 = ( GEOMETRIC_REPRESENTATION_CONTEXT(3) 
GLOBAL_UNCERTAINTY_ASSIGNED_CONTEXT((#12026)) 
GLOBAL_UNIT_ASSIGNED_CONTEXT((#12023,#12024,#12025)) 
REPRESENTATION_CONTEXT('Context #1',
  '3D Context with UNIT and UNCERTAINTY') );
#12023 = ( LENGTH_UNIT() NAMED_UNIT(*) SI_UNIT(.MILLI.,.METRE.) );
#12024 = ( NAMED_UNIT(*) PLANE_ANGLE_UNIT() SI_UNIT($,.RADIAN.) );
#12025 = ( NAMED_UNIT(*) SI_UNIT($,.STERADIAN.) SOLID_ANGLE_UNIT() );
#12026 = UNCERTAINTY_MEASURE_WITH_UNIT(LENGTH_MEASURE(1.E-07),#12023,
  'distance_accuracy_value','confusion accuracy');
#12027 = SHAPE_DEFINITION_REPRESENTATION(#12028,#12009);
#12028 = PRODUCT_DEFINITION_SHAPE('','',#12029);
#12029 = PRODUCT_DEFINITION('design','',#12030,#12033);
#12030 = PRODUCT_DEFINITION_FORMATION('','',#12031);
#12031 = PRODUCT('AE5','AE5','',(#12032));
#12032 = PRODUCT_CONTEXT('',#2,'mechanical');
#12033 = PRODUCT_DEFINITION_CONTEXT('part definition',#2,'design');
#12034 = CONTEXT_DEPENDENT_SHAPE_REPRESENTATION(#12035,#12037);
#12035 = ( REPRESENTATION_RELATIONSHIP('','',#12009,#10) 
REPRESENTATION_RELATIONSHIP_WITH_TRANSFORMATION(#12036) 
SHAPE_REPRESENTATION_RELATIONSHIP() );
#12036 = ITEM_DEFINED_TRANSFORMATION('','',#11,#1375);
#12037 = PRODUCT_DEFINITION_SHAPE('Placement','Placement of an item',
  #12038);
#12038 = NEXT_ASSEMBLY_USAGE_OCCURRENCE('341','=>[0:1:1:342]','',#5,
  #12029,$);
#12039 = PRODUCT_RELATED_PRODUCT_CATEGORY('part',$,(#12031));
#12040 = ADVANCED_BREP_SHAPE_REPRESENTATION('',(#11,#12041),#12053);
#12041 = MANIFOLD_SOLID_BREP('',#12042);
#12042 = CLOSED_SHELL('',(#12043));
#12043 = ADVANCED_FACE('',(#12044),#12048,.T.);
#12044 = FACE_BOUND('',#12045,.T.);
#12045 = VERTEX_LOOP('',#12046);
#12046 = VERTEX_POINT('',#12047);
#12047 = CARTESIAN_POINT('',(7.654042494671E-18,-1.874699728327E-33,
    -0.125));
#12048 = SPHERICAL_SURFACE('',#12049,0.125);
#12049 = AXIS2_PLACEMENT_3D('',#12050,#12051,#12052);
#12050 = CARTESIAN_POINT('',(0.,0.,0.));
#12051 = DIRECTION('',(0.,0.,1.));
#12052 = DIRECTION('',(1.,0.,-0.));
#12053 = ( GEOMETRIC_REPRESENTATION_CONTEXT(3) 
GLOBAL_UNCERTAINTY_ASSIGNED_CONTEXT((#12057)) 
GLOBAL_UNIT_ASSIGNED_CONTEXT((#12054,#12055,#12056)) 
REPRESENTATION_CONTEXT('Context #1',
  '3D Context with UNIT and UNCERTAINTY') );
#12054 = ( LENGTH_UNIT() NAMED_UNIT(*) SI_UNIT(.MILLI.,.METRE.) );
#12055 = ( NAMED_UNIT(*) PLANE_ANGLE_UNIT() SI_UNIT($,.RADIAN.) );
#12056 = ( NAMED_UNIT(*) SI_UNIT($,.STERADIAN.) SOLID_ANGLE_UNIT() );
#12057 = UNCERTAINTY_MEASURE_WITH_UNIT(LENGTH_MEASURE(1.E-07),#12054,
  'distance_accuracy_value','confusion accuracy');
#12058 = SHAPE_DEFINITION_REPRESENTATION(#12059,#12040);
#12059 = PRODUCT_DEFINITION_SHAPE('','',#12060);
#12060 = PRODUCT_DEFINITION('design','',#12061,#12064);
#12061 = PRODUCT_DEFINITION_FORMATION('','',#12062);
#12062 = PRODUCT('AE6','AE6','',(#12063));
#12063 = PRODUCT_CONTEXT('',#2,'mechanical');
#12064 = PRODUCT_DEFINITION_CONTEXT('part definition',#2,'design');
#12065 = CONTEXT_DEPENDENT_SHAPE_REPRESENTATION(#12066,#12068);
#12066 = ( REPRESENTATION_RELATIONSHIP('','',#12040,#10) 
REPRESENTATION_RELATIONSHIP_WITH_TRANSFORMATION(#12067) 
SHAPE_REPRESENTATION_RELATIONSHIP() );
#12067 = ITEM_DEFINED_TRANSFORMATION('','',#11,#1379);
#12068 = PRODUCT_DEFINITION_SHAPE('Placement','Placement of an item',
  #12069);
#12069 = NEXT_ASSEMBLY_USAGE_OCCURRENCE('342','=>[0:1:1:343]','',#5,
  #12060,$);
#12070 = PRODUCT_RELATED_PRODUCT_CATEGORY('part',$,(#12062));
#12071 = ADVANCED_BREP_SHAPE_REPRESENTATION('',(#11,#12072),#12084);
#12072 = MANIFOLD_SOLID_BREP('',#12073);
#12073 = CLOSED_SHELL('',(#12074));
#12074 = ADVANCED_FACE('',(#12075),#12079,.T.);
#12075 = FACE_BOUND('',#12076,.T.);
#12076 = VERTEX_LOOP('',#12077);
#12077 = VERTEX_POINT('',#12078);
#12078 = CARTESIAN_POINT('',(7.654042494671E-18,-1.874699728327E-33,
    -0.125));
#12079 = SPHERICAL_SURFACE('',#12080,0.125);
#12080 = AXIS2_PLACEMENT_3D('',#12081,#12082,#12083);
#12081 = CARTESIAN_POINT('',(0.,0.,0.));
#12082 = DIRECTION('',(0.,0.,1.));
#12083 = DIRECTION('',(1.,0.,-0.));
#12084 = ( GEOMETRIC_REPRESENTATION_CONTEXT(3) 
GLOBAL_UNCERTAINTY_ASSIGNED_CONTEXT((#12088)) 
GLOBAL_UNIT_ASSIGNED_CONTEXT((#12085,#12086,#12087)) 
REPRESENTATION_CONTEXT('Context #1',
  '3D Context with UNIT and UNCERTAINTY') );
#12085 = ( LENGTH_UNIT() NAMED_UNIT(*) SI_UNIT(.MILLI.,.METRE.) );
#12086 = ( NAMED_UNIT(*) PLANE_ANGLE_UNIT() SI_UNIT($,.RADIAN.) );
#12087 = ( NAMED_UNIT(*) SI_UNIT($,.STERADIAN.) SOLID_ANGLE_UNIT() );
#12088 = UNCERTAINTY_MEASURE_WITH_UNIT(LENGTH_MEASURE(1.E-07),#12085,
  'distance_accuracy_value','confusion accuracy');
#12089 = SHAPE_DEFINITION_REPRESENTATION(#12090,#12071);
#12090 = PRODUCT_DEFINITION_SHAPE('','',#12091);
#12091 = PRODUCT_DEFINITION('design','',#12092,#12095);
#12092 = PRODUCT_DEFINITION_FORMATION('','',#12093);
#12093 = PRODUCT('AE7','AE7','',(#12094));
#12094 = PRODUCT_CONTEXT('',#2,'mechanical');
#12095 = PRODUCT_DEFINITION_CONTEXT('part definition',#2,'design');
#12096 = CONTEXT_DEPENDENT_SHAPE_REPRESENTATION(#12097,#12099);
#12097 = ( REPRESENTATION_RELATIONSHIP('','',#12071,#10) 
REPRESENTATION_RELATIONSHIP_WITH_TRANSFORMATION(#12098) 
SHAPE_REPRESENTATION_RELATIONSHIP() );
#12098 = ITEM_DEFINED_TRANSFORMATION('','',#11,#1383);
#12099 = PRODUCT_DEFINITION_SHAPE('Placement','Placement of an item',
  #12100);
#12100 = NEXT_ASSEMBLY_USAGE_OCCURRENCE('343','=>[0:1:1:344]','',#5,
  #12091,$);
#12101 = PRODUCT_RELATED_PRODUCT_CATEGORY('part',$,(#12093));
#12102 = ADVANCED_BREP_SHAPE_REPRESENTATION('',(#11,#12103),#12115);
#12103 = MANIFOLD_SOLID_BREP('',#12104);
#12104 = CLOSED_SHELL('',(#12105));
#12105 = ADVANCED_FACE('',(#12106),#12110,.T.);
#12106 = FACE_BOUND('',#12107,.T.);
#12107 = VERTEX_LOOP('',#12108);
#12108 = VERTEX_POINT('',#12109);
#12109 = CARTESIAN_POINT('',(7.654042494671E-18,-1.874699728327E-33,
    -0.125));
#12110 = SPHERICAL_SURFACE('',#12111,0.125);
#12111 = AXIS2_PLACEMENT_3D('',#12112,#12113,#12114);
#12112 = CARTESIAN_POINT('',(0.,0.,0.));
#12113 = DIRECTION('',(0.,0.,1.));
#12114 = DIRECTION('',(1.,0.,-0.));
#12115 = ( GEOMETRIC_REPRESENTATION_CONTEXT(3) 
GLOBAL_UNCERTAINTY_ASSIGNED_CONTEXT((#12119)) 
GLOBAL_UNIT_ASSIGNED_CONTEXT((#12116,#12117,#12118)) 
REPRESENTATION_CONTEXT('Context #1',
  '3D Context with UNIT and UNCERTAINTY') );
#12116 = ( LENGTH_UNIT() NAMED_UNIT(*) SI_UNIT(.MILLI.,.METRE.) );
#12117 = ( NAMED_UNIT(*) PLANE_ANGLE_UNIT() SI_UNIT($,.RADIAN.) );
#12118 = ( NAMED_UNIT(*) SI_UNIT($,.STERADIAN.) SOLID_ANGLE_UNIT() );
#12119 = UNCERTAINTY_MEASURE_WITH_UNIT(LENGTH_MEASURE(1.E-07),#12116,
  'distance_accuracy_value','confusion accuracy');
#12120 = SHAPE_DEFINITION_REPRESENTATION(#12121,#12102);
#12121 = PRODUCT_DEFINITION_SHAPE('','',#12122);
#12122 = PRODUCT_DEFINITION('design','',#12123,#12126);
#12123 = PRODUCT_DEFINITION_FORMATION('','',#12124);
#12124 = PRODUCT('AE8','AE8','',(#12125));
#12125 = PRODUCT_CONTEXT('',#2,'mechanical');
#12126 = PRODUCT_DEFINITION_CONTEXT('part definition',#2,'design');
#12127 = CONTEXT_DEPENDENT_SHAPE_REPRESENTATION(#12128,#12130);
#12128 = ( REPRESENTATION_RELATIONSHIP('','',#12102,#10) 
REPRESENTATION_RELATIONSHIP_WITH_TRANSFORMATION(#12129) 
SHAPE_REPRESENTATION_RELATIONSHIP() );
#12129 = ITEM_DEFINED_TRANSFORMATION('','',#11,#1387);
#12130 = PRODUCT_DEFINITION_SHAPE('Placement','Placement of an item',
  #12131);
#12131 = NEXT_ASSEMBLY_USAGE_OCCURRENCE('344','=>[0:1:1:345]','',#5,
  #12122,$);
#12132 = PRODUCT_RELATED_PRODUCT_CATEGORY('part',$,(#12124));
#12133 = ADVANCED_BREP_SHAPE_REPRESENTATION('',(#11,#12134),#12146);
#12134 = MANIFOLD_SOLID_BREP('',#12135);
#12135 = CLOSED_SHELL('',(#12136));
#12136 = ADVANCED_FACE('',(#12137),#12141,.T.);
#12137 = FACE_BOUND('',#12138,.T.);
#12138 = VERTEX_LOOP('',#12139);
#12139 = VERTEX_POINT('',#12140);
#12140 = CARTESIAN_POINT('',(7.654042494671E-18,-1.874699728327E-33,
    -0.125));
#12141 = SPHERICAL_SURFACE('',#12142,0.125);
#12142 = AXIS2_PLACEMENT_3D('',#12143,#12144,#12145);
#12143 = CARTESIAN_POINT('',(0.,0.,0.));
#12144 = DIRECTION('',(0.,0.,1.));
#12145 = DIRECTION('',(1.,0.,-0.));
#12146 = ( GEOMETRIC_REPRESENTATION_CONTEXT(3) 
GLOBAL_UNCERTAINTY_ASSIGNED_CONTEXT((#12150)) 
GLOBAL_UNIT_ASSIGNED_CONTEXT((#12147,#12148,#12149)) 
REPRESENTATION_CONTEXT('Context #1',
  '3D Context with UNIT and UNCERTAINTY') );
#12147 = ( LENGTH_UNIT() NAMED_UNIT(*) SI_UNIT(.MILLI.,.METRE.) );
#12148 = ( NAMED_UNIT(*) PLANE_ANGLE_UNIT() SI_UNIT($,.RADIAN.) );
#12149 = ( NAMED_UNIT(*) SI_UNIT($,.STERADIAN.) SOLID_ANGLE_UNIT() );
#12150 = UNCERTAINTY_MEASURE_WITH_UNIT(LENGTH_MEASURE(1.E-07),#12147,
  'distance_accuracy_value','confusion accuracy');
#12151 = SHAPE_DEFINITION_REPRESENTATION(#12152,#12133);
#12152 = PRODUCT_DEFINITION_SHAPE('','',#12153);
#12153 = PRODUCT_DEFINITION('design','',#12154,#12157);
#12154 = PRODUCT_DEFINITION_FORMATION('','',#12155);
#12155 = PRODUCT('AE9','AE9','',(#12156));
#12156 = PRODUCT_CONTEXT('',#2,'mechanical');
#12157 = PRODUCT_DEFINITION_CONTEXT('part definition',#2,'design');
#12158 = CONTEXT_DEPENDENT_SHAPE_REPRESENTATION(#12159,#12161);
#12159 = ( REPRESENTATION_RELATIONSHIP('','',#12133,#10) 
REPRESENTATION_RELATIONSHIP_WITH_TRANSFORMATION(#12160) 
SHAPE_REPRESENTATION_RELATIONSHIP() );
#12160 = ITEM_DEFINED_TRANSFORMATION('','',#11,#1391);
#12161 = PRODUCT_DEFINITION_SHAPE('Placement','Placement of an item',
  #12162);
#12162 = NEXT_ASSEMBLY_USAGE_OCCURRENCE('345','=>[0:1:1:346]','',#5,
  #12153,$);
#12163 = PRODUCT_RELATED_PRODUCT_CATEGORY('part',$,(#12155));
#12164 = ADVANCED_BREP_SHAPE_REPRESENTATION('',(#11,#12165),#12177);
#12165 = MANIFOLD_SOLID_BREP('',#12166);
#12166 = CLOSED_SHELL('',(#12167));
#12167 = ADVANCED_FACE('',(#12168),#12172,.T.);
#12168 = FACE_BOUND('',#12169,.T.);
#12169 = VERTEX_LOOP('',#12170);
#12170 = VERTEX_POINT('',#12171);
#12171 = CARTESIAN_POINT('',(7.654042494671E-18,-1.874699728327E-33,
    -0.125));
#12172 = SPHERICAL_SURFACE('',#12173,0.125);
#12173 = AXIS2_PLACEMENT_3D('',#12174,#12175,#12176);
#12174 = CARTESIAN_POINT('',(0.,0.,0.));
#12175 = DIRECTION('',(0.,0.,1.));
#12176 = DIRECTION('',(1.,0.,-0.));
#12177 = ( GEOMETRIC_REPRESENTATION_CONTEXT(3) 
GLOBAL_UNCERTAINTY_ASSIGNED_CONTEXT((#12181)) 
GLOBAL_UNIT_ASSIGNED_CONTEXT((#12178,#12179,#12180)) 
REPRESENTATION_CONTEXT('Context #1',
  '3D Context with UNIT and UNCERTAINTY') );
#12178 = ( LENGTH_UNIT() NAMED_UNIT(*) SI_UNIT(.MILLI.,.METRE.) );
#12179 = ( NAMED_UNIT(*) PLANE_ANGLE_UNIT() SI_UNIT($,.RADIAN.) );
#12180 = ( NAMED_UNIT(*) SI_UNIT($,.STERADIAN.) SOLID_ANGLE_UNIT() );
#12181 = UNCERTAINTY_MEASURE_WITH_UNIT(LENGTH_MEASURE(1.E-07),#12178,
  'distance_accuracy_value','confusion accuracy');
#12182 = SHAPE_DEFINITION_REPRESENTATION(#12183,#12164);
#12183 = PRODUCT_DEFINITION_SHAPE('','',#12184);
#12184 = PRODUCT_DEFINITION('design','',#12185,#12188);
#12185 = PRODUCT_DEFINITION_FORMATION('','',#12186);
#12186 = PRODUCT('AE10','AE10','',(#12187));
#12187 = PRODUCT_CONTEXT('',#2,'mechanical');
#12188 = PRODUCT_DEFINITION_CONTEXT('part definition',#2,'design');
#12189 = CONTEXT_DEPENDENT_SHAPE_REPRESENTATION(#12190,#12192);
#12190 = ( REPRESENTATION_RELATIONSHIP('','',#12164,#10) 
REPRESENTATION_RELATIONSHIP_WITH_TRANSFORMATION(#12191) 
SHAPE_REPRESENTATION_RELATIONSHIP() );
#12191 = ITEM_DEFINED_TRANSFORMATION('','',#11,#1395);
#12192 = PRODUCT_DEFINITION_SHAPE('Placement','Placement of an item',
  #12193);
#12193 = NEXT_ASSEMBLY_USAGE_OCCURRENCE('346','=>[0:1:1:347]','',#5,
  #12184,$);
#12194 = PRODUCT_RELATED_PRODUCT_CATEGORY('part',$,(#12186));
#12195 = ADVANCED_BREP_SHAPE_REPRESENTATION('',(#11,#12196),#12208);
#12196 = MANIFOLD_SOLID_BREP('',#12197);
#12197 = CLOSED_SHELL('',(#12198));
#12198 = ADVANCED_FACE('',(#12199),#12203,.T.);
#12199 = FACE_BOUND('',#12200,.T.);
#12200 = VERTEX_LOOP('',#12201);
#12201 = VERTEX_POINT('',#12202);
#12202 = CARTESIAN_POINT('',(7.654042494671E-18,-1.874699728327E-33,
    -0.125));
#12203 = SPHERICAL_SURFACE('',#12204,0.125);
#12204 = AXIS2_PLACEMENT_3D('',#12205,#12206,#12207);
#12205 = CARTESIAN_POINT('',(0.,0.,0.));
#12206 = DIRECTION('',(0.,0.,1.));
#12207 = DIRECTION('',(1.,0.,-0.));
#12208 = ( GEOMETRIC_REPRESENTATION_CONTEXT(3) 
GLOBAL_UNCERTAINTY_ASSIGNED_CONTEXT((#12212)) 
GLOBAL_UNIT_ASSIGNED_CONTEXT((#12209,#12210,#12211)) 
REPRESENTATION_CONTEXT('Context #1',
  '3D Context with UNIT and UNCERTAINTY') );
#12209 = ( LENGTH_UNIT() NAMED_UNIT(*) SI_UNIT(.MILLI.,.METRE.) );
#12210 = ( NAMED_UNIT(*) PLANE_ANGLE_UNIT() SI_UNIT($,.RADIAN.) );
#12211 = ( NAMED_UNIT(*) SI_UNIT($,.STERADIAN.) SOLID_ANGLE_UNIT() );
#12212 = UNCERTAINTY_MEASURE_WITH_UNIT(LENGTH_MEASURE(1.E-07),#12209,
  'distance_accuracy_value','confusion accuracy');
#12213 = SHAPE_DEFINITION_REPRESENTATION(#12214,#12195);
#12214 = PRODUCT_DEFINITION_SHAPE('','',#12215);
#12215 = PRODUCT_DEFINITION('design','',#12216,#12219);
#12216 = PRODUCT_DEFINITION_FORMATION('','',#12217);
#12217 = PRODUCT('AE11','AE11','',(#12218));
#12218 = PRODUCT_CONTEXT('',#2,'mechanical');
#12219 = PRODUCT_DEFINITION_CONTEXT('part definition',#2,'design');
#12220 = CONTEXT_DEPENDENT_SHAPE_REPRESENTATION(#12221,#12223);
#12221 = ( REPRESENTATION_RELATIONSHIP('','',#12195,#10) 
REPRESENTATION_RELATIONSHIP_WITH_TRANSFORMATION(#12222) 
SHAPE_REPRESENTATION_RELATIONSHIP() );
#12222 = ITEM_DEFINED_TRANSFORMATION('','',#11,#1399);
#12223 = PRODUCT_DEFINITION_SHAPE('Placement','Placement of an item',
  #12224);
#12224 = NEXT_ASSEMBLY_USAGE_OCCURRENCE('347','=>[0:1:1:348]','',#5,
  #12215,$);
#12225 = PRODUCT_RELATED_PRODUCT_CATEGORY('part',$,(#12217));
#12226 = ADVANCED_BREP_SHAPE_REPRESENTATION('',(#11,#12227),#12239);
#12227 = MANIFOLD_SOLID_BREP('',#12228);
#12228 = CLOSED_SHELL('',(#12229));
#12229 = ADVANCED_FACE('',(#12230),#12234,.T.);
#12230 = FACE_BOUND('',#12231,.T.);
#12231 = VERTEX_LOOP('',#12232);
#12232 = VERTEX_POINT('',#12233);
#12233 = CARTESIAN_POINT('',(7.654042494671E-18,-1.874699728327E-33,
    -0.125));
#12234 = SPHERICAL_SURFACE('',#12235,0.125);
#12235 = AXIS2_PLACEMENT_3D('',#12236,#12237,#12238);
#12236 = CARTESIAN_POINT('',(0.,0.,0.));
#12237 = DIRECTION('',(0.,0.,1.));
#12238 = DIRECTION('',(1.,0.,-0.));
#12239 = ( GEOMETRIC_REPRESENTATION_CONTEXT(3) 
GLOBAL_UNCERTAINTY_ASSIGNED_CONTEXT((#12243)) 
GLOBAL_UNIT_ASSIGNED_CONTEXT((#12240,#12241,#12242)) 
REPRESENTATION_CONTEXT('Context #1',
  '3D Context with UNIT and UNCERTAINTY') );
#12240 = ( LENGTH_UNIT() NAMED_UNIT(*) SI_UNIT(.MILLI.,.METRE.) );
#12241 = ( NAMED_UNIT(*) PLANE_ANGLE_UNIT() SI_UNIT($,.RADIAN.) );
#12242 = ( NAMED_UNIT(*) SI_UNIT($,.STERADIAN.) SOLID_ANGLE_UNIT() );
#12243 = UNCERTAINTY_MEASURE_WITH_UNIT(LENGTH_MEASURE(1.E-07),#12240,
  'distance_accuracy_value','confusion accuracy');
#12244 = SHAPE_DEFINITION_REPRESENTATION(#12245,#12226);
#12245 = PRODUCT_DEFINITION_SHAPE('','',#12246);
#12246 = PRODUCT_DEFINITION('design','',#12247,#12250);
#12247 = PRODUCT_DEFINITION_FORMATION('','',#12248);
#12248 = PRODUCT('AE12','AE12','',(#12249));
#12249 = PRODUCT_CONTEXT('',#2,'mechanical');
#12250 = PRODUCT_DEFINITION_CONTEXT('part definition',#2,'design');
#12251 = CONTEXT_DEPENDENT_SHAPE_REPRESENTATION(#12252,#12254);
#12252 = ( REPRESENTATION_RELATIONSHIP('','',#12226,#10) 
REPRESENTATION_RELATIONSHIP_WITH_TRANSFORMATION(#12253) 
SHAPE_REPRESENTATION_RELATIONSHIP() );
#12253 = ITEM_DEFINED_TRANSFORMATION('','',#11,#1403);
#12254 = PRODUCT_DEFINITION_SHAPE('Placement','Placement of an item',
  #12255);
#12255 = NEXT_ASSEMBLY_USAGE_OCCURRENCE('348','=>[0:1:1:349]','',#5,
  #12246,$);
#12256 = PRODUCT_RELATED_PRODUCT_CATEGORY('part',$,(#12248));
#12257 = ADVANCED_BREP_SHAPE_REPRESENTATION('',(#11,#12258),#12270);
#12258 = MANIFOLD_SOLID_BREP('',#12259);
#12259 = CLOSED_SHELL('',(#12260));
#12260 = ADVANCED_FACE('',(#12261),#12265,.T.);
#12261 = FACE_BOUND('',#12262,.T.);
#12262 = VERTEX_LOOP('',#12263);
#12263 = VERTEX_POINT('',#12264);
#12264 = CARTESIAN_POINT('',(7.654042494671E-18,-1.874699728327E-33,
    -0.125));
#12265 = SPHERICAL_SURFACE('',#12266,0.125);
#12266 = AXIS2_PLACEMENT_3D('',#12267,#12268,#12269);
#12267 = CARTESIAN_POINT('',(0.,0.,0.));
#12268 = DIRECTION('',(0.,0.,1.));
#12269 = DIRECTION('',(1.,0.,-0.));
#12270 = ( GEOMETRIC_REPRESENTATION_CONTEXT(3) 
GLOBAL_UNCERTAINTY_ASSIGNED_CONTEXT((#12274)) 
GLOBAL_UNIT_ASSIGNED_CONTEXT((#12271,#12272,#12273)) 
REPRESENTATION_CONTEXT('Context #1',
  '3D Context with UNIT and UNCERTAINTY') );
#12271 = ( LENGTH_UNIT() NAMED_UNIT(*) SI_UNIT(.MILLI.,.METRE.) );
#12272 = ( NAMED_UNIT(*) PLANE_ANGLE_UNIT() SI_UNIT($,.RADIAN.) );
#12273 = ( NAMED_UNIT(*) SI_UNIT($,.STERADIAN.) SOLID_ANGLE_UNIT() );
#12274 = UNCERTAINTY_MEASURE_WITH_UNIT(LENGTH_MEASURE(1.E-07),#12271,
  'distance_accuracy_value','confusion accuracy');
#12275 = SHAPE_DEFINITION_REPRESENTATION(#12276,#12257);
#12276 = PRODUCT_DEFINITION_SHAPE('','',#12277);
#12277 = PRODUCT_DEFINITION('design','',#12278,#12281);
#12278 = PRODUCT_DEFINITION_FORMATION('','',#12279);
#12279 = PRODUCT('AE13','AE13','',(#12280));
#12280 = PRODUCT_CONTEXT('',#2,'mechanical');
#12281 = PRODUCT_DEFINITION_CONTEXT('part definition',#2,'design');
#12282 = CONTEXT_DEPENDENT_SHAPE_REPRESENTATION(#12283,#12285);
#12283 = ( REPRESENTATION_RELATIONSHIP('','',#12257,#10) 
REPRESENTATION_RELATIONSHIP_WITH_TRANSFORMATION(#12284) 
SHAPE_REPRESENTATION_RELATIONSHIP() );
#12284 = ITEM_DEFINED_TRANSFORMATION('','',#11,#1407);
#12285 = PRODUCT_DEFINITION_SHAPE('Placement','Placement of an item',
  #12286);
#12286 = NEXT_ASSEMBLY_USAGE_OCCURRENCE('349','=>[0:1:1:350]','',#5,
  #12277,$);
#12287 = PRODUCT_RELATED_PRODUCT_CATEGORY('part',$,(#12279));
#12288 = ADVANCED_BREP_SHAPE_REPRESENTATION('',(#11,#12289),#12301);
#12289 = MANIFOLD_SOLID_BREP('',#12290);
#12290 = CLOSED_SHELL('',(#12291));
#12291 = ADVANCED_FACE('',(#12292),#12296,.T.);
#12292 = FACE_BOUND('',#12293,.T.);
#12293 = VERTEX_LOOP('',#12294);
#12294 = VERTEX_POINT('',#12295);
#12295 = CARTESIAN_POINT('',(7.654042494671E-18,-1.874699728327E-33,
    -0.125));
#12296 = SPHERICAL_SURFACE('',#12297,0.125);
#12297 = AXIS2_PLACEMENT_3D('',#12298,#12299,#12300);
#12298 = CARTESIAN_POINT('',(0.,0.,0.));
#12299 = DIRECTION('',(0.,0.,1.));
#12300 = DIRECTION('',(1.,0.,-0.));
#12301 = ( GEOMETRIC_REPRESENTATION_CONTEXT(3) 
GLOBAL_UNCERTAINTY_ASSIGNED_CONTEXT((#12305)) 
GLOBAL_UNIT_ASSIGNED_CONTEXT((#12302,#12303,#12304)) 
REPRESENTATION_CONTEXT('Context #1',
  '3D Context with UNIT and UNCERTAINTY') );
#12302 = ( LENGTH_UNIT() NAMED_UNIT(*) SI_UNIT(.MILLI.,.METRE.) );
#12303 = ( NAMED_UNIT(*) PLANE_ANGLE_UNIT() SI_UNIT($,.RADIAN.) );
#12304 = ( NAMED_UNIT(*) SI_UNIT($,.STERADIAN.) SOLID_ANGLE_UNIT() );
#12305 = UNCERTAINTY_MEASURE_WITH_UNIT(LENGTH_MEASURE(1.E-07),#12302,
  'distance_accuracy_value','confusion accuracy');
#12306 = SHAPE_DEFINITION_REPRESENTATION(#12307,#12288);
#12307 = PRODUCT_DEFINITION_SHAPE('','',#12308);
#12308 = PRODUCT_DEFINITION('design','',#12309,#12312);
#12309 = PRODUCT_DEFINITION_FORMATION('','',#12310);
#12310 = PRODUCT('AE14','AE14','',(#12311));
#12311 = PRODUCT_CONTEXT('',#2,'mechanical');
#12312 = PRODUCT_DEFINITION_CONTEXT('part definition',#2,'design');
#12313 = CONTEXT_DEPENDENT_SHAPE_REPRESENTATION(#12314,#12316);
#12314 = ( REPRESENTATION_RELATIONSHIP('','',#12288,#10) 
REPRESENTATION_RELATIONSHIP_WITH_TRANSFORMATION(#12315) 
SHAPE_REPRESENTATION_RELATIONSHIP() );
#12315 = ITEM_DEFINED_TRANSFORMATION('','',#11,#1411);
#12316 = PRODUCT_DEFINITION_SHAPE('Placement','Placement of an item',
  #12317);
#12317 = NEXT_ASSEMBLY_USAGE_OCCURRENCE('350','=>[0:1:1:351]','',#5,
  #12308,$);
#12318 = PRODUCT_RELATED_PRODUCT_CATEGORY('part',$,(#12310));
#12319 = ADVANCED_BREP_SHAPE_REPRESENTATION('',(#11,#12320),#12332);
#12320 = MANIFOLD_SOLID_BREP('',#12321);
#12321 = CLOSED_SHELL('',(#12322));
#12322 = ADVANCED_FACE('',(#12323),#12327,.T.);
#12323 = FACE_BOUND('',#12324,.T.);
#12324 = VERTEX_LOOP('',#12325);
#12325 = VERTEX_POINT('',#12326);
#12326 = CARTESIAN_POINT('',(7.654042494671E-18,-1.874699728327E-33,
    -0.125));
#12327 = SPHERICAL_SURFACE('',#12328,0.125);
#12328 = AXIS2_PLACEMENT_3D('',#12329,#12330,#12331);
#12329 = CARTESIAN_POINT('',(0.,0.,0.));
#12330 = DIRECTION('',(0.,0.,1.));
#12331 = DIRECTION('',(1.,0.,-0.));
#12332 = ( GEOMETRIC_REPRESENTATION_CONTEXT(3) 
GLOBAL_UNCERTAINTY_ASSIGNED_CONTEXT((#12336)) 
GLOBAL_UNIT_ASSIGNED_CONTEXT((#12333,#12334,#12335)) 
REPRESENTATION_CONTEXT('Context #1',
  '3D Context with UNIT and UNCERTAINTY') );
#12333 = ( LENGTH_UNIT() NAMED_UNIT(*) SI_UNIT(.MILLI.,.METRE.) );
#12334 = ( NAMED_UNIT(*) PLANE_ANGLE_UNIT() SI_UNIT($,.RADIAN.) );
#12335 = ( NAMED_UNIT(*) SI_UNIT($,.STERADIAN.) SOLID_ANGLE_UNIT() );
#12336 = UNCERTAINTY_MEASURE_WITH_UNIT(LENGTH_MEASURE(1.E-07),#12333,
  'distance_accuracy_value','confusion accuracy');
#12337 = SHAPE_DEFINITION_REPRESENTATION(#12338,#12319);
#12338 = PRODUCT_DEFINITION_SHAPE('','',#12339);
#12339 = PRODUCT_DEFINITION('design','',#12340,#12343);
#12340 = PRODUCT_DEFINITION_FORMATION('','',#12341);
#12341 = PRODUCT('AE15','AE15','',(#12342));
#12342 = PRODUCT_CONTEXT('',#2,'mechanical');
#12343 = PRODUCT_DEFINITION_CONTEXT('part definition',#2,'design');
#12344 = CONTEXT_DEPENDENT_SHAPE_REPRESENTATION(#12345,#12347);
#12345 = ( REPRESENTATION_RELATIONSHIP('','',#12319,#10) 
REPRESENTATION_RELATIONSHIP_WITH_TRANSFORMATION(#12346) 
SHAPE_REPRESENTATION_RELATIONSHIP() );
#12346 = ITEM_DEFINED_TRANSFORMATION('','',#11,#1415);
#12347 = PRODUCT_DEFINITION_SHAPE('Placement','Placement of an item',
  #12348);
#12348 = NEXT_ASSEMBLY_USAGE_OCCURRENCE('351','=>[0:1:1:352]','',#5,
  #12339,$);
#12349 = PRODUCT_RELATED_PRODUCT_CATEGORY('part',$,(#12341));
#12350 = ADVANCED_BREP_SHAPE_REPRESENTATION('',(#11,#12351),#12363);
#12351 = MANIFOLD_SOLID_BREP('',#12352);
#12352 = CLOSED_SHELL('',(#12353));
#12353 = ADVANCED_FACE('',(#12354),#12358,.T.);
#12354 = FACE_BOUND('',#12355,.T.);
#12355 = VERTEX_LOOP('',#12356);
#12356 = VERTEX_POINT('',#12357);
#12357 = CARTESIAN_POINT('',(7.654042494671E-18,-1.874699728327E-33,
    -0.125));
#12358 = SPHERICAL_SURFACE('',#12359,0.125);
#12359 = AXIS2_PLACEMENT_3D('',#12360,#12361,#12362);
#12360 = CARTESIAN_POINT('',(0.,0.,0.));
#12361 = DIRECTION('',(0.,0.,1.));
#12362 = DIRECTION('',(1.,0.,-0.));
#12363 = ( GEOMETRIC_REPRESENTATION_CONTEXT(3) 
GLOBAL_UNCERTAINTY_ASSIGNED_CONTEXT((#12367)) 
GLOBAL_UNIT_ASSIGNED_CONTEXT((#12364,#12365,#12366)) 
REPRESENTATION_CONTEXT('Context #1',
  '3D Context with UNIT and UNCERTAINTY') );
#12364 = ( LENGTH_UNIT() NAMED_UNIT(*) SI_UNIT(.MILLI.,.METRE.) );
#12365 = ( NAMED_UNIT(*) PLANE_ANGLE_UNIT() SI_UNIT($,.RADIAN.) );
#12366 = ( NAMED_UNIT(*) SI_UNIT($,.STERADIAN.) SOLID_ANGLE_UNIT() );
#12367 = UNCERTAINTY_MEASURE_WITH_UNIT(LENGTH_MEASURE(1.E-07),#12364,
  'distance_accuracy_value','confusion accuracy');
#12368 = SHAPE_DEFINITION_REPRESENTATION(#12369,#12350);
#12369 = PRODUCT_DEFINITION_SHAPE('','',#12370);
#12370 = PRODUCT_DEFINITION('design','',#12371,#12374);
#12371 = PRODUCT_DEFINITION_FORMATION('','',#12372);
#12372 = PRODUCT('AE16','AE16','',(#12373));
#12373 = PRODUCT_CONTEXT('',#2,'mechanical');
#12374 = PRODUCT_DEFINITION_CONTEXT('part definition',#2,'design');
#12375 = CONTEXT_DEPENDENT_SHAPE_REPRESENTATION(#12376,#12378);
#12376 = ( REPRESENTATION_RELATIONSHIP('','',#12350,#10) 
REPRESENTATION_RELATIONSHIP_WITH_TRANSFORMATION(#12377) 
SHAPE_REPRESENTATION_RELATIONSHIP() );
#12377 = ITEM_DEFINED_TRANSFORMATION('','',#11,#1419);
#12378 = PRODUCT_DEFINITION_SHAPE('Placement','Placement of an item',
  #12379);
#12379 = NEXT_ASSEMBLY_USAGE_OCCURRENCE('352','=>[0:1:1:353]','',#5,
  #12370,$);
#12380 = PRODUCT_RELATED_PRODUCT_CATEGORY('part',$,(#12372));
#12381 = ADVANCED_BREP_SHAPE_REPRESENTATION('',(#11,#12382),#12394);
#12382 = MANIFOLD_SOLID_BREP('',#12383);
#12383 = CLOSED_SHELL('',(#12384));
#12384 = ADVANCED_FACE('',(#12385),#12389,.T.);
#12385 = FACE_BOUND('',#12386,.T.);
#12386 = VERTEX_LOOP('',#12387);
#12387 = VERTEX_POINT('',#12388);
#12388 = CARTESIAN_POINT('',(7.654042494671E-18,-1.874699728327E-33,
    -0.125));
#12389 = SPHERICAL_SURFACE('',#12390,0.125);
#12390 = AXIS2_PLACEMENT_3D('',#12391,#12392,#12393);
#12391 = CARTESIAN_POINT('',(0.,0.,0.));
#12392 = DIRECTION('',(0.,0.,1.));
#12393 = DIRECTION('',(1.,0.,-0.));
#12394 = ( GEOMETRIC_REPRESENTATION_CONTEXT(3) 
GLOBAL_UNCERTAINTY_ASSIGNED_CONTEXT((#12398)) 
GLOBAL_UNIT_ASSIGNED_CONTEXT((#12395,#12396,#12397)) 
REPRESENTATION_CONTEXT('Context #1',
  '3D Context with UNIT and UNCERTAINTY') );
#12395 = ( LENGTH_UNIT() NAMED_UNIT(*) SI_UNIT(.MILLI.,.METRE.) );
#12396 = ( NAMED_UNIT(*) PLANE_ANGLE_UNIT() SI_UNIT($,.RADIAN.) );
#12397 = ( NAMED_UNIT(*) SI_UNIT($,.STERADIAN.) SOLID_ANGLE_UNIT() );
#12398 = UNCERTAINTY_MEASURE_WITH_UNIT(LENGTH_MEASURE(1.E-07),#12395,
  'distance_accuracy_value','confusion accuracy');
#12399 = SHAPE_DEFINITION_REPRESENTATION(#12400,#12381);
#12400 = PRODUCT_DEFINITION_SHAPE('','',#12401);
#12401 = PRODUCT_DEFINITION('design','',#12402,#12405);
#12402 = PRODUCT_DEFINITION_FORMATION('','',#12403);
#12403 = PRODUCT('AE17','AE17','',(#12404));
#12404 = PRODUCT_CONTEXT('',#2,'mechanical');
#12405 = PRODUCT_DEFINITION_CONTEXT('part definition',#2,'design');
#12406 = CONTEXT_DEPENDENT_SHAPE_REPRESENTATION(#12407,#12409);
#12407 = ( REPRESENTATION_RELATIONSHIP('','',#12381,#10) 
REPRESENTATION_RELATIONSHIP_WITH_TRANSFORMATION(#12408) 
SHAPE_REPRESENTATION_RELATIONSHIP() );
#12408 = ITEM_DEFINED_TRANSFORMATION('','',#11,#1423);
#12409 = PRODUCT_DEFINITION_SHAPE('Placement','Placement of an item',
  #12410);
#12410 = NEXT_ASSEMBLY_USAGE_OCCURRENCE('353','=>[0:1:1:354]','',#5,
  #12401,$);
#12411 = PRODUCT_RELATED_PRODUCT_CATEGORY('part',$,(#12403));
#12412 = ADVANCED_BREP_SHAPE_REPRESENTATION('',(#11,#12413),#12425);
#12413 = MANIFOLD_SOLID_BREP('',#12414);
#12414 = CLOSED_SHELL('',(#12415));
#12415 = ADVANCED_FACE('',(#12416),#12420,.T.);
#12416 = FACE_BOUND('',#12417,.T.);
#12417 = VERTEX_LOOP('',#12418);
#12418 = VERTEX_POINT('',#12419);
#12419 = CARTESIAN_POINT('',(7.654042494671E-18,-1.874699728327E-33,
    -0.125));
#12420 = SPHERICAL_SURFACE('',#12421,0.125);
#12421 = AXIS2_PLACEMENT_3D('',#12422,#12423,#12424);
#12422 = CARTESIAN_POINT('',(0.,0.,0.));
#12423 = DIRECTION('',(0.,0.,1.));
#12424 = DIRECTION('',(1.,0.,-0.));
#12425 = ( GEOMETRIC_REPRESENTATION_CONTEXT(3) 
GLOBAL_UNCERTAINTY_ASSIGNED_CONTEXT((#12429)) 
GLOBAL_UNIT_ASSIGNED_CONTEXT((#12426,#12427,#12428)) 
REPRESENTATION_CONTEXT('Context #1',
  '3D Context with UNIT and UNCERTAINTY') );
#12426 = ( LENGTH_UNIT() NAMED_UNIT(*) SI_UNIT(.MILLI.,.METRE.) );
#12427 = ( NAMED_UNIT(*) PLANE_ANGLE_UNIT() SI_UNIT($,.RADIAN.) );
#12428 = ( NAMED_UNIT(*) SI_UNIT($,.STERADIAN.) SOLID_ANGLE_UNIT() );
#12429 = UNCERTAINTY_MEASURE_WITH_UNIT(LENGTH_MEASURE(1.E-07),#12426,
  'distance_accuracy_value','confusion accuracy');
#12430 = SHAPE_DEFINITION_REPRESENTATION(#12431,#12412);
#12431 = PRODUCT_DEFINITION_SHAPE('','',#12432);
#12432 = PRODUCT_DEFINITION('design','',#12433,#12436);
#12433 = PRODUCT_DEFINITION_FORMATION('','',#12434);
#12434 = PRODUCT('AE18','AE18','',(#12435));
#12435 = PRODUCT_CONTEXT('',#2,'mechanical');
#12436 = PRODUCT_DEFINITION_CONTEXT('part definition',#2,'design');
#12437 = CONTEXT_DEPENDENT_SHAPE_REPRESENTATION(#12438,#12440);
#12438 = ( REPRESENTATION_RELATIONSHIP('','',#12412,#10) 
REPRESENTATION_RELATIONSHIP_WITH_TRANSFORMATION(#12439) 
SHAPE_REPRESENTATION_RELATIONSHIP() );
#12439 = ITEM_DEFINED_TRANSFORMATION('','',#11,#1427);
#12440 = PRODUCT_DEFINITION_SHAPE('Placement','Placement of an item',
  #12441);
#12441 = NEXT_ASSEMBLY_USAGE_OCCURRENCE('354','=>[0:1:1:355]','',#5,
  #12432,$);
#12442 = PRODUCT_RELATED_PRODUCT_CATEGORY('part',$,(#12434));
#12443 = ADVANCED_BREP_SHAPE_REPRESENTATION('',(#11,#12444),#12456);
#12444 = MANIFOLD_SOLID_BREP('',#12445);
#12445 = CLOSED_SHELL('',(#12446));
#12446 = ADVANCED_FACE('',(#12447),#12451,.T.);
#12447 = FACE_BOUND('',#12448,.T.);
#12448 = VERTEX_LOOP('',#12449);
#12449 = VERTEX_POINT('',#12450);
#12450 = CARTESIAN_POINT('',(7.654042494671E-18,-1.874699728327E-33,
    -0.125));
#12451 = SPHERICAL_SURFACE('',#12452,0.125);
#12452 = AXIS2_PLACEMENT_3D('',#12453,#12454,#12455);
#12453 = CARTESIAN_POINT('',(0.,0.,0.));
#12454 = DIRECTION('',(0.,0.,1.));
#12455 = DIRECTION('',(1.,0.,-0.));
#12456 = ( GEOMETRIC_REPRESENTATION_CONTEXT(3) 
GLOBAL_UNCERTAINTY_ASSIGNED_CONTEXT((#12460)) 
GLOBAL_UNIT_ASSIGNED_CONTEXT((#12457,#12458,#12459)) 
REPRESENTATION_CONTEXT('Context #1',
  '3D Context with UNIT and UNCERTAINTY') );
#12457 = ( LENGTH_UNIT() NAMED_UNIT(*) SI_UNIT(.MILLI.,.METRE.) );
#12458 = ( NAMED_UNIT(*) PLANE_ANGLE_UNIT() SI_UNIT($,.RADIAN.) );
#12459 = ( NAMED_UNIT(*) SI_UNIT($,.STERADIAN.) SOLID_ANGLE_UNIT() );
#12460 = UNCERTAINTY_MEASURE_WITH_UNIT(LENGTH_MEASURE(1.E-07),#12457,
  'distance_accuracy_value','confusion accuracy');
#12461 = SHAPE_DEFINITION_REPRESENTATION(#12462,#12443);
#12462 = PRODUCT_DEFINITION_SHAPE('','',#12463);
#12463 = PRODUCT_DEFINITION('design','',#12464,#12467);
#12464 = PRODUCT_DEFINITION_FORMATION('','',#12465);
#12465 = PRODUCT('AE19','AE19','',(#12466));
#12466 = PRODUCT_CONTEXT('',#2,'mechanical');
#12467 = PRODUCT_DEFINITION_CONTEXT('part definition',#2,'design');
#12468 = CONTEXT_DEPENDENT_SHAPE_REPRESENTATION(#12469,#12471);
#12469 = ( REPRESENTATION_RELATIONSHIP('','',#12443,#10) 
REPRESENTATION_RELATIONSHIP_WITH_TRANSFORMATION(#12470) 
SHAPE_REPRESENTATION_RELATIONSHIP() );
#12470 = ITEM_DEFINED_TRANSFORMATION('','',#11,#1431);
#12471 = PRODUCT_DEFINITION_SHAPE('Placement','Placement of an item',
  #12472);
#12472 = NEXT_ASSEMBLY_USAGE_OCCURRENCE('355','=>[0:1:1:356]','',#5,
  #12463,$);
#12473 = PRODUCT_RELATED_PRODUCT_CATEGORY('part',$,(#12465));
#12474 = ADVANCED_BREP_SHAPE_REPRESENTATION('',(#11,#12475),#12487);
#12475 = MANIFOLD_SOLID_BREP('',#12476);
#12476 = CLOSED_SHELL('',(#12477));
#12477 = ADVANCED_FACE('',(#12478),#12482,.T.);
#12478 = FACE_BOUND('',#12479,.T.);
#12479 = VERTEX_LOOP('',#12480);
#12480 = VERTEX_POINT('',#12481);
#12481 = CARTESIAN_POINT('',(7.654042494671E-18,-1.874699728327E-33,
    -0.125));
#12482 = SPHERICAL_SURFACE('',#12483,0.125);
#12483 = AXIS2_PLACEMENT_3D('',#12484,#12485,#12486);
#12484 = CARTESIAN_POINT('',(0.,0.,0.));
#12485 = DIRECTION('',(0.,0.,1.));
#12486 = DIRECTION('',(1.,0.,-0.));
#12487 = ( GEOMETRIC_REPRESENTATION_CONTEXT(3) 
GLOBAL_UNCERTAINTY_ASSIGNED_CONTEXT((#12491)) 
GLOBAL_UNIT_ASSIGNED_CONTEXT((#12488,#12489,#12490)) 
REPRESENTATION_CONTEXT('Context #1',
  '3D Context with UNIT and UNCERTAINTY') );
#12488 = ( LENGTH_UNIT() NAMED_UNIT(*) SI_UNIT(.MILLI.,.METRE.) );
#12489 = ( NAMED_UNIT(*) PLANE_ANGLE_UNIT() SI_UNIT($,.RADIAN.) );
#12490 = ( NAMED_UNIT(*) SI_UNIT($,.STERADIAN.) SOLID_ANGLE_UNIT() );
#12491 = UNCERTAINTY_MEASURE_WITH_UNIT(LENGTH_MEASURE(1.E-07),#12488,
  'distance_accuracy_value','confusion accuracy');
#12492 = SHAPE_DEFINITION_REPRESENTATION(#12493,#12474);
#12493 = PRODUCT_DEFINITION_SHAPE('','',#12494);
#12494 = PRODUCT_DEFINITION('design','',#12495,#12498);
#12495 = PRODUCT_DEFINITION_FORMATION('','',#12496);
#12496 = PRODUCT('AE20','AE20','',(#12497));
#12497 = PRODUCT_CONTEXT('',#2,'mechanical');
#12498 = PRODUCT_DEFINITION_CONTEXT('part definition',#2,'design');
#12499 = CONTEXT_DEPENDENT_SHAPE_REPRESENTATION(#12500,#12502);
#12500 = ( REPRESENTATION_RELATIONSHIP('','',#12474,#10) 
REPRESENTATION_RELATIONSHIP_WITH_TRANSFORMATION(#12501) 
SHAPE_REPRESENTATION_RELATIONSHIP() );
#12501 = ITEM_DEFINED_TRANSFORMATION('','',#11,#1435);
#12502 = PRODUCT_DEFINITION_SHAPE('Placement','Placement of an item',
  #12503);
#12503 = NEXT_ASSEMBLY_USAGE_OCCURRENCE('356','=>[0:1:1:357]','',#5,
  #12494,$);
#12504 = PRODUCT_RELATED_PRODUCT_CATEGORY('part',$,(#12496));
#12505 = ADVANCED_BREP_SHAPE_REPRESENTATION('',(#11,#12506),#12518);
#12506 = MANIFOLD_SOLID_BREP('',#12507);
#12507 = CLOSED_SHELL('',(#12508));
#12508 = ADVANCED_FACE('',(#12509),#12513,.T.);
#12509 = FACE_BOUND('',#12510,.T.);
#12510 = VERTEX_LOOP('',#12511);
#12511 = VERTEX_POINT('',#12512);
#12512 = CARTESIAN_POINT('',(7.654042494671E-18,-1.874699728327E-33,
    -0.125));
#12513 = SPHERICAL_SURFACE('',#12514,0.125);
#12514 = AXIS2_PLACEMENT_3D('',#12515,#12516,#12517);
#12515 = CARTESIAN_POINT('',(0.,0.,0.));
#12516 = DIRECTION('',(0.,0.,1.));
#12517 = DIRECTION('',(1.,0.,-0.));
#12518 = ( GEOMETRIC_REPRESENTATION_CONTEXT(3) 
GLOBAL_UNCERTAINTY_ASSIGNED_CONTEXT((#12522)) 
GLOBAL_UNIT_ASSIGNED_CONTEXT((#12519,#12520,#12521)) 
REPRESENTATION_CONTEXT('Context #1',
  '3D Context with UNIT and UNCERTAINTY') );
#12519 = ( LENGTH_UNIT() NAMED_UNIT(*) SI_UNIT(.MILLI.,.METRE.) );
#12520 = ( NAMED_UNIT(*) PLANE_ANGLE_UNIT() SI_UNIT($,.RADIAN.) );
#12521 = ( NAMED_UNIT(*) SI_UNIT($,.STERADIAN.) SOLID_ANGLE_UNIT() );
#12522 = UNCERTAINTY_MEASURE_WITH_UNIT(LENGTH_MEASURE(1.E-07),#12519,
  'distance_accuracy_value','confusion accuracy');
#12523 = SHAPE_DEFINITION_REPRESENTATION(#12524,#12505);
#12524 = PRODUCT_DEFINITION_SHAPE('','',#12525);
#12525 = PRODUCT_DEFINITION('design','',#12526,#12529);
#12526 = PRODUCT_DEFINITION_FORMATION('','',#12527);
#12527 = PRODUCT('AE21','AE21','',(#12528));
#12528 = PRODUCT_CONTEXT('',#2,'mechanical');
#12529 = PRODUCT_DEFINITION_CONTEXT('part definition',#2,'design');
#12530 = CONTEXT_DEPENDENT_SHAPE_REPRESENTATION(#12531,#12533);
#12531 = ( REPRESENTATION_RELATIONSHIP('','',#12505,#10) 
REPRESENTATION_RELATIONSHIP_WITH_TRANSFORMATION(#12532) 
SHAPE_REPRESENTATION_RELATIONSHIP() );
#12532 = ITEM_DEFINED_TRANSFORMATION('','',#11,#1439);
#12533 = PRODUCT_DEFINITION_SHAPE('Placement','Placement of an item',
  #12534);
#12534 = NEXT_ASSEMBLY_USAGE_OCCURRENCE('357','=>[0:1:1:358]','',#5,
  #12525,$);
#12535 = PRODUCT_RELATED_PRODUCT_CATEGORY('part',$,(#12527));
#12536 = ADVANCED_BREP_SHAPE_REPRESENTATION('',(#11,#12537),#12549);
#12537 = MANIFOLD_SOLID_BREP('',#12538);
#12538 = CLOSED_SHELL('',(#12539));
#12539 = ADVANCED_FACE('',(#12540),#12544,.T.);
#12540 = FACE_BOUND('',#12541,.T.);
#12541 = VERTEX_LOOP('',#12542);
#12542 = VERTEX_POINT('',#12543);
#12543 = CARTESIAN_POINT('',(7.654042494671E-18,-1.874699728327E-33,
    -0.125));
#12544 = SPHERICAL_SURFACE('',#12545,0.125);
#12545 = AXIS2_PLACEMENT_3D('',#12546,#12547,#12548);
#12546 = CARTESIAN_POINT('',(0.,0.,0.));
#12547 = DIRECTION('',(0.,0.,1.));
#12548 = DIRECTION('',(1.,0.,-0.));
#12549 = ( GEOMETRIC_REPRESENTATION_CONTEXT(3) 
GLOBAL_UNCERTAINTY_ASSIGNED_CONTEXT((#12553)) 
GLOBAL_UNIT_ASSIGNED_CONTEXT((#12550,#12551,#12552)) 
REPRESENTATION_CONTEXT('Context #1',
  '3D Context with UNIT and UNCERTAINTY') );
#12550 = ( LENGTH_UNIT() NAMED_UNIT(*) SI_UNIT(.MILLI.,.METRE.) );
#12551 = ( NAMED_UNIT(*) PLANE_ANGLE_UNIT() SI_UNIT($,.RADIAN.) );
#12552 = ( NAMED_UNIT(*) SI_UNIT($,.STERADIAN.) SOLID_ANGLE_UNIT() );
#12553 = UNCERTAINTY_MEASURE_WITH_UNIT(LENGTH_MEASURE(1.E-07),#12550,
  'distance_accuracy_value','confusion accuracy');
#12554 = SHAPE_DEFINITION_REPRESENTATION(#12555,#12536);
#12555 = PRODUCT_DEFINITION_SHAPE('','',#12556);
#12556 = PRODUCT_DEFINITION('design','',#12557,#12560);
#12557 = PRODUCT_DEFINITION_FORMATION('','',#12558);
#12558 = PRODUCT('AE22','AE22','',(#12559));
#12559 = PRODUCT_CONTEXT('',#2,'mechanical');
#12560 = PRODUCT_DEFINITION_CONTEXT('part definition',#2,'design');
#12561 = CONTEXT_DEPENDENT_SHAPE_REPRESENTATION(#12562,#12564);
#12562 = ( REPRESENTATION_RELATIONSHIP('','',#12536,#10) 
REPRESENTATION_RELATIONSHIP_WITH_TRANSFORMATION(#12563) 
SHAPE_REPRESENTATION_RELATIONSHIP() );
#12563 = ITEM_DEFINED_TRANSFORMATION('','',#11,#1443);
#12564 = PRODUCT_DEFINITION_SHAPE('Placement','Placement of an item',
  #12565);
#12565 = NEXT_ASSEMBLY_USAGE_OCCURRENCE('358','=>[0:1:1:359]','',#5,
  #12556,$);
#12566 = PRODUCT_RELATED_PRODUCT_CATEGORY('part',$,(#12558));
#12567 = ADVANCED_BREP_SHAPE_REPRESENTATION('',(#11,#12568),#12580);
#12568 = MANIFOLD_SOLID_BREP('',#12569);
#12569 = CLOSED_SHELL('',(#12570));
#12570 = ADVANCED_FACE('',(#12571),#12575,.T.);
#12571 = FACE_BOUND('',#12572,.T.);
#12572 = VERTEX_LOOP('',#12573);
#12573 = VERTEX_POINT('',#12574);
#12574 = CARTESIAN_POINT('',(7.654042494671E-18,-1.874699728327E-33,
    -0.125));
#12575 = SPHERICAL_SURFACE('',#12576,0.125);
#12576 = AXIS2_PLACEMENT_3D('',#12577,#12578,#12579);
#12577 = CARTESIAN_POINT('',(0.,0.,0.));
#12578 = DIRECTION('',(0.,0.,1.));
#12579 = DIRECTION('',(1.,0.,-0.));
#12580 = ( GEOMETRIC_REPRESENTATION_CONTEXT(3) 
GLOBAL_UNCERTAINTY_ASSIGNED_CONTEXT((#12584)) 
GLOBAL_UNIT_ASSIGNED_CONTEXT((#12581,#12582,#12583)) 
REPRESENTATION_CONTEXT('Context #1',
  '3D Context with UNIT and UNCERTAINTY') );
#12581 = ( LENGTH_UNIT() NAMED_UNIT(*) SI_UNIT(.MILLI.,.METRE.) );
#12582 = ( NAMED_UNIT(*) PLANE_ANGLE_UNIT() SI_UNIT($,.RADIAN.) );
#12583 = ( NAMED_UNIT(*) SI_UNIT($,.STERADIAN.) SOLID_ANGLE_UNIT() );
#12584 = UNCERTAINTY_MEASURE_WITH_UNIT(LENGTH_MEASURE(1.E-07),#12581,
  'distance_accuracy_value','confusion accuracy');
#12585 = SHAPE_DEFINITION_REPRESENTATION(#12586,#12567);
#12586 = PRODUCT_DEFINITION_SHAPE('','',#12587);
#12587 = PRODUCT_DEFINITION('design','',#12588,#12591);
#12588 = PRODUCT_DEFINITION_FORMATION('','',#12589);
#12589 = PRODUCT('AE23','AE23','',(#12590));
#12590 = PRODUCT_CONTEXT('',#2,'mechanical');
#12591 = PRODUCT_DEFINITION_CONTEXT('part definition',#2,'design');
#12592 = CONTEXT_DEPENDENT_SHAPE_REPRESENTATION(#12593,#12595);
#12593 = ( REPRESENTATION_RELATIONSHIP('','',#12567,#10) 
REPRESENTATION_RELATIONSHIP_WITH_TRANSFORMATION(#12594) 
SHAPE_REPRESENTATION_RELATIONSHIP() );
#12594 = ITEM_DEFINED_TRANSFORMATION('','',#11,#1447);
#12595 = PRODUCT_DEFINITION_SHAPE('Placement','Placement of an item',
  #12596);
#12596 = NEXT_ASSEMBLY_USAGE_OCCURRENCE('359','=>[0:1:1:360]','',#5,
  #12587,$);
#12597 = PRODUCT_RELATED_PRODUCT_CATEGORY('part',$,(#12589));
#12598 = ADVANCED_BREP_SHAPE_REPRESENTATION('',(#11,#12599),#12611);
#12599 = MANIFOLD_SOLID_BREP('',#12600);
#12600 = CLOSED_SHELL('',(#12601));
#12601 = ADVANCED_FACE('',(#12602),#12606,.T.);
#12602 = FACE_BOUND('',#12603,.T.);
#12603 = VERTEX_LOOP('',#12604);
#12604 = VERTEX_POINT('',#12605);
#12605 = CARTESIAN_POINT('',(7.654042494671E-18,-1.874699728327E-33,
    -0.125));
#12606 = SPHERICAL_SURFACE('',#12607,0.125);
#12607 = AXIS2_PLACEMENT_3D('',#12608,#12609,#12610);
#12608 = CARTESIAN_POINT('',(0.,0.,0.));
#12609 = DIRECTION('',(0.,0.,1.));
#12610 = DIRECTION('',(1.,0.,-0.));
#12611 = ( GEOMETRIC_REPRESENTATION_CONTEXT(3) 
GLOBAL_UNCERTAINTY_ASSIGNED_CONTEXT((#12615)) 
GLOBAL_UNIT_ASSIGNED_CONTEXT((#12612,#12613,#12614)) 
REPRESENTATION_CONTEXT('Context #1',
  '3D Context with UNIT and UNCERTAINTY') );
#12612 = ( LENGTH_UNIT() NAMED_UNIT(*) SI_UNIT(.MILLI.,.METRE.) );
#12613 = ( NAMED_UNIT(*) PLANE_ANGLE_UNIT() SI_UNIT($,.RADIAN.) );
#12614 = ( NAMED_UNIT(*) SI_UNIT($,.STERADIAN.) SOLID_ANGLE_UNIT() );
#12615 = UNCERTAINTY_MEASURE_WITH_UNIT(LENGTH_MEASURE(1.E-07),#12612,
  'distance_accuracy_value','confusion accuracy');
#12616 = SHAPE_DEFINITION_REPRESENTATION(#12617,#12598);
#12617 = PRODUCT_DEFINITION_SHAPE('','',#12618);
#12618 = PRODUCT_DEFINITION('design','',#12619,#12622);
#12619 = PRODUCT_DEFINITION_FORMATION('','',#12620);
#12620 = PRODUCT('AE24','AE24','',(#12621));
#12621 = PRODUCT_CONTEXT('',#2,'mechanical');
#12622 = PRODUCT_DEFINITION_CONTEXT('part definition',#2,'design');
#12623 = CONTEXT_DEPENDENT_SHAPE_REPRESENTATION(#12624,#12626);
#12624 = ( REPRESENTATION_RELATIONSHIP('','',#12598,#10) 
REPRESENTATION_RELATIONSHIP_WITH_TRANSFORMATION(#12625) 
SHAPE_REPRESENTATION_RELATIONSHIP() );
#12625 = ITEM_DEFINED_TRANSFORMATION('','',#11,#1451);
#12626 = PRODUCT_DEFINITION_SHAPE('Placement','Placement of an item',
  #12627);
#12627 = NEXT_ASSEMBLY_USAGE_OCCURRENCE('360','=>[0:1:1:361]','',#5,
  #12618,$);
#12628 = PRODUCT_RELATED_PRODUCT_CATEGORY('part',$,(#12620));
#12629 = ADVANCED_BREP_SHAPE_REPRESENTATION('',(#11,#12630),#12642);
#12630 = MANIFOLD_SOLID_BREP('',#12631);
#12631 = CLOSED_SHELL('',(#12632));
#12632 = ADVANCED_FACE('',(#12633),#12637,.T.);
#12633 = FACE_BOUND('',#12634,.T.);
#12634 = VERTEX_LOOP('',#12635);
#12635 = VERTEX_POINT('',#12636);
#12636 = CARTESIAN_POINT('',(7.654042494671E-18,-1.874699728327E-33,
    -0.125));
#12637 = SPHERICAL_SURFACE('',#12638,0.125);
#12638 = AXIS2_PLACEMENT_3D('',#12639,#12640,#12641);
#12639 = CARTESIAN_POINT('',(0.,0.,0.));
#12640 = DIRECTION('',(0.,0.,1.));
#12641 = DIRECTION('',(1.,0.,-0.));
#12642 = ( GEOMETRIC_REPRESENTATION_CONTEXT(3) 
GLOBAL_UNCERTAINTY_ASSIGNED_CONTEXT((#12646)) 
GLOBAL_UNIT_ASSIGNED_CONTEXT((#12643,#12644,#12645)) 
REPRESENTATION_CONTEXT('Context #1',
  '3D Context with UNIT and UNCERTAINTY') );
#12643 = ( LENGTH_UNIT() NAMED_UNIT(*) SI_UNIT(.MILLI.,.METRE.) );
#12644 = ( NAMED_UNIT(*) PLANE_ANGLE_UNIT() SI_UNIT($,.RADIAN.) );
#12645 = ( NAMED_UNIT(*) SI_UNIT($,.STERADIAN.) SOLID_ANGLE_UNIT() );
#12646 = UNCERTAINTY_MEASURE_WITH_UNIT(LENGTH_MEASURE(1.E-07),#12643,
  'distance_accuracy_value','confusion accuracy');
#12647 = SHAPE_DEFINITION_REPRESENTATION(#12648,#12629);
#12648 = PRODUCT_DEFINITION_SHAPE('','',#12649);
#12649 = PRODUCT_DEFINITION('design','',#12650,#12653);
#12650 = PRODUCT_DEFINITION_FORMATION('','',#12651);
#12651 = PRODUCT('AE25','AE25','',(#12652));
#12652 = PRODUCT_CONTEXT('',#2,'mechanical');
#12653 = PRODUCT_DEFINITION_CONTEXT('part definition',#2,'design');
#12654 = CONTEXT_DEPENDENT_SHAPE_REPRESENTATION(#12655,#12657);
#12655 = ( REPRESENTATION_RELATIONSHIP('','',#12629,#10) 
REPRESENTATION_RELATIONSHIP_WITH_TRANSFORMATION(#12656) 
SHAPE_REPRESENTATION_RELATIONSHIP() );
#12656 = ITEM_DEFINED_TRANSFORMATION('','',#11,#1455);
#12657 = PRODUCT_DEFINITION_SHAPE('Placement','Placement of an item',
  #12658);
#12658 = NEXT_ASSEMBLY_USAGE_OCCURRENCE('361','=>[0:1:1:362]','',#5,
  #12649,$);
#12659 = PRODUCT_RELATED_PRODUCT_CATEGORY('part',$,(#12651));
#12660 = ADVANCED_BREP_SHAPE_REPRESENTATION('',(#11,#12661),#13081);
#12661 = MANIFOLD_SOLID_BREP('',#12662);
#12662 = CLOSED_SHELL('',(#12663,#12783,#12859,#12939,#12988,#13015,
    #13022,#13077));
#12663 = ADVANCED_FACE('',(#12664),#12678,.F.);
#12664 = FACE_BOUND('',#12665,.F.);
#12665 = EDGE_LOOP('',(#12666,#12701,#12729,#12757));
#12666 = ORIENTED_EDGE('',*,*,#12667,.F.);
#12667 = EDGE_CURVE('',#12668,#12670,#12672,.T.);
#12668 = VERTEX_POINT('',#12669);
#12669 = CARTESIAN_POINT('',(-6.5,-6.5,0.25));
#12670 = VERTEX_POINT('',#12671);
#12671 = CARTESIAN_POINT('',(-6.5,-6.5,1.4));
#12672 = SURFACE_CURVE('',#12673,(#12677,#12689),.PCURVE_S1.);
#12673 = LINE('',#12674,#12675);
#12674 = CARTESIAN_POINT('',(-6.5,-6.5,0.25));
#12675 = VECTOR('',#12676,1.);
#12676 = DIRECTION('',(0.,0.,1.));
#12677 = PCURVE('',#12678,#12683);
#12678 = PLANE('',#12679);
#12679 = AXIS2_PLACEMENT_3D('',#12680,#12681,#12682);
#12680 = CARTESIAN_POINT('',(-6.5,-6.5,0.25));
#12681 = DIRECTION('',(1.,0.,0.));
#12682 = DIRECTION('',(0.,0.,1.));
#12683 = DEFINITIONAL_REPRESENTATION('',(#12684),#12688);
#12684 = LINE('',#12685,#12686);
#12685 = CARTESIAN_POINT('',(0.,0.));
#12686 = VECTOR('',#12687,1.);
#12687 = DIRECTION('',(1.,0.));
#12688 = ( GEOMETRIC_REPRESENTATION_CONTEXT(2) 
PARAMETRIC_REPRESENTATION_CONTEXT() REPRESENTATION_CONTEXT('2D SPACE',''
  ) );
#12689 = PCURVE('',#12690,#12695);
#12690 = PLANE('',#12691);
#12691 = AXIS2_PLACEMENT_3D('',#12692,#12693,#12694);
#12692 = CARTESIAN_POINT('',(-6.5,-6.5,0.25));
#12693 = DIRECTION('',(0.,1.,0.));
#12694 = DIRECTION('',(0.,0.,1.));
#12695 = DEFINITIONAL_REPRESENTATION('',(#12696),#12700);
#12696 = LINE('',#12697,#12698);
#12697 = CARTESIAN_POINT('',(0.,0.));
#12698 = VECTOR('',#12699,1.);
#12699 = DIRECTION('',(1.,0.));
#12700 = ( GEOMETRIC_REPRESENTATION_CONTEXT(2) 
PARAMETRIC_REPRESENTATION_CONTEXT() REPRESENTATION_CONTEXT('2D SPACE',''
  ) );
#12701 = ORIENTED_EDGE('',*,*,#12702,.T.);
#12702 = EDGE_CURVE('',#12668,#12703,#12705,.T.);
#12703 = VERTEX_POINT('',#12704);
#12704 = CARTESIAN_POINT('',(-6.5,6.5,0.25));
#12705 = SURFACE_CURVE('',#12706,(#12710,#12717),.PCURVE_S1.);
#12706 = LINE('',#12707,#12708);
#12707 = CARTESIAN_POINT('',(-6.5,-6.5,0.25));
#12708 = VECTOR('',#12709,1.);
#12709 = DIRECTION('',(0.,1.,0.));
#12710 = PCURVE('',#12678,#12711);
#12711 = DEFINITIONAL_REPRESENTATION('',(#12712),#12716);
#12712 = LINE('',#12713,#12714);
#12713 = CARTESIAN_POINT('',(0.,0.));
#12714 = VECTOR('',#12715,1.);
#12715 = DIRECTION('',(0.,-1.));
#12716 = ( GEOMETRIC_REPRESENTATION_CONTEXT(2) 
PARAMETRIC_REPRESENTATION_CONTEXT() REPRESENTATION_CONTEXT('2D SPACE',''
  ) );
#12717 = PCURVE('',#12718,#12723);
#12718 = PLANE('',#12719);
#12719 = AXIS2_PLACEMENT_3D('',#12720,#12721,#12722);
#12720 = CARTESIAN_POINT('',(-6.5,-6.5,0.25));
#12721 = DIRECTION('',(0.,0.,1.));
#12722 = DIRECTION('',(1.,0.,0.));
#12723 = DEFINITIONAL_REPRESENTATION('',(#12724),#12728);
#12724 = LINE('',#12725,#12726);
#12725 = CARTESIAN_POINT('',(0.,0.));
#12726 = VECTOR('',#12727,1.);
#12727 = DIRECTION('',(0.,1.));
#12728 = ( GEOMETRIC_REPRESENTATION_CONTEXT(2) 
PARAMETRIC_REPRESENTATION_CONTEXT() REPRESENTATION_CONTEXT('2D SPACE',''
  ) );
#12729 = ORIENTED_EDGE('',*,*,#12730,.T.);
#12730 = EDGE_CURVE('',#12703,#12731,#12733,.T.);
#12731 = VERTEX_POINT('',#12732);
#12732 = CARTESIAN_POINT('',(-6.5,6.5,1.4));
#12733 = SURFACE_CURVE('',#12734,(#12738,#12745),.PCURVE_S1.);
#12734 = LINE('',#12735,#12736);
#12735 = CARTESIAN_POINT('',(-6.5,6.5,0.25));
#12736 = VECTOR('',#12737,1.);
#12737 = DIRECTION('',(0.,0.,1.));
#12738 = PCURVE('',#12678,#12739);
#12739 = DEFINITIONAL_REPRESENTATION('',(#12740),#12744);
#12740 = LINE('',#12741,#12742);
#12741 = CARTESIAN_POINT('',(0.,-13.));
#12742 = VECTOR('',#12743,1.);
#12743 = DIRECTION('',(1.,0.));
#12744 = ( GEOMETRIC_REPRESENTATION_CONTEXT(2) 
PARAMETRIC_REPRESENTATION_CONTEXT() REPRESENTATION_CONTEXT('2D SPACE',''
  ) );
#12745 = PCURVE('',#12746,#12751);
#12746 = PLANE('',#12747);
#12747 = AXIS2_PLACEMENT_3D('',#12748,#12749,#12750);
#12748 = CARTESIAN_POINT('',(-6.5,6.5,0.25));
#12749 = DIRECTION('',(0.,1.,0.));
#12750 = DIRECTION('',(0.,0.,1.));
#12751 = DEFINITIONAL_REPRESENTATION('',(#12752),#12756);
#12752 = LINE('',#12753,#12754);
#12753 = CARTESIAN_POINT('',(0.,0.));
#12754 = VECTOR('',#12755,1.);
#12755 = DIRECTION('',(1.,0.));
#12756 = ( GEOMETRIC_REPRESENTATION_CONTEXT(2) 
PARAMETRIC_REPRESENTATION_CONTEXT() REPRESENTATION_CONTEXT('2D SPACE',''
  ) );
#12757 = ORIENTED_EDGE('',*,*,#12758,.F.);
#12758 = EDGE_CURVE('',#12670,#12731,#12759,.T.);
#12759 = SURFACE_CURVE('',#12760,(#12764,#12771),.PCURVE_S1.);
#12760 = LINE('',#12761,#12762);
#12761 = CARTESIAN_POINT('',(-6.5,-6.5,1.4));
#12762 = VECTOR('',#12763,1.);
#12763 = DIRECTION('',(0.,1.,0.));
#12764 = PCURVE('',#12678,#12765);
#12765 = DEFINITIONAL_REPRESENTATION('',(#12766),#12770);
#12766 = LINE('',#12767,#12768);
#12767 = CARTESIAN_POINT('',(1.15,0.));
#12768 = VECTOR('',#12769,1.);
#12769 = DIRECTION('',(0.,-1.));
#12770 = ( GEOMETRIC_REPRESENTATION_CONTEXT(2) 
PARAMETRIC_REPRESENTATION_CONTEXT() REPRESENTATION_CONTEXT('2D SPACE',''
  ) );
#12771 = PCURVE('',#12772,#12777);
#12772 = PLANE('',#12773);
#12773 = AXIS2_PLACEMENT_3D('',#12774,#12775,#12776);
#12774 = CARTESIAN_POINT('',(-6.5,-6.5,1.4));
#12775 = DIRECTION('',(0.,0.,1.));
#12776 = DIRECTION('',(1.,0.,0.));
#12777 = DEFINITIONAL_REPRESENTATION('',(#12778),#12782);
#12778 = LINE('',#12779,#12780);
#12779 = CARTESIAN_POINT('',(0.,0.));
#12780 = VECTOR('',#12781,1.);
#12781 = DIRECTION('',(0.,1.));
#12782 = ( GEOMETRIC_REPRESENTATION_CONTEXT(2) 
PARAMETRIC_REPRESENTATION_CONTEXT() REPRESENTATION_CONTEXT('2D SPACE',''
  ) );
#12783 = ADVANCED_FACE('',(#12784),#12690,.F.);
#12784 = FACE_BOUND('',#12785,.F.);
#12785 = EDGE_LOOP('',(#12786,#12809,#12810,#12833));
#12786 = ORIENTED_EDGE('',*,*,#12787,.F.);
#12787 = EDGE_CURVE('',#12668,#12788,#12790,.T.);
#12788 = VERTEX_POINT('',#12789);
#12789 = CARTESIAN_POINT('',(6.5,-6.5,0.25));
#12790 = SURFACE_CURVE('',#12791,(#12795,#12802),.PCURVE_S1.);
#12791 = LINE('',#12792,#12793);
#12792 = CARTESIAN_POINT('',(-6.5,-6.5,0.25));
#12793 = VECTOR('',#12794,1.);
#12794 = DIRECTION('',(1.,0.,0.));
#12795 = PCURVE('',#12690,#12796);
#12796 = DEFINITIONAL_REPRESENTATION('',(#12797),#12801);
#12797 = LINE('',#12798,#12799);
#12798 = CARTESIAN_POINT('',(0.,0.));
#12799 = VECTOR('',#12800,1.);
#12800 = DIRECTION('',(0.,1.));
#12801 = ( GEOMETRIC_REPRESENTATION_CONTEXT(2) 
PARAMETRIC_REPRESENTATION_CONTEXT() REPRESENTATION_CONTEXT('2D SPACE',''
  ) );
#12802 = PCURVE('',#12718,#12803);
#12803 = DEFINITIONAL_REPRESENTATION('',(#12804),#12808);
#12804 = LINE('',#12805,#12806);
#12805 = CARTESIAN_POINT('',(0.,0.));
#12806 = VECTOR('',#12807,1.);
#12807 = DIRECTION('',(1.,0.));
#12808 = ( GEOMETRIC_REPRESENTATION_CONTEXT(2) 
PARAMETRIC_REPRESENTATION_CONTEXT() REPRESENTATION_CONTEXT('2D SPACE',''
  ) );
#12809 = ORIENTED_EDGE('',*,*,#12667,.T.);
#12810 = ORIENTED_EDGE('',*,*,#12811,.T.);
#12811 = EDGE_CURVE('',#12670,#12812,#12814,.T.);
#12812 = VERTEX_POINT('',#12813);
#12813 = CARTESIAN_POINT('',(6.5,-6.5,1.4));
#12814 = SURFACE_CURVE('',#12815,(#12819,#12826),.PCURVE_S1.);
#12815 = LINE('',#12816,#12817);
#12816 = CARTESIAN_POINT('',(-6.5,-6.5,1.4));
#12817 = VECTOR('',#12818,1.);
#12818 = DIRECTION('',(1.,0.,0.));
#12819 = PCURVE('',#12690,#12820);
#12820 = DEFINITIONAL_REPRESENTATION('',(#12821),#12825);
#12821 = LINE('',#12822,#12823);
#12822 = CARTESIAN_POINT('',(1.15,0.));
#12823 = VECTOR('',#12824,1.);
#12824 = DIRECTION('',(0.,1.));
#12825 = ( GEOMETRIC_REPRESENTATION_CONTEXT(2) 
PARAMETRIC_REPRESENTATION_CONTEXT() REPRESENTATION_CONTEXT('2D SPACE',''
  ) );
#12826 = PCURVE('',#12772,#12827);
#12827 = DEFINITIONAL_REPRESENTATION('',(#12828),#12832);
#12828 = LINE('',#12829,#12830);
#12829 = CARTESIAN_POINT('',(0.,0.));
#12830 = VECTOR('',#12831,1.);
#12831 = DIRECTION('',(1.,0.));
#12832 = ( GEOMETRIC_REPRESENTATION_CONTEXT(2) 
PARAMETRIC_REPRESENTATION_CONTEXT() REPRESENTATION_CONTEXT('2D SPACE',''
  ) );
#12833 = ORIENTED_EDGE('',*,*,#12834,.F.);
#12834 = EDGE_CURVE('',#12788,#12812,#12835,.T.);
#12835 = SURFACE_CURVE('',#12836,(#12840,#12847),.PCURVE_S1.);
#12836 = LINE('',#12837,#12838);
#12837 = CARTESIAN_POINT('',(6.5,-6.5,0.25));
#12838 = VECTOR('',#12839,1.);
#12839 = DIRECTION('',(0.,0.,1.));
#12840 = PCURVE('',#12690,#12841);
#12841 = DEFINITIONAL_REPRESENTATION('',(#12842),#12846);
#12842 = LINE('',#12843,#12844);
#12843 = CARTESIAN_POINT('',(0.,13.));
#12844 = VECTOR('',#12845,1.);
#12845 = DIRECTION('',(1.,0.));
#12846 = ( GEOMETRIC_REPRESENTATION_CONTEXT(2) 
PARAMETRIC_REPRESENTATION_CONTEXT() REPRESENTATION_CONTEXT('2D SPACE',''
  ) );
#12847 = PCURVE('',#12848,#12853);
#12848 = PLANE('',#12849);
#12849 = AXIS2_PLACEMENT_3D('',#12850,#12851,#12852);
#12850 = CARTESIAN_POINT('',(6.5,-6.5,0.25));
#12851 = DIRECTION('',(1.,0.,0.));
#12852 = DIRECTION('',(0.,0.,1.));
#12853 = DEFINITIONAL_REPRESENTATION('',(#12854),#12858);
#12854 = LINE('',#12855,#12856);
#12855 = CARTESIAN_POINT('',(0.,0.));
#12856 = VECTOR('',#12857,1.);
#12857 = DIRECTION('',(1.,0.));
#12858 = ( GEOMETRIC_REPRESENTATION_CONTEXT(2) 
PARAMETRIC_REPRESENTATION_CONTEXT() REPRESENTATION_CONTEXT('2D SPACE',''
  ) );
#12859 = ADVANCED_FACE('',(#12860,#12908),#12772,.T.);
#12860 = FACE_BOUND('',#12861,.T.);
#12861 = EDGE_LOOP('',(#12862,#12863,#12864,#12887));
#12862 = ORIENTED_EDGE('',*,*,#12758,.F.);
#12863 = ORIENTED_EDGE('',*,*,#12811,.T.);
#12864 = ORIENTED_EDGE('',*,*,#12865,.T.);
#12865 = EDGE_CURVE('',#12812,#12866,#12868,.T.);
#12866 = VERTEX_POINT('',#12867);
#12867 = CARTESIAN_POINT('',(6.5,6.5,1.4));
#12868 = SURFACE_CURVE('',#12869,(#12873,#12880),.PCURVE_S1.);
#12869 = LINE('',#12870,#12871);
#12870 = CARTESIAN_POINT('',(6.5,-6.5,1.4));
#12871 = VECTOR('',#12872,1.);
#12872 = DIRECTION('',(0.,1.,0.));
#12873 = PCURVE('',#12772,#12874);
#12874 = DEFINITIONAL_REPRESENTATION('',(#12875),#12879);
#12875 = LINE('',#12876,#12877);
#12876 = CARTESIAN_POINT('',(13.,0.));
#12877 = VECTOR('',#12878,1.);
#12878 = DIRECTION('',(0.,1.));
#12879 = ( GEOMETRIC_REPRESENTATION_CONTEXT(2) 
PARAMETRIC_REPRESENTATION_CONTEXT() REPRESENTATION_CONTEXT('2D SPACE',''
  ) );
#12880 = PCURVE('',#12848,#12881);
#12881 = DEFINITIONAL_REPRESENTATION('',(#12882),#12886);
#12882 = LINE('',#12883,#12884);
#12883 = CARTESIAN_POINT('',(1.15,0.));
#12884 = VECTOR('',#12885,1.);
#12885 = DIRECTION('',(0.,-1.));
#12886 = ( GEOMETRIC_REPRESENTATION_CONTEXT(2) 
PARAMETRIC_REPRESENTATION_CONTEXT() REPRESENTATION_CONTEXT('2D SPACE',''
  ) );
#12887 = ORIENTED_EDGE('',*,*,#12888,.F.);
#12888 = EDGE_CURVE('',#12731,#12866,#12889,.T.);
#12889 = SURFACE_CURVE('',#12890,(#12894,#12901),.PCURVE_S1.);
#12890 = LINE('',#12891,#12892);
#12891 = CARTESIAN_POINT('',(-6.5,6.5,1.4));
#12892 = VECTOR('',#12893,1.);
#12893 = DIRECTION('',(1.,0.,0.));
#12894 = PCURVE('',#12772,#12895);
#12895 = DEFINITIONAL_REPRESENTATION('',(#12896),#12900);
#12896 = LINE('',#12897,#12898);
#12897 = CARTESIAN_POINT('',(0.,13.));
#12898 = VECTOR('',#12899,1.);
#12899 = DIRECTION('',(1.,0.));
#12900 = ( GEOMETRIC_REPRESENTATION_CONTEXT(2) 
PARAMETRIC_REPRESENTATION_CONTEXT() REPRESENTATION_CONTEXT('2D SPACE',''
  ) );
#12901 = PCURVE('',#12746,#12902);
#12902 = DEFINITIONAL_REPRESENTATION('',(#12903),#12907);
#12903 = LINE('',#12904,#12905);
#12904 = CARTESIAN_POINT('',(1.15,0.));
#12905 = VECTOR('',#12906,1.);
#12906 = DIRECTION('',(0.,1.));
#12907 = ( GEOMETRIC_REPRESENTATION_CONTEXT(2) 
PARAMETRIC_REPRESENTATION_CONTEXT() REPRESENTATION_CONTEXT('2D SPACE',''
  ) );
#12908 = FACE_BOUND('',#12909,.T.);
#12909 = EDGE_LOOP('',(#12910));
#12910 = ORIENTED_EDGE('',*,*,#12911,.F.);
#12911 = EDGE_CURVE('',#12912,#12912,#12914,.T.);
#12912 = VERTEX_POINT('',#12913);
#12913 = CARTESIAN_POINT('',(-4.0625,4.875,1.4));
#12914 = SURFACE_CURVE('',#12915,(#12920,#12927),.PCURVE_S1.);
#12915 = CIRCLE('',#12916,0.8125);
#12916 = AXIS2_PLACEMENT_3D('',#12917,#12918,#12919);
#12917 = CARTESIAN_POINT('',(-4.875,4.875,1.4));
#12918 = DIRECTION('',(0.,0.,1.));
#12919 = DIRECTION('',(1.,0.,0.));
#12920 = PCURVE('',#12772,#12921);
#12921 = DEFINITIONAL_REPRESENTATION('',(#12922),#12926);
#12922 = CIRCLE('',#12923,0.8125);
#12923 = AXIS2_PLACEMENT_2D('',#12924,#12925);
#12924 = CARTESIAN_POINT('',(1.625,11.375));
#12925 = DIRECTION('',(1.,0.));
#12926 = ( GEOMETRIC_REPRESENTATION_CONTEXT(2) 
PARAMETRIC_REPRESENTATION_CONTEXT() REPRESENTATION_CONTEXT('2D SPACE',''
  ) );
#12927 = PCURVE('',#12928,#12933);
#12928 = CYLINDRICAL_SURFACE('',#12929,0.8125);
#12929 = AXIS2_PLACEMENT_3D('',#12930,#12931,#12932);
#12930 = CARTESIAN_POINT('',(-4.875,4.875,1.26));
#12931 = DIRECTION('',(0.,0.,1.));
#12932 = DIRECTION('',(1.,0.,0.));
#12933 = DEFINITIONAL_REPRESENTATION('',(#12934),#12938);
#12934 = LINE('',#12935,#12936);
#12935 = CARTESIAN_POINT('',(0.,0.14));
#12936 = VECTOR('',#12937,1.);
#12937 = DIRECTION('',(1.,0.));
#12938 = ( GEOMETRIC_REPRESENTATION_CONTEXT(2) 
PARAMETRIC_REPRESENTATION_CONTEXT() REPRESENTATION_CONTEXT('2D SPACE',''
  ) );
#12939 = ADVANCED_FACE('',(#12940),#12746,.T.);
#12940 = FACE_BOUND('',#12941,.T.);
#12941 = EDGE_LOOP('',(#12942,#12965,#12966,#12967));
#12942 = ORIENTED_EDGE('',*,*,#12943,.F.);
#12943 = EDGE_CURVE('',#12703,#12944,#12946,.T.);
#12944 = VERTEX_POINT('',#12945);
#12945 = CARTESIAN_POINT('',(6.5,6.5,0.25));
#12946 = SURFACE_CURVE('',#12947,(#12951,#12958),.PCURVE_S1.);
#12947 = LINE('',#12948,#12949);
#12948 = CARTESIAN_POINT('',(-6.5,6.5,0.25));
#12949 = VECTOR('',#12950,1.);
#12950 = DIRECTION('',(1.,0.,0.));
#12951 = PCURVE('',#12746,#12952);
#12952 = DEFINITIONAL_REPRESENTATION('',(#12953),#12957);
#12953 = LINE('',#12954,#12955);
#12954 = CARTESIAN_POINT('',(0.,0.));
#12955 = VECTOR('',#12956,1.);
#12956 = DIRECTION('',(0.,1.));
#12957 = ( GEOMETRIC_REPRESENTATION_CONTEXT(2) 
PARAMETRIC_REPRESENTATION_CONTEXT() REPRESENTATION_CONTEXT('2D SPACE',''
  ) );
#12958 = PCURVE('',#12718,#12959);
#12959 = DEFINITIONAL_REPRESENTATION('',(#12960),#12964);
#12960 = LINE('',#12961,#12962);
#12961 = CARTESIAN_POINT('',(0.,13.));
#12962 = VECTOR('',#12963,1.);
#12963 = DIRECTION('',(1.,0.));
#12964 = ( GEOMETRIC_REPRESENTATION_CONTEXT(2) 
PARAMETRIC_REPRESENTATION_CONTEXT() REPRESENTATION_CONTEXT('2D SPACE',''
  ) );
#12965 = ORIENTED_EDGE('',*,*,#12730,.T.);
#12966 = ORIENTED_EDGE('',*,*,#12888,.T.);
#12967 = ORIENTED_EDGE('',*,*,#12968,.F.);
#12968 = EDGE_CURVE('',#12944,#12866,#12969,.T.);
#12969 = SURFACE_CURVE('',#12970,(#12974,#12981),.PCURVE_S1.);
#12970 = LINE('',#12971,#12972);
#12971 = CARTESIAN_POINT('',(6.5,6.5,0.25));
#12972 = VECTOR('',#12973,1.);
#12973 = DIRECTION('',(0.,0.,1.));
#12974 = PCURVE('',#12746,#12975);
#12975 = DEFINITIONAL_REPRESENTATION('',(#12976),#12980);
#12976 = LINE('',#12977,#12978);
#12977 = CARTESIAN_POINT('',(0.,13.));
#12978 = VECTOR('',#12979,1.);
#12979 = DIRECTION('',(1.,0.));
#12980 = ( GEOMETRIC_REPRESENTATION_CONTEXT(2) 
PARAMETRIC_REPRESENTATION_CONTEXT() REPRESENTATION_CONTEXT('2D SPACE',''
  ) );
#12981 = PCURVE('',#12848,#12982);
#12982 = DEFINITIONAL_REPRESENTATION('',(#12983),#12987);
#12983 = LINE('',#12984,#12985);
#12984 = CARTESIAN_POINT('',(0.,-13.));
#12985 = VECTOR('',#12986,1.);
#12986 = DIRECTION('',(1.,0.));
#12987 = ( GEOMETRIC_REPRESENTATION_CONTEXT(2) 
PARAMETRIC_REPRESENTATION_CONTEXT() REPRESENTATION_CONTEXT('2D SPACE',''
  ) );
#12988 = ADVANCED_FACE('',(#12989),#12718,.F.);
#12989 = FACE_BOUND('',#12990,.F.);
#12990 = EDGE_LOOP('',(#12991,#12992,#12993,#13014));
#12991 = ORIENTED_EDGE('',*,*,#12702,.F.);
#12992 = ORIENTED_EDGE('',*,*,#12787,.T.);
#12993 = ORIENTED_EDGE('',*,*,#12994,.T.);
#12994 = EDGE_CURVE('',#12788,#12944,#12995,.T.);
#12995 = SURFACE_CURVE('',#12996,(#13000,#13007),.PCURVE_S1.);
#12996 = LINE('',#12997,#12998);
#12997 = CARTESIAN_POINT('',(6.5,-6.5,0.25));
#12998 = VECTOR('',#12999,1.);
#12999 = DIRECTION('',(0.,1.,0.));
#13000 = PCURVE('',#12718,#13001);
#13001 = DEFINITIONAL_REPRESENTATION('',(#13002),#13006);
#13002 = LINE('',#13003,#13004);
#13003 = CARTESIAN_POINT('',(13.,0.));
#13004 = VECTOR('',#13005,1.);
#13005 = DIRECTION('',(0.,1.));
#13006 = ( GEOMETRIC_REPRESENTATION_CONTEXT(2) 
PARAMETRIC_REPRESENTATION_CONTEXT() REPRESENTATION_CONTEXT('2D SPACE',''
  ) );
#13007 = PCURVE('',#12848,#13008);
#13008 = DEFINITIONAL_REPRESENTATION('',(#13009),#13013);
#13009 = LINE('',#13010,#13011);
#13010 = CARTESIAN_POINT('',(0.,0.));
#13011 = VECTOR('',#13012,1.);
#13012 = DIRECTION('',(0.,-1.));
#13013 = ( GEOMETRIC_REPRESENTATION_CONTEXT(2) 
PARAMETRIC_REPRESENTATION_CONTEXT() REPRESENTATION_CONTEXT('2D SPACE',''
  ) );
#13014 = ORIENTED_EDGE('',*,*,#12943,.F.);
#13015 = ADVANCED_FACE('',(#13016),#12848,.T.);
#13016 = FACE_BOUND('',#13017,.T.);
#13017 = EDGE_LOOP('',(#13018,#13019,#13020,#13021));
#13018 = ORIENTED_EDGE('',*,*,#12834,.F.);
#13019 = ORIENTED_EDGE('',*,*,#12994,.T.);
#13020 = ORIENTED_EDGE('',*,*,#12968,.T.);
#13021 = ORIENTED_EDGE('',*,*,#12865,.F.);
#13022 = ADVANCED_FACE('',(#13023),#12928,.F.);
#13023 = FACE_BOUND('',#13024,.F.);
#13024 = EDGE_LOOP('',(#13025,#13048,#13049,#13050));
#13025 = ORIENTED_EDGE('',*,*,#13026,.T.);
#13026 = EDGE_CURVE('',#13027,#12912,#13029,.T.);
#13027 = VERTEX_POINT('',#13028);
#13028 = CARTESIAN_POINT('',(-4.0625,4.875,1.26));
#13029 = SEAM_CURVE('',#13030,(#13034,#13041),.PCURVE_S1.);
#13030 = LINE('',#13031,#13032);
#13031 = CARTESIAN_POINT('',(-4.0625,4.875,1.26));
#13032 = VECTOR('',#13033,1.);
#13033 = DIRECTION('',(0.,0.,1.));
#13034 = PCURVE('',#12928,#13035);
#13035 = DEFINITIONAL_REPRESENTATION('',(#13036),#13040);
#13036 = LINE('',#13037,#13038);
#13037 = CARTESIAN_POINT('',(6.28318530718,-0.));
#13038 = VECTOR('',#13039,1.);
#13039 = DIRECTION('',(0.,1.));
#13040 = ( GEOMETRIC_REPRESENTATION_CONTEXT(2) 
PARAMETRIC_REPRESENTATION_CONTEXT() REPRESENTATION_CONTEXT('2D SPACE',''
  ) );
#13041 = PCURVE('',#12928,#13042);
#13042 = DEFINITIONAL_REPRESENTATION('',(#13043),#13047);
#13043 = LINE('',#13044,#13045);
#13044 = CARTESIAN_POINT('',(0.,-0.));
#13045 = VECTOR('',#13046,1.);
#13046 = DIRECTION('',(0.,1.));
#13047 = ( GEOMETRIC_REPRESENTATION_CONTEXT(2) 
PARAMETRIC_REPRESENTATION_CONTEXT() REPRESENTATION_CONTEXT('2D SPACE',''
  ) );
#13048 = ORIENTED_EDGE('',*,*,#12911,.F.);
#13049 = ORIENTED_EDGE('',*,*,#13026,.F.);
#13050 = ORIENTED_EDGE('',*,*,#13051,.T.);
#13051 = EDGE_CURVE('',#13027,#13027,#13052,.T.);
#13052 = SURFACE_CURVE('',#13053,(#13058,#13065),.PCURVE_S1.);
#13053 = CIRCLE('',#13054,0.8125);
#13054 = AXIS2_PLACEMENT_3D('',#13055,#13056,#13057);
#13055 = CARTESIAN_POINT('',(-4.875,4.875,1.26));
#13056 = DIRECTION('',(0.,0.,1.));
#13057 = DIRECTION('',(1.,0.,0.));
#13058 = PCURVE('',#12928,#13059);
#13059 = DEFINITIONAL_REPRESENTATION('',(#13060),#13064);
#13060 = LINE('',#13061,#13062);
#13061 = CARTESIAN_POINT('',(0.,0.));
#13062 = VECTOR('',#13063,1.);
#13063 = DIRECTION('',(1.,0.));
#13064 = ( GEOMETRIC_REPRESENTATION_CONTEXT(2) 
PARAMETRIC_REPRESENTATION_CONTEXT() REPRESENTATION_CONTEXT('2D SPACE',''
  ) );
#13065 = PCURVE('',#13066,#13071);
#13066 = PLANE('',#13067);
#13067 = AXIS2_PLACEMENT_3D('',#13068,#13069,#13070);
#13068 = CARTESIAN_POINT('',(-4.875,4.875,1.26));
#13069 = DIRECTION('',(0.,0.,1.));
#13070 = DIRECTION('',(1.,0.,0.));
#13071 = DEFINITIONAL_REPRESENTATION('',(#13072),#13076);
#13072 = CIRCLE('',#13073,0.8125);
#13073 = AXIS2_PLACEMENT_2D('',#13074,#13075);
#13074 = CARTESIAN_POINT('',(0.,0.));
#13075 = DIRECTION('',(1.,0.));
#13076 = ( GEOMETRIC_REPRESENTATION_CONTEXT(2) 
PARAMETRIC_REPRESENTATION_CONTEXT() REPRESENTATION_CONTEXT('2D SPACE',''
  ) );
#13077 = ADVANCED_FACE('',(#13078),#13066,.T.);
#13078 = FACE_BOUND('',#13079,.F.);
#13079 = EDGE_LOOP('',(#13080));
#13080 = ORIENTED_EDGE('',*,*,#13051,.F.);
#13081 = ( GEOMETRIC_REPRESENTATION_CONTEXT(3) 
GLOBAL_UNCERTAINTY_ASSIGNED_CONTEXT((#13085)) 
GLOBAL_UNIT_ASSIGNED_CONTEXT((#13082,#13083,#13084)) 
REPRESENTATION_CONTEXT('Context #1',
  '3D Context with UNIT and UNCERTAINTY') );
#13082 = ( LENGTH_UNIT() NAMED_UNIT(*) SI_UNIT(.MILLI.,.METRE.) );
#13083 = ( NAMED_UNIT(*) PLANE_ANGLE_UNIT() SI_UNIT($,.RADIAN.) );
#13084 = ( NAMED_UNIT(*) SI_UNIT($,.STERADIAN.) SOLID_ANGLE_UNIT() );
#13085 = UNCERTAINTY_MEASURE_WITH_UNIT(LENGTH_MEASURE(1.E-07),#13082,
  'distance_accuracy_value','confusion accuracy');
#13086 = SHAPE_DEFINITION_REPRESENTATION(#13087,#12660);
#13087 = PRODUCT_DEFINITION_SHAPE('','',#13088);
#13088 = PRODUCT_DEFINITION('design','',#13089,#13092);
#13089 = PRODUCT_DEFINITION_FORMATION('','',#13090);
#13090 = PRODUCT('Body','Body','',(#13091));
#13091 = PRODUCT_CONTEXT('',#2,'mechanical');
#13092 = PRODUCT_DEFINITION_CONTEXT('part definition',#2,'design');
#13093 = CONTEXT_DEPENDENT_SHAPE_REPRESENTATION(#13094,#13096);
#13094 = ( REPRESENTATION_RELATIONSHIP('','',#12660,#10) 
REPRESENTATION_RELATIONSHIP_WITH_TRANSFORMATION(#13095) 
SHAPE_REPRESENTATION_RELATIONSHIP() );
#13095 = ITEM_DEFINED_TRANSFORMATION('','',#11,#1459);
#13096 = PRODUCT_DEFINITION_SHAPE('Placement','Placement of an item',
  #13097);
#13097 = NEXT_ASSEMBLY_USAGE_OCCURRENCE('362','=>[0:1:1:363]','',#5,
  #13088,$);
#13098 = PRODUCT_RELATED_PRODUCT_CATEGORY('part',$,(#13090));
#13099 = MECHANICAL_DESIGN_GEOMETRIC_PRESENTATION_REPRESENTATION('',(
    #13100),#4272);
#13100 = STYLED_ITEM('color',(#13101),#4260);
#13101 = PRESENTATION_STYLE_ASSIGNMENT((#13102,#13108));
#13102 = SURFACE_STYLE_USAGE(.BOTH.,#13103);
#13103 = SURFACE_SIDE_STYLE('',(#13104));
#13104 = SURFACE_STYLE_FILL_AREA(#13105);
#13105 = FILL_AREA_STYLE('',(#13106));
#13106 = FILL_AREA_STYLE_COLOUR('',#13107);
#13107 = COLOUR_RGB('',0.73400002718,0.773000001907,0.79699999094);
#13108 = CURVE_STYLE('',#13109,POSITIVE_LENGTH_MEASURE(0.1),#13107);
#13109 = DRAUGHTING_PRE_DEFINED_CURVE_FONT('continuous');
#13110 = MECHANICAL_DESIGN_GEOMETRIC_PRESENTATION_REPRESENTATION('',(
    #13111),#9108);
#13111 = STYLED_ITEM('color',(#13112),#9096);
#13112 = PRESENTATION_STYLE_ASSIGNMENT((#13113,#13118));
#13113 = SURFACE_STYLE_USAGE(.BOTH.,#13114);
#13114 = SURFACE_SIDE_STYLE('',(#13115));
#13115 = SURFACE_STYLE_FILL_AREA(#13116);
#13116 = FILL_AREA_STYLE('',(#13117));
#13117 = FILL_AREA_STYLE_COLOUR('',#13107);
#13118 = CURVE_STYLE('',#13119,POSITIVE_LENGTH_MEASURE(0.1),#13107);
#13119 = DRAUGHTING_PRE_DEFINED_CURVE_FONT('continuous');
#13120 = MECHANICAL_DESIGN_GEOMETRIC_PRESENTATION_REPRESENTATION('',(
    #13121),#10968);
#13121 = STYLED_ITEM('color',(#13122),#10956);
#13122 = PRESENTATION_STYLE_ASSIGNMENT((#13123,#13128));
#13123 = SURFACE_STYLE_USAGE(.BOTH.,#13124);
#13124 = SURFACE_SIDE_STYLE('',(#13125));
#13125 = SURFACE_STYLE_FILL_AREA(#13126);
#13126 = FILL_AREA_STYLE('',(#13127));
#13127 = FILL_AREA_STYLE_COLOUR('',#13107);
#13128 = CURVE_STYLE('',#13129,POSITIVE_LENGTH_MEASURE(0.1),#13107);
#13129 = DRAUGHTING_PRE_DEFINED_CURVE_FONT('continuous');
#13130 = MECHANICAL_DESIGN_GEOMETRIC_PRESENTATION_REPRESENTATION('',(
    #13131),#6287);
#13131 = STYLED_ITEM('color',(#13132),#6275);
#13132 = PRESENTATION_STYLE_ASSIGNMENT((#13133,#13138));
#13133 = SURFACE_STYLE_USAGE(.BOTH.,#13134);
#13134 = SURFACE_SIDE_STYLE('',(#13135));
#13135 = SURFACE_STYLE_FILL_AREA(#13136);
#13136 = FILL_AREA_STYLE('',(#13137));
#13137 = FILL_AREA_STYLE_COLOUR('',#13107);
#13138 = CURVE_STYLE('',#13139,POSITIVE_LENGTH_MEASURE(0.1),#13107);
#13139 = DRAUGHTING_PRE_DEFINED_CURVE_FONT('continuous');
#13140 = MECHANICAL_DESIGN_GEOMETRIC_PRESENTATION_REPRESENTATION('',(
    #13141),#9294);
#13141 = STYLED_ITEM('color',(#13142),#9282);
#13142 = PRESENTATION_STYLE_ASSIGNMENT((#13143,#13148));
#13143 = SURFACE_STYLE_USAGE(.BOTH.,#13144);
#13144 = SURFACE_SIDE_STYLE('',(#13145));
#13145 = SURFACE_STYLE_FILL_AREA(#13146);
#13146 = FILL_AREA_STYLE('',(#13147));
#13147 = FILL_AREA_STYLE_COLOUR('',#13107);
#13148 = CURVE_STYLE('',#13149,POSITIVE_LENGTH_MEASURE(0.1),#13107);
#13149 = DRAUGHTING_PRE_DEFINED_CURVE_FONT('continuous');
#13150 = MECHANICAL_DESIGN_GEOMETRIC_PRESENTATION_REPRESENTATION('',(
    #13151),#7031);
#13151 = STYLED_ITEM('color',(#13152),#7019);
#13152 = PRESENTATION_STYLE_ASSIGNMENT((#13153,#13158));
#13153 = SURFACE_STYLE_USAGE(.BOTH.,#13154);
#13154 = SURFACE_SIDE_STYLE('',(#13155));
#13155 = SURFACE_STYLE_FILL_AREA(#13156);
#13156 = FILL_AREA_STYLE('',(#13157));
#13157 = FILL_AREA_STYLE_COLOUR('',#13107);
#13158 = CURVE_STYLE('',#13159,POSITIVE_LENGTH_MEASURE(0.1),#13107);
#13159 = DRAUGHTING_PRE_DEFINED_CURVE_FONT('continuous');
#13160 = MECHANICAL_DESIGN_GEOMETRIC_PRESENTATION_REPRESENTATION('',(
    #13161),#6473);
#13161 = STYLED_ITEM('color',(#13162),#6461);
#13162 = PRESENTATION_STYLE_ASSIGNMENT((#13163,#13168));
#13163 = SURFACE_STYLE_USAGE(.BOTH.,#13164);
#13164 = SURFACE_SIDE_STYLE('',(#13165));
#13165 = SURFACE_STYLE_FILL_AREA(#13166);
#13166 = FILL_AREA_STYLE('',(#13167));
#13167 = FILL_AREA_STYLE_COLOUR('',#13107);
#13168 = CURVE_STYLE('',#13169,POSITIVE_LENGTH_MEASURE(0.1),#13107);
#13169 = DRAUGHTING_PRE_DEFINED_CURVE_FONT('continuous');
#13170 = MECHANICAL_DESIGN_GEOMETRIC_PRESENTATION_REPRESENTATION('',(
    #13171),#9325);
#13171 = STYLED_ITEM('color',(#13172),#9313);
#13172 = PRESENTATION_STYLE_ASSIGNMENT((#13173,#13178));
#13173 = SURFACE_STYLE_USAGE(.BOTH.,#13174);
#13174 = SURFACE_SIDE_STYLE('',(#13175));
#13175 = SURFACE_STYLE_FILL_AREA(#13176);
#13176 = FILL_AREA_STYLE('',(#13177));
#13177 = FILL_AREA_STYLE_COLOUR('',#13107);
#13178 = CURVE_STYLE('',#13179,POSITIVE_LENGTH_MEASURE(0.1),#13107);
#13179 = DRAUGHTING_PRE_DEFINED_CURVE_FONT('continuous');
#13180 = MECHANICAL_DESIGN_GEOMETRIC_PRESENTATION_REPRESENTATION('',(
    #13181),#10844);
#13181 = STYLED_ITEM('color',(#13182),#10832);
#13182 = PRESENTATION_STYLE_ASSIGNMENT((#13183,#13188));
#13183 = SURFACE_STYLE_USAGE(.BOTH.,#13184);
#13184 = SURFACE_SIDE_STYLE('',(#13185));
#13185 = SURFACE_STYLE_FILL_AREA(#13186);
#13186 = FILL_AREA_STYLE('',(#13187));
#13187 = FILL_AREA_STYLE_COLOUR('',#13107);
#13188 = CURVE_STYLE('',#13189,POSITIVE_LENGTH_MEASURE(0.1),#13107);
#13189 = DRAUGHTING_PRE_DEFINED_CURVE_FONT('continuous');
#13190 = MECHANICAL_DESIGN_GEOMETRIC_PRESENTATION_REPRESENTATION('',(
    #13191),#3280);
#13191 = STYLED_ITEM('color',(#13192),#3268);
#13192 = PRESENTATION_STYLE_ASSIGNMENT((#13193,#13198));
#13193 = SURFACE_STYLE_USAGE(.BOTH.,#13194);
#13194 = SURFACE_SIDE_STYLE('',(#13195));
#13195 = SURFACE_STYLE_FILL_AREA(#13196);
#13196 = FILL_AREA_STYLE('',(#13197));
#13197 = FILL_AREA_STYLE_COLOUR('',#13107);
#13198 = CURVE_STYLE('',#13199,POSITIVE_LENGTH_MEASURE(0.1),#13107);
#13199 = DRAUGHTING_PRE_DEFINED_CURVE_FONT('continuous');
#13200 = MECHANICAL_DESIGN_GEOMETRIC_PRESENTATION_REPRESENTATION('',(
    #13201),#7093);
#13201 = STYLED_ITEM('color',(#13202),#7081);
#13202 = PRESENTATION_STYLE_ASSIGNMENT((#13203,#13208));
#13203 = SURFACE_STYLE_USAGE(.BOTH.,#13204);
#13204 = SURFACE_SIDE_STYLE('',(#13205));
#13205 = SURFACE_STYLE_FILL_AREA(#13206);
#13206 = FILL_AREA_STYLE('',(#13207));
#13207 = FILL_AREA_STYLE_COLOUR('',#13107);
#13208 = CURVE_STYLE('',#13209,POSITIVE_LENGTH_MEASURE(0.1),#13107);
#13209 = DRAUGHTING_PRE_DEFINED_CURVE_FONT('continuous');
#13210 = MECHANICAL_DESIGN_GEOMETRIC_PRESENTATION_REPRESENTATION('',(
    #13211),#9666);
#13211 = STYLED_ITEM('color',(#13212),#9654);
#13212 = PRESENTATION_STYLE_ASSIGNMENT((#13213,#13218));
#13213 = SURFACE_STYLE_USAGE(.BOTH.,#13214);
#13214 = SURFACE_SIDE_STYLE('',(#13215));
#13215 = SURFACE_STYLE_FILL_AREA(#13216);
#13216 = FILL_AREA_STYLE('',(#13217));
#13217 = FILL_AREA_STYLE_COLOUR('',#13107);
#13218 = CURVE_STYLE('',#13219,POSITIVE_LENGTH_MEASURE(0.1),#13107);
#13219 = DRAUGHTING_PRE_DEFINED_CURVE_FONT('continuous');
#13220 = MECHANICAL_DESIGN_GEOMETRIC_PRESENTATION_REPRESENTATION('',(
    #13221),#4520);
#13221 = STYLED_ITEM('color',(#13222),#4508);
#13222 = PRESENTATION_STYLE_ASSIGNMENT((#13223,#13228));
#13223 = SURFACE_STYLE_USAGE(.BOTH.,#13224);
#13224 = SURFACE_SIDE_STYLE('',(#13225));
#13225 = SURFACE_STYLE_FILL_AREA(#13226);
#13226 = FILL_AREA_STYLE('',(#13227));
#13227 = FILL_AREA_STYLE_COLOUR('',#13107);
#13228 = CURVE_STYLE('',#13229,POSITIVE_LENGTH_MEASURE(0.1),#13107);
#13229 = DRAUGHTING_PRE_DEFINED_CURVE_FONT('continuous');
#13230 = MECHANICAL_DESIGN_GEOMETRIC_PRESENTATION_REPRESENTATION('',(
    #13231),#3466);
#13231 = STYLED_ITEM('color',(#13232),#3454);
#13232 = PRESENTATION_STYLE_ASSIGNMENT((#13233,#13238));
#13233 = SURFACE_STYLE_USAGE(.BOTH.,#13234);
#13234 = SURFACE_SIDE_STYLE('',(#13235));
#13235 = SURFACE_STYLE_FILL_AREA(#13236);
#13236 = FILL_AREA_STYLE('',(#13237));
#13237 = FILL_AREA_STYLE_COLOUR('',#13107);
#13238 = CURVE_STYLE('',#13239,POSITIVE_LENGTH_MEASURE(0.1),#13107);
#13239 = DRAUGHTING_PRE_DEFINED_CURVE_FONT('continuous');
#13240 = MECHANICAL_DESIGN_GEOMETRIC_PRESENTATION_REPRESENTATION('',(
    #13241),#2722);
#13241 = STYLED_ITEM('color',(#13242),#2710);
#13242 = PRESENTATION_STYLE_ASSIGNMENT((#13243,#13248));
#13243 = SURFACE_STYLE_USAGE(.BOTH.,#13244);
#13244 = SURFACE_SIDE_STYLE('',(#13245));
#13245 = SURFACE_STYLE_FILL_AREA(#13246);
#13246 = FILL_AREA_STYLE('',(#13247));
#13247 = FILL_AREA_STYLE_COLOUR('',#13107);
#13248 = CURVE_STYLE('',#13249,POSITIVE_LENGTH_MEASURE(0.1),#13107);
#13249 = DRAUGHTING_PRE_DEFINED_CURVE_FONT('continuous');
#13250 = MECHANICAL_DESIGN_GEOMETRIC_PRESENTATION_REPRESENTATION('',(
    #13251),#10069);
#13251 = STYLED_ITEM('color',(#13252),#10057);
#13252 = PRESENTATION_STYLE_ASSIGNMENT((#13253,#13258));
#13253 = SURFACE_STYLE_USAGE(.BOTH.,#13254);
#13254 = SURFACE_SIDE_STYLE('',(#13255));
#13255 = SURFACE_STYLE_FILL_AREA(#13256);
#13256 = FILL_AREA_STYLE('',(#13257));
#13257 = FILL_AREA_STYLE_COLOUR('',#13107);
#13258 = CURVE_STYLE('',#13259,POSITIVE_LENGTH_MEASURE(0.1),#13107);
#13259 = DRAUGHTING_PRE_DEFINED_CURVE_FONT('continuous');
#13260 = MECHANICAL_DESIGN_GEOMETRIC_PRESENTATION_REPRESENTATION('',(
    #13261),#11929);
#13261 = STYLED_ITEM('color',(#13262),#11917);
#13262 = PRESENTATION_STYLE_ASSIGNMENT((#13263,#13268));
#13263 = SURFACE_STYLE_USAGE(.BOTH.,#13264);
#13264 = SURFACE_SIDE_STYLE('',(#13265));
#13265 = SURFACE_STYLE_FILL_AREA(#13266);
#13266 = FILL_AREA_STYLE('',(#13267));
#13267 = FILL_AREA_STYLE_COLOUR('',#13107);
#13268 = CURVE_STYLE('',#13269,POSITIVE_LENGTH_MEASURE(0.1),#13107);
#13269 = DRAUGHTING_PRE_DEFINED_CURVE_FONT('continuous');
#13270 = MECHANICAL_DESIGN_GEOMETRIC_PRESENTATION_REPRESENTATION('',(
    #13271),#8023);
#13271 = STYLED_ITEM('color',(#13272),#8011);
#13272 = PRESENTATION_STYLE_ASSIGNMENT((#13273,#13278));
#13273 = SURFACE_STYLE_USAGE(.BOTH.,#13274);
#13274 = SURFACE_SIDE_STYLE('',(#13275));
#13275 = SURFACE_STYLE_FILL_AREA(#13276);
#13276 = FILL_AREA_STYLE('',(#13277));
#13277 = FILL_AREA_STYLE_COLOUR('',#13107);
#13278 = CURVE_STYLE('',#13279,POSITIVE_LENGTH_MEASURE(0.1),#13107);
#13279 = DRAUGHTING_PRE_DEFINED_CURVE_FONT('continuous');
#13280 = MECHANICAL_DESIGN_GEOMETRIC_PRESENTATION_REPRESENTATION('',(
    #13281),#7124);
#13281 = STYLED_ITEM('color',(#13282),#7112);
#13282 = PRESENTATION_STYLE_ASSIGNMENT((#13283,#13288));
#13283 = SURFACE_STYLE_USAGE(.BOTH.,#13284);
#13284 = SURFACE_SIDE_STYLE('',(#13285));
#13285 = SURFACE_STYLE_FILL_AREA(#13286);
#13286 = FILL_AREA_STYLE('',(#13287));
#13287 = FILL_AREA_STYLE_COLOUR('',#13107);
#13288 = CURVE_STYLE('',#13289,POSITIVE_LENGTH_MEASURE(0.1),#13107);
#13289 = DRAUGHTING_PRE_DEFINED_CURVE_FONT('continuous');
#13290 = MECHANICAL_DESIGN_GEOMETRIC_PRESENTATION_REPRESENTATION('',(
    #13291),#2536);
#13291 = STYLED_ITEM('color',(#13292),#2524);
#13292 = PRESENTATION_STYLE_ASSIGNMENT((#13293,#13298));
#13293 = SURFACE_STYLE_USAGE(.BOTH.,#13294);
#13294 = SURFACE_SIDE_STYLE('',(#13295));
#13295 = SURFACE_STYLE_FILL_AREA(#13296);
#13296 = FILL_AREA_STYLE('',(#13297));
#13297 = FILL_AREA_STYLE_COLOUR('',#13107);
#13298 = CURVE_STYLE('',#13299,POSITIVE_LENGTH_MEASURE(0.1),#13107);
#13299 = DRAUGHTING_PRE_DEFINED_CURVE_FONT('continuous');
#13300 = MECHANICAL_DESIGN_GEOMETRIC_PRESENTATION_REPRESENTATION('',(
    #13301),#1513);
#13301 = STYLED_ITEM('color',(#13302),#1501);
#13302 = PRESENTATION_STYLE_ASSIGNMENT((#13303,#13308));
#13303 = SURFACE_STYLE_USAGE(.BOTH.,#13304);
#13304 = SURFACE_SIDE_STYLE('',(#13305));
#13305 = SURFACE_STYLE_FILL_AREA(#13306);
#13306 = FILL_AREA_STYLE('',(#13307));
#13307 = FILL_AREA_STYLE_COLOUR('',#13107);
#13308 = CURVE_STYLE('',#13309,POSITIVE_LENGTH_MEASURE(0.1),#13107);
#13309 = DRAUGHTING_PRE_DEFINED_CURVE_FONT('continuous');
#13310 = MECHANICAL_DESIGN_GEOMETRIC_PRESENTATION_REPRESENTATION('',(
    #13311),#10224);
#13311 = STYLED_ITEM('color',(#13312),#10212);
#13312 = PRESENTATION_STYLE_ASSIGNMENT((#13313,#13318));
#13313 = SURFACE_STYLE_USAGE(.BOTH.,#13314);
#13314 = SURFACE_SIDE_STYLE('',(#13315));
#13315 = SURFACE_STYLE_FILL_AREA(#13316);
#13316 = FILL_AREA_STYLE('',(#13317));
#13317 = FILL_AREA_STYLE_COLOUR('',#13107);
#13318 = CURVE_STYLE('',#13319,POSITIVE_LENGTH_MEASURE(0.1),#13107);
#13319 = DRAUGHTING_PRE_DEFINED_CURVE_FONT('continuous');
#13320 = MECHANICAL_DESIGN_GEOMETRIC_PRESENTATION_REPRESENTATION('',(
    #13321),#8209);
#13321 = STYLED_ITEM('color',(#13322),#8197);
#13322 = PRESENTATION_STYLE_ASSIGNMENT((#13323,#13328));
#13323 = SURFACE_STYLE_USAGE(.BOTH.,#13324);
#13324 = SURFACE_SIDE_STYLE('',(#13325));
#13325 = SURFACE_STYLE_FILL_AREA(#13326);
#13326 = FILL_AREA_STYLE('',(#13327));
#13327 = FILL_AREA_STYLE_COLOUR('',#13107);
#13328 = CURVE_STYLE('',#13329,POSITIVE_LENGTH_MEASURE(0.1),#13107);
#13329 = DRAUGHTING_PRE_DEFINED_CURVE_FONT('continuous');
#13330 = MECHANICAL_DESIGN_GEOMETRIC_PRESENTATION_REPRESENTATION('',(
    #13331),#4830);
#13331 = STYLED_ITEM('color',(#13332),#4818);
#13332 = PRESENTATION_STYLE_ASSIGNMENT((#13333,#13338));
#13333 = SURFACE_STYLE_USAGE(.BOTH.,#13334);
#13334 = SURFACE_SIDE_STYLE('',(#13335));
#13335 = SURFACE_STYLE_FILL_AREA(#13336);
#13336 = FILL_AREA_STYLE('',(#13337));
#13337 = FILL_AREA_STYLE_COLOUR('',#13107);
#13338 = CURVE_STYLE('',#13339,POSITIVE_LENGTH_MEASURE(0.1),#13107);
#13339 = DRAUGHTING_PRE_DEFINED_CURVE_FONT('continuous');
#13340 = MECHANICAL_DESIGN_GEOMETRIC_PRESENTATION_REPRESENTATION('',(
    #13341),#9728);
#13341 = STYLED_ITEM('color',(#13342),#9716);
#13342 = PRESENTATION_STYLE_ASSIGNMENT((#13343,#13348));
#13343 = SURFACE_STYLE_USAGE(.BOTH.,#13344);
#13344 = SURFACE_SIDE_STYLE('',(#13345));
#13345 = SURFACE_STYLE_FILL_AREA(#13346);
#13346 = FILL_AREA_STYLE('',(#13347));
#13347 = FILL_AREA_STYLE_COLOUR('',#13107);
#13348 = CURVE_STYLE('',#13349,POSITIVE_LENGTH_MEASURE(0.1),#13107);
#13349 = DRAUGHTING_PRE_DEFINED_CURVE_FONT('continuous');
#13350 = MECHANICAL_DESIGN_GEOMETRIC_PRESENTATION_REPRESENTATION('',(
    #13351),#9883);
#13351 = STYLED_ITEM('color',(#13352),#9871);
#13352 = PRESENTATION_STYLE_ASSIGNMENT((#13353,#13358));
#13353 = SURFACE_STYLE_USAGE(.BOTH.,#13354);
#13354 = SURFACE_SIDE_STYLE('',(#13355));
#13355 = SURFACE_STYLE_FILL_AREA(#13356);
#13356 = FILL_AREA_STYLE('',(#13357));
#13357 = FILL_AREA_STYLE_COLOUR('',#13107);
#13358 = CURVE_STYLE('',#13359,POSITIVE_LENGTH_MEASURE(0.1),#13107);
#13359 = DRAUGHTING_PRE_DEFINED_CURVE_FONT('continuous');
#13360 = MECHANICAL_DESIGN_GEOMETRIC_PRESENTATION_REPRESENTATION('',(
    #13361),#6783);
#13361 = STYLED_ITEM('color',(#13362),#6771);
#13362 = PRESENTATION_STYLE_ASSIGNMENT((#13363,#13368));
#13363 = SURFACE_STYLE_USAGE(.BOTH.,#13364);
#13364 = SURFACE_SIDE_STYLE('',(#13365));
#13365 = SURFACE_STYLE_FILL_AREA(#13366);
#13366 = FILL_AREA_STYLE('',(#13367));
#13367 = FILL_AREA_STYLE_COLOUR('',#13107);
#13368 = CURVE_STYLE('',#13369,POSITIVE_LENGTH_MEASURE(0.1),#13107);
#13369 = DRAUGHTING_PRE_DEFINED_CURVE_FONT('continuous');
#13370 = MECHANICAL_DESIGN_GEOMETRIC_PRESENTATION_REPRESENTATION('',(
    #13371),#2970);
#13371 = STYLED_ITEM('color',(#13372),#2958);
#13372 = PRESENTATION_STYLE_ASSIGNMENT((#13373,#13378));
#13373 = SURFACE_STYLE_USAGE(.BOTH.,#13374);
#13374 = SURFACE_SIDE_STYLE('',(#13375));
#13375 = SURFACE_STYLE_FILL_AREA(#13376);
#13376 = FILL_AREA_STYLE('',(#13377));
#13377 = FILL_AREA_STYLE_COLOUR('',#13107);
#13378 = CURVE_STYLE('',#13379,POSITIVE_LENGTH_MEASURE(0.1),#13107);
#13379 = DRAUGHTING_PRE_DEFINED_CURVE_FONT('continuous');
#13380 = MECHANICAL_DESIGN_GEOMETRIC_PRESENTATION_REPRESENTATION('',(
    #13381),#7744);
#13381 = STYLED_ITEM('color',(#13382),#7732);
#13382 = PRESENTATION_STYLE_ASSIGNMENT((#13383,#13388));
#13383 = SURFACE_STYLE_USAGE(.BOTH.,#13384);
#13384 = SURFACE_SIDE_STYLE('',(#13385));
#13385 = SURFACE_STYLE_FILL_AREA(#13386);
#13386 = FILL_AREA_STYLE('',(#13387));
#13387 = FILL_AREA_STYLE_COLOUR('',#13107);
#13388 = CURVE_STYLE('',#13389,POSITIVE_LENGTH_MEASURE(0.1),#13107);
#13389 = DRAUGHTING_PRE_DEFINED_CURVE_FONT('continuous');
#13390 = MECHANICAL_DESIGN_GEOMETRIC_PRESENTATION_REPRESENTATION('',(
    #13391),#10441);
#13391 = STYLED_ITEM('color',(#13392),#10429);
#13392 = PRESENTATION_STYLE_ASSIGNMENT((#13393,#13398));
#13393 = SURFACE_STYLE_USAGE(.BOTH.,#13394);
#13394 = SURFACE_SIDE_STYLE('',(#13395));
#13395 = SURFACE_STYLE_FILL_AREA(#13396);
#13396 = FILL_AREA_STYLE('',(#13397));
#13397 = FILL_AREA_STYLE_COLOUR('',#13107);
#13398 = CURVE_STYLE('',#13399,POSITIVE_LENGTH_MEASURE(0.1),#13107);
#13399 = DRAUGHTING_PRE_DEFINED_CURVE_FONT('continuous');
#13400 = MECHANICAL_DESIGN_GEOMETRIC_PRESENTATION_REPRESENTATION('',(
    #13401),#6070);
#13401 = STYLED_ITEM('color',(#13402),#6058);
#13402 = PRESENTATION_STYLE_ASSIGNMENT((#13403,#13408));
#13403 = SURFACE_STYLE_USAGE(.BOTH.,#13404);
#13404 = SURFACE_SIDE_STYLE('',(#13405));
#13405 = SURFACE_STYLE_FILL_AREA(#13406);
#13406 = FILL_AREA_STYLE('',(#13407));
#13407 = FILL_AREA_STYLE_COLOUR('',#13107);
#13408 = CURVE_STYLE('',#13409,POSITIVE_LENGTH_MEASURE(0.1),#13107);
#13409 = DRAUGHTING_PRE_DEFINED_CURVE_FONT('continuous');
#13410 = MECHANICAL_DESIGN_GEOMETRIC_PRESENTATION_REPRESENTATION('',(
    #13411),#4179);
#13411 = STYLED_ITEM('color',(#13412),#4167);
#13412 = PRESENTATION_STYLE_ASSIGNMENT((#13413,#13418));
#13413 = SURFACE_STYLE_USAGE(.BOTH.,#13414);
#13414 = SURFACE_SIDE_STYLE('',(#13415));
#13415 = SURFACE_STYLE_FILL_AREA(#13416);
#13416 = FILL_AREA_STYLE('',(#13417));
#13417 = FILL_AREA_STYLE_COLOUR('',#13107);
#13418 = CURVE_STYLE('',#13419,POSITIVE_LENGTH_MEASURE(0.1),#13107);
#13419 = DRAUGHTING_PRE_DEFINED_CURVE_FONT('continuous');
#13420 = MECHANICAL_DESIGN_GEOMETRIC_PRESENTATION_REPRESENTATION('',(
    #13421),#9015);
#13421 = STYLED_ITEM('color',(#13422),#9003);
#13422 = PRESENTATION_STYLE_ASSIGNMENT((#13423,#13428));
#13423 = SURFACE_STYLE_USAGE(.BOTH.,#13424);
#13424 = SURFACE_SIDE_STYLE('',(#13425));
#13425 = SURFACE_STYLE_FILL_AREA(#13426);
#13426 = FILL_AREA_STYLE('',(#13427));
#13427 = FILL_AREA_STYLE_COLOUR('',#13107);
#13428 = CURVE_STYLE('',#13429,POSITIVE_LENGTH_MEASURE(0.1),#13107);
#13429 = DRAUGHTING_PRE_DEFINED_CURVE_FONT('continuous');
#13430 = MECHANICAL_DESIGN_GEOMETRIC_PRESENTATION_REPRESENTATION('',(
    #13431),#10658);
#13431 = STYLED_ITEM('color',(#13432),#10646);
#13432 = PRESENTATION_STYLE_ASSIGNMENT((#13433,#13438));
#13433 = SURFACE_STYLE_USAGE(.BOTH.,#13434);
#13434 = SURFACE_SIDE_STYLE('',(#13435));
#13435 = SURFACE_STYLE_FILL_AREA(#13436);
#13436 = FILL_AREA_STYLE('',(#13437));
#13437 = FILL_AREA_STYLE_COLOUR('',#13107);
#13438 = CURVE_STYLE('',#13439,POSITIVE_LENGTH_MEASURE(0.1),#13107);
#13439 = DRAUGHTING_PRE_DEFINED_CURVE_FONT('continuous');
#13440 = MECHANICAL_DESIGN_GEOMETRIC_PRESENTATION_REPRESENTATION('',(
    #13441),#3435);
#13441 = STYLED_ITEM('color',(#13442),#3423);
#13442 = PRESENTATION_STYLE_ASSIGNMENT((#13443,#13448));
#13443 = SURFACE_STYLE_USAGE(.BOTH.,#13444);
#13444 = SURFACE_SIDE_STYLE('',(#13445));
#13445 = SURFACE_STYLE_FILL_AREA(#13446);
#13446 = FILL_AREA_STYLE('',(#13447));
#13447 = FILL_AREA_STYLE_COLOUR('',#13107);
#13448 = CURVE_STYLE('',#13449,POSITIVE_LENGTH_MEASURE(0.1),#13107);
#13449 = DRAUGHTING_PRE_DEFINED_CURVE_FONT('continuous');
#13450 = MECHANICAL_DESIGN_GEOMETRIC_PRESENTATION_REPRESENTATION('',(
    #13451),#6380);
#13451 = STYLED_ITEM('color',(#13452),#6368);
#13452 = PRESENTATION_STYLE_ASSIGNMENT((#13453,#13458));
#13453 = SURFACE_STYLE_USAGE(.BOTH.,#13454);
#13454 = SURFACE_SIDE_STYLE('',(#13455));
#13455 = SURFACE_STYLE_FILL_AREA(#13456);
#13456 = FILL_AREA_STYLE('',(#13457));
#13457 = FILL_AREA_STYLE_COLOUR('',#13107);
#13458 = CURVE_STYLE('',#13459,POSITIVE_LENGTH_MEASURE(0.1),#13107);
#13459 = DRAUGHTING_PRE_DEFINED_CURVE_FONT('continuous');
#13460 = MECHANICAL_DESIGN_GEOMETRIC_PRESENTATION_REPRESENTATION('',(
    #13461),#8054);
#13461 = STYLED_ITEM('color',(#13462),#8042);
#13462 = PRESENTATION_STYLE_ASSIGNMENT((#13463,#13468));
#13463 = SURFACE_STYLE_USAGE(.BOTH.,#13464);
#13464 = SURFACE_SIDE_STYLE('',(#13465));
#13465 = SURFACE_STYLE_FILL_AREA(#13466);
#13466 = FILL_AREA_STYLE('',(#13467));
#13467 = FILL_AREA_STYLE_COLOUR('',#13107);
#13468 = CURVE_STYLE('',#13469,POSITIVE_LENGTH_MEASURE(0.1),#13107);
#13469 = DRAUGHTING_PRE_DEFINED_CURVE_FONT('continuous');
#13470 = MECHANICAL_DESIGN_GEOMETRIC_PRESENTATION_REPRESENTATION('',(
    #13471),#9356);
#13471 = STYLED_ITEM('color',(#13472),#9344);
#13472 = PRESENTATION_STYLE_ASSIGNMENT((#13473,#13478));
#13473 = SURFACE_STYLE_USAGE(.BOTH.,#13474);
#13474 = SURFACE_SIDE_STYLE('',(#13475));
#13475 = SURFACE_STYLE_FILL_AREA(#13476);
#13476 = FILL_AREA_STYLE('',(#13477));
#13477 = FILL_AREA_STYLE_COLOUR('',#13107);
#13478 = CURVE_STYLE('',#13479,POSITIVE_LENGTH_MEASURE(0.1),#13107);
#13479 = DRAUGHTING_PRE_DEFINED_CURVE_FONT('continuous');
#13480 = MECHANICAL_DESIGN_GEOMETRIC_PRESENTATION_REPRESENTATION('',(
    #13481),#4613);
#13481 = STYLED_ITEM('color',(#13482),#4601);
#13482 = PRESENTATION_STYLE_ASSIGNMENT((#13483,#13488));
#13483 = SURFACE_STYLE_USAGE(.BOTH.,#13484);
#13484 = SURFACE_SIDE_STYLE('',(#13485));
#13485 = SURFACE_STYLE_FILL_AREA(#13486);
#13486 = FILL_AREA_STYLE('',(#13487));
#13487 = FILL_AREA_STYLE_COLOUR('',#13107);
#13488 = CURVE_STYLE('',#13489,POSITIVE_LENGTH_MEASURE(0.1),#13107);
#13489 = DRAUGHTING_PRE_DEFINED_CURVE_FONT('continuous');
#13490 = MECHANICAL_DESIGN_GEOMETRIC_PRESENTATION_REPRESENTATION('',(
    #13491),#6225);
#13491 = STYLED_ITEM('color',(#13492),#6213);
#13492 = PRESENTATION_STYLE_ASSIGNMENT((#13493,#13498));
#13493 = SURFACE_STYLE_USAGE(.BOTH.,#13494);
#13494 = SURFACE_SIDE_STYLE('',(#13495));
#13495 = SURFACE_STYLE_FILL_AREA(#13496);
#13496 = FILL_AREA_STYLE('',(#13497));
#13497 = FILL_AREA_STYLE_COLOUR('',#13107);
#13498 = CURVE_STYLE('',#13499,POSITIVE_LENGTH_MEASURE(0.1),#13107);
#13499 = DRAUGHTING_PRE_DEFINED_CURVE_FONT('continuous');
#13500 = MECHANICAL_DESIGN_GEOMETRIC_PRESENTATION_REPRESENTATION('',(
    #13501),#4427);
#13501 = STYLED_ITEM('color',(#13502),#4415);
#13502 = PRESENTATION_STYLE_ASSIGNMENT((#13503,#13508));
#13503 = SURFACE_STYLE_USAGE(.BOTH.,#13504);
#13504 = SURFACE_SIDE_STYLE('',(#13505));
#13505 = SURFACE_STYLE_FILL_AREA(#13506);
#13506 = FILL_AREA_STYLE('',(#13507));
#13507 = FILL_AREA_STYLE_COLOUR('',#13107);
#13508 = CURVE_STYLE('',#13509,POSITIVE_LENGTH_MEASURE(0.1),#13107);
#13509 = DRAUGHTING_PRE_DEFINED_CURVE_FONT('continuous');
#13510 = MECHANICAL_DESIGN_GEOMETRIC_PRESENTATION_REPRESENTATION('',(
    #13511),#12487);
#13511 = STYLED_ITEM('color',(#13512),#12475);
#13512 = PRESENTATION_STYLE_ASSIGNMENT((#13513,#13518));
#13513 = SURFACE_STYLE_USAGE(.BOTH.,#13514);
#13514 = SURFACE_SIDE_STYLE('',(#13515));
#13515 = SURFACE_STYLE_FILL_AREA(#13516);
#13516 = FILL_AREA_STYLE('',(#13517));
#13517 = FILL_AREA_STYLE_COLOUR('',#13107);
#13518 = CURVE_STYLE('',#13519,POSITIVE_LENGTH_MEASURE(0.1),#13107);
#13519 = DRAUGHTING_PRE_DEFINED_CURVE_FONT('continuous');
#13520 = MECHANICAL_DESIGN_GEOMETRIC_PRESENTATION_REPRESENTATION('',(
    #13521),#7341);
#13521 = STYLED_ITEM('color',(#13522),#7329);
#13522 = PRESENTATION_STYLE_ASSIGNMENT((#13523,#13528));
#13523 = SURFACE_STYLE_USAGE(.BOTH.,#13524);
#13524 = SURFACE_SIDE_STYLE('',(#13525));
#13525 = SURFACE_STYLE_FILL_AREA(#13526);
#13526 = FILL_AREA_STYLE('',(#13527));
#13527 = FILL_AREA_STYLE_COLOUR('',#13107);
#13528 = CURVE_STYLE('',#13529,POSITIVE_LENGTH_MEASURE(0.1),#13107);
#13529 = DRAUGHTING_PRE_DEFINED_CURVE_FONT('continuous');
#13530 = MECHANICAL_DESIGN_GEOMETRIC_PRESENTATION_REPRESENTATION('',(
    #13531),#6597);
#13531 = STYLED_ITEM('color',(#13532),#6585);
#13532 = PRESENTATION_STYLE_ASSIGNMENT((#13533,#13538));
#13533 = SURFACE_STYLE_USAGE(.BOTH.,#13534);
#13534 = SURFACE_SIDE_STYLE('',(#13535));
#13535 = SURFACE_STYLE_FILL_AREA(#13536);
#13536 = FILL_AREA_STYLE('',(#13537));
#13537 = FILL_AREA_STYLE_COLOUR('',#13107);
#13538 = CURVE_STYLE('',#13539,POSITIVE_LENGTH_MEASURE(0.1),#13107);
#13539 = DRAUGHTING_PRE_DEFINED_CURVE_FONT('continuous');
#13540 = MECHANICAL_DESIGN_GEOMETRIC_PRESENTATION_REPRESENTATION('',(
    #13541),#1699);
#13541 = STYLED_ITEM('color',(#13542),#1687);
#13542 = PRESENTATION_STYLE_ASSIGNMENT((#13543,#13548));
#13543 = SURFACE_STYLE_USAGE(.BOTH.,#13544);
#13544 = SURFACE_SIDE_STYLE('',(#13545));
#13545 = SURFACE_STYLE_FILL_AREA(#13546);
#13546 = FILL_AREA_STYLE('',(#13547));
#13547 = FILL_AREA_STYLE_COLOUR('',#13107);
#13548 = CURVE_STYLE('',#13549,POSITIVE_LENGTH_MEASURE(0.1),#13107);
#13549 = DRAUGHTING_PRE_DEFINED_CURVE_FONT('continuous');
#13550 = MECHANICAL_DESIGN_GEOMETRIC_PRESENTATION_REPRESENTATION('',(
    #13551),#7651);
#13551 = STYLED_ITEM('color',(#13552),#7639);
#13552 = PRESENTATION_STYLE_ASSIGNMENT((#13553,#13558));
#13553 = SURFACE_STYLE_USAGE(.BOTH.,#13554);
#13554 = SURFACE_SIDE_STYLE('',(#13555));
#13555 = SURFACE_STYLE_FILL_AREA(#13556);
#13556 = FILL_AREA_STYLE('',(#13557));
#13557 = FILL_AREA_STYLE_COLOUR('',#13107);
#13558 = CURVE_STYLE('',#13559,POSITIVE_LENGTH_MEASURE(0.1),#13107);
#13559 = DRAUGHTING_PRE_DEFINED_CURVE_FONT('continuous');
#13560 = MECHANICAL_DESIGN_GEOMETRIC_PRESENTATION_REPRESENTATION('',(
    #13561),#12549);
#13561 = STYLED_ITEM('color',(#13562),#12537);
#13562 = PRESENTATION_STYLE_ASSIGNMENT((#13563,#13568));
#13563 = SURFACE_STYLE_USAGE(.BOTH.,#13564);
#13564 = SURFACE_SIDE_STYLE('',(#13565));
#13565 = SURFACE_STYLE_FILL_AREA(#13566);
#13566 = FILL_AREA_STYLE('',(#13567));
#13567 = FILL_AREA_STYLE_COLOUR('',#13107);
#13568 = CURVE_STYLE('',#13569,POSITIVE_LENGTH_MEASURE(0.1),#13107);
#13569 = DRAUGHTING_PRE_DEFINED_CURVE_FONT('continuous');
#13570 = MECHANICAL_DESIGN_GEOMETRIC_PRESENTATION_REPRESENTATION('',(
    #13571),#1947);
#13571 = STYLED_ITEM('color',(#13572),#1935);
#13572 = PRESENTATION_STYLE_ASSIGNMENT((#13573,#13578));
#13573 = SURFACE_STYLE_USAGE(.BOTH.,#13574);
#13574 = SURFACE_SIDE_STYLE('',(#13575));
#13575 = SURFACE_STYLE_FILL_AREA(#13576);
#13576 = FILL_AREA_STYLE('',(#13577));
#13577 = FILL_AREA_STYLE_COLOUR('',#13107);
#13578 = CURVE_STYLE('',#13579,POSITIVE_LENGTH_MEASURE(0.1),#13107);
#13579 = DRAUGHTING_PRE_DEFINED_CURVE_FONT('continuous');
#13580 = MECHANICAL_DESIGN_GEOMETRIC_PRESENTATION_REPRESENTATION('',(
    #13581),#11588);
#13581 = STYLED_ITEM('color',(#13582),#11576);
#13582 = PRESENTATION_STYLE_ASSIGNMENT((#13583,#13588));
#13583 = SURFACE_STYLE_USAGE(.BOTH.,#13584);
#13584 = SURFACE_SIDE_STYLE('',(#13585));
#13585 = SURFACE_STYLE_FILL_AREA(#13586);
#13586 = FILL_AREA_STYLE('',(#13587));
#13587 = FILL_AREA_STYLE_COLOUR('',#13107);
#13588 = CURVE_STYLE('',#13589,POSITIVE_LENGTH_MEASURE(0.1),#13107);
#13589 = DRAUGHTING_PRE_DEFINED_CURVE_FONT('continuous');
#13590 = MECHANICAL_DESIGN_GEOMETRIC_PRESENTATION_REPRESENTATION('',(
    #13591),#6969);
#13591 = STYLED_ITEM('color',(#13592),#6957);
#13592 = PRESENTATION_STYLE_ASSIGNMENT((#13593,#13598));
#13593 = SURFACE_STYLE_USAGE(.BOTH.,#13594);
#13594 = SURFACE_SIDE_STYLE('',(#13595));
#13595 = SURFACE_STYLE_FILL_AREA(#13596);
#13596 = FILL_AREA_STYLE('',(#13597));
#13597 = FILL_AREA_STYLE_COLOUR('',#13107);
#13598 = CURVE_STYLE('',#13599,POSITIVE_LENGTH_MEASURE(0.1),#13107);
#13599 = DRAUGHTING_PRE_DEFINED_CURVE_FONT('continuous');
#13600 = MECHANICAL_DESIGN_GEOMETRIC_PRESENTATION_REPRESENTATION('',(
    #13601),#1668);
#13601 = STYLED_ITEM('color',(#13602),#1656);
#13602 = PRESENTATION_STYLE_ASSIGNMENT((#13603,#13608));
#13603 = SURFACE_STYLE_USAGE(.BOTH.,#13604);
#13604 = SURFACE_SIDE_STYLE('',(#13605));
#13605 = SURFACE_STYLE_FILL_AREA(#13606);
#13606 = FILL_AREA_STYLE('',(#13607));
#13607 = FILL_AREA_STYLE_COLOUR('',#13107);
#13608 = CURVE_STYLE('',#13609,POSITIVE_LENGTH_MEASURE(0.1),#13107);
#13609 = DRAUGHTING_PRE_DEFINED_CURVE_FONT('continuous');
#13610 = MECHANICAL_DESIGN_GEOMETRIC_PRESENTATION_REPRESENTATION('',(
    #13611),#12611);
#13611 = STYLED_ITEM('color',(#13612),#12599);
#13612 = PRESENTATION_STYLE_ASSIGNMENT((#13613,#13618));
#13613 = SURFACE_STYLE_USAGE(.BOTH.,#13614);
#13614 = SURFACE_SIDE_STYLE('',(#13615));
#13615 = SURFACE_STYLE_FILL_AREA(#13616);
#13616 = FILL_AREA_STYLE('',(#13617));
#13617 = FILL_AREA_STYLE_COLOUR('',#13107);
#13618 = CURVE_STYLE('',#13619,POSITIVE_LENGTH_MEASURE(0.1),#13107);
#13619 = DRAUGHTING_PRE_DEFINED_CURVE_FONT('continuous');
#13620 = MECHANICAL_DESIGN_GEOMETRIC_PRESENTATION_REPRESENTATION('',(
    #13621),#2288);
#13621 = STYLED_ITEM('color',(#13622),#2276);
#13622 = PRESENTATION_STYLE_ASSIGNMENT((#13623,#13628));
#13623 = SURFACE_STYLE_USAGE(.BOTH.,#13624);
#13624 = SURFACE_SIDE_STYLE('',(#13625));
#13625 = SURFACE_STYLE_FILL_AREA(#13626);
#13626 = FILL_AREA_STYLE('',(#13627));
#13627 = FILL_AREA_STYLE_COLOUR('',#13107);
#13628 = CURVE_STYLE('',#13629,POSITIVE_LENGTH_MEASURE(0.1),#13107);
#13629 = DRAUGHTING_PRE_DEFINED_CURVE_FONT('continuous');
#13630 = MECHANICAL_DESIGN_GEOMETRIC_PRESENTATION_REPRESENTATION('',(
    #13631),#4024);
#13631 = STYLED_ITEM('color',(#13632),#4012);
#13632 = PRESENTATION_STYLE_ASSIGNMENT((#13633,#13638));
#13633 = SURFACE_STYLE_USAGE(.BOTH.,#13634);
#13634 = SURFACE_SIDE_STYLE('',(#13635));
#13635 = SURFACE_STYLE_FILL_AREA(#13636);
#13636 = FILL_AREA_STYLE('',(#13637));
#13637 = FILL_AREA_STYLE_COLOUR('',#13107);
#13638 = CURVE_STYLE('',#13639,POSITIVE_LENGTH_MEASURE(0.1),#13107);
#13639 = DRAUGHTING_PRE_DEFINED_CURVE_FONT('continuous');
#13640 = MECHANICAL_DESIGN_GEOMETRIC_PRESENTATION_REPRESENTATION('',(
    #13641),#3714);
#13641 = STYLED_ITEM('color',(#13642),#3702);
#13642 = PRESENTATION_STYLE_ASSIGNMENT((#13643,#13648));
#13643 = SURFACE_STYLE_USAGE(.BOTH.,#13644);
#13644 = SURFACE_SIDE_STYLE('',(#13645));
#13645 = SURFACE_STYLE_FILL_AREA(#13646);
#13646 = FILL_AREA_STYLE('',(#13647));
#13647 = FILL_AREA_STYLE_COLOUR('',#13107);
#13648 = CURVE_STYLE('',#13649,POSITIVE_LENGTH_MEASURE(0.1),#13107);
#13649 = DRAUGHTING_PRE_DEFINED_CURVE_FONT('continuous');
#13650 = MECHANICAL_DESIGN_GEOMETRIC_PRESENTATION_REPRESENTATION('',(
    #13651),#11743);
#13651 = STYLED_ITEM('color',(#13652),#11731);
#13652 = PRESENTATION_STYLE_ASSIGNMENT((#13653,#13658));
#13653 = SURFACE_STYLE_USAGE(.BOTH.,#13654);
#13654 = SURFACE_SIDE_STYLE('',(#13655));
#13655 = SURFACE_STYLE_FILL_AREA(#13656);
#13656 = FILL_AREA_STYLE('',(#13657));
#13657 = FILL_AREA_STYLE_COLOUR('',#13107);
#13658 = CURVE_STYLE('',#13659,POSITIVE_LENGTH_MEASURE(0.1),#13107);
#13659 = DRAUGHTING_PRE_DEFINED_CURVE_FONT('continuous');
#13660 = MECHANICAL_DESIGN_GEOMETRIC_PRESENTATION_REPRESENTATION('',(
    #13661),#11650);
#13661 = STYLED_ITEM('color',(#13662),#11638);
#13662 = PRESENTATION_STYLE_ASSIGNMENT((#13663,#13668));
#13663 = SURFACE_STYLE_USAGE(.BOTH.,#13664);
#13664 = SURFACE_SIDE_STYLE('',(#13665));
#13665 = SURFACE_STYLE_FILL_AREA(#13666);
#13666 = FILL_AREA_STYLE('',(#13667));
#13667 = FILL_AREA_STYLE_COLOUR('',#13107);
#13668 = CURVE_STYLE('',#13669,POSITIVE_LENGTH_MEASURE(0.1),#13107);
#13669 = DRAUGHTING_PRE_DEFINED_CURVE_FONT('continuous');
#13670 = MECHANICAL_DESIGN_GEOMETRIC_PRESENTATION_REPRESENTATION('',(
    #13671),#8178);
#13671 = STYLED_ITEM('color',(#13672),#8166);
#13672 = PRESENTATION_STYLE_ASSIGNMENT((#13673,#13678));
#13673 = SURFACE_STYLE_USAGE(.BOTH.,#13674);
#13674 = SURFACE_SIDE_STYLE('',(#13675));
#13675 = SURFACE_STYLE_FILL_AREA(#13676);
#13676 = FILL_AREA_STYLE('',(#13677));
#13677 = FILL_AREA_STYLE_COLOUR('',#13107);
#13678 = CURVE_STYLE('',#13679,POSITIVE_LENGTH_MEASURE(0.1),#13107);
#13679 = DRAUGHTING_PRE_DEFINED_CURVE_FONT('continuous');
#13680 = MECHANICAL_DESIGN_GEOMETRIC_PRESENTATION_REPRESENTATION('',(
    #13681),#11402);
#13681 = STYLED_ITEM('color',(#13682),#11390);
#13682 = PRESENTATION_STYLE_ASSIGNMENT((#13683,#13688));
#13683 = SURFACE_STYLE_USAGE(.BOTH.,#13684);
#13684 = SURFACE_SIDE_STYLE('',(#13685));
#13685 = SURFACE_STYLE_FILL_AREA(#13686);
#13686 = FILL_AREA_STYLE('',(#13687));
#13687 = FILL_AREA_STYLE_COLOUR('',#13107);
#13688 = CURVE_STYLE('',#13689,POSITIVE_LENGTH_MEASURE(0.1),#13107);
#13689 = DRAUGHTING_PRE_DEFINED_CURVE_FONT('continuous');
#13690 = MECHANICAL_DESIGN_GEOMETRIC_PRESENTATION_REPRESENTATION('',(
    #13691),#9263);
#13691 = STYLED_ITEM('color',(#13692),#9251);
#13692 = PRESENTATION_STYLE_ASSIGNMENT((#13693,#13698));
#13693 = SURFACE_STYLE_USAGE(.BOTH.,#13694);
#13694 = SURFACE_SIDE_STYLE('',(#13695));
#13695 = SURFACE_STYLE_FILL_AREA(#13696);
#13696 = FILL_AREA_STYLE('',(#13697));
#13697 = FILL_AREA_STYLE_COLOUR('',#13107);
#13698 = CURVE_STYLE('',#13699,POSITIVE_LENGTH_MEASURE(0.1),#13107);
#13699 = DRAUGHTING_PRE_DEFINED_CURVE_FONT('continuous');
#13700 = MECHANICAL_DESIGN_GEOMETRIC_PRESENTATION_REPRESENTATION('',(
    #13701),#11247);
#13701 = STYLED_ITEM('color',(#13702),#11235);
#13702 = PRESENTATION_STYLE_ASSIGNMENT((#13703,#13708));
#13703 = SURFACE_STYLE_USAGE(.BOTH.,#13704);
#13704 = SURFACE_SIDE_STYLE('',(#13705));
#13705 = SURFACE_STYLE_FILL_AREA(#13706);
#13706 = FILL_AREA_STYLE('',(#13707));
#13707 = FILL_AREA_STYLE_COLOUR('',#13107);
#13708 = CURVE_STYLE('',#13709,POSITIVE_LENGTH_MEASURE(0.1),#13107);
#13709 = DRAUGHTING_PRE_DEFINED_CURVE_FONT('continuous');
#13710 = MECHANICAL_DESIGN_GEOMETRIC_PRESENTATION_REPRESENTATION('',(
    #13711),#4334);
#13711 = STYLED_ITEM('color',(#13712),#4322);
#13712 = PRESENTATION_STYLE_ASSIGNMENT((#13713,#13718));
#13713 = SURFACE_STYLE_USAGE(.BOTH.,#13714);
#13714 = SURFACE_SIDE_STYLE('',(#13715));
#13715 = SURFACE_STYLE_FILL_AREA(#13716);
#13716 = FILL_AREA_STYLE('',(#13717));
#13717 = FILL_AREA_STYLE_COLOUR('',#13107);
#13718 = CURVE_STYLE('',#13719,POSITIVE_LENGTH_MEASURE(0.1),#13107);
#13719 = DRAUGHTING_PRE_DEFINED_CURVE_FONT('continuous');
#13720 = MECHANICAL_DESIGN_GEOMETRIC_PRESENTATION_REPRESENTATION('',(
    #13721),#9573);
#13721 = STYLED_ITEM('color',(#13722),#9561);
#13722 = PRESENTATION_STYLE_ASSIGNMENT((#13723,#13728));
#13723 = SURFACE_STYLE_USAGE(.BOTH.,#13724);
#13724 = SURFACE_SIDE_STYLE('',(#13725));
#13725 = SURFACE_STYLE_FILL_AREA(#13726);
#13726 = FILL_AREA_STYLE('',(#13727));
#13727 = FILL_AREA_STYLE_COLOUR('',#13107);
#13728 = CURVE_STYLE('',#13729,POSITIVE_LENGTH_MEASURE(0.1),#13107);
#13729 = DRAUGHTING_PRE_DEFINED_CURVE_FONT('continuous');
#13730 = MECHANICAL_DESIGN_GEOMETRIC_PRESENTATION_REPRESENTATION('',(
    #13731),#10875);
#13731 = STYLED_ITEM('color',(#13732),#10863);
#13732 = PRESENTATION_STYLE_ASSIGNMENT((#13733,#13738));
#13733 = SURFACE_STYLE_USAGE(.BOTH.,#13734);
#13734 = SURFACE_SIDE_STYLE('',(#13735));
#13735 = SURFACE_STYLE_FILL_AREA(#13736);
#13736 = FILL_AREA_STYLE('',(#13737));
#13737 = FILL_AREA_STYLE_COLOUR('',#13107);
#13738 = CURVE_STYLE('',#13739,POSITIVE_LENGTH_MEASURE(0.1),#13107);
#13739 = DRAUGHTING_PRE_DEFINED_CURVE_FONT('continuous');
#13740 = MECHANICAL_DESIGN_GEOMETRIC_PRESENTATION_REPRESENTATION('',(
    #13741),#5636);
#13741 = STYLED_ITEM('color',(#13742),#5624);
#13742 = PRESENTATION_STYLE_ASSIGNMENT((#13743,#13748));
#13743 = SURFACE_STYLE_USAGE(.BOTH.,#13744);
#13744 = SURFACE_SIDE_STYLE('',(#13745));
#13745 = SURFACE_STYLE_FILL_AREA(#13746);
#13746 = FILL_AREA_STYLE('',(#13747));
#13747 = FILL_AREA_STYLE_COLOUR('',#13107);
#13748 = CURVE_STYLE('',#13749,POSITIVE_LENGTH_MEASURE(0.1),#13107);
#13749 = DRAUGHTING_PRE_DEFINED_CURVE_FONT('continuous');
#13750 = MECHANICAL_DESIGN_GEOMETRIC_PRESENTATION_REPRESENTATION('',(
    #13751),#2350);
#13751 = STYLED_ITEM('color',(#13752),#2338);
#13752 = PRESENTATION_STYLE_ASSIGNMENT((#13753,#13758));
#13753 = SURFACE_STYLE_USAGE(.BOTH.,#13754);
#13754 = SURFACE_SIDE_STYLE('',(#13755));
#13755 = SURFACE_STYLE_FILL_AREA(#13756);
#13756 = FILL_AREA_STYLE('',(#13757));
#13757 = FILL_AREA_STYLE_COLOUR('',#13107);
#13758 = CURVE_STYLE('',#13759,POSITIVE_LENGTH_MEASURE(0.1),#13107);
#13759 = DRAUGHTING_PRE_DEFINED_CURVE_FONT('continuous');
#13760 = MECHANICAL_DESIGN_GEOMETRIC_PRESENTATION_REPRESENTATION('',(
    #13761),#8395);
#13761 = STYLED_ITEM('color',(#13762),#8383);
#13762 = PRESENTATION_STYLE_ASSIGNMENT((#13763,#13768));
#13763 = SURFACE_STYLE_USAGE(.BOTH.,#13764);
#13764 = SURFACE_SIDE_STYLE('',(#13765));
#13765 = SURFACE_STYLE_FILL_AREA(#13766);
#13766 = FILL_AREA_STYLE('',(#13767));
#13767 = FILL_AREA_STYLE_COLOUR('',#13107);
#13768 = CURVE_STYLE('',#13769,POSITIVE_LENGTH_MEASURE(0.1),#13107);
#13769 = DRAUGHTING_PRE_DEFINED_CURVE_FONT('continuous');
#13770 = MECHANICAL_DESIGN_GEOMETRIC_PRESENTATION_REPRESENTATION('',(
    #13771),#1482);
#13771 = STYLED_ITEM('color',(#13772),#1470);
#13772 = PRESENTATION_STYLE_ASSIGNMENT((#13773,#13778));
#13773 = SURFACE_STYLE_USAGE(.BOTH.,#13774);
#13774 = SURFACE_SIDE_STYLE('',(#13775));
#13775 = SURFACE_STYLE_FILL_AREA(#13776);
#13776 = FILL_AREA_STYLE('',(#13777));
#13777 = FILL_AREA_STYLE_COLOUR('',#13107);
#13778 = CURVE_STYLE('',#13779,POSITIVE_LENGTH_MEASURE(0.1),#13107);
#13779 = DRAUGHTING_PRE_DEFINED_CURVE_FONT('continuous');
#13780 = MECHANICAL_DESIGN_GEOMETRIC_PRESENTATION_REPRESENTATION('',(
    #13781),#6938);
#13781 = STYLED_ITEM('color',(#13782),#6926);
#13782 = PRESENTATION_STYLE_ASSIGNMENT((#13783,#13788));
#13783 = SURFACE_STYLE_USAGE(.BOTH.,#13784);
#13784 = SURFACE_SIDE_STYLE('',(#13785));
#13785 = SURFACE_STYLE_FILL_AREA(#13786);
#13786 = FILL_AREA_STYLE('',(#13787));
#13787 = FILL_AREA_STYLE_COLOUR('',#13107);
#13788 = CURVE_STYLE('',#13789,POSITIVE_LENGTH_MEASURE(0.1),#13107);
#13789 = DRAUGHTING_PRE_DEFINED_CURVE_FONT('continuous');
#13790 = MECHANICAL_DESIGN_GEOMETRIC_PRESENTATION_REPRESENTATION('',(
    #13791),#3621);
#13791 = STYLED_ITEM('color',(#13792),#3609);
#13792 = PRESENTATION_STYLE_ASSIGNMENT((#13793,#13798));
#13793 = SURFACE_STYLE_USAGE(.BOTH.,#13794);
#13794 = SURFACE_SIDE_STYLE('',(#13795));
#13795 = SURFACE_STYLE_FILL_AREA(#13796);
#13796 = FILL_AREA_STYLE('',(#13797));
#13797 = FILL_AREA_STYLE_COLOUR('',#13107);
#13798 = CURVE_STYLE('',#13799,POSITIVE_LENGTH_MEASURE(0.1),#13107);
#13799 = DRAUGHTING_PRE_DEFINED_CURVE_FONT('continuous');
#13800 = MECHANICAL_DESIGN_GEOMETRIC_PRESENTATION_REPRESENTATION('',(
    #13801),#4582);
#13801 = STYLED_ITEM('color',(#13802),#4570);
#13802 = PRESENTATION_STYLE_ASSIGNMENT((#13803,#13808));
#13803 = SURFACE_STYLE_USAGE(.BOTH.,#13804);
#13804 = SURFACE_SIDE_STYLE('',(#13805));
#13805 = SURFACE_STYLE_FILL_AREA(#13806);
#13806 = FILL_AREA_STYLE('',(#13807));
#13807 = FILL_AREA_STYLE_COLOUR('',#13107);
#13808 = CURVE_STYLE('',#13809,POSITIVE_LENGTH_MEASURE(0.1),#13107);
#13809 = DRAUGHTING_PRE_DEFINED_CURVE_FONT('continuous');
#13810 = MECHANICAL_DESIGN_GEOMETRIC_PRESENTATION_REPRESENTATION('',(
    #13811),#7930);
#13811 = STYLED_ITEM('color',(#13812),#7918);
#13812 = PRESENTATION_STYLE_ASSIGNMENT((#13813,#13818));
#13813 = SURFACE_STYLE_USAGE(.BOTH.,#13814);
#13814 = SURFACE_SIDE_STYLE('',(#13815));
#13815 = SURFACE_STYLE_FILL_AREA(#13816);
#13816 = FILL_AREA_STYLE('',(#13817));
#13817 = FILL_AREA_STYLE_COLOUR('',#13107);
#13818 = CURVE_STYLE('',#13819,POSITIVE_LENGTH_MEASURE(0.1),#13107);
#13819 = DRAUGHTING_PRE_DEFINED_CURVE_FONT('continuous');
#13820 = MECHANICAL_DESIGN_GEOMETRIC_PRESENTATION_REPRESENTATION('',(
    #13821),#11712);
#13821 = STYLED_ITEM('color',(#13822),#11700);
#13822 = PRESENTATION_STYLE_ASSIGNMENT((#13823,#13828));
#13823 = SURFACE_STYLE_USAGE(.BOTH.,#13824);
#13824 = SURFACE_SIDE_STYLE('',(#13825));
#13825 = SURFACE_STYLE_FILL_AREA(#13826);
#13826 = FILL_AREA_STYLE('',(#13827));
#13827 = FILL_AREA_STYLE_COLOUR('',#13107);
#13828 = CURVE_STYLE('',#13829,POSITIVE_LENGTH_MEASURE(0.1),#13107);
#13829 = DRAUGHTING_PRE_DEFINED_CURVE_FONT('continuous');
#13830 = MECHANICAL_DESIGN_GEOMETRIC_PRESENTATION_REPRESENTATION('',(
    #13831),#6907);
#13831 = STYLED_ITEM('color',(#13832),#6895);
#13832 = PRESENTATION_STYLE_ASSIGNMENT((#13833,#13838));
#13833 = SURFACE_STYLE_USAGE(.BOTH.,#13834);
#13834 = SURFACE_SIDE_STYLE('',(#13835));
#13835 = SURFACE_STYLE_FILL_AREA(#13836);
#13836 = FILL_AREA_STYLE('',(#13837));
#13837 = FILL_AREA_STYLE_COLOUR('',#13107);
#13838 = CURVE_STYLE('',#13839,POSITIVE_LENGTH_MEASURE(0.1),#13107);
#13839 = DRAUGHTING_PRE_DEFINED_CURVE_FONT('continuous');
#13840 = MECHANICAL_DESIGN_GEOMETRIC_PRESENTATION_REPRESENTATION('',(
    #13841),#4117);
#13841 = STYLED_ITEM('color',(#13842),#4105);
#13842 = PRESENTATION_STYLE_ASSIGNMENT((#13843,#13848));
#13843 = SURFACE_STYLE_USAGE(.BOTH.,#13844);
#13844 = SURFACE_SIDE_STYLE('',(#13845));
#13845 = SURFACE_STYLE_FILL_AREA(#13846);
#13846 = FILL_AREA_STYLE('',(#13847));
#13847 = FILL_AREA_STYLE_COLOUR('',#13107);
#13848 = CURVE_STYLE('',#13849,POSITIVE_LENGTH_MEASURE(0.1),#13107);
#13849 = DRAUGHTING_PRE_DEFINED_CURVE_FONT('continuous');
#13850 = MECHANICAL_DESIGN_GEOMETRIC_PRESENTATION_REPRESENTATION('',(
    #13851),#12518);
#13851 = STYLED_ITEM('color',(#13852),#12506);
#13852 = PRESENTATION_STYLE_ASSIGNMENT((#13853,#13858));
#13853 = SURFACE_STYLE_USAGE(.BOTH.,#13854);
#13854 = SURFACE_SIDE_STYLE('',(#13855));
#13855 = SURFACE_STYLE_FILL_AREA(#13856);
#13856 = FILL_AREA_STYLE('',(#13857));
#13857 = FILL_AREA_STYLE_COLOUR('',#13107);
#13858 = CURVE_STYLE('',#13859,POSITIVE_LENGTH_MEASURE(0.1),#13107);
#13859 = DRAUGHTING_PRE_DEFINED_CURVE_FONT('continuous');
#13860 = MECHANICAL_DESIGN_GEOMETRIC_PRESENTATION_REPRESENTATION('',(
    #13861),#5264);
#13861 = STYLED_ITEM('color',(#13862),#5252);
#13862 = PRESENTATION_STYLE_ASSIGNMENT((#13863,#13868));
#13863 = SURFACE_STYLE_USAGE(.BOTH.,#13864);
#13864 = SURFACE_SIDE_STYLE('',(#13865));
#13865 = SURFACE_STYLE_FILL_AREA(#13866);
#13866 = FILL_AREA_STYLE('',(#13867));
#13867 = FILL_AREA_STYLE_COLOUR('',#13107);
#13868 = CURVE_STYLE('',#13869,POSITIVE_LENGTH_MEASURE(0.1),#13107);
#13869 = DRAUGHTING_PRE_DEFINED_CURVE_FONT('continuous');
#13870 = MECHANICAL_DESIGN_GEOMETRIC_PRESENTATION_REPRESENTATION('',(
    #13871),#8581);
#13871 = STYLED_ITEM('color',(#13872),#8569);
#13872 = PRESENTATION_STYLE_ASSIGNMENT((#13873,#13878));
#13873 = SURFACE_STYLE_USAGE(.BOTH.,#13874);
#13874 = SURFACE_SIDE_STYLE('',(#13875));
#13875 = SURFACE_STYLE_FILL_AREA(#13876);
#13876 = FILL_AREA_STYLE('',(#13877));
#13877 = FILL_AREA_STYLE_COLOUR('',#13107);
#13878 = CURVE_STYLE('',#13879,POSITIVE_LENGTH_MEASURE(0.1),#13107);
#13879 = DRAUGHTING_PRE_DEFINED_CURVE_FONT('continuous');
#13880 = MECHANICAL_DESIGN_GEOMETRIC_PRESENTATION_REPRESENTATION('',(
    #13881),#7403);
#13881 = STYLED_ITEM('color',(#13882),#7391);
#13882 = PRESENTATION_STYLE_ASSIGNMENT((#13883,#13888));
#13883 = SURFACE_STYLE_USAGE(.BOTH.,#13884);
#13884 = SURFACE_SIDE_STYLE('',(#13885));
#13885 = SURFACE_STYLE_FILL_AREA(#13886);
#13886 = FILL_AREA_STYLE('',(#13887));
#13887 = FILL_AREA_STYLE_COLOUR('',#13107);
#13888 = CURVE_STYLE('',#13889,POSITIVE_LENGTH_MEASURE(0.1),#13107);
#13889 = DRAUGHTING_PRE_DEFINED_CURVE_FONT('continuous');
#13890 = MECHANICAL_DESIGN_GEOMETRIC_PRESENTATION_REPRESENTATION('',(
    #13891),#6318);
#13891 = STYLED_ITEM('color',(#13892),#6306);
#13892 = PRESENTATION_STYLE_ASSIGNMENT((#13893,#13898));
#13893 = SURFACE_STYLE_USAGE(.BOTH.,#13894);
#13894 = SURFACE_SIDE_STYLE('',(#13895));
#13895 = SURFACE_STYLE_FILL_AREA(#13896);
#13896 = FILL_AREA_STYLE('',(#13897));
#13897 = FILL_AREA_STYLE_COLOUR('',#13107);
#13898 = CURVE_STYLE('',#13899,POSITIVE_LENGTH_MEASURE(0.1),#13107);
#13899 = DRAUGHTING_PRE_DEFINED_CURVE_FONT('continuous');
#13900 = MECHANICAL_DESIGN_GEOMETRIC_PRESENTATION_REPRESENTATION('',(
    #13901),#2877);
#13901 = STYLED_ITEM('color',(#13902),#2865);
#13902 = PRESENTATION_STYLE_ASSIGNMENT((#13903,#13908));
#13903 = SURFACE_STYLE_USAGE(.BOTH.,#13904);
#13904 = SURFACE_SIDE_STYLE('',(#13905));
#13905 = SURFACE_STYLE_FILL_AREA(#13906);
#13906 = FILL_AREA_STYLE('',(#13907));
#13907 = FILL_AREA_STYLE_COLOUR('',#13107);
#13908 = CURVE_STYLE('',#13909,POSITIVE_LENGTH_MEASURE(0.1),#13107);
#13909 = DRAUGHTING_PRE_DEFINED_CURVE_FONT('continuous');
#13910 = MECHANICAL_DESIGN_GEOMETRIC_PRESENTATION_REPRESENTATION('',(
    #13911),#10782);
#13911 = STYLED_ITEM('color',(#13912),#10770);
#13912 = PRESENTATION_STYLE_ASSIGNMENT((#13913,#13918));
#13913 = SURFACE_STYLE_USAGE(.BOTH.,#13914);
#13914 = SURFACE_SIDE_STYLE('',(#13915));
#13915 = SURFACE_STYLE_FILL_AREA(#13916);
#13916 = FILL_AREA_STYLE('',(#13917));
#13917 = FILL_AREA_STYLE_COLOUR('',#13107);
#13918 = CURVE_STYLE('',#13919,POSITIVE_LENGTH_MEASURE(0.1),#13107);
#13919 = DRAUGHTING_PRE_DEFINED_CURVE_FONT('continuous');
#13920 = MECHANICAL_DESIGN_GEOMETRIC_PRESENTATION_REPRESENTATION('',(
    #13921),#3838);
#13921 = STYLED_ITEM('color',(#13922),#3826);
#13922 = PRESENTATION_STYLE_ASSIGNMENT((#13923,#13928));
#13923 = SURFACE_STYLE_USAGE(.BOTH.,#13924);
#13924 = SURFACE_SIDE_STYLE('',(#13925));
#13925 = SURFACE_STYLE_FILL_AREA(#13926);
#13926 = FILL_AREA_STYLE('',(#13927));
#13927 = FILL_AREA_STYLE_COLOUR('',#13107);
#13928 = CURVE_STYLE('',#13929,POSITIVE_LENGTH_MEASURE(0.1),#13107);
#13929 = DRAUGHTING_PRE_DEFINED_CURVE_FONT('continuous');
#13930 = MECHANICAL_DESIGN_GEOMETRIC_PRESENTATION_REPRESENTATION('',(
    #13931),#12394);
#13931 = STYLED_ITEM('color',(#13932),#12382);
#13932 = PRESENTATION_STYLE_ASSIGNMENT((#13933,#13938));
#13933 = SURFACE_STYLE_USAGE(.BOTH.,#13934);
#13934 = SURFACE_SIDE_STYLE('',(#13935));
#13935 = SURFACE_STYLE_FILL_AREA(#13936);
#13936 = FILL_AREA_STYLE('',(#13937));
#13937 = FILL_AREA_STYLE_COLOUR('',#13107);
#13938 = CURVE_STYLE('',#13939,POSITIVE_LENGTH_MEASURE(0.1),#13107);
#13939 = DRAUGHTING_PRE_DEFINED_CURVE_FONT('continuous');
#13940 = MECHANICAL_DESIGN_GEOMETRIC_PRESENTATION_REPRESENTATION('',(
    #13941),#10596);
#13941 = STYLED_ITEM('color',(#13942),#10584);
#13942 = PRESENTATION_STYLE_ASSIGNMENT((#13943,#13948));
#13943 = SURFACE_STYLE_USAGE(.BOTH.,#13944);
#13944 = SURFACE_SIDE_STYLE('',(#13945));
#13945 = SURFACE_STYLE_FILL_AREA(#13946);
#13946 = FILL_AREA_STYLE('',(#13947));
#13947 = FILL_AREA_STYLE_COLOUR('',#13107);
#13948 = CURVE_STYLE('',#13949,POSITIVE_LENGTH_MEASURE(0.1),#13107);
#13949 = DRAUGHTING_PRE_DEFINED_CURVE_FONT('continuous');
#13950 = MECHANICAL_DESIGN_GEOMETRIC_PRESENTATION_REPRESENTATION('',(
    #13951),#7527);
#13951 = STYLED_ITEM('color',(#13952),#7515);
#13952 = PRESENTATION_STYLE_ASSIGNMENT((#13953,#13958));
#13953 = SURFACE_STYLE_USAGE(.BOTH.,#13954);
#13954 = SURFACE_SIDE_STYLE('',(#13955));
#13955 = SURFACE_STYLE_FILL_AREA(#13956);
#13956 = FILL_AREA_STYLE('',(#13957));
#13957 = FILL_AREA_STYLE_COLOUR('',#13107);
#13958 = CURVE_STYLE('',#13959,POSITIVE_LENGTH_MEASURE(0.1),#13107);
#13959 = DRAUGHTING_PRE_DEFINED_CURVE_FONT('continuous');
#13960 = MECHANICAL_DESIGN_GEOMETRIC_PRESENTATION_REPRESENTATION('',(
    #13961),#2753);
#13961 = STYLED_ITEM('color',(#13962),#2741);
#13962 = PRESENTATION_STYLE_ASSIGNMENT((#13963,#13968));
#13963 = SURFACE_STYLE_USAGE(.BOTH.,#13964);
#13964 = SURFACE_SIDE_STYLE('',(#13965));
#13965 = SURFACE_STYLE_FILL_AREA(#13966);
#13966 = FILL_AREA_STYLE('',(#13967));
#13967 = FILL_AREA_STYLE_COLOUR('',#13107);
#13968 = CURVE_STYLE('',#13969,POSITIVE_LENGTH_MEASURE(0.1),#13107);
#13969 = DRAUGHTING_PRE_DEFINED_CURVE_FONT('continuous');
#13970 = MECHANICAL_DESIGN_GEOMETRIC_PRESENTATION_REPRESENTATION('',(
    #13971),#11216);
#13971 = STYLED_ITEM('color',(#13972),#11204);
#13972 = PRESENTATION_STYLE_ASSIGNMENT((#13973,#13978));
#13973 = SURFACE_STYLE_USAGE(.BOTH.,#13974);
#13974 = SURFACE_SIDE_STYLE('',(#13975));
#13975 = SURFACE_STYLE_FILL_AREA(#13976);
#13976 = FILL_AREA_STYLE('',(#13977));
#13977 = FILL_AREA_STYLE_COLOUR('',#13107);
#13978 = CURVE_STYLE('',#13979,POSITIVE_LENGTH_MEASURE(0.1),#13107);
#13979 = DRAUGHTING_PRE_DEFINED_CURVE_FONT('continuous');
#13980 = MECHANICAL_DESIGN_GEOMETRIC_PRESENTATION_REPRESENTATION('',(
    #13981),#10565);
#13981 = STYLED_ITEM('color',(#13982),#10553);
#13982 = PRESENTATION_STYLE_ASSIGNMENT((#13983,#13988));
#13983 = SURFACE_STYLE_USAGE(.BOTH.,#13984);
#13984 = SURFACE_SIDE_STYLE('',(#13985));
#13985 = SURFACE_STYLE_FILL_AREA(#13986);
#13986 = FILL_AREA_STYLE('',(#13987));
#13987 = FILL_AREA_STYLE_COLOUR('',#13107);
#13988 = CURVE_STYLE('',#13989,POSITIVE_LENGTH_MEASURE(0.1),#13107);
#13989 = DRAUGHTING_PRE_DEFINED_CURVE_FONT('continuous');
#13990 = MECHANICAL_DESIGN_GEOMETRIC_PRESENTATION_REPRESENTATION('',(
    #13991),#3187);
#13991 = STYLED_ITEM('color',(#13992),#3175);
#13992 = PRESENTATION_STYLE_ASSIGNMENT((#13993,#13998));
#13993 = SURFACE_STYLE_USAGE(.BOTH.,#13994);
#13994 = SURFACE_SIDE_STYLE('',(#13995));
#13995 = SURFACE_STYLE_FILL_AREA(#13996);
#13996 = FILL_AREA_STYLE('',(#13997));
#13997 = FILL_AREA_STYLE_COLOUR('',#13107);
#13998 = CURVE_STYLE('',#13999,POSITIVE_LENGTH_MEASURE(0.1),#13107);
#13999 = DRAUGHTING_PRE_DEFINED_CURVE_FONT('continuous');
#14000 = MECHANICAL_DESIGN_GEOMETRIC_PRESENTATION_REPRESENTATION('',(
    #14001),#11867);
#14001 = STYLED_ITEM('color',(#14002),#11855);
#14002 = PRESENTATION_STYLE_ASSIGNMENT((#14003,#14008));
#14003 = SURFACE_STYLE_USAGE(.BOTH.,#14004);
#14004 = SURFACE_SIDE_STYLE('',(#14005));
#14005 = SURFACE_STYLE_FILL_AREA(#14006);
#14006 = FILL_AREA_STYLE('',(#14007));
#14007 = FILL_AREA_STYLE_COLOUR('',#13107);
#14008 = CURVE_STYLE('',#14009,POSITIVE_LENGTH_MEASURE(0.1),#13107);
#14009 = DRAUGHTING_PRE_DEFINED_CURVE_FONT('continuous');
#14010 = MECHANICAL_DESIGN_GEOMETRIC_PRESENTATION_REPRESENTATION('',(
    #14011),#5419);
#14011 = STYLED_ITEM('color',(#14012),#5407);
#14012 = PRESENTATION_STYLE_ASSIGNMENT((#14013,#14018));
#14013 = SURFACE_STYLE_USAGE(.BOTH.,#14014);
#14014 = SURFACE_SIDE_STYLE('',(#14015));
#14015 = SURFACE_STYLE_FILL_AREA(#14016);
#14016 = FILL_AREA_STYLE('',(#14017));
#14017 = FILL_AREA_STYLE_COLOUR('',#13107);
#14018 = CURVE_STYLE('',#14019,POSITIVE_LENGTH_MEASURE(0.1),#13107);
#14019 = DRAUGHTING_PRE_DEFINED_CURVE_FONT('continuous');
#14020 = MECHANICAL_DESIGN_GEOMETRIC_PRESENTATION_REPRESENTATION('',(
    #14021),#9852);
#14021 = STYLED_ITEM('color',(#14022),#9840);
#14022 = PRESENTATION_STYLE_ASSIGNMENT((#14023,#14028));
#14023 = SURFACE_STYLE_USAGE(.BOTH.,#14024);
#14024 = SURFACE_SIDE_STYLE('',(#14025));
#14025 = SURFACE_STYLE_FILL_AREA(#14026);
#14026 = FILL_AREA_STYLE('',(#14027));
#14027 = FILL_AREA_STYLE_COLOUR('',#13107);
#14028 = CURVE_STYLE('',#14029,POSITIVE_LENGTH_MEASURE(0.1),#13107);
#14029 = DRAUGHTING_PRE_DEFINED_CURVE_FONT('continuous');
#14030 = MECHANICAL_DESIGN_GEOMETRIC_PRESENTATION_REPRESENTATION('',(
    #14031),#2257);
#14031 = STYLED_ITEM('color',(#14032),#2245);
#14032 = PRESENTATION_STYLE_ASSIGNMENT((#14033,#14038));
#14033 = SURFACE_STYLE_USAGE(.BOTH.,#14034);
#14034 = SURFACE_SIDE_STYLE('',(#14035));
#14035 = SURFACE_STYLE_FILL_AREA(#14036);
#14036 = FILL_AREA_STYLE('',(#14037));
#14037 = FILL_AREA_STYLE_COLOUR('',#13107);
#14038 = CURVE_STYLE('',#14039,POSITIVE_LENGTH_MEASURE(0.1),#13107);
#14039 = DRAUGHTING_PRE_DEFINED_CURVE_FONT('continuous');
#14040 = MECHANICAL_DESIGN_GEOMETRIC_PRESENTATION_REPRESENTATION('',(
    #14041),#2598);
#14041 = STYLED_ITEM('color',(#14042),#2586);
#14042 = PRESENTATION_STYLE_ASSIGNMENT((#14043,#14048));
#14043 = SURFACE_STYLE_USAGE(.BOTH.,#14044);
#14044 = SURFACE_SIDE_STYLE('',(#14045));
#14045 = SURFACE_STYLE_FILL_AREA(#14046);
#14046 = FILL_AREA_STYLE('',(#14047));
#14047 = FILL_AREA_STYLE_COLOUR('',#13107);
#14048 = CURVE_STYLE('',#14049,POSITIVE_LENGTH_MEASURE(0.1),#13107);
#14049 = DRAUGHTING_PRE_DEFINED_CURVE_FONT('continuous');
#14050 = MECHANICAL_DESIGN_GEOMETRIC_PRESENTATION_REPRESENTATION('',(
    #14051),#12022);
#14051 = STYLED_ITEM('color',(#14052),#12010);
#14052 = PRESENTATION_STYLE_ASSIGNMENT((#14053,#14058));
#14053 = SURFACE_STYLE_USAGE(.BOTH.,#14054);
#14054 = SURFACE_SIDE_STYLE('',(#14055));
#14055 = SURFACE_STYLE_FILL_AREA(#14056);
#14056 = FILL_AREA_STYLE('',(#14057));
#14057 = FILL_AREA_STYLE_COLOUR('',#13107);
#14058 = CURVE_STYLE('',#14059,POSITIVE_LENGTH_MEASURE(0.1),#13107);
#14059 = DRAUGHTING_PRE_DEFINED_CURVE_FONT('continuous');
#14060 = MECHANICAL_DESIGN_GEOMETRIC_PRESENTATION_REPRESENTATION('',(
    #14061),#11371);
#14061 = STYLED_ITEM('color',(#14062),#11359);
#14062 = PRESENTATION_STYLE_ASSIGNMENT((#14063,#14068));
#14063 = SURFACE_STYLE_USAGE(.BOTH.,#14064);
#14064 = SURFACE_SIDE_STYLE('',(#14065));
#14065 = SURFACE_STYLE_FILL_AREA(#14066);
#14066 = FILL_AREA_STYLE('',(#14067));
#14067 = FILL_AREA_STYLE_COLOUR('',#13107);
#14068 = CURVE_STYLE('',#14069,POSITIVE_LENGTH_MEASURE(0.1),#13107);
#14069 = DRAUGHTING_PRE_DEFINED_CURVE_FONT('continuous');
#14070 = MECHANICAL_DESIGN_GEOMETRIC_PRESENTATION_REPRESENTATION('',(
    #14071),#7558);
#14071 = STYLED_ITEM('color',(#14072),#7546);
#14072 = PRESENTATION_STYLE_ASSIGNMENT((#14073,#14078));
#14073 = SURFACE_STYLE_USAGE(.BOTH.,#14074);
#14074 = SURFACE_SIDE_STYLE('',(#14075));
#14075 = SURFACE_STYLE_FILL_AREA(#14076);
#14076 = FILL_AREA_STYLE('',(#14077));
#14077 = FILL_AREA_STYLE_COLOUR('',#13107);
#14078 = CURVE_STYLE('',#14079,POSITIVE_LENGTH_MEASURE(0.1),#13107);
#14079 = DRAUGHTING_PRE_DEFINED_CURVE_FONT('continuous');
#14080 = MECHANICAL_DESIGN_GEOMETRIC_PRESENTATION_REPRESENTATION('',(
    #14081),#6814);
#14081 = STYLED_ITEM('color',(#14082),#6802);
#14082 = PRESENTATION_STYLE_ASSIGNMENT((#14083,#14088));
#14083 = SURFACE_STYLE_USAGE(.BOTH.,#14084);
#14084 = SURFACE_SIDE_STYLE('',(#14085));
#14085 = SURFACE_STYLE_FILL_AREA(#14086);
#14086 = FILL_AREA_STYLE('',(#14087));
#14087 = FILL_AREA_STYLE_COLOUR('',#13107);
#14088 = CURVE_STYLE('',#14089,POSITIVE_LENGTH_MEASURE(0.1),#13107);
#14089 = DRAUGHTING_PRE_DEFINED_CURVE_FONT('continuous');
#14090 = MECHANICAL_DESIGN_GEOMETRIC_PRESENTATION_REPRESENTATION('',(
    #14091),#8984);
#14091 = STYLED_ITEM('color',(#14092),#8972);
#14092 = PRESENTATION_STYLE_ASSIGNMENT((#14093,#14098));
#14093 = SURFACE_STYLE_USAGE(.BOTH.,#14094);
#14094 = SURFACE_SIDE_STYLE('',(#14095));
#14095 = SURFACE_STYLE_FILL_AREA(#14096);
#14096 = FILL_AREA_STYLE('',(#14097));
#14097 = FILL_AREA_STYLE_COLOUR('',#13107);
#14098 = CURVE_STYLE('',#14099,POSITIVE_LENGTH_MEASURE(0.1),#13107);
#14099 = DRAUGHTING_PRE_DEFINED_CURVE_FONT('continuous');
#14100 = MECHANICAL_DESIGN_GEOMETRIC_PRESENTATION_REPRESENTATION('',(
    #14101),#8922);
#14101 = STYLED_ITEM('color',(#14102),#8910);
#14102 = PRESENTATION_STYLE_ASSIGNMENT((#14103,#14108));
#14103 = SURFACE_STYLE_USAGE(.BOTH.,#14104);
#14104 = SURFACE_SIDE_STYLE('',(#14105));
#14105 = SURFACE_STYLE_FILL_AREA(#14106);
#14106 = FILL_AREA_STYLE('',(#14107));
#14107 = FILL_AREA_STYLE_COLOUR('',#13107);
#14108 = CURVE_STYLE('',#14109,POSITIVE_LENGTH_MEASURE(0.1),#13107);
#14109 = DRAUGHTING_PRE_DEFINED_CURVE_FONT('continuous');
#14110 = MECHANICAL_DESIGN_GEOMETRIC_PRESENTATION_REPRESENTATION('',(
    #14111),#6690);
#14111 = STYLED_ITEM('color',(#14112),#6678);
#14112 = PRESENTATION_STYLE_ASSIGNMENT((#14113,#14118));
#14113 = SURFACE_STYLE_USAGE(.BOTH.,#14114);
#14114 = SURFACE_SIDE_STYLE('',(#14115));
#14115 = SURFACE_STYLE_FILL_AREA(#14116);
#14116 = FILL_AREA_STYLE('',(#14117));
#14117 = FILL_AREA_STYLE_COLOUR('',#13107);
#14118 = CURVE_STYLE('',#14119,POSITIVE_LENGTH_MEASURE(0.1),#13107);
#14119 = DRAUGHTING_PRE_DEFINED_CURVE_FONT('continuous');
#14120 = MECHANICAL_DESIGN_GEOMETRIC_PRESENTATION_REPRESENTATION('',(
    #14121),#2133);
#14121 = STYLED_ITEM('color',(#14122),#2121);
#14122 = PRESENTATION_STYLE_ASSIGNMENT((#14123,#14128));
#14123 = SURFACE_STYLE_USAGE(.BOTH.,#14124);
#14124 = SURFACE_SIDE_STYLE('',(#14125));
#14125 = SURFACE_STYLE_FILL_AREA(#14126);
#14126 = FILL_AREA_STYLE('',(#14127));
#14127 = FILL_AREA_STYLE_COLOUR('',#13107);
#14128 = CURVE_STYLE('',#14129,POSITIVE_LENGTH_MEASURE(0.1),#13107);
#14129 = DRAUGHTING_PRE_DEFINED_CURVE_FONT('continuous');
#14130 = MECHANICAL_DESIGN_GEOMETRIC_PRESENTATION_REPRESENTATION('',(
    #14131),#11619);
#14131 = STYLED_ITEM('color',(#14132),#11607);
#14132 = PRESENTATION_STYLE_ASSIGNMENT((#14133,#14138));
#14133 = SURFACE_STYLE_USAGE(.BOTH.,#14134);
#14134 = SURFACE_SIDE_STYLE('',(#14135));
#14135 = SURFACE_STYLE_FILL_AREA(#14136);
#14136 = FILL_AREA_STYLE('',(#14137));
#14137 = FILL_AREA_STYLE_COLOUR('',#13107);
#14138 = CURVE_STYLE('',#14139,POSITIVE_LENGTH_MEASURE(0.1),#13107);
#14139 = DRAUGHTING_PRE_DEFINED_CURVE_FONT('continuous');
#14140 = MECHANICAL_DESIGN_GEOMETRIC_PRESENTATION_REPRESENTATION('',(
    #14141),#10038);
#14141 = STYLED_ITEM('color',(#14142),#10026);
#14142 = PRESENTATION_STYLE_ASSIGNMENT((#14143,#14148));
#14143 = SURFACE_STYLE_USAGE(.BOTH.,#14144);
#14144 = SURFACE_SIDE_STYLE('',(#14145));
#14145 = SURFACE_STYLE_FILL_AREA(#14146);
#14146 = FILL_AREA_STYLE('',(#14147));
#14147 = FILL_AREA_STYLE_COLOUR('',#13107);
#14148 = CURVE_STYLE('',#14149,POSITIVE_LENGTH_MEASURE(0.1),#13107);
#14149 = DRAUGHTING_PRE_DEFINED_CURVE_FONT('continuous');
#14150 = MECHANICAL_DESIGN_GEOMETRIC_PRESENTATION_REPRESENTATION('',(
    #14151),#8488);
#14151 = STYLED_ITEM('color',(#14152),#8476);
#14152 = PRESENTATION_STYLE_ASSIGNMENT((#14153,#14158));
#14153 = SURFACE_STYLE_USAGE(.BOTH.,#14154);
#14154 = SURFACE_SIDE_STYLE('',(#14155));
#14155 = SURFACE_STYLE_FILL_AREA(#14156);
#14156 = FILL_AREA_STYLE('',(#14157));
#14157 = FILL_AREA_STYLE_COLOUR('',#13107);
#14158 = CURVE_STYLE('',#14159,POSITIVE_LENGTH_MEASURE(0.1),#13107);
#14159 = DRAUGHTING_PRE_DEFINED_CURVE_FONT('continuous');
#14160 = MECHANICAL_DESIGN_GEOMETRIC_PRESENTATION_REPRESENTATION('',(
    #14161),#11526);
#14161 = STYLED_ITEM('color',(#14162),#11514);
#14162 = PRESENTATION_STYLE_ASSIGNMENT((#14163,#14168));
#14163 = SURFACE_STYLE_USAGE(.BOTH.,#14164);
#14164 = SURFACE_SIDE_STYLE('',(#14165));
#14165 = SURFACE_STYLE_FILL_AREA(#14166);
#14166 = FILL_AREA_STYLE('',(#14167));
#14167 = FILL_AREA_STYLE_COLOUR('',#13107);
#14168 = CURVE_STYLE('',#14169,POSITIVE_LENGTH_MEASURE(0.1),#13107);
#14169 = DRAUGHTING_PRE_DEFINED_CURVE_FONT('continuous');
#14170 = MECHANICAL_DESIGN_GEOMETRIC_PRESENTATION_REPRESENTATION('',(
    #14171),#2660);
#14171 = STYLED_ITEM('color',(#14172),#2648);
#14172 = PRESENTATION_STYLE_ASSIGNMENT((#14173,#14178));
#14173 = SURFACE_STYLE_USAGE(.BOTH.,#14174);
#14174 = SURFACE_SIDE_STYLE('',(#14175));
#14175 = SURFACE_STYLE_FILL_AREA(#14176);
#14176 = FILL_AREA_STYLE('',(#14177));
#14177 = FILL_AREA_STYLE_COLOUR('',#13107);
#14178 = CURVE_STYLE('',#14179,POSITIVE_LENGTH_MEASURE(0.1),#13107);
#14179 = DRAUGHTING_PRE_DEFINED_CURVE_FONT('continuous');
#14180 = MECHANICAL_DESIGN_GEOMETRIC_PRESENTATION_REPRESENTATION('',(
    #14181),#3931);
#14181 = STYLED_ITEM('color',(#14182),#3919);
#14182 = PRESENTATION_STYLE_ASSIGNMENT((#14183,#14188));
#14183 = SURFACE_STYLE_USAGE(.BOTH.,#14184);
#14184 = SURFACE_SIDE_STYLE('',(#14185));
#14185 = SURFACE_STYLE_FILL_AREA(#14186);
#14186 = FILL_AREA_STYLE('',(#14187));
#14187 = FILL_AREA_STYLE_COLOUR('',#13107);
#14188 = CURVE_STYLE('',#14189,POSITIVE_LENGTH_MEASURE(0.1),#13107);
#14189 = DRAUGHTING_PRE_DEFINED_CURVE_FONT('continuous');
#14190 = MECHANICAL_DESIGN_GEOMETRIC_PRESENTATION_REPRESENTATION('',(
    #14191),#5109);
#14191 = STYLED_ITEM('color',(#14192),#5097);
#14192 = PRESENTATION_STYLE_ASSIGNMENT((#14193,#14198));
#14193 = SURFACE_STYLE_USAGE(.BOTH.,#14194);
#14194 = SURFACE_SIDE_STYLE('',(#14195));
#14195 = SURFACE_STYLE_FILL_AREA(#14196);
#14196 = FILL_AREA_STYLE('',(#14197));
#14197 = FILL_AREA_STYLE_COLOUR('',#13107);
#14198 = CURVE_STYLE('',#14199,POSITIVE_LENGTH_MEASURE(0.1),#13107);
#14199 = DRAUGHTING_PRE_DEFINED_CURVE_FONT('continuous');
#14200 = MECHANICAL_DESIGN_GEOMETRIC_PRESENTATION_REPRESENTATION('',(
    #14201),#1823);
#14201 = STYLED_ITEM('color',(#14202),#1811);
#14202 = PRESENTATION_STYLE_ASSIGNMENT((#14203,#14208));
#14203 = SURFACE_STYLE_USAGE(.BOTH.,#14204);
#14204 = SURFACE_SIDE_STYLE('',(#14205));
#14205 = SURFACE_STYLE_FILL_AREA(#14206);
#14206 = FILL_AREA_STYLE('',(#14207));
#14207 = FILL_AREA_STYLE_COLOUR('',#13107);
#14208 = CURVE_STYLE('',#14209,POSITIVE_LENGTH_MEASURE(0.1),#13107);
#14209 = DRAUGHTING_PRE_DEFINED_CURVE_FONT('continuous');
#14210 = MECHANICAL_DESIGN_GEOMETRIC_PRESENTATION_REPRESENTATION('',(
    #14211),#10503);
#14211 = STYLED_ITEM('color',(#14212),#10491);
#14212 = PRESENTATION_STYLE_ASSIGNMENT((#14213,#14218));
#14213 = SURFACE_STYLE_USAGE(.BOTH.,#14214);
#14214 = SURFACE_SIDE_STYLE('',(#14215));
#14215 = SURFACE_STYLE_FILL_AREA(#14216);
#14216 = FILL_AREA_STYLE('',(#14217));
#14217 = FILL_AREA_STYLE_COLOUR('',#13107);
#14218 = CURVE_STYLE('',#14219,POSITIVE_LENGTH_MEASURE(0.1),#13107);
#14219 = DRAUGHTING_PRE_DEFINED_CURVE_FONT('continuous');
#14220 = MECHANICAL_DESIGN_GEOMETRIC_PRESENTATION_REPRESENTATION('',(
    #14221),#10348);
#14221 = STYLED_ITEM('color',(#14222),#10336);
#14222 = PRESENTATION_STYLE_ASSIGNMENT((#14223,#14228));
#14223 = SURFACE_STYLE_USAGE(.BOTH.,#14224);
#14224 = SURFACE_SIDE_STYLE('',(#14225));
#14225 = SURFACE_STYLE_FILL_AREA(#14226);
#14226 = FILL_AREA_STYLE('',(#14227));
#14227 = FILL_AREA_STYLE_COLOUR('',#13107);
#14228 = CURVE_STYLE('',#14229,POSITIVE_LENGTH_MEASURE(0.1),#13107);
#14229 = DRAUGHTING_PRE_DEFINED_CURVE_FONT('continuous');
#14230 = MECHANICAL_DESIGN_GEOMETRIC_PRESENTATION_REPRESENTATION('',(
    #14231),#11557);
#14231 = STYLED_ITEM('color',(#14232),#11545);
#14232 = PRESENTATION_STYLE_ASSIGNMENT((#14233,#14238));
#14233 = SURFACE_STYLE_USAGE(.BOTH.,#14234);
#14234 = SURFACE_SIDE_STYLE('',(#14235));
#14235 = SURFACE_STYLE_FILL_AREA(#14236);
#14236 = FILL_AREA_STYLE('',(#14237));
#14237 = FILL_AREA_STYLE_COLOUR('',#13107);
#14238 = CURVE_STYLE('',#14239,POSITIVE_LENGTH_MEASURE(0.1),#13107);
#14239 = DRAUGHTING_PRE_DEFINED_CURVE_FONT('continuous');
#14240 = MECHANICAL_DESIGN_GEOMETRIC_PRESENTATION_REPRESENTATION('',(
    #14241),#1575);
#14241 = STYLED_ITEM('color',(#14242),#1563);
#14242 = PRESENTATION_STYLE_ASSIGNMENT((#14243,#14248));
#14243 = SURFACE_STYLE_USAGE(.BOTH.,#14244);
#14244 = SURFACE_SIDE_STYLE('',(#14245));
#14245 = SURFACE_STYLE_FILL_AREA(#14246);
#14246 = FILL_AREA_STYLE('',(#14247));
#14247 = FILL_AREA_STYLE_COLOUR('',#13107);
#14248 = CURVE_STYLE('',#14249,POSITIVE_LENGTH_MEASURE(0.1),#13107);
#14249 = DRAUGHTING_PRE_DEFINED_CURVE_FONT('continuous');
#14250 = MECHANICAL_DESIGN_GEOMETRIC_PRESENTATION_REPRESENTATION('',(
    #14251),#5729);
#14251 = STYLED_ITEM('color',(#14252),#5717);
#14252 = PRESENTATION_STYLE_ASSIGNMENT((#14253,#14258));
#14253 = SURFACE_STYLE_USAGE(.BOTH.,#14254);
#14254 = SURFACE_SIDE_STYLE('',(#14255));
#14255 = SURFACE_STYLE_FILL_AREA(#14256);
#14256 = FILL_AREA_STYLE('',(#14257));
#14257 = FILL_AREA_STYLE_COLOUR('',#13107);
#14258 = CURVE_STYLE('',#14259,POSITIVE_LENGTH_MEASURE(0.1),#13107);
#14259 = DRAUGHTING_PRE_DEFINED_CURVE_FONT('continuous');
#14260 = MECHANICAL_DESIGN_GEOMETRIC_PRESENTATION_REPRESENTATION('',(
    #14261),#6752);
#14261 = STYLED_ITEM('color',(#14262),#6740);
#14262 = PRESENTATION_STYLE_ASSIGNMENT((#14263,#14268));
#14263 = SURFACE_STYLE_USAGE(.BOTH.,#14264);
#14264 = SURFACE_SIDE_STYLE('',(#14265));
#14265 = SURFACE_STYLE_FILL_AREA(#14266);
#14266 = FILL_AREA_STYLE('',(#14267));
#14267 = FILL_AREA_STYLE_COLOUR('',#13107);
#14268 = CURVE_STYLE('',#14269,POSITIVE_LENGTH_MEASURE(0.1),#13107);
#14269 = DRAUGHTING_PRE_DEFINED_CURVE_FONT('continuous');
#14270 = MECHANICAL_DESIGN_GEOMETRIC_PRESENTATION_REPRESENTATION('',(
    #14271),#5884);
#14271 = STYLED_ITEM('color',(#14272),#5872);
#14272 = PRESENTATION_STYLE_ASSIGNMENT((#14273,#14278));
#14273 = SURFACE_STYLE_USAGE(.BOTH.,#14274);
#14274 = SURFACE_SIDE_STYLE('',(#14275));
#14275 = SURFACE_STYLE_FILL_AREA(#14276);
#14276 = FILL_AREA_STYLE('',(#14277));
#14277 = FILL_AREA_STYLE_COLOUR('',#13107);
#14278 = CURVE_STYLE('',#14279,POSITIVE_LENGTH_MEASURE(0.1),#13107);
#14279 = DRAUGHTING_PRE_DEFINED_CURVE_FONT('continuous');
#14280 = MECHANICAL_DESIGN_GEOMETRIC_PRESENTATION_REPRESENTATION('',(
    #14281),#4086);
#14281 = STYLED_ITEM('color',(#14282),#4074);
#14282 = PRESENTATION_STYLE_ASSIGNMENT((#14283,#14288));
#14283 = SURFACE_STYLE_USAGE(.BOTH.,#14284);
#14284 = SURFACE_SIDE_STYLE('',(#14285));
#14285 = SURFACE_STYLE_FILL_AREA(#14286);
#14286 = FILL_AREA_STYLE('',(#14287));
#14287 = FILL_AREA_STYLE_COLOUR('',#13107);
#14288 = CURVE_STYLE('',#14289,POSITIVE_LENGTH_MEASURE(0.1),#13107);
#14289 = DRAUGHTING_PRE_DEFINED_CURVE_FONT('continuous');
#14290 = MECHANICAL_DESIGN_GEOMETRIC_PRESENTATION_REPRESENTATION('',(
    #14291),#8085);
#14291 = STYLED_ITEM('color',(#14292),#8073);
#14292 = PRESENTATION_STYLE_ASSIGNMENT((#14293,#14298));
#14293 = SURFACE_STYLE_USAGE(.BOTH.,#14294);
#14294 = SURFACE_SIDE_STYLE('',(#14295));
#14295 = SURFACE_STYLE_FILL_AREA(#14296);
#14296 = FILL_AREA_STYLE('',(#14297));
#14297 = FILL_AREA_STYLE_COLOUR('',#13107);
#14298 = CURVE_STYLE('',#14299,POSITIVE_LENGTH_MEASURE(0.1),#13107);
#14299 = DRAUGHTING_PRE_DEFINED_CURVE_FONT('continuous');
#14300 = MECHANICAL_DESIGN_GEOMETRIC_PRESENTATION_REPRESENTATION('',(
    #14301),#5481);
#14301 = STYLED_ITEM('color',(#14302),#5469);
#14302 = PRESENTATION_STYLE_ASSIGNMENT((#14303,#14308));
#14303 = SURFACE_STYLE_USAGE(.BOTH.,#14304);
#14304 = SURFACE_SIDE_STYLE('',(#14305));
#14305 = SURFACE_STYLE_FILL_AREA(#14306);
#14306 = FILL_AREA_STYLE('',(#14307));
#14307 = FILL_AREA_STYLE_COLOUR('',#13107);
#14308 = CURVE_STYLE('',#14309,POSITIVE_LENGTH_MEASURE(0.1),#13107);
#14309 = DRAUGHTING_PRE_DEFINED_CURVE_FONT('continuous');
#14310 = MECHANICAL_DESIGN_GEOMETRIC_PRESENTATION_REPRESENTATION('',(
    #14311),#5512);
#14311 = STYLED_ITEM('color',(#14312),#5500);
#14312 = PRESENTATION_STYLE_ASSIGNMENT((#14313,#14318));
#14313 = SURFACE_STYLE_USAGE(.BOTH.,#14314);
#14314 = SURFACE_SIDE_STYLE('',(#14315));
#14315 = SURFACE_STYLE_FILL_AREA(#14316);
#14316 = FILL_AREA_STYLE('',(#14317));
#14317 = FILL_AREA_STYLE_COLOUR('',#13107);
#14318 = CURVE_STYLE('',#14319,POSITIVE_LENGTH_MEASURE(0.1),#13107);
#14319 = DRAUGHTING_PRE_DEFINED_CURVE_FONT('continuous');
#14320 = MECHANICAL_DESIGN_GEOMETRIC_PRESENTATION_REPRESENTATION('',(
    #14321),#9821);
#14321 = STYLED_ITEM('color',(#14322),#9809);
#14322 = PRESENTATION_STYLE_ASSIGNMENT((#14323,#14328));
#14323 = SURFACE_STYLE_USAGE(.BOTH.,#14324);
#14324 = SURFACE_SIDE_STYLE('',(#14325));
#14325 = SURFACE_STYLE_FILL_AREA(#14326);
#14326 = FILL_AREA_STYLE('',(#14327));
#14327 = FILL_AREA_STYLE_COLOUR('',#13107);
#14328 = CURVE_STYLE('',#14329,POSITIVE_LENGTH_MEASURE(0.1),#13107);
#14329 = DRAUGHTING_PRE_DEFINED_CURVE_FONT('continuous');
#14330 = MECHANICAL_DESIGN_GEOMETRIC_PRESENTATION_REPRESENTATION('',(
    #14331),#7217);
#14331 = STYLED_ITEM('color',(#14332),#7205);
#14332 = PRESENTATION_STYLE_ASSIGNMENT((#14333,#14338));
#14333 = SURFACE_STYLE_USAGE(.BOTH.,#14334);
#14334 = SURFACE_SIDE_STYLE('',(#14335));
#14335 = SURFACE_STYLE_FILL_AREA(#14336);
#14336 = FILL_AREA_STYLE('',(#14337));
#14337 = FILL_AREA_STYLE_COLOUR('',#13107);
#14338 = CURVE_STYLE('',#14339,POSITIVE_LENGTH_MEASURE(0.1),#13107);
#14339 = DRAUGHTING_PRE_DEFINED_CURVE_FONT('continuous');
#14340 = MECHANICAL_DESIGN_GEOMETRIC_PRESENTATION_REPRESENTATION('',(
    #14341),#4365);
#14341 = STYLED_ITEM('color',(#14342),#4353);
#14342 = PRESENTATION_STYLE_ASSIGNMENT((#14343,#14348));
#14343 = SURFACE_STYLE_USAGE(.BOTH.,#14344);
#14344 = SURFACE_SIDE_STYLE('',(#14345));
#14345 = SURFACE_STYLE_FILL_AREA(#14346);
#14346 = FILL_AREA_STYLE('',(#14347));
#14347 = FILL_AREA_STYLE_COLOUR('',#13107);
#14348 = CURVE_STYLE('',#14349,POSITIVE_LENGTH_MEASURE(0.1),#13107);
#14349 = DRAUGHTING_PRE_DEFINED_CURVE_FONT('continuous');
#14350 = MECHANICAL_DESIGN_GEOMETRIC_PRESENTATION_REPRESENTATION('',(
    #14351),#11960);
#14351 = STYLED_ITEM('color',(#14352),#11948);
#14352 = PRESENTATION_STYLE_ASSIGNMENT((#14353,#14358));
#14353 = SURFACE_STYLE_USAGE(.BOTH.,#14354);
#14354 = SURFACE_SIDE_STYLE('',(#14355));
#14355 = SURFACE_STYLE_FILL_AREA(#14356);
#14356 = FILL_AREA_STYLE('',(#14357));
#14357 = FILL_AREA_STYLE_COLOUR('',#13107);
#14358 = CURVE_STYLE('',#14359,POSITIVE_LENGTH_MEASURE(0.1),#13107);
#14359 = DRAUGHTING_PRE_DEFINED_CURVE_FONT('continuous');
#14360 = MECHANICAL_DESIGN_GEOMETRIC_PRESENTATION_REPRESENTATION('',(
    #14361),#11340);
#14361 = STYLED_ITEM('color',(#14362),#11328);
#14362 = PRESENTATION_STYLE_ASSIGNMENT((#14363,#14368));
#14363 = SURFACE_STYLE_USAGE(.BOTH.,#14364);
#14364 = SURFACE_SIDE_STYLE('',(#14365));
#14365 = SURFACE_STYLE_FILL_AREA(#14366);
#14366 = FILL_AREA_STYLE('',(#14367));
#14367 = FILL_AREA_STYLE_COLOUR('',#13107);
#14368 = CURVE_STYLE('',#14369,POSITIVE_LENGTH_MEASURE(0.1),#13107);
#14369 = DRAUGHTING_PRE_DEFINED_CURVE_FONT('continuous');
#14370 = MECHANICAL_DESIGN_GEOMETRIC_PRESENTATION_REPRESENTATION('',(
    #14371),#2691);
#14371 = STYLED_ITEM('color',(#14372),#2679);
#14372 = PRESENTATION_STYLE_ASSIGNMENT((#14373,#14378));
#14373 = SURFACE_STYLE_USAGE(.BOTH.,#14374);
#14374 = SURFACE_SIDE_STYLE('',(#14375));
#14375 = SURFACE_STYLE_FILL_AREA(#14376);
#14376 = FILL_AREA_STYLE('',(#14377));
#14377 = FILL_AREA_STYLE_COLOUR('',#13107);
#14378 = CURVE_STYLE('',#14379,POSITIVE_LENGTH_MEASURE(0.1),#13107);
#14379 = DRAUGHTING_PRE_DEFINED_CURVE_FONT('continuous');
#14380 = MECHANICAL_DESIGN_GEOMETRIC_PRESENTATION_REPRESENTATION('',(
    #14381),#3962);
#14381 = STYLED_ITEM('color',(#14382),#3950);
#14382 = PRESENTATION_STYLE_ASSIGNMENT((#14383,#14388));
#14383 = SURFACE_STYLE_USAGE(.BOTH.,#14384);
#14384 = SURFACE_SIDE_STYLE('',(#14385));
#14385 = SURFACE_STYLE_FILL_AREA(#14386);
#14386 = FILL_AREA_STYLE('',(#14387));
#14387 = FILL_AREA_STYLE_COLOUR('',#13107);
#14388 = CURVE_STYLE('',#14389,POSITIVE_LENGTH_MEASURE(0.1),#13107);
#14389 = DRAUGHTING_PRE_DEFINED_CURVE_FONT('continuous');
#14390 = MECHANICAL_DESIGN_GEOMETRIC_PRESENTATION_REPRESENTATION('',(
    #14391),#12363);
#14391 = STYLED_ITEM('color',(#14392),#12351);
#14392 = PRESENTATION_STYLE_ASSIGNMENT((#14393,#14398));
#14393 = SURFACE_STYLE_USAGE(.BOTH.,#14394);
#14394 = SURFACE_SIDE_STYLE('',(#14395));
#14395 = SURFACE_STYLE_FILL_AREA(#14396);
#14396 = FILL_AREA_STYLE('',(#14397));
#14397 = FILL_AREA_STYLE_COLOUR('',#13107);
#14398 = CURVE_STYLE('',#14399,POSITIVE_LENGTH_MEASURE(0.1),#13107);
#14399 = DRAUGHTING_PRE_DEFINED_CURVE_FONT('continuous');
#14400 = MECHANICAL_DESIGN_GEOMETRIC_PRESENTATION_REPRESENTATION('',(
    #14401),#4799);
#14401 = STYLED_ITEM('color',(#14402),#4787);
#14402 = PRESENTATION_STYLE_ASSIGNMENT((#14403,#14408));
#14403 = SURFACE_STYLE_USAGE(.BOTH.,#14404);
#14404 = SURFACE_SIDE_STYLE('',(#14405));
#14405 = SURFACE_STYLE_FILL_AREA(#14406);
#14406 = FILL_AREA_STYLE('',(#14407));
#14407 = FILL_AREA_STYLE_COLOUR('',#13107);
#14408 = CURVE_STYLE('',#14409,POSITIVE_LENGTH_MEASURE(0.1),#13107);
#14409 = DRAUGHTING_PRE_DEFINED_CURVE_FONT('continuous');
#14410 = MECHANICAL_DESIGN_GEOMETRIC_PRESENTATION_REPRESENTATION('',(
    #14411),#6442);
#14411 = STYLED_ITEM('color',(#14412),#6430);
#14412 = PRESENTATION_STYLE_ASSIGNMENT((#14413,#14418));
#14413 = SURFACE_STYLE_USAGE(.BOTH.,#14414);
#14414 = SURFACE_SIDE_STYLE('',(#14415));
#14415 = SURFACE_STYLE_FILL_AREA(#14416);
#14416 = FILL_AREA_STYLE('',(#14417));
#14417 = FILL_AREA_STYLE_COLOUR('',#13107);
#14418 = CURVE_STYLE('',#14419,POSITIVE_LENGTH_MEASURE(0.1),#13107);
#14419 = DRAUGHTING_PRE_DEFINED_CURVE_FONT('continuous');
#14420 = MECHANICAL_DESIGN_GEOMETRIC_PRESENTATION_REPRESENTATION('',(
    #14421),#10906);
#14421 = STYLED_ITEM('color',(#14422),#10894);
#14422 = PRESENTATION_STYLE_ASSIGNMENT((#14423,#14428));
#14423 = SURFACE_STYLE_USAGE(.BOTH.,#14424);
#14424 = SURFACE_SIDE_STYLE('',(#14425));
#14425 = SURFACE_STYLE_FILL_AREA(#14426);
#14426 = FILL_AREA_STYLE('',(#14427));
#14427 = FILL_AREA_STYLE_COLOUR('',#13107);
#14428 = CURVE_STYLE('',#14429,POSITIVE_LENGTH_MEASURE(0.1),#13107);
#14429 = DRAUGHTING_PRE_DEFINED_CURVE_FONT('continuous');
#14430 = MECHANICAL_DESIGN_GEOMETRIC_PRESENTATION_REPRESENTATION('',(
    #14431),#1885);
#14431 = STYLED_ITEM('color',(#14432),#1873);
#14432 = PRESENTATION_STYLE_ASSIGNMENT((#14433,#14438));
#14433 = SURFACE_STYLE_USAGE(.BOTH.,#14434);
#14434 = SURFACE_SIDE_STYLE('',(#14435));
#14435 = SURFACE_STYLE_FILL_AREA(#14436);
#14436 = FILL_AREA_STYLE('',(#14437));
#14437 = FILL_AREA_STYLE_COLOUR('',#13107);
#14438 = CURVE_STYLE('',#14439,POSITIVE_LENGTH_MEASURE(0.1),#13107);
#14439 = DRAUGHTING_PRE_DEFINED_CURVE_FONT('continuous');
#14440 = MECHANICAL_DESIGN_GEOMETRIC_PRESENTATION_REPRESENTATION('',(
    #14441),#1730);
#14441 = STYLED_ITEM('color',(#14442),#1718);
#14442 = PRESENTATION_STYLE_ASSIGNMENT((#14443,#14448));
#14443 = SURFACE_STYLE_USAGE(.BOTH.,#14444);
#14444 = SURFACE_SIDE_STYLE('',(#14445));
#14445 = SURFACE_STYLE_FILL_AREA(#14446);
#14446 = FILL_AREA_STYLE('',(#14447));
#14447 = FILL_AREA_STYLE_COLOUR('',#13107);
#14448 = CURVE_STYLE('',#14449,POSITIVE_LENGTH_MEASURE(0.1),#13107);
#14449 = DRAUGHTING_PRE_DEFINED_CURVE_FONT('continuous');
#14450 = MECHANICAL_DESIGN_GEOMETRIC_PRESENTATION_REPRESENTATION('',(
    #14451),#6659);
#14451 = STYLED_ITEM('color',(#14452),#6647);
#14452 = PRESENTATION_STYLE_ASSIGNMENT((#14453,#14458));
#14453 = SURFACE_STYLE_USAGE(.BOTH.,#14454);
#14454 = SURFACE_SIDE_STYLE('',(#14455));
#14455 = SURFACE_STYLE_FILL_AREA(#14456);
#14456 = FILL_AREA_STYLE('',(#14457));
#14457 = FILL_AREA_STYLE_COLOUR('',#13107);
#14458 = CURVE_STYLE('',#14459,POSITIVE_LENGTH_MEASURE(0.1),#13107);
#14459 = DRAUGHTING_PRE_DEFINED_CURVE_FONT('continuous');
#14460 = MECHANICAL_DESIGN_GEOMETRIC_PRESENTATION_REPRESENTATION('',(
    #14461),#3528);
#14461 = STYLED_ITEM('color',(#14462),#3516);
#14462 = PRESENTATION_STYLE_ASSIGNMENT((#14463,#14468));
#14463 = SURFACE_STYLE_USAGE(.BOTH.,#14464);
#14464 = SURFACE_SIDE_STYLE('',(#14465));
#14465 = SURFACE_STYLE_FILL_AREA(#14466);
#14466 = FILL_AREA_STYLE('',(#14467));
#14467 = FILL_AREA_STYLE_COLOUR('',#13107);
#14468 = CURVE_STYLE('',#14469,POSITIVE_LENGTH_MEASURE(0.1),#13107);
#14469 = DRAUGHTING_PRE_DEFINED_CURVE_FONT('continuous');
#14470 = MECHANICAL_DESIGN_GEOMETRIC_PRESENTATION_REPRESENTATION('',(
    #14471),#11805);
#14471 = STYLED_ITEM('color',(#14472),#11793);
#14472 = PRESENTATION_STYLE_ASSIGNMENT((#14473,#14478));
#14473 = SURFACE_STYLE_USAGE(.BOTH.,#14474);
#14474 = SURFACE_SIDE_STYLE('',(#14475));
#14475 = SURFACE_STYLE_FILL_AREA(#14476);
#14476 = FILL_AREA_STYLE('',(#14477));
#14477 = FILL_AREA_STYLE_COLOUR('',#13107);
#14478 = CURVE_STYLE('',#14479,POSITIVE_LENGTH_MEASURE(0.1),#13107);
#14479 = DRAUGHTING_PRE_DEFINED_CURVE_FONT('continuous');
#14480 = MECHANICAL_DESIGN_GEOMETRIC_PRESENTATION_REPRESENTATION('',(
    #14481),#5016);
#14481 = STYLED_ITEM('color',(#14482),#5004);
#14482 = PRESENTATION_STYLE_ASSIGNMENT((#14483,#14488));
#14483 = SURFACE_STYLE_USAGE(.BOTH.,#14484);
#14484 = SURFACE_SIDE_STYLE('',(#14485));
#14485 = SURFACE_STYLE_FILL_AREA(#14486);
#14486 = FILL_AREA_STYLE('',(#14487));
#14487 = FILL_AREA_STYLE_COLOUR('',#13107);
#14488 = CURVE_STYLE('',#14489,POSITIVE_LENGTH_MEASURE(0.1),#13107);
#14489 = DRAUGHTING_PRE_DEFINED_CURVE_FONT('continuous');
#14490 = MECHANICAL_DESIGN_GEOMETRIC_PRESENTATION_REPRESENTATION('',(
    #14491),#3125);
#14491 = STYLED_ITEM('color',(#14492),#3113);
#14492 = PRESENTATION_STYLE_ASSIGNMENT((#14493,#14498));
#14493 = SURFACE_STYLE_USAGE(.BOTH.,#14494);
#14494 = SURFACE_SIDE_STYLE('',(#14495));
#14495 = SURFACE_STYLE_FILL_AREA(#14496);
#14496 = FILL_AREA_STYLE('',(#14497));
#14497 = FILL_AREA_STYLE_COLOUR('',#13107);
#14498 = CURVE_STYLE('',#14499,POSITIVE_LENGTH_MEASURE(0.1),#13107);
#14499 = DRAUGHTING_PRE_DEFINED_CURVE_FONT('continuous');
#14500 = MECHANICAL_DESIGN_GEOMETRIC_PRESENTATION_REPRESENTATION('',(
    #14501),#7837);
#14501 = STYLED_ITEM('color',(#14502),#7825);
#14502 = PRESENTATION_STYLE_ASSIGNMENT((#14503,#14508));
#14503 = SURFACE_STYLE_USAGE(.BOTH.,#14504);
#14504 = SURFACE_SIDE_STYLE('',(#14505));
#14505 = SURFACE_STYLE_FILL_AREA(#14506);
#14506 = FILL_AREA_STYLE('',(#14507));
#14507 = FILL_AREA_STYLE_COLOUR('',#13107);
#14508 = CURVE_STYLE('',#14509,POSITIVE_LENGTH_MEASURE(0.1),#13107);
#14509 = DRAUGHTING_PRE_DEFINED_CURVE_FONT('continuous');
#14510 = MECHANICAL_DESIGN_GEOMETRIC_PRESENTATION_REPRESENTATION('',(
    #14511),#3683);
#14511 = STYLED_ITEM('color',(#14512),#3671);
#14512 = PRESENTATION_STYLE_ASSIGNMENT((#14513,#14518));
#14513 = SURFACE_STYLE_USAGE(.BOTH.,#14514);
#14514 = SURFACE_SIDE_STYLE('',(#14515));
#14515 = SURFACE_STYLE_FILL_AREA(#14516);
#14516 = FILL_AREA_STYLE('',(#14517));
#14517 = FILL_AREA_STYLE_COLOUR('',#13107);
#14518 = CURVE_STYLE('',#14519,POSITIVE_LENGTH_MEASURE(0.1),#13107);
#14519 = DRAUGHTING_PRE_DEFINED_CURVE_FONT('continuous');
#14520 = MECHANICAL_DESIGN_GEOMETRIC_PRESENTATION_REPRESENTATION('',(
    #14521),#5233);
#14521 = STYLED_ITEM('color',(#14522),#5221);
#14522 = PRESENTATION_STYLE_ASSIGNMENT((#14523,#14528));
#14523 = SURFACE_STYLE_USAGE(.BOTH.,#14524);
#14524 = SURFACE_SIDE_STYLE('',(#14525));
#14525 = SURFACE_STYLE_FILL_AREA(#14526);
#14526 = FILL_AREA_STYLE('',(#14527));
#14527 = FILL_AREA_STYLE_COLOUR('',#13107);
#14528 = CURVE_STYLE('',#14529,POSITIVE_LENGTH_MEASURE(0.1),#13107);
#14529 = DRAUGHTING_PRE_DEFINED_CURVE_FONT('continuous');
#14530 = MECHANICAL_DESIGN_GEOMETRIC_PRESENTATION_REPRESENTATION('',(
    #14531),#2939);
#14531 = STYLED_ITEM('color',(#14532),#2927);
#14532 = PRESENTATION_STYLE_ASSIGNMENT((#14533,#14538));
#14533 = SURFACE_STYLE_USAGE(.BOTH.,#14534);
#14534 = SURFACE_SIDE_STYLE('',(#14535));
#14535 = SURFACE_STYLE_FILL_AREA(#14536);
#14536 = FILL_AREA_STYLE('',(#14537));
#14537 = FILL_AREA_STYLE_COLOUR('',#13107);
#14538 = CURVE_STYLE('',#14539,POSITIVE_LENGTH_MEASURE(0.1),#13107);
#14539 = DRAUGHTING_PRE_DEFINED_CURVE_FONT('continuous');
#14540 = MECHANICAL_DESIGN_GEOMETRIC_PRESENTATION_REPRESENTATION('',(
    #14541),#3342);
#14541 = STYLED_ITEM('color',(#14542),#3330);
#14542 = PRESENTATION_STYLE_ASSIGNMENT((#14543,#14548));
#14543 = SURFACE_STYLE_USAGE(.BOTH.,#14544);
#14544 = SURFACE_SIDE_STYLE('',(#14545));
#14545 = SURFACE_STYLE_FILL_AREA(#14546);
#14546 = FILL_AREA_STYLE('',(#14547));
#14547 = FILL_AREA_STYLE_COLOUR('',#13107);
#14548 = CURVE_STYLE('',#14549,POSITIVE_LENGTH_MEASURE(0.1),#13107);
#14549 = DRAUGHTING_PRE_DEFINED_CURVE_FONT('continuous');
#14550 = MECHANICAL_DESIGN_GEOMETRIC_PRESENTATION_REPRESENTATION('',(
    #14551),#12301);
#14551 = STYLED_ITEM('color',(#14552),#12289);
#14552 = PRESENTATION_STYLE_ASSIGNMENT((#14553,#14558));
#14553 = SURFACE_STYLE_USAGE(.BOTH.,#14554);
#14554 = SURFACE_SIDE_STYLE('',(#14555));
#14555 = SURFACE_STYLE_FILL_AREA(#14556);
#14556 = FILL_AREA_STYLE('',(#14557));
#14557 = FILL_AREA_STYLE_COLOUR('',#13107);
#14558 = CURVE_STYLE('',#14559,POSITIVE_LENGTH_MEASURE(0.1),#13107);
#14559 = DRAUGHTING_PRE_DEFINED_CURVE_FONT('continuous');
#14560 = MECHANICAL_DESIGN_GEOMETRIC_PRESENTATION_REPRESENTATION('',(
    #14561),#3776);
#14561 = STYLED_ITEM('color',(#14562),#3764);
#14562 = PRESENTATION_STYLE_ASSIGNMENT((#14563,#14568));
#14563 = SURFACE_STYLE_USAGE(.BOTH.,#14564);
#14564 = SURFACE_SIDE_STYLE('',(#14565));
#14565 = SURFACE_STYLE_FILL_AREA(#14566);
#14566 = FILL_AREA_STYLE('',(#14567));
#14567 = FILL_AREA_STYLE_COLOUR('',#13107);
#14568 = CURVE_STYLE('',#14569,POSITIVE_LENGTH_MEASURE(0.1),#13107);
#14569 = DRAUGHTING_PRE_DEFINED_CURVE_FONT('continuous');
#14570 = MECHANICAL_DESIGN_GEOMETRIC_PRESENTATION_REPRESENTATION('',(
    #14571),#7992);
#14571 = STYLED_ITEM('color',(#14572),#7980);
#14572 = PRESENTATION_STYLE_ASSIGNMENT((#14573,#14578));
#14573 = SURFACE_STYLE_USAGE(.BOTH.,#14574);
#14574 = SURFACE_SIDE_STYLE('',(#14575));
#14575 = SURFACE_STYLE_FILL_AREA(#14576);
#14576 = FILL_AREA_STYLE('',(#14577));
#14577 = FILL_AREA_STYLE_COLOUR('',#13107);
#14578 = CURVE_STYLE('',#14579,POSITIVE_LENGTH_MEASURE(0.1),#13107);
#14579 = DRAUGHTING_PRE_DEFINED_CURVE_FONT('continuous');
#14580 = MECHANICAL_DESIGN_GEOMETRIC_PRESENTATION_REPRESENTATION('',(
    #14581),#10534);
#14581 = STYLED_ITEM('color',(#14582),#10522);
#14582 = PRESENTATION_STYLE_ASSIGNMENT((#14583,#14588));
#14583 = SURFACE_STYLE_USAGE(.BOTH.,#14584);
#14584 = SURFACE_SIDE_STYLE('',(#14585));
#14585 = SURFACE_STYLE_FILL_AREA(#14586);
#14586 = FILL_AREA_STYLE('',(#14587));
#14587 = FILL_AREA_STYLE_COLOUR('',#13107);
#14588 = CURVE_STYLE('',#14589,POSITIVE_LENGTH_MEASURE(0.1),#13107);
#14589 = DRAUGHTING_PRE_DEFINED_CURVE_FONT('continuous');
#14590 = MECHANICAL_DESIGN_GEOMETRIC_PRESENTATION_REPRESENTATION('',(
    #14591),#8705);
#14591 = STYLED_ITEM('color',(#14592),#8693);
#14592 = PRESENTATION_STYLE_ASSIGNMENT((#14593,#14598));
#14593 = SURFACE_STYLE_USAGE(.BOTH.,#14594);
#14594 = SURFACE_SIDE_STYLE('',(#14595));
#14595 = SURFACE_STYLE_FILL_AREA(#14596);
#14596 = FILL_AREA_STYLE('',(#14597));
#14597 = FILL_AREA_STYLE_COLOUR('',#13107);
#14598 = CURVE_STYLE('',#14599,POSITIVE_LENGTH_MEASURE(0.1),#13107);
#14599 = DRAUGHTING_PRE_DEFINED_CURVE_FONT('continuous');
#14600 = MECHANICAL_DESIGN_GEOMETRIC_PRESENTATION_REPRESENTATION('',(
    #14601),#9077);
#14601 = STYLED_ITEM('color',(#14602),#9065);
#14602 = PRESENTATION_STYLE_ASSIGNMENT((#14603,#14608));
#14603 = SURFACE_STYLE_USAGE(.BOTH.,#14604);
#14604 = SURFACE_SIDE_STYLE('',(#14605));
#14605 = SURFACE_STYLE_FILL_AREA(#14606);
#14606 = FILL_AREA_STYLE('',(#14607));
#14607 = FILL_AREA_STYLE_COLOUR('',#13107);
#14608 = CURVE_STYLE('',#14609,POSITIVE_LENGTH_MEASURE(0.1),#13107);
#14609 = DRAUGHTING_PRE_DEFINED_CURVE_FONT('continuous');
#14610 = MECHANICAL_DESIGN_GEOMETRIC_PRESENTATION_REPRESENTATION('',(
    #14611),#6194);
#14611 = STYLED_ITEM('color',(#14612),#6182);
#14612 = PRESENTATION_STYLE_ASSIGNMENT((#14613,#14618));
#14613 = SURFACE_STYLE_USAGE(.BOTH.,#14614);
#14614 = SURFACE_SIDE_STYLE('',(#14615));
#14615 = SURFACE_STYLE_FILL_AREA(#14616);
#14616 = FILL_AREA_STYLE('',(#14617));
#14617 = FILL_AREA_STYLE_COLOUR('',#13107);
#14618 = CURVE_STYLE('',#14619,POSITIVE_LENGTH_MEASURE(0.1),#13107);
#14619 = DRAUGHTING_PRE_DEFINED_CURVE_FONT('continuous');
#14620 = MECHANICAL_DESIGN_GEOMETRIC_PRESENTATION_REPRESENTATION('',(
    #14621),#3745);
#14621 = STYLED_ITEM('color',(#14622),#3733);
#14622 = PRESENTATION_STYLE_ASSIGNMENT((#14623,#14628));
#14623 = SURFACE_STYLE_USAGE(.BOTH.,#14624);
#14624 = SURFACE_SIDE_STYLE('',(#14625));
#14625 = SURFACE_STYLE_FILL_AREA(#14626);
#14626 = FILL_AREA_STYLE('',(#14627));
#14627 = FILL_AREA_STYLE_COLOUR('',#13107);
#14628 = CURVE_STYLE('',#14629,POSITIVE_LENGTH_MEASURE(0.1),#13107);
#14629 = DRAUGHTING_PRE_DEFINED_CURVE_FONT('continuous');
#14630 = MECHANICAL_DESIGN_GEOMETRIC_PRESENTATION_REPRESENTATION('',(
    #14631),#8240);
#14631 = STYLED_ITEM('color',(#14632),#8228);
#14632 = PRESENTATION_STYLE_ASSIGNMENT((#14633,#14638));
#14633 = SURFACE_STYLE_USAGE(.BOTH.,#14634);
#14634 = SURFACE_SIDE_STYLE('',(#14635));
#14635 = SURFACE_STYLE_FILL_AREA(#14636);
#14636 = FILL_AREA_STYLE('',(#14637));
#14637 = FILL_AREA_STYLE_COLOUR('',#13107);
#14638 = CURVE_STYLE('',#14639,POSITIVE_LENGTH_MEASURE(0.1),#13107);
#14639 = DRAUGHTING_PRE_DEFINED_CURVE_FONT('continuous');
#14640 = MECHANICAL_DESIGN_GEOMETRIC_PRESENTATION_REPRESENTATION('',(
    #14641),#7496);
#14641 = STYLED_ITEM('color',(#14642),#7484);
#14642 = PRESENTATION_STYLE_ASSIGNMENT((#14643,#14648));
#14643 = SURFACE_STYLE_USAGE(.BOTH.,#14644);
#14644 = SURFACE_SIDE_STYLE('',(#14645));
#14645 = SURFACE_STYLE_FILL_AREA(#14646);
#14646 = FILL_AREA_STYLE('',(#14647));
#14647 = FILL_AREA_STYLE_COLOUR('',#13107);
#14648 = CURVE_STYLE('',#14649,POSITIVE_LENGTH_MEASURE(0.1),#13107);
#14649 = DRAUGHTING_PRE_DEFINED_CURVE_FONT('continuous');
#14650 = MECHANICAL_DESIGN_GEOMETRIC_PRESENTATION_REPRESENTATION('',(
    #14651),#4396);
#14651 = STYLED_ITEM('color',(#14652),#4384);
#14652 = PRESENTATION_STYLE_ASSIGNMENT((#14653,#14658));
#14653 = SURFACE_STYLE_USAGE(.BOTH.,#14654);
#14654 = SURFACE_SIDE_STYLE('',(#14655));
#14655 = SURFACE_STYLE_FILL_AREA(#14656);
#14656 = FILL_AREA_STYLE('',(#14657));
#14657 = FILL_AREA_STYLE_COLOUR('',#13107);
#14658 = CURVE_STYLE('',#14659,POSITIVE_LENGTH_MEASURE(0.1),#13107);
#14659 = DRAUGHTING_PRE_DEFINED_CURVE_FONT('continuous');
#14660 = MECHANICAL_DESIGN_GEOMETRIC_PRESENTATION_REPRESENTATION('',(
    #14661),#7806);
#14661 = STYLED_ITEM('color',(#14662),#7794);
#14662 = PRESENTATION_STYLE_ASSIGNMENT((#14663,#14668));
#14663 = SURFACE_STYLE_USAGE(.BOTH.,#14664);
#14664 = SURFACE_SIDE_STYLE('',(#14665));
#14665 = SURFACE_STYLE_FILL_AREA(#14666);
#14666 = FILL_AREA_STYLE('',(#14667));
#14667 = FILL_AREA_STYLE_COLOUR('',#13107);
#14668 = CURVE_STYLE('',#14669,POSITIVE_LENGTH_MEASURE(0.1),#13107);
#14669 = DRAUGHTING_PRE_DEFINED_CURVE_FONT('continuous');
#14670 = MECHANICAL_DESIGN_GEOMETRIC_PRESENTATION_REPRESENTATION('',(
    #14671),#2381);
#14671 = STYLED_ITEM('color',(#14672),#2369);
#14672 = PRESENTATION_STYLE_ASSIGNMENT((#14673,#14678));
#14673 = SURFACE_STYLE_USAGE(.BOTH.,#14674);
#14674 = SURFACE_SIDE_STYLE('',(#14675));
#14675 = SURFACE_STYLE_FILL_AREA(#14676);
#14676 = FILL_AREA_STYLE('',(#14677));
#14677 = FILL_AREA_STYLE_COLOUR('',#13107);
#14678 = CURVE_STYLE('',#14679,POSITIVE_LENGTH_MEASURE(0.1),#13107);
#14679 = DRAUGHTING_PRE_DEFINED_CURVE_FONT('continuous');
#14680 = MECHANICAL_DESIGN_GEOMETRIC_PRESENTATION_REPRESENTATION('',(
    #14681),#12115);
#14681 = STYLED_ITEM('color',(#14682),#12103);
#14682 = PRESENTATION_STYLE_ASSIGNMENT((#14683,#14688));
#14683 = SURFACE_STYLE_USAGE(.BOTH.,#14684);
#14684 = SURFACE_SIDE_STYLE('',(#14685));
#14685 = SURFACE_STYLE_FILL_AREA(#14686);
#14686 = FILL_AREA_STYLE('',(#14687));
#14687 = FILL_AREA_STYLE_COLOUR('',#13107);
#14688 = CURVE_STYLE('',#14689,POSITIVE_LENGTH_MEASURE(0.1),#13107);
#14689 = DRAUGHTING_PRE_DEFINED_CURVE_FONT('continuous');
#14690 = MECHANICAL_DESIGN_GEOMETRIC_PRESENTATION_REPRESENTATION('',(
    #14691),#5357);
#14691 = STYLED_ITEM('color',(#14692),#5345);
#14692 = PRESENTATION_STYLE_ASSIGNMENT((#14693,#14698));
#14693 = SURFACE_STYLE_USAGE(.BOTH.,#14694);
#14694 = SURFACE_SIDE_STYLE('',(#14695));
#14695 = SURFACE_STYLE_FILL_AREA(#14696);
#14696 = FILL_AREA_STYLE('',(#14697));
#14697 = FILL_AREA_STYLE_COLOUR('',#13107);
#14698 = CURVE_STYLE('',#14699,POSITIVE_LENGTH_MEASURE(0.1),#13107);
#14699 = DRAUGHTING_PRE_DEFINED_CURVE_FONT('continuous');
#14700 = MECHANICAL_DESIGN_GEOMETRIC_PRESENTATION_REPRESENTATION('',(
    #14701),#4923);
#14701 = STYLED_ITEM('color',(#14702),#4911);
#14702 = PRESENTATION_STYLE_ASSIGNMENT((#14703,#14708));
#14703 = SURFACE_STYLE_USAGE(.BOTH.,#14704);
#14704 = SURFACE_SIDE_STYLE('',(#14705));
#14705 = SURFACE_STYLE_FILL_AREA(#14706);
#14706 = FILL_AREA_STYLE('',(#14707));
#14707 = FILL_AREA_STYLE_COLOUR('',#13107);
#14708 = CURVE_STYLE('',#14709,POSITIVE_LENGTH_MEASURE(0.1),#13107);
#14709 = DRAUGHTING_PRE_DEFINED_CURVE_FONT('continuous');
#14710 = MECHANICAL_DESIGN_GEOMETRIC_PRESENTATION_REPRESENTATION('',(
    #14711),#2412);
#14711 = STYLED_ITEM('color',(#14712),#2400);
#14712 = PRESENTATION_STYLE_ASSIGNMENT((#14713,#14718));
#14713 = SURFACE_STYLE_USAGE(.BOTH.,#14714);
#14714 = SURFACE_SIDE_STYLE('',(#14715));
#14715 = SURFACE_STYLE_FILL_AREA(#14716);
#14716 = FILL_AREA_STYLE('',(#14717));
#14717 = FILL_AREA_STYLE_COLOUR('',#13107);
#14718 = CURVE_STYLE('',#14719,POSITIVE_LENGTH_MEASURE(0.1),#13107);
#14719 = DRAUGHTING_PRE_DEFINED_CURVE_FONT('continuous');
#14720 = MECHANICAL_DESIGN_GEOMETRIC_PRESENTATION_REPRESENTATION('',(
    #14721),#3497);
#14721 = STYLED_ITEM('color',(#14722),#3485);
#14722 = PRESENTATION_STYLE_ASSIGNMENT((#14723,#14728));
#14723 = SURFACE_STYLE_USAGE(.BOTH.,#14724);
#14724 = SURFACE_SIDE_STYLE('',(#14725));
#14725 = SURFACE_STYLE_FILL_AREA(#14726);
#14726 = FILL_AREA_STYLE('',(#14727));
#14727 = FILL_AREA_STYLE_COLOUR('',#13107);
#14728 = CURVE_STYLE('',#14729,POSITIVE_LENGTH_MEASURE(0.1),#13107);
#14729 = DRAUGHTING_PRE_DEFINED_CURVE_FONT('continuous');
#14730 = MECHANICAL_DESIGN_GEOMETRIC_PRESENTATION_REPRESENTATION('',(
    #14731),#11991);
#14731 = STYLED_ITEM('color',(#14732),#11979);
#14732 = PRESENTATION_STYLE_ASSIGNMENT((#14733,#14738));
#14733 = SURFACE_STYLE_USAGE(.BOTH.,#14734);
#14734 = SURFACE_SIDE_STYLE('',(#14735));
#14735 = SURFACE_STYLE_FILL_AREA(#14736);
#14736 = FILL_AREA_STYLE('',(#14737));
#14737 = FILL_AREA_STYLE_COLOUR('',#13107);
#14738 = CURVE_STYLE('',#14739,POSITIVE_LENGTH_MEASURE(0.1),#13107);
#14739 = DRAUGHTING_PRE_DEFINED_CURVE_FONT('continuous');
#14740 = MECHANICAL_DESIGN_GEOMETRIC_PRESENTATION_REPRESENTATION('',(
    #14741),#10937);
#14741 = STYLED_ITEM('color',(#14742),#10925);
#14742 = PRESENTATION_STYLE_ASSIGNMENT((#14743,#14748));
#14743 = SURFACE_STYLE_USAGE(.BOTH.,#14744);
#14744 = SURFACE_SIDE_STYLE('',(#14745));
#14745 = SURFACE_STYLE_FILL_AREA(#14746);
#14746 = FILL_AREA_STYLE('',(#14747));
#14747 = FILL_AREA_STYLE_COLOUR('',#13107);
#14748 = CURVE_STYLE('',#14749,POSITIVE_LENGTH_MEASURE(0.1),#13107);
#14749 = DRAUGHTING_PRE_DEFINED_CURVE_FONT('continuous');
#14750 = MECHANICAL_DESIGN_GEOMETRIC_PRESENTATION_REPRESENTATION('',(
    #14751),#2009);
#14751 = STYLED_ITEM('color',(#14752),#1997);
#14752 = PRESENTATION_STYLE_ASSIGNMENT((#14753,#14758));
#14753 = SURFACE_STYLE_USAGE(.BOTH.,#14754);
#14754 = SURFACE_SIDE_STYLE('',(#14755));
#14755 = SURFACE_STYLE_FILL_AREA(#14756);
#14756 = FILL_AREA_STYLE('',(#14757));
#14757 = FILL_AREA_STYLE_COLOUR('',#13107);
#14758 = CURVE_STYLE('',#14759,POSITIVE_LENGTH_MEASURE(0.1),#13107);
#14759 = DRAUGHTING_PRE_DEFINED_CURVE_FONT('continuous');
#14760 = MECHANICAL_DESIGN_GEOMETRIC_PRESENTATION_REPRESENTATION('',(
    #14761),#9790);
#14761 = STYLED_ITEM('color',(#14762),#9778);
#14762 = PRESENTATION_STYLE_ASSIGNMENT((#14763,#14768));
#14763 = SURFACE_STYLE_USAGE(.BOTH.,#14764);
#14764 = SURFACE_SIDE_STYLE('',(#14765));
#14765 = SURFACE_STYLE_FILL_AREA(#14766);
#14766 = FILL_AREA_STYLE('',(#14767));
#14767 = FILL_AREA_STYLE_COLOUR('',#13107);
#14768 = CURVE_STYLE('',#14769,POSITIVE_LENGTH_MEASURE(0.1),#13107);
#14769 = DRAUGHTING_PRE_DEFINED_CURVE_FONT('continuous');
#14770 = MECHANICAL_DESIGN_GEOMETRIC_PRESENTATION_REPRESENTATION('',(
    #14771),#4644);
#14771 = STYLED_ITEM('color',(#14772),#4632);
#14772 = PRESENTATION_STYLE_ASSIGNMENT((#14773,#14778));
#14773 = SURFACE_STYLE_USAGE(.BOTH.,#14774);
#14774 = SURFACE_SIDE_STYLE('',(#14775));
#14775 = SURFACE_STYLE_FILL_AREA(#14776);
#14776 = FILL_AREA_STYLE('',(#14777));
#14777 = FILL_AREA_STYLE_COLOUR('',#13107);
#14778 = CURVE_STYLE('',#14779,POSITIVE_LENGTH_MEASURE(0.1),#13107);
#14779 = DRAUGHTING_PRE_DEFINED_CURVE_FONT('continuous');
#14780 = MECHANICAL_DESIGN_GEOMETRIC_PRESENTATION_REPRESENTATION('',(
    #14781),#11681);
#14781 = STYLED_ITEM('color',(#14782),#11669);
#14782 = PRESENTATION_STYLE_ASSIGNMENT((#14783,#14788));
#14783 = SURFACE_STYLE_USAGE(.BOTH.,#14784);
#14784 = SURFACE_SIDE_STYLE('',(#14785));
#14785 = SURFACE_STYLE_FILL_AREA(#14786);
#14786 = FILL_AREA_STYLE('',(#14787));
#14787 = FILL_AREA_STYLE_COLOUR('',#13107);
#14788 = CURVE_STYLE('',#14789,POSITIVE_LENGTH_MEASURE(0.1),#13107);
#14789 = DRAUGHTING_PRE_DEFINED_CURVE_FONT('continuous');
#14790 = MECHANICAL_DESIGN_GEOMETRIC_PRESENTATION_REPRESENTATION('',(
    #14791),#8457);
#14791 = STYLED_ITEM('color',(#14792),#8445);
#14792 = PRESENTATION_STYLE_ASSIGNMENT((#14793,#14798));
#14793 = SURFACE_STYLE_USAGE(.BOTH.,#14794);
#14794 = SURFACE_SIDE_STYLE('',(#14795));
#14795 = SURFACE_STYLE_FILL_AREA(#14796);
#14796 = FILL_AREA_STYLE('',(#14797));
#14797 = FILL_AREA_STYLE_COLOUR('',#13107);
#14798 = CURVE_STYLE('',#14799,POSITIVE_LENGTH_MEASURE(0.1),#13107);
#14799 = DRAUGHTING_PRE_DEFINED_CURVE_FONT('continuous');
#14800 = MECHANICAL_DESIGN_GEOMETRIC_PRESENTATION_REPRESENTATION('',(
    #14801),#8147);
#14801 = STYLED_ITEM('color',(#14802),#8135);
#14802 = PRESENTATION_STYLE_ASSIGNMENT((#14803,#14808));
#14803 = SURFACE_STYLE_USAGE(.BOTH.,#14804);
#14804 = SURFACE_SIDE_STYLE('',(#14805));
#14805 = SURFACE_STYLE_FILL_AREA(#14806);
#14806 = FILL_AREA_STYLE('',(#14807));
#14807 = FILL_AREA_STYLE_COLOUR('',#13107);
#14808 = CURVE_STYLE('',#14809,POSITIVE_LENGTH_MEASURE(0.1),#13107);
#14809 = DRAUGHTING_PRE_DEFINED_CURVE_FONT('continuous');
#14810 = MECHANICAL_DESIGN_GEOMETRIC_PRESENTATION_REPRESENTATION('',(
    #14811),#5791);
#14811 = STYLED_ITEM('color',(#14812),#5779);
#14812 = PRESENTATION_STYLE_ASSIGNMENT((#14813,#14818));
#14813 = SURFACE_STYLE_USAGE(.BOTH.,#14814);
#14814 = SURFACE_SIDE_STYLE('',(#14815));
#14815 = SURFACE_STYLE_FILL_AREA(#14816);
#14816 = FILL_AREA_STYLE('',(#14817));
#14817 = FILL_AREA_STYLE_COLOUR('',#13107);
#14818 = CURVE_STYLE('',#14819,POSITIVE_LENGTH_MEASURE(0.1),#13107);
#14819 = DRAUGHTING_PRE_DEFINED_CURVE_FONT('continuous');
#14820 = MECHANICAL_DESIGN_GEOMETRIC_PRESENTATION_REPRESENTATION('',(
    #14821),#1637);
#14821 = STYLED_ITEM('color',(#14822),#1625);
#14822 = PRESENTATION_STYLE_ASSIGNMENT((#14823,#14828));
#14823 = SURFACE_STYLE_USAGE(.BOTH.,#14824);
#14824 = SURFACE_SIDE_STYLE('',(#14825));
#14825 = SURFACE_STYLE_FILL_AREA(#14826);
#14826 = FILL_AREA_STYLE('',(#14827));
#14827 = FILL_AREA_STYLE_COLOUR('',#13107);
#14828 = CURVE_STYLE('',#14829,POSITIVE_LENGTH_MEASURE(0.1),#13107);
#14829 = DRAUGHTING_PRE_DEFINED_CURVE_FONT('continuous');
#14830 = MECHANICAL_DESIGN_GEOMETRIC_PRESENTATION_REPRESENTATION('',(
    #14831),#4303);
#14831 = STYLED_ITEM('color',(#14832),#4291);
#14832 = PRESENTATION_STYLE_ASSIGNMENT((#14833,#14838));
#14833 = SURFACE_STYLE_USAGE(.BOTH.,#14834);
#14834 = SURFACE_SIDE_STYLE('',(#14835));
#14835 = SURFACE_STYLE_FILL_AREA(#14836);
#14836 = FILL_AREA_STYLE('',(#14837));
#14837 = FILL_AREA_STYLE_COLOUR('',#13107);
#14838 = CURVE_STYLE('',#14839,POSITIVE_LENGTH_MEASURE(0.1),#13107);
#14839 = DRAUGHTING_PRE_DEFINED_CURVE_FONT('continuous');
#14840 = MECHANICAL_DESIGN_GEOMETRIC_PRESENTATION_REPRESENTATION('',(
    #14841),#2567);
#14841 = STYLED_ITEM('color',(#14842),#2555);
#14842 = PRESENTATION_STYLE_ASSIGNMENT((#14843,#14848));
#14843 = SURFACE_STYLE_USAGE(.BOTH.,#14844);
#14844 = SURFACE_SIDE_STYLE('',(#14845));
#14845 = SURFACE_STYLE_FILL_AREA(#14846);
#14846 = FILL_AREA_STYLE('',(#14847));
#14847 = FILL_AREA_STYLE_COLOUR('',#13107);
#14848 = CURVE_STYLE('',#14849,POSITIVE_LENGTH_MEASURE(0.1),#13107);
#14849 = DRAUGHTING_PRE_DEFINED_CURVE_FONT('continuous');
#14850 = MECHANICAL_DESIGN_GEOMETRIC_PRESENTATION_REPRESENTATION('',(
    #14851),#6566);
#14851 = STYLED_ITEM('color',(#14852),#6554);
#14852 = PRESENTATION_STYLE_ASSIGNMENT((#14853,#14858));
#14853 = SURFACE_STYLE_USAGE(.BOTH.,#14854);
#14854 = SURFACE_SIDE_STYLE('',(#14855));
#14855 = SURFACE_STYLE_FILL_AREA(#14856);
#14856 = FILL_AREA_STYLE('',(#14857));
#14857 = FILL_AREA_STYLE_COLOUR('',#13107);
#14858 = CURVE_STYLE('',#14859,POSITIVE_LENGTH_MEASURE(0.1),#13107);
#14859 = DRAUGHTING_PRE_DEFINED_CURVE_FONT('continuous');
#14860 = MECHANICAL_DESIGN_GEOMETRIC_PRESENTATION_REPRESENTATION('',(
    #14861),#7620);
#14861 = STYLED_ITEM('color',(#14862),#7608);
#14862 = PRESENTATION_STYLE_ASSIGNMENT((#14863,#14868));
#14863 = SURFACE_STYLE_USAGE(.BOTH.,#14864);
#14864 = SURFACE_SIDE_STYLE('',(#14865));
#14865 = SURFACE_STYLE_FILL_AREA(#14866);
#14866 = FILL_AREA_STYLE('',(#14867));
#14867 = FILL_AREA_STYLE_COLOUR('',#13107);
#14868 = CURVE_STYLE('',#14869,POSITIVE_LENGTH_MEASURE(0.1),#13107);
#14869 = DRAUGHTING_PRE_DEFINED_CURVE_FONT('continuous');
#14870 = MECHANICAL_DESIGN_GEOMETRIC_PRESENTATION_REPRESENTATION('',(
    #14871),#4985);
#14871 = STYLED_ITEM('color',(#14872),#4973);
#14872 = PRESENTATION_STYLE_ASSIGNMENT((#14873,#14878));
#14873 = SURFACE_STYLE_USAGE(.BOTH.,#14874);
#14874 = SURFACE_SIDE_STYLE('',(#14875));
#14875 = SURFACE_STYLE_FILL_AREA(#14876);
#14876 = FILL_AREA_STYLE('',(#14877));
#14877 = FILL_AREA_STYLE_COLOUR('',#13107);
#14878 = CURVE_STYLE('',#14879,POSITIVE_LENGTH_MEASURE(0.1),#13107);
#14879 = DRAUGHTING_PRE_DEFINED_CURVE_FONT('continuous');
#14880 = MECHANICAL_DESIGN_GEOMETRIC_PRESENTATION_REPRESENTATION('',(
    #14881),#7062);
#14881 = STYLED_ITEM('color',(#14882),#7050);
#14882 = PRESENTATION_STYLE_ASSIGNMENT((#14883,#14888));
#14883 = SURFACE_STYLE_USAGE(.BOTH.,#14884);
#14884 = SURFACE_SIDE_STYLE('',(#14885));
#14885 = SURFACE_STYLE_FILL_AREA(#14886);
#14886 = FILL_AREA_STYLE('',(#14887));
#14887 = FILL_AREA_STYLE_COLOUR('',#13107);
#14888 = CURVE_STYLE('',#14889,POSITIVE_LENGTH_MEASURE(0.1),#13107);
#14889 = DRAUGHTING_PRE_DEFINED_CURVE_FONT('continuous');
#14890 = MECHANICAL_DESIGN_GEOMETRIC_PRESENTATION_REPRESENTATION('',(
    #14891),#8333);
#14891 = STYLED_ITEM('color',(#14892),#8321);
#14892 = PRESENTATION_STYLE_ASSIGNMENT((#14893,#14898));
#14893 = SURFACE_STYLE_USAGE(.BOTH.,#14894);
#14894 = SURFACE_SIDE_STYLE('',(#14895));
#14895 = SURFACE_STYLE_FILL_AREA(#14896);
#14896 = FILL_AREA_STYLE('',(#14897));
#14897 = FILL_AREA_STYLE_COLOUR('',#13107);
#14898 = CURVE_STYLE('',#14899,POSITIVE_LENGTH_MEASURE(0.1),#13107);
#14899 = DRAUGHTING_PRE_DEFINED_CURVE_FONT('continuous');
#14900 = MECHANICAL_DESIGN_GEOMETRIC_PRESENTATION_REPRESENTATION('',(
    #14901),#8302);
#14901 = STYLED_ITEM('color',(#14902),#8290);
#14902 = PRESENTATION_STYLE_ASSIGNMENT((#14903,#14908));
#14903 = SURFACE_STYLE_USAGE(.BOTH.,#14904);
#14904 = SURFACE_SIDE_STYLE('',(#14905));
#14905 = SURFACE_STYLE_FILL_AREA(#14906);
#14906 = FILL_AREA_STYLE('',(#14907));
#14907 = FILL_AREA_STYLE_COLOUR('',#13107);
#14908 = CURVE_STYLE('',#14909,POSITIVE_LENGTH_MEASURE(0.1),#13107);
#14909 = DRAUGHTING_PRE_DEFINED_CURVE_FONT('continuous');
#14910 = MECHANICAL_DESIGN_GEOMETRIC_PRESENTATION_REPRESENTATION('',(
    #14911),#5977);
#14911 = STYLED_ITEM('color',(#14912),#5965);
#14912 = PRESENTATION_STYLE_ASSIGNMENT((#14913,#14918));
#14913 = SURFACE_STYLE_USAGE(.BOTH.,#14914);
#14914 = SURFACE_SIDE_STYLE('',(#14915));
#14915 = SURFACE_STYLE_FILL_AREA(#14916);
#14916 = FILL_AREA_STYLE('',(#14917));
#14917 = FILL_AREA_STYLE_COLOUR('',#13107);
#14918 = CURVE_STYLE('',#14919,POSITIVE_LENGTH_MEASURE(0.1),#13107);
#14919 = DRAUGHTING_PRE_DEFINED_CURVE_FONT('continuous');
#14920 = MECHANICAL_DESIGN_GEOMETRIC_PRESENTATION_REPRESENTATION('',(
    #14921),#8643);
#14921 = STYLED_ITEM('color',(#14922),#8631);
#14922 = PRESENTATION_STYLE_ASSIGNMENT((#14923,#14928));
#14923 = SURFACE_STYLE_USAGE(.BOTH.,#14924);
#14924 = SURFACE_SIDE_STYLE('',(#14925));
#14925 = SURFACE_STYLE_FILL_AREA(#14926);
#14926 = FILL_AREA_STYLE('',(#14927));
#14927 = FILL_AREA_STYLE_COLOUR('',#13107);
#14928 = CURVE_STYLE('',#14929,POSITIVE_LENGTH_MEASURE(0.1),#13107);
#14929 = DRAUGHTING_PRE_DEFINED_CURVE_FONT('continuous');
#14930 = MECHANICAL_DESIGN_GEOMETRIC_PRESENTATION_REPRESENTATION('',(
    #14931),#10131);
#14931 = STYLED_ITEM('color',(#14932),#10119);
#14932 = PRESENTATION_STYLE_ASSIGNMENT((#14933,#14938));
#14933 = SURFACE_STYLE_USAGE(.BOTH.,#14934);
#14934 = SURFACE_SIDE_STYLE('',(#14935));
#14935 = SURFACE_STYLE_FILL_AREA(#14936);
#14936 = FILL_AREA_STYLE('',(#14937));
#14937 = FILL_AREA_STYLE_COLOUR('',#13107);
#14938 = CURVE_STYLE('',#14939,POSITIVE_LENGTH_MEASURE(0.1),#13107);
#14939 = DRAUGHTING_PRE_DEFINED_CURVE_FONT('continuous');
#14940 = MECHANICAL_DESIGN_GEOMETRIC_PRESENTATION_REPRESENTATION('',(
    #14941),#5171);
#14941 = STYLED_ITEM('color',(#14942),#5159);
#14942 = PRESENTATION_STYLE_ASSIGNMENT((#14943,#14948));
#14943 = SURFACE_STYLE_USAGE(.BOTH.,#14944);
#14944 = SURFACE_SIDE_STYLE('',(#14945));
#14945 = SURFACE_STYLE_FILL_AREA(#14946);
#14946 = FILL_AREA_STYLE('',(#14947));
#14947 = FILL_AREA_STYLE_COLOUR('',#13107);
#14948 = CURVE_STYLE('',#14949,POSITIVE_LENGTH_MEASURE(0.1),#13107);
#14949 = DRAUGHTING_PRE_DEFINED_CURVE_FONT('continuous');
#14950 = MECHANICAL_DESIGN_GEOMETRIC_PRESENTATION_REPRESENTATION('',(
    #14951),#10162);
#14951 = STYLED_ITEM('color',(#14952),#10150);
#14952 = PRESENTATION_STYLE_ASSIGNMENT((#14953,#14958));
#14953 = SURFACE_STYLE_USAGE(.BOTH.,#14954);
#14954 = SURFACE_SIDE_STYLE('',(#14955));
#14955 = SURFACE_STYLE_FILL_AREA(#14956);
#14956 = FILL_AREA_STYLE('',(#14957));
#14957 = FILL_AREA_STYLE_COLOUR('',#13107);
#14958 = CURVE_STYLE('',#14959,POSITIVE_LENGTH_MEASURE(0.1),#13107);
#14959 = DRAUGHTING_PRE_DEFINED_CURVE_FONT('continuous');
#14960 = MECHANICAL_DESIGN_GEOMETRIC_PRESENTATION_REPRESENTATION('',(
    #14961),#7465);
#14961 = STYLED_ITEM('color',(#14962),#7453);
#14962 = PRESENTATION_STYLE_ASSIGNMENT((#14963,#14968));
#14963 = SURFACE_STYLE_USAGE(.BOTH.,#14964);
#14964 = SURFACE_SIDE_STYLE('',(#14965));
#14965 = SURFACE_STYLE_FILL_AREA(#14966);
#14966 = FILL_AREA_STYLE('',(#14967));
#14967 = FILL_AREA_STYLE_COLOUR('',#13107);
#14968 = CURVE_STYLE('',#14969,POSITIVE_LENGTH_MEASURE(0.1),#13107);
#14969 = DRAUGHTING_PRE_DEFINED_CURVE_FONT('continuous');
#14970 = MECHANICAL_DESIGN_GEOMETRIC_PRESENTATION_REPRESENTATION('',(
    #14971),#7248);
#14971 = STYLED_ITEM('color',(#14972),#7236);
#14972 = PRESENTATION_STYLE_ASSIGNMENT((#14973,#14978));
#14973 = SURFACE_STYLE_USAGE(.BOTH.,#14974);
#14974 = SURFACE_SIDE_STYLE('',(#14975));
#14975 = SURFACE_STYLE_FILL_AREA(#14976);
#14976 = FILL_AREA_STYLE('',(#14977));
#14977 = FILL_AREA_STYLE_COLOUR('',#13107);
#14978 = CURVE_STYLE('',#14979,POSITIVE_LENGTH_MEASURE(0.1),#13107);
#14979 = DRAUGHTING_PRE_DEFINED_CURVE_FONT('continuous');
#14980 = MECHANICAL_DESIGN_GEOMETRIC_PRESENTATION_REPRESENTATION('',(
    #14981),#7775);
#14981 = STYLED_ITEM('color',(#14982),#7763);
#14982 = PRESENTATION_STYLE_ASSIGNMENT((#14983,#14988));
#14983 = SURFACE_STYLE_USAGE(.BOTH.,#14984);
#14984 = SURFACE_SIDE_STYLE('',(#14985));
#14985 = SURFACE_STYLE_FILL_AREA(#14986);
#14986 = FILL_AREA_STYLE('',(#14987));
#14987 = FILL_AREA_STYLE_COLOUR('',#13107);
#14988 = CURVE_STYLE('',#14989,POSITIVE_LENGTH_MEASURE(0.1),#13107);
#14989 = DRAUGHTING_PRE_DEFINED_CURVE_FONT('continuous');
#14990 = MECHANICAL_DESIGN_GEOMETRIC_PRESENTATION_REPRESENTATION('',(
    #14991),#3218);
#14991 = STYLED_ITEM('color',(#14992),#3206);
#14992 = PRESENTATION_STYLE_ASSIGNMENT((#14993,#14998));
#14993 = SURFACE_STYLE_USAGE(.BOTH.,#14994);
#14994 = SURFACE_SIDE_STYLE('',(#14995));
#14995 = SURFACE_STYLE_FILL_AREA(#14996);
#14996 = FILL_AREA_STYLE('',(#14997));
#14997 = FILL_AREA_STYLE_COLOUR('',#13107);
#14998 = CURVE_STYLE('',#14999,POSITIVE_LENGTH_MEASURE(0.1),#13107);
#14999 = DRAUGHTING_PRE_DEFINED_CURVE_FONT('continuous');
#15000 = MECHANICAL_DESIGN_GEOMETRIC_PRESENTATION_REPRESENTATION('',(
    #15001),#6349);
#15001 = STYLED_ITEM('color',(#15002),#6337);
#15002 = PRESENTATION_STYLE_ASSIGNMENT((#15003,#15008));
#15003 = SURFACE_STYLE_USAGE(.BOTH.,#15004);
#15004 = SURFACE_SIDE_STYLE('',(#15005));
#15005 = SURFACE_STYLE_FILL_AREA(#15006);
#15006 = FILL_AREA_STYLE('',(#15007));
#15007 = FILL_AREA_STYLE_COLOUR('',#13107);
#15008 = CURVE_STYLE('',#15009,POSITIVE_LENGTH_MEASURE(0.1),#13107);
#15009 = DRAUGHTING_PRE_DEFINED_CURVE_FONT('continuous');
#15010 = MECHANICAL_DESIGN_GEOMETRIC_PRESENTATION_REPRESENTATION('',(
    #15011),#11495);
#15011 = STYLED_ITEM('color',(#15012),#11483);
#15012 = PRESENTATION_STYLE_ASSIGNMENT((#15013,#15018));
#15013 = SURFACE_STYLE_USAGE(.BOTH.,#15014);
#15014 = SURFACE_SIDE_STYLE('',(#15015));
#15015 = SURFACE_STYLE_FILL_AREA(#15016);
#15016 = FILL_AREA_STYLE('',(#15017));
#15017 = FILL_AREA_STYLE_COLOUR('',#13107);
#15018 = CURVE_STYLE('',#15019,POSITIVE_LENGTH_MEASURE(0.1),#13107);
#15019 = DRAUGHTING_PRE_DEFINED_CURVE_FONT('continuous');
#15020 = MECHANICAL_DESIGN_GEOMETRIC_PRESENTATION_REPRESENTATION('',(
    #15021),#8767);
#15021 = STYLED_ITEM('color',(#15022),#8755);
#15022 = PRESENTATION_STYLE_ASSIGNMENT((#15023,#15028));
#15023 = SURFACE_STYLE_USAGE(.BOTH.,#15024);
#15024 = SURFACE_SIDE_STYLE('',(#15025));
#15025 = SURFACE_STYLE_FILL_AREA(#15026);
#15026 = FILL_AREA_STYLE('',(#15027));
#15027 = FILL_AREA_STYLE_COLOUR('',#13107);
#15028 = CURVE_STYLE('',#15029,POSITIVE_LENGTH_MEASURE(0.1),#13107);
#15029 = DRAUGHTING_PRE_DEFINED_CURVE_FONT('continuous');
#15030 = MECHANICAL_DESIGN_GEOMETRIC_PRESENTATION_REPRESENTATION('',(
    #15031),#8860);
#15031 = STYLED_ITEM('color',(#15032),#8848);
#15032 = PRESENTATION_STYLE_ASSIGNMENT((#15033,#15038));
#15033 = SURFACE_STYLE_USAGE(.BOTH.,#15034);
#15034 = SURFACE_SIDE_STYLE('',(#15035));
#15035 = SURFACE_STYLE_FILL_AREA(#15036);
#15036 = FILL_AREA_STYLE('',(#15037));
#15037 = FILL_AREA_STYLE_COLOUR('',#13107);
#15038 = CURVE_STYLE('',#15039,POSITIVE_LENGTH_MEASURE(0.1),#13107);
#15039 = DRAUGHTING_PRE_DEFINED_CURVE_FONT('continuous');
#15040 = MECHANICAL_DESIGN_GEOMETRIC_PRESENTATION_REPRESENTATION('',(
    #15041),#4551);
#15041 = STYLED_ITEM('color',(#15042),#4539);
#15042 = PRESENTATION_STYLE_ASSIGNMENT((#15043,#15048));
#15043 = SURFACE_STYLE_USAGE(.BOTH.,#15044);
#15044 = SURFACE_SIDE_STYLE('',(#15045));
#15045 = SURFACE_STYLE_FILL_AREA(#15046);
#15046 = FILL_AREA_STYLE('',(#15047));
#15047 = FILL_AREA_STYLE_COLOUR('',#13107);
#15048 = CURVE_STYLE('',#15049,POSITIVE_LENGTH_MEASURE(0.1),#13107);
#15049 = DRAUGHTING_PRE_DEFINED_CURVE_FONT('continuous');
#15050 = MECHANICAL_DESIGN_GEOMETRIC_PRESENTATION_REPRESENTATION('',(
    #15051),#9945);
#15051 = STYLED_ITEM('color',(#15052),#9933);
#15052 = PRESENTATION_STYLE_ASSIGNMENT((#15053,#15058));
#15053 = SURFACE_STYLE_USAGE(.BOTH.,#15054);
#15054 = SURFACE_SIDE_STYLE('',(#15055));
#15055 = SURFACE_STYLE_FILL_AREA(#15056);
#15056 = FILL_AREA_STYLE('',(#15057));
#15057 = FILL_AREA_STYLE_COLOUR('',#13107);
#15058 = CURVE_STYLE('',#15059,POSITIVE_LENGTH_MEASURE(0.1),#13107);
#15059 = DRAUGHTING_PRE_DEFINED_CURVE_FONT('continuous');
#15060 = MECHANICAL_DESIGN_GEOMETRIC_PRESENTATION_REPRESENTATION('',(
    #15061),#6504);
#15061 = STYLED_ITEM('color',(#15062),#6492);
#15062 = PRESENTATION_STYLE_ASSIGNMENT((#15063,#15068));
#15063 = SURFACE_STYLE_USAGE(.BOTH.,#15064);
#15064 = SURFACE_SIDE_STYLE('',(#15065));
#15065 = SURFACE_STYLE_FILL_AREA(#15066);
#15066 = FILL_AREA_STYLE('',(#15067));
#15067 = FILL_AREA_STYLE_COLOUR('',#13107);
#15068 = CURVE_STYLE('',#15069,POSITIVE_LENGTH_MEASURE(0.1),#13107);
#15069 = DRAUGHTING_PRE_DEFINED_CURVE_FONT('continuous');
#15070 = MECHANICAL_DESIGN_GEOMETRIC_PRESENTATION_REPRESENTATION('',(
    #15071),#3249);
#15071 = STYLED_ITEM('color',(#15072),#3237);
#15072 = PRESENTATION_STYLE_ASSIGNMENT((#15073,#15078));
#15073 = SURFACE_STYLE_USAGE(.BOTH.,#15074);
#15074 = SURFACE_SIDE_STYLE('',(#15075));
#15075 = SURFACE_STYLE_FILL_AREA(#15076);
#15076 = FILL_AREA_STYLE('',(#15077));
#15077 = FILL_AREA_STYLE_COLOUR('',#13107);
#15078 = CURVE_STYLE('',#15079,POSITIVE_LENGTH_MEASURE(0.1),#13107);
#15079 = DRAUGHTING_PRE_DEFINED_CURVE_FONT('continuous');
#15080 = MECHANICAL_DESIGN_GEOMETRIC_PRESENTATION_REPRESENTATION('',(
    #15081),#12239);
#15081 = STYLED_ITEM('color',(#15082),#12227);
#15082 = PRESENTATION_STYLE_ASSIGNMENT((#15083,#15088));
#15083 = SURFACE_STYLE_USAGE(.BOTH.,#15084);
#15084 = SURFACE_SIDE_STYLE('',(#15085));
#15085 = SURFACE_STYLE_FILL_AREA(#15086);
#15086 = FILL_AREA_STYLE('',(#15087));
#15087 = FILL_AREA_STYLE_COLOUR('',#13107);
#15088 = CURVE_STYLE('',#15089,POSITIVE_LENGTH_MEASURE(0.1),#13107);
#15089 = DRAUGHTING_PRE_DEFINED_CURVE_FONT('continuous');
#15090 = MECHANICAL_DESIGN_GEOMETRIC_PRESENTATION_REPRESENTATION('',(
    #15091),#1916);
#15091 = STYLED_ITEM('color',(#15092),#1904);
#15092 = PRESENTATION_STYLE_ASSIGNMENT((#15093,#15098));
#15093 = SURFACE_STYLE_USAGE(.BOTH.,#15094);
#15094 = SURFACE_SIDE_STYLE('',(#15095));
#15095 = SURFACE_STYLE_FILL_AREA(#15096);
#15096 = FILL_AREA_STYLE('',(#15097));
#15097 = FILL_AREA_STYLE_COLOUR('',#13107);
#15098 = CURVE_STYLE('',#15099,POSITIVE_LENGTH_MEASURE(0.1),#13107);
#15099 = DRAUGHTING_PRE_DEFINED_CURVE_FONT('continuous');
#15100 = MECHANICAL_DESIGN_GEOMETRIC_PRESENTATION_REPRESENTATION('',(
    #15101),#5822);
#15101 = STYLED_ITEM('color',(#15102),#5810);
#15102 = PRESENTATION_STYLE_ASSIGNMENT((#15103,#15108));
#15103 = SURFACE_STYLE_USAGE(.BOTH.,#15104);
#15104 = SURFACE_SIDE_STYLE('',(#15105));
#15105 = SURFACE_STYLE_FILL_AREA(#15106);
#15106 = FILL_AREA_STYLE('',(#15107));
#15107 = FILL_AREA_STYLE_COLOUR('',#13107);
#15108 = CURVE_STYLE('',#15109,POSITIVE_LENGTH_MEASURE(0.1),#13107);
#15109 = DRAUGHTING_PRE_DEFINED_CURVE_FONT('continuous');
#15110 = MECHANICAL_DESIGN_GEOMETRIC_PRESENTATION_REPRESENTATION('',(
    #15111),#10689);
#15111 = STYLED_ITEM('color',(#15112),#10677);
#15112 = PRESENTATION_STYLE_ASSIGNMENT((#15113,#15118));
#15113 = SURFACE_STYLE_USAGE(.BOTH.,#15114);
#15114 = SURFACE_SIDE_STYLE('',(#15115));
#15115 = SURFACE_STYLE_FILL_AREA(#15116);
#15116 = FILL_AREA_STYLE('',(#15117));
#15117 = FILL_AREA_STYLE_COLOUR('',#13107);
#15118 = CURVE_STYLE('',#15119,POSITIVE_LENGTH_MEASURE(0.1),#13107);
#15119 = DRAUGHTING_PRE_DEFINED_CURVE_FONT('continuous');
#15120 = MECHANICAL_DESIGN_GEOMETRIC_PRESENTATION_REPRESENTATION('',(
    #15121),#4861);
#15121 = STYLED_ITEM('color',(#15122),#4849);
#15122 = PRESENTATION_STYLE_ASSIGNMENT((#15123,#15128));
#15123 = SURFACE_STYLE_USAGE(.BOTH.,#15124);
#15124 = SURFACE_SIDE_STYLE('',(#15125));
#15125 = SURFACE_STYLE_FILL_AREA(#15126);
#15126 = FILL_AREA_STYLE('',(#15127));
#15127 = FILL_AREA_STYLE_COLOUR('',#13107);
#15128 = CURVE_STYLE('',#15129,POSITIVE_LENGTH_MEASURE(0.1),#13107);
#15129 = DRAUGHTING_PRE_DEFINED_CURVE_FONT('continuous');
#15130 = MECHANICAL_DESIGN_GEOMETRIC_PRESENTATION_REPRESENTATION('',(
    #15131),#2195);
#15131 = STYLED_ITEM('color',(#15132),#2183);
#15132 = PRESENTATION_STYLE_ASSIGNMENT((#15133,#15138));
#15133 = SURFACE_STYLE_USAGE(.BOTH.,#15134);
#15134 = SURFACE_SIDE_STYLE('',(#15135));
#15135 = SURFACE_STYLE_FILL_AREA(#15136);
#15136 = FILL_AREA_STYLE('',(#15137));
#15137 = FILL_AREA_STYLE_COLOUR('',#13107);
#15138 = CURVE_STYLE('',#15139,POSITIVE_LENGTH_MEASURE(0.1),#13107);
#15139 = DRAUGHTING_PRE_DEFINED_CURVE_FONT('continuous');
#15140 = MECHANICAL_DESIGN_GEOMETRIC_PRESENTATION_REPRESENTATION('',(
    #15141),#4954);
#15141 = STYLED_ITEM('color',(#15142),#4942);
#15142 = PRESENTATION_STYLE_ASSIGNMENT((#15143,#15148));
#15143 = SURFACE_STYLE_USAGE(.BOTH.,#15144);
#15144 = SURFACE_SIDE_STYLE('',(#15145));
#15145 = SURFACE_STYLE_FILL_AREA(#15146);
#15146 = FILL_AREA_STYLE('',(#15147));
#15147 = FILL_AREA_STYLE_COLOUR('',#13107);
#15148 = CURVE_STYLE('',#15149,POSITIVE_LENGTH_MEASURE(0.1),#13107);
#15149 = DRAUGHTING_PRE_DEFINED_CURVE_FONT('continuous');
#15150 = MECHANICAL_DESIGN_GEOMETRIC_PRESENTATION_REPRESENTATION('',(
    #15151),#3373);
#15151 = STYLED_ITEM('color',(#15152),#3361);
#15152 = PRESENTATION_STYLE_ASSIGNMENT((#15153,#15158));
#15153 = SURFACE_STYLE_USAGE(.BOTH.,#15154);
#15154 = SURFACE_SIDE_STYLE('',(#15155));
#15155 = SURFACE_STYLE_FILL_AREA(#15156);
#15156 = FILL_AREA_STYLE('',(#15157));
#15157 = FILL_AREA_STYLE_COLOUR('',#13107);
#15158 = CURVE_STYLE('',#15159,POSITIVE_LENGTH_MEASURE(0.1),#13107);
#15159 = DRAUGHTING_PRE_DEFINED_CURVE_FONT('continuous');
#15160 = MECHANICAL_DESIGN_GEOMETRIC_PRESENTATION_REPRESENTATION('',(
    #15161),#7372);
#15161 = STYLED_ITEM('color',(#15162),#7360);
#15162 = PRESENTATION_STYLE_ASSIGNMENT((#15163,#15168));
#15163 = SURFACE_STYLE_USAGE(.BOTH.,#15164);
#15164 = SURFACE_SIDE_STYLE('',(#15165));
#15165 = SURFACE_STYLE_FILL_AREA(#15166);
#15166 = FILL_AREA_STYLE('',(#15167));
#15167 = FILL_AREA_STYLE_COLOUR('',#13107);
#15168 = CURVE_STYLE('',#15169,POSITIVE_LENGTH_MEASURE(0.1),#13107);
#15169 = DRAUGHTING_PRE_DEFINED_CURVE_FONT('continuous');
#15170 = MECHANICAL_DESIGN_GEOMETRIC_PRESENTATION_REPRESENTATION('',(
    #15171),#2784);
#15171 = STYLED_ITEM('color',(#15172),#2772);
#15172 = PRESENTATION_STYLE_ASSIGNMENT((#15173,#15178));
#15173 = SURFACE_STYLE_USAGE(.BOTH.,#15174);
#15174 = SURFACE_SIDE_STYLE('',(#15175));
#15175 = SURFACE_STYLE_FILL_AREA(#15176);
#15176 = FILL_AREA_STYLE('',(#15177));
#15177 = FILL_AREA_STYLE_COLOUR('',#13107);
#15178 = CURVE_STYLE('',#15179,POSITIVE_LENGTH_MEASURE(0.1),#13107);
#15179 = DRAUGHTING_PRE_DEFINED_CURVE_FONT('continuous');
#15180 = MECHANICAL_DESIGN_GEOMETRIC_PRESENTATION_REPRESENTATION('',(
    #15181),#11092);
#15181 = STYLED_ITEM('color',(#15182),#11080);
#15182 = PRESENTATION_STYLE_ASSIGNMENT((#15183,#15188));
#15183 = SURFACE_STYLE_USAGE(.BOTH.,#15184);
#15184 = SURFACE_SIDE_STYLE('',(#15185));
#15185 = SURFACE_STYLE_FILL_AREA(#15186);
#15186 = FILL_AREA_STYLE('',(#15187));
#15187 = FILL_AREA_STYLE_COLOUR('',#13107);
#15188 = CURVE_STYLE('',#15189,POSITIVE_LENGTH_MEASURE(0.1),#13107);
#15189 = DRAUGHTING_PRE_DEFINED_CURVE_FONT('continuous');
#15190 = MECHANICAL_DESIGN_GEOMETRIC_PRESENTATION_REPRESENTATION('',(
    #15191),#5326);
#15191 = STYLED_ITEM('color',(#15192),#5314);
#15192 = PRESENTATION_STYLE_ASSIGNMENT((#15193,#15198));
#15193 = SURFACE_STYLE_USAGE(.BOTH.,#15194);
#15194 = SURFACE_SIDE_STYLE('',(#15195));
#15195 = SURFACE_STYLE_FILL_AREA(#15196);
#15196 = FILL_AREA_STYLE('',(#15197));
#15197 = FILL_AREA_STYLE_COLOUR('',#13107);
#15198 = CURVE_STYLE('',#15199,POSITIVE_LENGTH_MEASURE(0.1),#13107);
#15199 = DRAUGHTING_PRE_DEFINED_CURVE_FONT('continuous');
#15200 = MECHANICAL_DESIGN_GEOMETRIC_PRESENTATION_REPRESENTATION('',(
    #15201),#10410);
#15201 = STYLED_ITEM('color',(#15202),#10398);
#15202 = PRESENTATION_STYLE_ASSIGNMENT((#15203,#15208));
#15203 = SURFACE_STYLE_USAGE(.BOTH.,#15204);
#15204 = SURFACE_SIDE_STYLE('',(#15205));
#15205 = SURFACE_STYLE_FILL_AREA(#15206);
#15206 = FILL_AREA_STYLE('',(#15207));
#15207 = FILL_AREA_STYLE_COLOUR('',#13107);
#15208 = CURVE_STYLE('',#15209,POSITIVE_LENGTH_MEASURE(0.1),#13107);
#15209 = DRAUGHTING_PRE_DEFINED_CURVE_FONT('continuous');
#15210 = MECHANICAL_DESIGN_GEOMETRIC_PRESENTATION_REPRESENTATION('',(
    #15211),#10472);
#15211 = STYLED_ITEM('color',(#15212),#10460);
#15212 = PRESENTATION_STYLE_ASSIGNMENT((#15213,#15218));
#15213 = SURFACE_STYLE_USAGE(.BOTH.,#15214);
#15214 = SURFACE_SIDE_STYLE('',(#15215));
#15215 = SURFACE_STYLE_FILL_AREA(#15216);
#15216 = FILL_AREA_STYLE('',(#15217));
#15217 = FILL_AREA_STYLE_COLOUR('',#13107);
#15218 = CURVE_STYLE('',#15219,POSITIVE_LENGTH_MEASURE(0.1),#13107);
#15219 = DRAUGHTING_PRE_DEFINED_CURVE_FONT('continuous');
#15220 = MECHANICAL_DESIGN_GEOMETRIC_PRESENTATION_REPRESENTATION('',(
    #15221),#9914);
#15221 = STYLED_ITEM('color',(#15222),#9902);
#15222 = PRESENTATION_STYLE_ASSIGNMENT((#15223,#15228));
#15223 = SURFACE_STYLE_USAGE(.BOTH.,#15224);
#15224 = SURFACE_SIDE_STYLE('',(#15225));
#15225 = SURFACE_STYLE_FILL_AREA(#15226);
#15226 = FILL_AREA_STYLE('',(#15227));
#15227 = FILL_AREA_STYLE_COLOUR('',#13107);
#15228 = CURVE_STYLE('',#15229,POSITIVE_LENGTH_MEASURE(0.1),#13107);
#15229 = DRAUGHTING_PRE_DEFINED_CURVE_FONT('continuous');
#15230 = MECHANICAL_DESIGN_GEOMETRIC_PRESENTATION_REPRESENTATION('',(
    #15231),#6101);
#15231 = STYLED_ITEM('color',(#15232),#6089);
#15232 = PRESENTATION_STYLE_ASSIGNMENT((#15233,#15238));
#15233 = SURFACE_STYLE_USAGE(.BOTH.,#15234);
#15234 = SURFACE_SIDE_STYLE('',(#15235));
#15235 = SURFACE_STYLE_FILL_AREA(#15236);
#15236 = FILL_AREA_STYLE('',(#15237));
#15237 = FILL_AREA_STYLE_COLOUR('',#13107);
#15238 = CURVE_STYLE('',#15239,POSITIVE_LENGTH_MEASURE(0.1),#13107);
#15239 = DRAUGHTING_PRE_DEFINED_CURVE_FONT('continuous');
#15240 = MECHANICAL_DESIGN_GEOMETRIC_PRESENTATION_REPRESENTATION('',(
    #15241),#9759);
#15241 = STYLED_ITEM('color',(#15242),#9747);
#15242 = PRESENTATION_STYLE_ASSIGNMENT((#15243,#15248));
#15243 = SURFACE_STYLE_USAGE(.BOTH.,#15244);
#15244 = SURFACE_SIDE_STYLE('',(#15245));
#15245 = SURFACE_STYLE_FILL_AREA(#15246);
#15246 = FILL_AREA_STYLE('',(#15247));
#15247 = FILL_AREA_STYLE_COLOUR('',#13107);
#15248 = CURVE_STYLE('',#15249,POSITIVE_LENGTH_MEASURE(0.1),#13107);
#15249 = DRAUGHTING_PRE_DEFINED_CURVE_FONT('continuous');
#15250 = MECHANICAL_DESIGN_GEOMETRIC_PRESENTATION_REPRESENTATION('',(
    #15251),#9139);
#15251 = STYLED_ITEM('color',(#15252),#9127);
#15252 = PRESENTATION_STYLE_ASSIGNMENT((#15253,#15258));
#15253 = SURFACE_STYLE_USAGE(.BOTH.,#15254);
#15254 = SURFACE_SIDE_STYLE('',(#15255));
#15255 = SURFACE_STYLE_FILL_AREA(#15256);
#15256 = FILL_AREA_STYLE('',(#15257));
#15257 = FILL_AREA_STYLE_COLOUR('',#13107);
#15258 = CURVE_STYLE('',#15259,POSITIVE_LENGTH_MEASURE(0.1),#13107);
#15259 = DRAUGHTING_PRE_DEFINED_CURVE_FONT('continuous');
#15260 = MECHANICAL_DESIGN_GEOMETRIC_PRESENTATION_REPRESENTATION('',(
    #15261),#1606);
#15261 = STYLED_ITEM('color',(#15262),#1594);
#15262 = PRESENTATION_STYLE_ASSIGNMENT((#15263,#15268));
#15263 = SURFACE_STYLE_USAGE(.BOTH.,#15264);
#15264 = SURFACE_SIDE_STYLE('',(#15265));
#15265 = SURFACE_STYLE_FILL_AREA(#15266);
#15266 = FILL_AREA_STYLE('',(#15267));
#15267 = FILL_AREA_STYLE_COLOUR('',#13107);
#15268 = CURVE_STYLE('',#15269,POSITIVE_LENGTH_MEASURE(0.1),#13107);
#15269 = DRAUGHTING_PRE_DEFINED_CURVE_FONT('continuous');
#15270 = MECHANICAL_DESIGN_GEOMETRIC_PRESENTATION_REPRESENTATION('',(
    #15271),#9604);
#15271 = STYLED_ITEM('color',(#15272),#9592);
#15272 = PRESENTATION_STYLE_ASSIGNMENT((#15273,#15278));
#15273 = SURFACE_STYLE_USAGE(.BOTH.,#15274);
#15274 = SURFACE_SIDE_STYLE('',(#15275));
#15275 = SURFACE_STYLE_FILL_AREA(#15276);
#15276 = FILL_AREA_STYLE('',(#15277));
#15277 = FILL_AREA_STYLE_COLOUR('',#13107);
#15278 = CURVE_STYLE('',#15279,POSITIVE_LENGTH_MEASURE(0.1),#13107);
#15279 = DRAUGHTING_PRE_DEFINED_CURVE_FONT('continuous');
#15280 = MECHANICAL_DESIGN_GEOMETRIC_PRESENTATION_REPRESENTATION('',(
    #15281),#10286);
#15281 = STYLED_ITEM('color',(#15282),#10274);
#15282 = PRESENTATION_STYLE_ASSIGNMENT((#15283,#15288));
#15283 = SURFACE_STYLE_USAGE(.BOTH.,#15284);
#15284 = SURFACE_SIDE_STYLE('',(#15285));
#15285 = SURFACE_STYLE_FILL_AREA(#15286);
#15286 = FILL_AREA_STYLE('',(#15287));
#15287 = FILL_AREA_STYLE_COLOUR('',#13107);
#15288 = CURVE_STYLE('',#15289,POSITIVE_LENGTH_MEASURE(0.1),#13107);
#15289 = DRAUGHTING_PRE_DEFINED_CURVE_FONT('continuous');
#15290 = MECHANICAL_DESIGN_GEOMETRIC_PRESENTATION_REPRESENTATION('',(
    #15291),#8829);
#15291 = STYLED_ITEM('color',(#15292),#8817);
#15292 = PRESENTATION_STYLE_ASSIGNMENT((#15293,#15298));
#15293 = SURFACE_STYLE_USAGE(.BOTH.,#15294);
#15294 = SURFACE_SIDE_STYLE('',(#15295));
#15295 = SURFACE_STYLE_FILL_AREA(#15296);
#15296 = FILL_AREA_STYLE('',(#15297));
#15297 = FILL_AREA_STYLE_COLOUR('',#13107);
#15298 = CURVE_STYLE('',#15299,POSITIVE_LENGTH_MEASURE(0.1),#13107);
#15299 = DRAUGHTING_PRE_DEFINED_CURVE_FONT('continuous');
#15300 = MECHANICAL_DESIGN_GEOMETRIC_PRESENTATION_REPRESENTATION('',(
    #15301),#10999);
#15301 = STYLED_ITEM('color',(#15302),#10987);
#15302 = PRESENTATION_STYLE_ASSIGNMENT((#15303,#15308));
#15303 = SURFACE_STYLE_USAGE(.BOTH.,#15304);
#15304 = SURFACE_SIDE_STYLE('',(#15305));
#15305 = SURFACE_STYLE_FILL_AREA(#15306);
#15306 = FILL_AREA_STYLE('',(#15307));
#15307 = FILL_AREA_STYLE_COLOUR('',#13107);
#15308 = CURVE_STYLE('',#15309,POSITIVE_LENGTH_MEASURE(0.1),#13107);
#15309 = DRAUGHTING_PRE_DEFINED_CURVE_FONT('continuous');
#15310 = MECHANICAL_DESIGN_GEOMETRIC_PRESENTATION_REPRESENTATION('',(
    #15311),#8798);
#15311 = STYLED_ITEM('color',(#15312),#8786);
#15312 = PRESENTATION_STYLE_ASSIGNMENT((#15313,#15318));
#15313 = SURFACE_STYLE_USAGE(.BOTH.,#15314);
#15314 = SURFACE_SIDE_STYLE('',(#15315));
#15315 = SURFACE_STYLE_FILL_AREA(#15316);
#15316 = FILL_AREA_STYLE('',(#15317));
#15317 = FILL_AREA_STYLE_COLOUR('',#13107);
#15318 = CURVE_STYLE('',#15319,POSITIVE_LENGTH_MEASURE(0.1),#13107);
#15319 = DRAUGHTING_PRE_DEFINED_CURVE_FONT('continuous');
#15320 = MECHANICAL_DESIGN_GEOMETRIC_PRESENTATION_REPRESENTATION('',(
    #15321),#4148);
#15321 = STYLED_ITEM('color',(#15322),#4136);
#15322 = PRESENTATION_STYLE_ASSIGNMENT((#15323,#15328));
#15323 = SURFACE_STYLE_USAGE(.BOTH.,#15324);
#15324 = SURFACE_SIDE_STYLE('',(#15325));
#15325 = SURFACE_STYLE_FILL_AREA(#15326);
#15326 = FILL_AREA_STYLE('',(#15327));
#15327 = FILL_AREA_STYLE_COLOUR('',#13107);
#15328 = CURVE_STYLE('',#15329,POSITIVE_LENGTH_MEASURE(0.1),#13107);
#15329 = DRAUGHTING_PRE_DEFINED_CURVE_FONT('continuous');
#15330 = MECHANICAL_DESIGN_GEOMETRIC_PRESENTATION_REPRESENTATION('',(
    #15331),#2629);
#15331 = STYLED_ITEM('color',(#15332),#2617);
#15332 = PRESENTATION_STYLE_ASSIGNMENT((#15333,#15338));
#15333 = SURFACE_STYLE_USAGE(.BOTH.,#15334);
#15334 = SURFACE_SIDE_STYLE('',(#15335));
#15335 = SURFACE_STYLE_FILL_AREA(#15336);
#15336 = FILL_AREA_STYLE('',(#15337));
#15337 = FILL_AREA_STYLE_COLOUR('',#13107);
#15338 = CURVE_STYLE('',#15339,POSITIVE_LENGTH_MEASURE(0.1),#13107);
#15339 = DRAUGHTING_PRE_DEFINED_CURVE_FONT('continuous');
#15340 = MECHANICAL_DESIGN_GEOMETRIC_PRESENTATION_REPRESENTATION('',(
    #15341),#7000);
#15341 = STYLED_ITEM('color',(#15342),#6988);
#15342 = PRESENTATION_STYLE_ASSIGNMENT((#15343,#15348));
#15343 = SURFACE_STYLE_USAGE(.BOTH.,#15344);
#15344 = SURFACE_SIDE_STYLE('',(#15345));
#15345 = SURFACE_STYLE_FILL_AREA(#15346);
#15346 = FILL_AREA_STYLE('',(#15347));
#15347 = FILL_AREA_STYLE_COLOUR('',#13107);
#15348 = CURVE_STYLE('',#15349,POSITIVE_LENGTH_MEASURE(0.1),#13107);
#15349 = DRAUGHTING_PRE_DEFINED_CURVE_FONT('continuous');
#15350 = MECHANICAL_DESIGN_GEOMETRIC_PRESENTATION_REPRESENTATION('',(
    #15351),#5543);
#15351 = STYLED_ITEM('color',(#15352),#5531);
#15352 = PRESENTATION_STYLE_ASSIGNMENT((#15353,#15358));
#15353 = SURFACE_STYLE_USAGE(.BOTH.,#15354);
#15354 = SURFACE_SIDE_STYLE('',(#15355));
#15355 = SURFACE_STYLE_FILL_AREA(#15356);
#15356 = FILL_AREA_STYLE('',(#15357));
#15357 = FILL_AREA_STYLE_COLOUR('',#13107);
#15358 = CURVE_STYLE('',#15359,POSITIVE_LENGTH_MEASURE(0.1),#13107);
#15359 = DRAUGHTING_PRE_DEFINED_CURVE_FONT('continuous');
#15360 = MECHANICAL_DESIGN_GEOMETRIC_PRESENTATION_REPRESENTATION('',(
    #15361),#9232);
#15361 = STYLED_ITEM('color',(#15362),#9220);
#15362 = PRESENTATION_STYLE_ASSIGNMENT((#15363,#15368));
#15363 = SURFACE_STYLE_USAGE(.BOTH.,#15364);
#15364 = SURFACE_SIDE_STYLE('',(#15365));
#15365 = SURFACE_STYLE_FILL_AREA(#15366);
#15366 = FILL_AREA_STYLE('',(#15367));
#15367 = FILL_AREA_STYLE_COLOUR('',#13107);
#15368 = CURVE_STYLE('',#15369,POSITIVE_LENGTH_MEASURE(0.1),#13107);
#15369 = DRAUGHTING_PRE_DEFINED_CURVE_FONT('continuous');
#15370 = MECHANICAL_DESIGN_GEOMETRIC_PRESENTATION_REPRESENTATION('',(
    #15371),#5946);
#15371 = STYLED_ITEM('color',(#15372),#5934);
#15372 = PRESENTATION_STYLE_ASSIGNMENT((#15373,#15378));
#15373 = SURFACE_STYLE_USAGE(.BOTH.,#15374);
#15374 = SURFACE_SIDE_STYLE('',(#15375));
#15375 = SURFACE_STYLE_FILL_AREA(#15376);
#15376 = FILL_AREA_STYLE('',(#15377));
#15377 = FILL_AREA_STYLE_COLOUR('',#13107);
#15378 = CURVE_STYLE('',#15379,POSITIVE_LENGTH_MEASURE(0.1),#13107);
#15379 = DRAUGHTING_PRE_DEFINED_CURVE_FONT('continuous');
#15380 = MECHANICAL_DESIGN_GEOMETRIC_PRESENTATION_REPRESENTATION('',(
    #15381),#2846);
#15381 = STYLED_ITEM('color',(#15382),#2834);
#15382 = PRESENTATION_STYLE_ASSIGNMENT((#15383,#15388));
#15383 = SURFACE_STYLE_USAGE(.BOTH.,#15384);
#15384 = SURFACE_SIDE_STYLE('',(#15385));
#15385 = SURFACE_STYLE_FILL_AREA(#15386);
#15386 = FILL_AREA_STYLE('',(#15387));
#15387 = FILL_AREA_STYLE_COLOUR('',#13107);
#15388 = CURVE_STYLE('',#15389,POSITIVE_LENGTH_MEASURE(0.1),#13107);
#15389 = DRAUGHTING_PRE_DEFINED_CURVE_FONT('continuous');
#15390 = MECHANICAL_DESIGN_GEOMETRIC_PRESENTATION_REPRESENTATION('',(
    #15391),#10627);
#15391 = STYLED_ITEM('color',(#15392),#10615);
#15392 = PRESENTATION_STYLE_ASSIGNMENT((#15393,#15398));
#15393 = SURFACE_STYLE_USAGE(.BOTH.,#15394);
#15394 = SURFACE_SIDE_STYLE('',(#15395));
#15395 = SURFACE_STYLE_FILL_AREA(#15396);
#15396 = FILL_AREA_STYLE('',(#15397));
#15397 = FILL_AREA_STYLE_COLOUR('',#13107);
#15398 = CURVE_STYLE('',#15399,POSITIVE_LENGTH_MEASURE(0.1),#13107);
#15399 = DRAUGHTING_PRE_DEFINED_CURVE_FONT('continuous');
#15400 = MECHANICAL_DESIGN_GEOMETRIC_PRESENTATION_REPRESENTATION('',(
    #15401),#11309);
#15401 = STYLED_ITEM('color',(#15402),#11297);
#15402 = PRESENTATION_STYLE_ASSIGNMENT((#15403,#15408));
#15403 = SURFACE_STYLE_USAGE(.BOTH.,#15404);
#15404 = SURFACE_SIDE_STYLE('',(#15405));
#15405 = SURFACE_STYLE_FILL_AREA(#15406);
#15406 = FILL_AREA_STYLE('',(#15407));
#15407 = FILL_AREA_STYLE_COLOUR('',#13107);
#15408 = CURVE_STYLE('',#15409,POSITIVE_LENGTH_MEASURE(0.1),#13107);
#15409 = DRAUGHTING_PRE_DEFINED_CURVE_FONT('continuous');
#15410 = MECHANICAL_DESIGN_GEOMETRIC_PRESENTATION_REPRESENTATION('',(
    #15411),#9697);
#15411 = STYLED_ITEM('color',(#15412),#9685);
#15412 = PRESENTATION_STYLE_ASSIGNMENT((#15413,#15418));
#15413 = SURFACE_STYLE_USAGE(.BOTH.,#15414);
#15414 = SURFACE_SIDE_STYLE('',(#15415));
#15415 = SURFACE_STYLE_FILL_AREA(#15416);
#15416 = FILL_AREA_STYLE('',(#15417));
#15417 = FILL_AREA_STYLE_COLOUR('',#13107);
#15418 = CURVE_STYLE('',#15419,POSITIVE_LENGTH_MEASURE(0.1),#13107);
#15419 = DRAUGHTING_PRE_DEFINED_CURVE_FONT('continuous');
#15420 = MECHANICAL_DESIGN_GEOMETRIC_PRESENTATION_REPRESENTATION('',(
    #15421),#3900);
#15421 = STYLED_ITEM('color',(#15422),#3888);
#15422 = PRESENTATION_STYLE_ASSIGNMENT((#15423,#15428));
#15423 = SURFACE_STYLE_USAGE(.BOTH.,#15424);
#15424 = SURFACE_SIDE_STYLE('',(#15425));
#15425 = SURFACE_STYLE_FILL_AREA(#15426);
#15426 = FILL_AREA_STYLE('',(#15427));
#15427 = FILL_AREA_STYLE_COLOUR('',#13107);
#15428 = CURVE_STYLE('',#15429,POSITIVE_LENGTH_MEASURE(0.1),#13107);
#15429 = DRAUGHTING_PRE_DEFINED_CURVE_FONT('continuous');
#15430 = MECHANICAL_DESIGN_GEOMETRIC_PRESENTATION_REPRESENTATION('',(
    #15431),#10813);
#15431 = STYLED_ITEM('color',(#15432),#10801);
#15432 = PRESENTATION_STYLE_ASSIGNMENT((#15433,#15438));
#15433 = SURFACE_STYLE_USAGE(.BOTH.,#15434);
#15434 = SURFACE_SIDE_STYLE('',(#15435));
#15435 = SURFACE_STYLE_FILL_AREA(#15436);
#15436 = FILL_AREA_STYLE('',(#15437));
#15437 = FILL_AREA_STYLE_COLOUR('',#13107);
#15438 = CURVE_STYLE('',#15439,POSITIVE_LENGTH_MEASURE(0.1),#13107);
#15439 = DRAUGHTING_PRE_DEFINED_CURVE_FONT('continuous');
#15440 = MECHANICAL_DESIGN_GEOMETRIC_PRESENTATION_REPRESENTATION('',(
    #15441),#9170);
#15441 = STYLED_ITEM('color',(#15442),#9158);
#15442 = PRESENTATION_STYLE_ASSIGNMENT((#15443,#15448));
#15443 = SURFACE_STYLE_USAGE(.BOTH.,#15444);
#15444 = SURFACE_SIDE_STYLE('',(#15445));
#15445 = SURFACE_STYLE_FILL_AREA(#15446);
#15446 = FILL_AREA_STYLE('',(#15447));
#15447 = FILL_AREA_STYLE_COLOUR('',#13107);
#15448 = CURVE_STYLE('',#15449,POSITIVE_LENGTH_MEASURE(0.1),#13107);
#15449 = DRAUGHTING_PRE_DEFINED_CURVE_FONT('continuous');
#15450 = MECHANICAL_DESIGN_GEOMETRIC_PRESENTATION_REPRESENTATION('',(
    #15451),#2443);
#15451 = STYLED_ITEM('color',(#15452),#2431);
#15452 = PRESENTATION_STYLE_ASSIGNMENT((#15453,#15458));
#15453 = SURFACE_STYLE_USAGE(.BOTH.,#15454);
#15454 = SURFACE_SIDE_STYLE('',(#15455));
#15455 = SURFACE_STYLE_FILL_AREA(#15456);
#15456 = FILL_AREA_STYLE('',(#15457));
#15457 = FILL_AREA_STYLE_COLOUR('',#13107);
#15458 = CURVE_STYLE('',#15459,POSITIVE_LENGTH_MEASURE(0.1),#13107);
#15459 = DRAUGHTING_PRE_DEFINED_CURVE_FONT('continuous');
#15460 = MECHANICAL_DESIGN_GEOMETRIC_PRESENTATION_REPRESENTATION('',(
    #15461),#4055);
#15461 = STYLED_ITEM('color',(#15462),#4043);
#15462 = PRESENTATION_STYLE_ASSIGNMENT((#15463,#15468));
#15463 = SURFACE_STYLE_USAGE(.BOTH.,#15464);
#15464 = SURFACE_SIDE_STYLE('',(#15465));
#15465 = SURFACE_STYLE_FILL_AREA(#15466);
#15466 = FILL_AREA_STYLE('',(#15467));
#15467 = FILL_AREA_STYLE_COLOUR('',#13107);
#15468 = CURVE_STYLE('',#15469,POSITIVE_LENGTH_MEASURE(0.1),#13107);
#15469 = DRAUGHTING_PRE_DEFINED_CURVE_FONT('continuous');
#15470 = MECHANICAL_DESIGN_GEOMETRIC_PRESENTATION_REPRESENTATION('',(
    #15471),#10255);
#15471 = STYLED_ITEM('color',(#15472),#10243);
#15472 = PRESENTATION_STYLE_ASSIGNMENT((#15473,#15478));
#15473 = SURFACE_STYLE_USAGE(.BOTH.,#15474);
#15474 = SURFACE_SIDE_STYLE('',(#15475));
#15475 = SURFACE_STYLE_FILL_AREA(#15476);
#15476 = FILL_AREA_STYLE('',(#15477));
#15477 = FILL_AREA_STYLE_COLOUR('',#13107);
#15478 = CURVE_STYLE('',#15479,POSITIVE_LENGTH_MEASURE(0.1),#13107);
#15479 = DRAUGHTING_PRE_DEFINED_CURVE_FONT('continuous');
#15480 = MECHANICAL_DESIGN_GEOMETRIC_PRESENTATION_REPRESENTATION('',(
    #15481),#7868);
#15481 = STYLED_ITEM('color',(#15482),#7856);
#15482 = PRESENTATION_STYLE_ASSIGNMENT((#15483,#15488));
#15483 = SURFACE_STYLE_USAGE(.BOTH.,#15484);
#15484 = SURFACE_SIDE_STYLE('',(#15485));
#15485 = SURFACE_STYLE_FILL_AREA(#15486);
#15486 = FILL_AREA_STYLE('',(#15487));
#15487 = FILL_AREA_STYLE_COLOUR('',#13107);
#15488 = CURVE_STYLE('',#15489,POSITIVE_LENGTH_MEASURE(0.1),#13107);
#15489 = DRAUGHTING_PRE_DEFINED_CURVE_FONT('continuous');
#15490 = MECHANICAL_DESIGN_GEOMETRIC_PRESENTATION_REPRESENTATION('',(
    #15491),#10100);
#15491 = STYLED_ITEM('color',(#15492),#10088);
#15492 = PRESENTATION_STYLE_ASSIGNMENT((#15493,#15498));
#15493 = SURFACE_STYLE_USAGE(.BOTH.,#15494);
#15494 = SURFACE_SIDE_STYLE('',(#15495));
#15495 = SURFACE_STYLE_FILL_AREA(#15496);
#15496 = FILL_AREA_STYLE('',(#15497));
#15497 = FILL_AREA_STYLE_COLOUR('',#13107);
#15498 = CURVE_STYLE('',#15499,POSITIVE_LENGTH_MEASURE(0.1),#13107);
#15499 = DRAUGHTING_PRE_DEFINED_CURVE_FONT('continuous');
#15500 = MECHANICAL_DESIGN_GEOMETRIC_PRESENTATION_REPRESENTATION('',(
    #15501),#9387);
#15501 = STYLED_ITEM('color',(#15502),#9375);
#15502 = PRESENTATION_STYLE_ASSIGNMENT((#15503,#15508));
#15503 = SURFACE_STYLE_USAGE(.BOTH.,#15504);
#15504 = SURFACE_SIDE_STYLE('',(#15505));
#15505 = SURFACE_STYLE_FILL_AREA(#15506);
#15506 = FILL_AREA_STYLE('',(#15507));
#15507 = FILL_AREA_STYLE_COLOUR('',#13107);
#15508 = CURVE_STYLE('',#15509,POSITIVE_LENGTH_MEASURE(0.1),#13107);
#15509 = DRAUGHTING_PRE_DEFINED_CURVE_FONT('continuous');
#15510 = MECHANICAL_DESIGN_GEOMETRIC_PRESENTATION_REPRESENTATION('',(
    #15511),#8550);
#15511 = STYLED_ITEM('color',(#15512),#8538);
#15512 = PRESENTATION_STYLE_ASSIGNMENT((#15513,#15518));
#15513 = SURFACE_STYLE_USAGE(.BOTH.,#15514);
#15514 = SURFACE_SIDE_STYLE('',(#15515));
#15515 = SURFACE_STYLE_FILL_AREA(#15516);
#15516 = FILL_AREA_STYLE('',(#15517));
#15517 = FILL_AREA_STYLE_COLOUR('',#13107);
#15518 = CURVE_STYLE('',#15519,POSITIVE_LENGTH_MEASURE(0.1),#13107);
#15519 = DRAUGHTING_PRE_DEFINED_CURVE_FONT('continuous');
#15520 = MECHANICAL_DESIGN_GEOMETRIC_PRESENTATION_REPRESENTATION('',(
    #15521),#3032);
#15521 = STYLED_ITEM('color',(#15522),#3020);
#15522 = PRESENTATION_STYLE_ASSIGNMENT((#15523,#15528));
#15523 = SURFACE_STYLE_USAGE(.BOTH.,#15524);
#15524 = SURFACE_SIDE_STYLE('',(#15525));
#15525 = SURFACE_STYLE_FILL_AREA(#15526);
#15526 = FILL_AREA_STYLE('',(#15527));
#15527 = FILL_AREA_STYLE_COLOUR('',#13107);
#15528 = CURVE_STYLE('',#15529,POSITIVE_LENGTH_MEASURE(0.1),#13107);
#15529 = DRAUGHTING_PRE_DEFINED_CURVE_FONT('continuous');
#15530 = MECHANICAL_DESIGN_GEOMETRIC_PRESENTATION_REPRESENTATION('',(
    #15531),#10317);
#15531 = STYLED_ITEM('color',(#15532),#10305);
#15532 = PRESENTATION_STYLE_ASSIGNMENT((#15533,#15538));
#15533 = SURFACE_STYLE_USAGE(.BOTH.,#15534);
#15534 = SURFACE_SIDE_STYLE('',(#15535));
#15535 = SURFACE_STYLE_FILL_AREA(#15536);
#15536 = FILL_AREA_STYLE('',(#15537));
#15537 = FILL_AREA_STYLE_COLOUR('',#13107);
#15538 = CURVE_STYLE('',#15539,POSITIVE_LENGTH_MEASURE(0.1),#13107);
#15539 = DRAUGHTING_PRE_DEFINED_CURVE_FONT('continuous');
#15540 = MECHANICAL_DESIGN_GEOMETRIC_PRESENTATION_REPRESENTATION('',(
    #15541),#3590);
#15541 = STYLED_ITEM('color',(#15542),#3578);
#15542 = PRESENTATION_STYLE_ASSIGNMENT((#15543,#15548));
#15543 = SURFACE_STYLE_USAGE(.BOTH.,#15544);
#15544 = SURFACE_SIDE_STYLE('',(#15545));
#15545 = SURFACE_STYLE_FILL_AREA(#15546);
#15546 = FILL_AREA_STYLE('',(#15547));
#15547 = FILL_AREA_STYLE_COLOUR('',#13107);
#15548 = CURVE_STYLE('',#15549,POSITIVE_LENGTH_MEASURE(0.1),#13107);
#15549 = DRAUGHTING_PRE_DEFINED_CURVE_FONT('continuous');
#15550 = MECHANICAL_DESIGN_GEOMETRIC_PRESENTATION_REPRESENTATION('',(
    #15551),#4737);
#15551 = STYLED_ITEM('color',(#15552),#4725);
#15552 = PRESENTATION_STYLE_ASSIGNMENT((#15553,#15558));
#15553 = SURFACE_STYLE_USAGE(.BOTH.,#15554);
#15554 = SURFACE_SIDE_STYLE('',(#15555));
#15555 = SURFACE_STYLE_FILL_AREA(#15556);
#15556 = FILL_AREA_STYLE('',(#15557));
#15557 = FILL_AREA_STYLE_COLOUR('',#13107);
#15558 = CURVE_STYLE('',#15559,POSITIVE_LENGTH_MEASURE(0.1),#13107);
#15559 = DRAUGHTING_PRE_DEFINED_CURVE_FONT('continuous');
#15560 = MECHANICAL_DESIGN_GEOMETRIC_PRESENTATION_REPRESENTATION('',(
    #15561),#4706);
#15561 = STYLED_ITEM('color',(#15562),#4694);
#15562 = PRESENTATION_STYLE_ASSIGNMENT((#15563,#15568));
#15563 = SURFACE_STYLE_USAGE(.BOTH.,#15564);
#15564 = SURFACE_SIDE_STYLE('',(#15565));
#15565 = SURFACE_STYLE_FILL_AREA(#15566);
#15566 = FILL_AREA_STYLE('',(#15567));
#15567 = FILL_AREA_STYLE_COLOUR('',#13107);
#15568 = CURVE_STYLE('',#15569,POSITIVE_LENGTH_MEASURE(0.1),#13107);
#15569 = DRAUGHTING_PRE_DEFINED_CURVE_FONT('continuous');
#15570 = MECHANICAL_DESIGN_GEOMETRIC_PRESENTATION_REPRESENTATION('',(
    #15571),#5295);
#15571 = STYLED_ITEM('color',(#15572),#5283);
#15572 = PRESENTATION_STYLE_ASSIGNMENT((#15573,#15578));
#15573 = SURFACE_STYLE_USAGE(.BOTH.,#15574);
#15574 = SURFACE_SIDE_STYLE('',(#15575));
#15575 = SURFACE_STYLE_FILL_AREA(#15576);
#15576 = FILL_AREA_STYLE('',(#15577));
#15577 = FILL_AREA_STYLE_COLOUR('',#13107);
#15578 = CURVE_STYLE('',#15579,POSITIVE_LENGTH_MEASURE(0.1),#13107);
#15579 = DRAUGHTING_PRE_DEFINED_CURVE_FONT('continuous');
#15580 = MECHANICAL_DESIGN_GEOMETRIC_PRESENTATION_REPRESENTATION('',(
    #15581),#3001);
#15581 = STYLED_ITEM('color',(#15582),#2989);
#15582 = PRESENTATION_STYLE_ASSIGNMENT((#15583,#15588));
#15583 = SURFACE_STYLE_USAGE(.BOTH.,#15584);
#15584 = SURFACE_SIDE_STYLE('',(#15585));
#15585 = SURFACE_STYLE_FILL_AREA(#15586);
#15586 = FILL_AREA_STYLE('',(#15587));
#15587 = FILL_AREA_STYLE_COLOUR('',#13107);
#15588 = CURVE_STYLE('',#15589,POSITIVE_LENGTH_MEASURE(0.1),#13107);
#15589 = DRAUGHTING_PRE_DEFINED_CURVE_FONT('continuous');
#15590 = MECHANICAL_DESIGN_GEOMETRIC_PRESENTATION_REPRESENTATION('',(
    #15591),#3404);
#15591 = STYLED_ITEM('color',(#15592),#3392);
#15592 = PRESENTATION_STYLE_ASSIGNMENT((#15593,#15598));
#15593 = SURFACE_STYLE_USAGE(.BOTH.,#15594);
#15594 = SURFACE_SIDE_STYLE('',(#15595));
#15595 = SURFACE_STYLE_FILL_AREA(#15596);
#15596 = FILL_AREA_STYLE('',(#15597));
#15597 = FILL_AREA_STYLE_COLOUR('',#13107);
#15598 = CURVE_STYLE('',#15599,POSITIVE_LENGTH_MEASURE(0.1),#13107);
#15599 = DRAUGHTING_PRE_DEFINED_CURVE_FONT('continuous');
#15600 = MECHANICAL_DESIGN_GEOMETRIC_PRESENTATION_REPRESENTATION('',(
    #15601),#7713);
#15601 = STYLED_ITEM('color',(#15602),#7701);
#15602 = PRESENTATION_STYLE_ASSIGNMENT((#15603,#15608));
#15603 = SURFACE_STYLE_USAGE(.BOTH.,#15604);
#15604 = SURFACE_SIDE_STYLE('',(#15605));
#15605 = SURFACE_STYLE_FILL_AREA(#15606);
#15606 = FILL_AREA_STYLE('',(#15607));
#15607 = FILL_AREA_STYLE_COLOUR('',#13107);
#15608 = CURVE_STYLE('',#15609,POSITIVE_LENGTH_MEASURE(0.1),#13107);
#15609 = DRAUGHTING_PRE_DEFINED_CURVE_FONT('continuous');
#15610 = MECHANICAL_DESIGN_GEOMETRIC_PRESENTATION_REPRESENTATION('',(
    #15611),#3311);
#15611 = STYLED_ITEM('color',(#15612),#3299);
#15612 = PRESENTATION_STYLE_ASSIGNMENT((#15613,#15618));
#15613 = SURFACE_STYLE_USAGE(.BOTH.,#15614);
#15614 = SURFACE_SIDE_STYLE('',(#15615));
#15615 = SURFACE_STYLE_FILL_AREA(#15616);
#15616 = FILL_AREA_STYLE('',(#15617));
#15617 = FILL_AREA_STYLE_COLOUR('',#13107);
#15618 = CURVE_STYLE('',#15619,POSITIVE_LENGTH_MEASURE(0.1),#13107);
#15619 = DRAUGHTING_PRE_DEFINED_CURVE_FONT('continuous');
#15620 = MECHANICAL_DESIGN_GEOMETRIC_PRESENTATION_REPRESENTATION('',(
    #15621),#2226);
#15621 = STYLED_ITEM('color',(#15622),#2214);
#15622 = PRESENTATION_STYLE_ASSIGNMENT((#15623,#15628));
#15623 = SURFACE_STYLE_USAGE(.BOTH.,#15624);
#15624 = SURFACE_SIDE_STYLE('',(#15625));
#15625 = SURFACE_STYLE_FILL_AREA(#15626);
#15626 = FILL_AREA_STYLE('',(#15627));
#15627 = FILL_AREA_STYLE_COLOUR('',#13107);
#15628 = CURVE_STYLE('',#15629,POSITIVE_LENGTH_MEASURE(0.1),#13107);
#15629 = DRAUGHTING_PRE_DEFINED_CURVE_FONT('continuous');
#15630 = MECHANICAL_DESIGN_GEOMETRIC_PRESENTATION_REPRESENTATION('',(
    #15631),#10720);
#15631 = STYLED_ITEM('color',(#15632),#10708);
#15632 = PRESENTATION_STYLE_ASSIGNMENT((#15633,#15638));
#15633 = SURFACE_STYLE_USAGE(.BOTH.,#15634);
#15634 = SURFACE_SIDE_STYLE('',(#15635));
#15635 = SURFACE_STYLE_FILL_AREA(#15636);
#15636 = FILL_AREA_STYLE('',(#15637));
#15637 = FILL_AREA_STYLE_COLOUR('',#13107);
#15638 = CURVE_STYLE('',#15639,POSITIVE_LENGTH_MEASURE(0.1),#13107);
#15639 = DRAUGHTING_PRE_DEFINED_CURVE_FONT('continuous');
#15640 = MECHANICAL_DESIGN_GEOMETRIC_PRESENTATION_REPRESENTATION('',(
    #15641),#5605);
#15641 = STYLED_ITEM('color',(#15642),#5593);
#15642 = PRESENTATION_STYLE_ASSIGNMENT((#15643,#15648));
#15643 = SURFACE_STYLE_USAGE(.BOTH.,#15644);
#15644 = SURFACE_SIDE_STYLE('',(#15645));
#15645 = SURFACE_STYLE_FILL_AREA(#15646);
#15646 = FILL_AREA_STYLE('',(#15647));
#15647 = FILL_AREA_STYLE_COLOUR('',#13107);
#15648 = CURVE_STYLE('',#15649,POSITIVE_LENGTH_MEASURE(0.1),#13107);
#15649 = DRAUGHTING_PRE_DEFINED_CURVE_FONT('continuous');
#15650 = MECHANICAL_DESIGN_GEOMETRIC_PRESENTATION_REPRESENTATION('',(
    #15651),#8364);
#15651 = STYLED_ITEM('color',(#15652),#8352);
#15652 = PRESENTATION_STYLE_ASSIGNMENT((#15653,#15658));
#15653 = SURFACE_STYLE_USAGE(.BOTH.,#15654);
#15654 = SURFACE_SIDE_STYLE('',(#15655));
#15655 = SURFACE_STYLE_FILL_AREA(#15656);
#15656 = FILL_AREA_STYLE('',(#15657));
#15657 = FILL_AREA_STYLE_COLOUR('',#13107);
#15658 = CURVE_STYLE('',#15659,POSITIVE_LENGTH_MEASURE(0.1),#13107);
#15659 = DRAUGHTING_PRE_DEFINED_CURVE_FONT('continuous');
#15660 = MECHANICAL_DESIGN_GEOMETRIC_PRESENTATION_REPRESENTATION('',(
    #15661),#1854);
#15661 = STYLED_ITEM('color',(#15662),#1842);
#15662 = PRESENTATION_STYLE_ASSIGNMENT((#15663,#15668));
#15663 = SURFACE_STYLE_USAGE(.BOTH.,#15664);
#15664 = SURFACE_SIDE_STYLE('',(#15665));
#15665 = SURFACE_STYLE_FILL_AREA(#15666);
#15666 = FILL_AREA_STYLE('',(#15667));
#15667 = FILL_AREA_STYLE_COLOUR('',#13107);
#15668 = CURVE_STYLE('',#15669,POSITIVE_LENGTH_MEASURE(0.1),#13107);
#15669 = DRAUGHTING_PRE_DEFINED_CURVE_FONT('continuous');
#15670 = MECHANICAL_DESIGN_GEOMETRIC_PRESENTATION_REPRESENTATION('',(
    #15671),#1544);
#15671 = STYLED_ITEM('color',(#15672),#1532);
#15672 = PRESENTATION_STYLE_ASSIGNMENT((#15673,#15678));
#15673 = SURFACE_STYLE_USAGE(.BOTH.,#15674);
#15674 = SURFACE_SIDE_STYLE('',(#15675));
#15675 = SURFACE_STYLE_FILL_AREA(#15676);
#15676 = FILL_AREA_STYLE('',(#15677));
#15677 = FILL_AREA_STYLE_COLOUR('',#13107);
#15678 = CURVE_STYLE('',#15679,POSITIVE_LENGTH_MEASURE(0.1),#13107);
#15679 = DRAUGHTING_PRE_DEFINED_CURVE_FONT('continuous');
#15680 = MECHANICAL_DESIGN_GEOMETRIC_PRESENTATION_REPRESENTATION('',(
    #15681),#6163);
#15681 = STYLED_ITEM('color',(#15682),#6151);
#15682 = PRESENTATION_STYLE_ASSIGNMENT((#15683,#15688));
#15683 = SURFACE_STYLE_USAGE(.BOTH.,#15684);
#15684 = SURFACE_SIDE_STYLE('',(#15685));
#15685 = SURFACE_STYLE_FILL_AREA(#15686);
#15686 = FILL_AREA_STYLE('',(#15687));
#15687 = FILL_AREA_STYLE_COLOUR('',#13107);
#15688 = CURVE_STYLE('',#15689,POSITIVE_LENGTH_MEASURE(0.1),#13107);
#15689 = DRAUGHTING_PRE_DEFINED_CURVE_FONT('continuous');
#15690 = MECHANICAL_DESIGN_GEOMETRIC_PRESENTATION_REPRESENTATION('',(
    #15691),#7155);
#15691 = STYLED_ITEM('color',(#15692),#7143);
#15692 = PRESENTATION_STYLE_ASSIGNMENT((#15693,#15698));
#15693 = SURFACE_STYLE_USAGE(.BOTH.,#15694);
#15694 = SURFACE_SIDE_STYLE('',(#15695));
#15695 = SURFACE_STYLE_FILL_AREA(#15696);
#15696 = FILL_AREA_STYLE('',(#15697));
#15697 = FILL_AREA_STYLE_COLOUR('',#13107);
#15698 = CURVE_STYLE('',#15699,POSITIVE_LENGTH_MEASURE(0.1),#13107);
#15699 = DRAUGHTING_PRE_DEFINED_CURVE_FONT('continuous');
#15700 = MECHANICAL_DESIGN_GEOMETRIC_PRESENTATION_REPRESENTATION('',(
    #15701),#6411);
#15701 = STYLED_ITEM('color',(#15702),#6399);
#15702 = PRESENTATION_STYLE_ASSIGNMENT((#15703,#15708));
#15703 = SURFACE_STYLE_USAGE(.BOTH.,#15704);
#15704 = SURFACE_SIDE_STYLE('',(#15705));
#15705 = SURFACE_STYLE_FILL_AREA(#15706);
#15706 = FILL_AREA_STYLE('',(#15707));
#15707 = FILL_AREA_STYLE_COLOUR('',#13107);
#15708 = CURVE_STYLE('',#15709,POSITIVE_LENGTH_MEASURE(0.1),#13107);
#15709 = DRAUGHTING_PRE_DEFINED_CURVE_FONT('continuous');
#15710 = MECHANICAL_DESIGN_GEOMETRIC_PRESENTATION_REPRESENTATION('',(
    #15711),#5388);
#15711 = STYLED_ITEM('color',(#15712),#5376);
#15712 = PRESENTATION_STYLE_ASSIGNMENT((#15713,#15718));
#15713 = SURFACE_STYLE_USAGE(.BOTH.,#15714);
#15714 = SURFACE_SIDE_STYLE('',(#15715));
#15715 = SURFACE_STYLE_FILL_AREA(#15716);
#15716 = FILL_AREA_STYLE('',(#15717));
#15717 = FILL_AREA_STYLE_COLOUR('',#13107);
#15718 = CURVE_STYLE('',#15719,POSITIVE_LENGTH_MEASURE(0.1),#13107);
#15719 = DRAUGHTING_PRE_DEFINED_CURVE_FONT('continuous');
#15720 = MECHANICAL_DESIGN_GEOMETRIC_PRESENTATION_REPRESENTATION('',(
    #15721),#12208);
#15721 = STYLED_ITEM('color',(#15722),#12196);
#15722 = PRESENTATION_STYLE_ASSIGNMENT((#15723,#15728));
#15723 = SURFACE_STYLE_USAGE(.BOTH.,#15724);
#15724 = SURFACE_SIDE_STYLE('',(#15725));
#15725 = SURFACE_STYLE_FILL_AREA(#15726);
#15726 = FILL_AREA_STYLE('',(#15727));
#15727 = FILL_AREA_STYLE_COLOUR('',#13107);
#15728 = CURVE_STYLE('',#15729,POSITIVE_LENGTH_MEASURE(0.1),#13107);
#15729 = DRAUGHTING_PRE_DEFINED_CURVE_FONT('continuous');
#15730 = MECHANICAL_DESIGN_GEOMETRIC_PRESENTATION_REPRESENTATION('',(
    #15731),#6256);
#15731 = STYLED_ITEM('color',(#15732),#6244);
#15732 = PRESENTATION_STYLE_ASSIGNMENT((#15733,#15738));
#15733 = SURFACE_STYLE_USAGE(.BOTH.,#15734);
#15734 = SURFACE_SIDE_STYLE('',(#15735));
#15735 = SURFACE_STYLE_FILL_AREA(#15736);
#15736 = FILL_AREA_STYLE('',(#15737));
#15737 = FILL_AREA_STYLE_COLOUR('',#13107);
#15738 = CURVE_STYLE('',#15739,POSITIVE_LENGTH_MEASURE(0.1),#13107);
#15739 = DRAUGHTING_PRE_DEFINED_CURVE_FONT('continuous');
#15740 = MECHANICAL_DESIGN_GEOMETRIC_PRESENTATION_REPRESENTATION('',(
    #15741),#1978);
#15741 = STYLED_ITEM('color',(#15742),#1966);
#15742 = PRESENTATION_STYLE_ASSIGNMENT((#15743,#15748));
#15743 = SURFACE_STYLE_USAGE(.BOTH.,#15744);
#15744 = SURFACE_SIDE_STYLE('',(#15745));
#15745 = SURFACE_STYLE_FILL_AREA(#15746);
#15746 = FILL_AREA_STYLE('',(#15747));
#15747 = FILL_AREA_STYLE_COLOUR('',#13107);
#15748 = CURVE_STYLE('',#15749,POSITIVE_LENGTH_MEASURE(0.1),#13107);
#15749 = DRAUGHTING_PRE_DEFINED_CURVE_FONT('continuous');
#15750 = MECHANICAL_DESIGN_GEOMETRIC_PRESENTATION_REPRESENTATION('',(
    #15751),#12270);
#15751 = STYLED_ITEM('color',(#15752),#12258);
#15752 = PRESENTATION_STYLE_ASSIGNMENT((#15753,#15758));
#15753 = SURFACE_STYLE_USAGE(.BOTH.,#15754);
#15754 = SURFACE_SIDE_STYLE('',(#15755));
#15755 = SURFACE_STYLE_FILL_AREA(#15756);
#15756 = FILL_AREA_STYLE('',(#15757));
#15757 = FILL_AREA_STYLE_COLOUR('',#13107);
#15758 = CURVE_STYLE('',#15759,POSITIVE_LENGTH_MEASURE(0.1),#13107);
#15759 = DRAUGHTING_PRE_DEFINED_CURVE_FONT('continuous');
#15760 = MECHANICAL_DESIGN_GEOMETRIC_PRESENTATION_REPRESENTATION('',(
    #15761),#2505);
#15761 = STYLED_ITEM('color',(#15762),#2493);
#15762 = PRESENTATION_STYLE_ASSIGNMENT((#15763,#15768));
#15763 = SURFACE_STYLE_USAGE(.BOTH.,#15764);
#15764 = SURFACE_SIDE_STYLE('',(#15765));
#15765 = SURFACE_STYLE_FILL_AREA(#15766);
#15766 = FILL_AREA_STYLE('',(#15767));
#15767 = FILL_AREA_STYLE_COLOUR('',#13107);
#15768 = CURVE_STYLE('',#15769,POSITIVE_LENGTH_MEASURE(0.1),#13107);
#15769 = DRAUGHTING_PRE_DEFINED_CURVE_FONT('continuous');
#15770 = MECHANICAL_DESIGN_GEOMETRIC_PRESENTATION_REPRESENTATION('',(
    #15771),#11898);
#15771 = STYLED_ITEM('color',(#15772),#11886);
#15772 = PRESENTATION_STYLE_ASSIGNMENT((#15773,#15778));
#15773 = SURFACE_STYLE_USAGE(.BOTH.,#15774);
#15774 = SURFACE_SIDE_STYLE('',(#15775));
#15775 = SURFACE_STYLE_FILL_AREA(#15776);
#15776 = FILL_AREA_STYLE('',(#15777));
#15777 = FILL_AREA_STYLE_COLOUR('',#13107);
#15778 = CURVE_STYLE('',#15779,POSITIVE_LENGTH_MEASURE(0.1),#13107);
#15779 = DRAUGHTING_PRE_DEFINED_CURVE_FONT('continuous');
#15780 = MECHANICAL_DESIGN_GEOMETRIC_PRESENTATION_REPRESENTATION('',(
    #15781),#13081);
#15781 = STYLED_ITEM('color',(#15782),#12661);
#15782 = PRESENTATION_STYLE_ASSIGNMENT((#15783,#15789));
#15783 = SURFACE_STYLE_USAGE(.BOTH.,#15784);
#15784 = SURFACE_SIDE_STYLE('',(#15785));
#15785 = SURFACE_STYLE_FILL_AREA(#15786);
#15786 = FILL_AREA_STYLE('',(#15787));
#15787 = FILL_AREA_STYLE_COLOUR('',#15788);
#15788 = COLOUR_RGB('',0.300000011921,0.300000011921,0.300000011921);
#15789 = CURVE_STYLE('',#15790,POSITIVE_LENGTH_MEASURE(0.1),#15788);
#15790 = DRAUGHTING_PRE_DEFINED_CURVE_FONT('continuous');
#15791 = MECHANICAL_DESIGN_GEOMETRIC_PRESENTATION_REPRESENTATION('',(
    #15792),#12425);
#15792 = STYLED_ITEM('color',(#15793),#12413);
#15793 = PRESENTATION_STYLE_ASSIGNMENT((#15794,#15799));
#15794 = SURFACE_STYLE_USAGE(.BOTH.,#15795);
#15795 = SURFACE_SIDE_STYLE('',(#15796));
#15796 = SURFACE_STYLE_FILL_AREA(#15797);
#15797 = FILL_AREA_STYLE('',(#15798));
#15798 = FILL_AREA_STYLE_COLOUR('',#13107);
#15799 = CURVE_STYLE('',#15800,POSITIVE_LENGTH_MEASURE(0.1),#13107);
#15800 = DRAUGHTING_PRE_DEFINED_CURVE_FONT('continuous');
#15801 = MECHANICAL_DESIGN_GEOMETRIC_PRESENTATION_REPRESENTATION('',(
    #15802),#3094);
#15802 = STYLED_ITEM('color',(#15803),#3082);
#15803 = PRESENTATION_STYLE_ASSIGNMENT((#15804,#15809));
#15804 = SURFACE_STYLE_USAGE(.BOTH.,#15805);
#15805 = SURFACE_SIDE_STYLE('',(#15806));
#15806 = SURFACE_STYLE_FILL_AREA(#15807);
#15807 = FILL_AREA_STYLE('',(#15808));
#15808 = FILL_AREA_STYLE_COLOUR('',#13107);
#15809 = CURVE_STYLE('',#15810,POSITIVE_LENGTH_MEASURE(0.1),#13107);
#15810 = DRAUGHTING_PRE_DEFINED_CURVE_FONT('continuous');
#15811 = MECHANICAL_DESIGN_GEOMETRIC_PRESENTATION_REPRESENTATION('',(
    #15812),#3156);
#15812 = STYLED_ITEM('color',(#15813),#3144);
#15813 = PRESENTATION_STYLE_ASSIGNMENT((#15814,#15819));
#15814 = SURFACE_STYLE_USAGE(.BOTH.,#15815);
#15815 = SURFACE_SIDE_STYLE('',(#15816));
#15816 = SURFACE_STYLE_FILL_AREA(#15817);
#15817 = FILL_AREA_STYLE('',(#15818));
#15818 = FILL_AREA_STYLE_COLOUR('',#13107);
#15819 = CURVE_STYLE('',#15820,POSITIVE_LENGTH_MEASURE(0.1),#13107);
#15820 = DRAUGHTING_PRE_DEFINED_CURVE_FONT('continuous');
#15821 = MECHANICAL_DESIGN_GEOMETRIC_PRESENTATION_REPRESENTATION('',(
    #15822),#2102);
#15822 = STYLED_ITEM('color',(#15823),#2090);
#15823 = PRESENTATION_STYLE_ASSIGNMENT((#15824,#15829));
#15824 = SURFACE_STYLE_USAGE(.BOTH.,#15825);
#15825 = SURFACE_SIDE_STYLE('',(#15826));
#15826 = SURFACE_STYLE_FILL_AREA(#15827);
#15827 = FILL_AREA_STYLE('',(#15828));
#15828 = FILL_AREA_STYLE_COLOUR('',#13107);
#15829 = CURVE_STYLE('',#15830,POSITIVE_LENGTH_MEASURE(0.1),#13107);
#15830 = DRAUGHTING_PRE_DEFINED_CURVE_FONT('continuous');
#15831 = MECHANICAL_DESIGN_GEOMETRIC_PRESENTATION_REPRESENTATION('',(
    #15832),#8953);
#15832 = STYLED_ITEM('color',(#15833),#8941);
#15833 = PRESENTATION_STYLE_ASSIGNMENT((#15834,#15839));
#15834 = SURFACE_STYLE_USAGE(.BOTH.,#15835);
#15835 = SURFACE_SIDE_STYLE('',(#15836));
#15836 = SURFACE_STYLE_FILL_AREA(#15837);
#15837 = FILL_AREA_STYLE('',(#15838));
#15838 = FILL_AREA_STYLE_COLOUR('',#13107);
#15839 = CURVE_STYLE('',#15840,POSITIVE_LENGTH_MEASURE(0.1),#13107);
#15840 = DRAUGHTING_PRE_DEFINED_CURVE_FONT('continuous');
#15841 = MECHANICAL_DESIGN_GEOMETRIC_PRESENTATION_REPRESENTATION('',(
    #15842),#5698);
#15842 = STYLED_ITEM('color',(#15843),#5686);
#15843 = PRESENTATION_STYLE_ASSIGNMENT((#15844,#15849));
#15844 = SURFACE_STYLE_USAGE(.BOTH.,#15845);
#15845 = SURFACE_SIDE_STYLE('',(#15846));
#15846 = SURFACE_STYLE_FILL_AREA(#15847);
#15847 = FILL_AREA_STYLE('',(#15848));
#15848 = FILL_AREA_STYLE_COLOUR('',#13107);
#15849 = CURVE_STYLE('',#15850,POSITIVE_LENGTH_MEASURE(0.1),#13107);
#15850 = DRAUGHTING_PRE_DEFINED_CURVE_FONT('continuous');
#15851 = MECHANICAL_DESIGN_GEOMETRIC_PRESENTATION_REPRESENTATION('',(
    #15852),#5202);
#15852 = STYLED_ITEM('color',(#15853),#5190);
#15853 = PRESENTATION_STYLE_ASSIGNMENT((#15854,#15859));
#15854 = SURFACE_STYLE_USAGE(.BOTH.,#15855);
#15855 = SURFACE_SIDE_STYLE('',(#15856));
#15856 = SURFACE_STYLE_FILL_AREA(#15857);
#15857 = FILL_AREA_STYLE('',(#15858));
#15858 = FILL_AREA_STYLE_COLOUR('',#13107);
#15859 = CURVE_STYLE('',#15860,POSITIVE_LENGTH_MEASURE(0.1),#13107);
#15860 = DRAUGHTING_PRE_DEFINED_CURVE_FONT('continuous');
#15861 = MECHANICAL_DESIGN_GEOMETRIC_PRESENTATION_REPRESENTATION('',(
    #15862),#5078);
#15862 = STYLED_ITEM('color',(#15863),#5066);
#15863 = PRESENTATION_STYLE_ASSIGNMENT((#15864,#15869));
#15864 = SURFACE_STYLE_USAGE(.BOTH.,#15865);
#15865 = SURFACE_SIDE_STYLE('',(#15866));
#15866 = SURFACE_STYLE_FILL_AREA(#15867);
#15867 = FILL_AREA_STYLE('',(#15868));
#15868 = FILL_AREA_STYLE_COLOUR('',#13107);
#15869 = CURVE_STYLE('',#15870,POSITIVE_LENGTH_MEASURE(0.1),#13107);
#15870 = DRAUGHTING_PRE_DEFINED_CURVE_FONT('continuous');
#15871 = MECHANICAL_DESIGN_GEOMETRIC_PRESENTATION_REPRESENTATION('',(
    #15872),#11185);
#15872 = STYLED_ITEM('color',(#15873),#11173);
#15873 = PRESENTATION_STYLE_ASSIGNMENT((#15874,#15879));
#15874 = SURFACE_STYLE_USAGE(.BOTH.,#15875);
#15875 = SURFACE_SIDE_STYLE('',(#15876));
#15876 = SURFACE_STYLE_FILL_AREA(#15877);
#15877 = FILL_AREA_STYLE('',(#15878));
#15878 = FILL_AREA_STYLE_COLOUR('',#13107);
#15879 = CURVE_STYLE('',#15880,POSITIVE_LENGTH_MEASURE(0.1),#13107);
#15880 = DRAUGHTING_PRE_DEFINED_CURVE_FONT('continuous');
#15881 = MECHANICAL_DESIGN_GEOMETRIC_PRESENTATION_REPRESENTATION('',(
    #15882),#11123);
#15882 = STYLED_ITEM('color',(#15883),#11111);
#15883 = PRESENTATION_STYLE_ASSIGNMENT((#15884,#15889));
#15884 = SURFACE_STYLE_USAGE(.BOTH.,#15885);
#15885 = SURFACE_SIDE_STYLE('',(#15886));
#15886 = SURFACE_STYLE_FILL_AREA(#15887);
#15887 = FILL_AREA_STYLE('',(#15888));
#15888 = FILL_AREA_STYLE_COLOUR('',#13107);
#15889 = CURVE_STYLE('',#15890,POSITIVE_LENGTH_MEASURE(0.1),#13107);
#15890 = DRAUGHTING_PRE_DEFINED_CURVE_FONT('continuous');
#15891 = MECHANICAL_DESIGN_GEOMETRIC_PRESENTATION_REPRESENTATION('',(
    #15892),#8674);
#15892 = STYLED_ITEM('color',(#15893),#8662);
#15893 = PRESENTATION_STYLE_ASSIGNMENT((#15894,#15899));
#15894 = SURFACE_STYLE_USAGE(.BOTH.,#15895);
#15895 = SURFACE_SIDE_STYLE('',(#15896));
#15896 = SURFACE_STYLE_FILL_AREA(#15897);
#15897 = FILL_AREA_STYLE('',(#15898));
#15898 = FILL_AREA_STYLE_COLOUR('',#13107);
#15899 = CURVE_STYLE('',#15900,POSITIVE_LENGTH_MEASURE(0.1),#13107);
#15900 = DRAUGHTING_PRE_DEFINED_CURVE_FONT('continuous');
#15901 = MECHANICAL_DESIGN_GEOMETRIC_PRESENTATION_REPRESENTATION('',(
    #15902),#8519);
#15902 = STYLED_ITEM('color',(#15903),#8507);
#15903 = PRESENTATION_STYLE_ASSIGNMENT((#15904,#15909));
#15904 = SURFACE_STYLE_USAGE(.BOTH.,#15905);
#15905 = SURFACE_SIDE_STYLE('',(#15906));
#15906 = SURFACE_STYLE_FILL_AREA(#15907);
#15907 = FILL_AREA_STYLE('',(#15908));
#15908 = FILL_AREA_STYLE_COLOUR('',#13107);
#15909 = CURVE_STYLE('',#15910,POSITIVE_LENGTH_MEASURE(0.1),#13107);
#15910 = DRAUGHTING_PRE_DEFINED_CURVE_FONT('continuous');
#15911 = MECHANICAL_DESIGN_GEOMETRIC_PRESENTATION_REPRESENTATION('',(
    #15912),#7186);
#15912 = STYLED_ITEM('color',(#15913),#7174);
#15913 = PRESENTATION_STYLE_ASSIGNMENT((#15914,#15919));
#15914 = SURFACE_STYLE_USAGE(.BOTH.,#15915);
#15915 = SURFACE_SIDE_STYLE('',(#15916));
#15916 = SURFACE_STYLE_FILL_AREA(#15917);
#15917 = FILL_AREA_STYLE('',(#15918));
#15918 = FILL_AREA_STYLE_COLOUR('',#13107);
#15919 = CURVE_STYLE('',#15920,POSITIVE_LENGTH_MEASURE(0.1),#13107);
#15920 = DRAUGHTING_PRE_DEFINED_CURVE_FONT('continuous');
#15921 = MECHANICAL_DESIGN_GEOMETRIC_PRESENTATION_REPRESENTATION('',(
    #15922),#9635);
#15922 = STYLED_ITEM('color',(#15923),#9623);
#15923 = PRESENTATION_STYLE_ASSIGNMENT((#15924,#15929));
#15924 = SURFACE_STYLE_USAGE(.BOTH.,#15925);
#15925 = SURFACE_SIDE_STYLE('',(#15926));
#15926 = SURFACE_STYLE_FILL_AREA(#15927);
#15927 = FILL_AREA_STYLE('',(#15928));
#15928 = FILL_AREA_STYLE_COLOUR('',#13107);
#15929 = CURVE_STYLE('',#15930,POSITIVE_LENGTH_MEASURE(0.1),#13107);
#15930 = DRAUGHTING_PRE_DEFINED_CURVE_FONT('continuous');
#15931 = MECHANICAL_DESIGN_GEOMETRIC_PRESENTATION_REPRESENTATION('',(
    #15932),#2474);
#15932 = STYLED_ITEM('color',(#15933),#2462);
#15933 = PRESENTATION_STYLE_ASSIGNMENT((#15934,#15939));
#15934 = SURFACE_STYLE_USAGE(.BOTH.,#15935);
#15935 = SURFACE_SIDE_STYLE('',(#15936));
#15936 = SURFACE_STYLE_FILL_AREA(#15937);
#15937 = FILL_AREA_STYLE('',(#15938));
#15938 = FILL_AREA_STYLE_COLOUR('',#13107);
#15939 = CURVE_STYLE('',#15940,POSITIVE_LENGTH_MEASURE(0.1),#13107);
#15940 = DRAUGHTING_PRE_DEFINED_CURVE_FONT('continuous');
#15941 = MECHANICAL_DESIGN_GEOMETRIC_PRESENTATION_REPRESENTATION('',(
    #15942),#6876);
#15942 = STYLED_ITEM('color',(#15943),#6864);
#15943 = PRESENTATION_STYLE_ASSIGNMENT((#15944,#15949));
#15944 = SURFACE_STYLE_USAGE(.BOTH.,#15945);
#15945 = SURFACE_SIDE_STYLE('',(#15946));
#15946 = SURFACE_STYLE_FILL_AREA(#15947);
#15947 = FILL_AREA_STYLE('',(#15948));
#15948 = FILL_AREA_STYLE_COLOUR('',#13107);
#15949 = CURVE_STYLE('',#15950,POSITIVE_LENGTH_MEASURE(0.1),#13107);
#15950 = DRAUGHTING_PRE_DEFINED_CURVE_FONT('continuous');
#15951 = MECHANICAL_DESIGN_GEOMETRIC_PRESENTATION_REPRESENTATION('',(
    #15952),#10007);
#15952 = STYLED_ITEM('color',(#15953),#9995);
#15953 = PRESENTATION_STYLE_ASSIGNMENT((#15954,#15959));
#15954 = SURFACE_STYLE_USAGE(.BOTH.,#15955);
#15955 = SURFACE_SIDE_STYLE('',(#15956));
#15956 = SURFACE_STYLE_FILL_AREA(#15957);
#15957 = FILL_AREA_STYLE('',(#15958));
#15958 = FILL_AREA_STYLE_COLOUR('',#13107);
#15959 = CURVE_STYLE('',#15960,POSITIVE_LENGTH_MEASURE(0.1),#13107);
#15960 = DRAUGHTING_PRE_DEFINED_CURVE_FONT('continuous');
#15961 = MECHANICAL_DESIGN_GEOMETRIC_PRESENTATION_REPRESENTATION('',(
    #15962),#5047);
#15962 = STYLED_ITEM('color',(#15963),#5035);
#15963 = PRESENTATION_STYLE_ASSIGNMENT((#15964,#15969));
#15964 = SURFACE_STYLE_USAGE(.BOTH.,#15965);
#15965 = SURFACE_SIDE_STYLE('',(#15966));
#15966 = SURFACE_STYLE_FILL_AREA(#15967);
#15967 = FILL_AREA_STYLE('',(#15968));
#15968 = FILL_AREA_STYLE_COLOUR('',#13107);
#15969 = CURVE_STYLE('',#15970,POSITIVE_LENGTH_MEASURE(0.1),#13107);
#15970 = DRAUGHTING_PRE_DEFINED_CURVE_FONT('continuous');
#15971 = MECHANICAL_DESIGN_GEOMETRIC_PRESENTATION_REPRESENTATION('',(
    #15972),#7899);
#15972 = STYLED_ITEM('color',(#15973),#7887);
#15973 = PRESENTATION_STYLE_ASSIGNMENT((#15974,#15979));
#15974 = SURFACE_STYLE_USAGE(.BOTH.,#15975);
#15975 = SURFACE_SIDE_STYLE('',(#15976));
#15976 = SURFACE_STYLE_FILL_AREA(#15977);
#15977 = FILL_AREA_STYLE('',(#15978));
#15978 = FILL_AREA_STYLE_COLOUR('',#13107);
#15979 = CURVE_STYLE('',#15980,POSITIVE_LENGTH_MEASURE(0.1),#13107);
#15980 = DRAUGHTING_PRE_DEFINED_CURVE_FONT('continuous');
#15981 = MECHANICAL_DESIGN_GEOMETRIC_PRESENTATION_REPRESENTATION('',(
    #15982),#8612);
#15982 = STYLED_ITEM('color',(#15983),#8600);
#15983 = PRESENTATION_STYLE_ASSIGNMENT((#15984,#15989));
#15984 = SURFACE_STYLE_USAGE(.BOTH.,#15985);
#15985 = SURFACE_SIDE_STYLE('',(#15986));
#15986 = SURFACE_STYLE_FILL_AREA(#15987);
#15987 = FILL_AREA_STYLE('',(#15988));
#15988 = FILL_AREA_STYLE_COLOUR('',#13107);
#15989 = CURVE_STYLE('',#15990,POSITIVE_LENGTH_MEASURE(0.1),#13107);
#15990 = DRAUGHTING_PRE_DEFINED_CURVE_FONT('continuous');
#15991 = MECHANICAL_DESIGN_GEOMETRIC_PRESENTATION_REPRESENTATION('',(
    #15992),#5140);
#15992 = STYLED_ITEM('color',(#15993),#5128);
#15993 = PRESENTATION_STYLE_ASSIGNMENT((#15994,#15999));
#15994 = SURFACE_STYLE_USAGE(.BOTH.,#15995);
#15995 = SURFACE_SIDE_STYLE('',(#15996));
#15996 = SURFACE_STYLE_FILL_AREA(#15997);
#15997 = FILL_AREA_STYLE('',(#15998));
#15998 = FILL_AREA_STYLE_COLOUR('',#13107);
#15999 = CURVE_STYLE('',#16000,POSITIVE_LENGTH_MEASURE(0.1),#13107);
#16000 = DRAUGHTING_PRE_DEFINED_CURVE_FONT('continuous');
#16001 = MECHANICAL_DESIGN_GEOMETRIC_PRESENTATION_REPRESENTATION('',(
    #16002),#8271);
#16002 = STYLED_ITEM('color',(#16003),#8259);
#16003 = PRESENTATION_STYLE_ASSIGNMENT((#16004,#16009));
#16004 = SURFACE_STYLE_USAGE(.BOTH.,#16005);
#16005 = SURFACE_SIDE_STYLE('',(#16006));
#16006 = SURFACE_STYLE_FILL_AREA(#16007);
#16007 = FILL_AREA_STYLE('',(#16008));
#16008 = FILL_AREA_STYLE_COLOUR('',#13107);
#16009 = CURVE_STYLE('',#16010,POSITIVE_LENGTH_MEASURE(0.1),#13107);
#16010 = DRAUGHTING_PRE_DEFINED_CURVE_FONT('continuous');
#16011 = MECHANICAL_DESIGN_GEOMETRIC_PRESENTATION_REPRESENTATION('',(
    #16012),#3807);
#16012 = STYLED_ITEM('color',(#16013),#3795);
#16013 = PRESENTATION_STYLE_ASSIGNMENT((#16014,#16019));
#16014 = SURFACE_STYLE_USAGE(.BOTH.,#16015);
#16015 = SURFACE_SIDE_STYLE('',(#16016));
#16016 = SURFACE_STYLE_FILL_AREA(#16017);
#16017 = FILL_AREA_STYLE('',(#16018));
#16018 = FILL_AREA_STYLE_COLOUR('',#13107);
#16019 = CURVE_STYLE('',#16020,POSITIVE_LENGTH_MEASURE(0.1),#13107);
#16020 = DRAUGHTING_PRE_DEFINED_CURVE_FONT('continuous');
#16021 = MECHANICAL_DESIGN_GEOMETRIC_PRESENTATION_REPRESENTATION('',(
    #16022),#2908);
#16022 = STYLED_ITEM('color',(#16023),#2896);
#16023 = PRESENTATION_STYLE_ASSIGNMENT((#16024,#16029));
#16024 = SURFACE_STYLE_USAGE(.BOTH.,#16025);
#16025 = SURFACE_SIDE_STYLE('',(#16026));
#16026 = SURFACE_STYLE_FILL_AREA(#16027);
#16027 = FILL_AREA_STYLE('',(#16028));
#16028 = FILL_AREA_STYLE_COLOUR('',#13107);
#16029 = CURVE_STYLE('',#16030,POSITIVE_LENGTH_MEASURE(0.1),#13107);
#16030 = DRAUGHTING_PRE_DEFINED_CURVE_FONT('continuous');
#16031 = MECHANICAL_DESIGN_GEOMETRIC_PRESENTATION_REPRESENTATION('',(
    #16032),#4241);
#16032 = STYLED_ITEM('color',(#16033),#4229);
#16033 = PRESENTATION_STYLE_ASSIGNMENT((#16034,#16039));
#16034 = SURFACE_STYLE_USAGE(.BOTH.,#16035);
#16035 = SURFACE_SIDE_STYLE('',(#16036));
#16036 = SURFACE_STYLE_FILL_AREA(#16037);
#16037 = FILL_AREA_STYLE('',(#16038));
#16038 = FILL_AREA_STYLE_COLOUR('',#13107);
#16039 = CURVE_STYLE('',#16040,POSITIVE_LENGTH_MEASURE(0.1),#13107);
#16040 = DRAUGHTING_PRE_DEFINED_CURVE_FONT('continuous');
#16041 = MECHANICAL_DESIGN_GEOMETRIC_PRESENTATION_REPRESENTATION('',(
    #16042),#12177);
#16042 = STYLED_ITEM('color',(#16043),#12165);
#16043 = PRESENTATION_STYLE_ASSIGNMENT((#16044,#16049));
#16044 = SURFACE_STYLE_USAGE(.BOTH.,#16045);
#16045 = SURFACE_SIDE_STYLE('',(#16046));
#16046 = SURFACE_STYLE_FILL_AREA(#16047);
#16047 = FILL_AREA_STYLE('',(#16048));
#16048 = FILL_AREA_STYLE_COLOUR('',#13107);
#16049 = CURVE_STYLE('',#16050,POSITIVE_LENGTH_MEASURE(0.1),#13107);
#16050 = DRAUGHTING_PRE_DEFINED_CURVE_FONT('continuous');
#16051 = MECHANICAL_DESIGN_GEOMETRIC_PRESENTATION_REPRESENTATION('',(
    #16052),#7682);
#16052 = STYLED_ITEM('color',(#16053),#7670);
#16053 = PRESENTATION_STYLE_ASSIGNMENT((#16054,#16059));
#16054 = SURFACE_STYLE_USAGE(.BOTH.,#16055);
#16055 = SURFACE_SIDE_STYLE('',(#16056));
#16056 = SURFACE_STYLE_FILL_AREA(#16057);
#16057 = FILL_AREA_STYLE('',(#16058));
#16058 = FILL_AREA_STYLE_COLOUR('',#13107);
#16059 = CURVE_STYLE('',#16060,POSITIVE_LENGTH_MEASURE(0.1),#13107);
#16060 = DRAUGHTING_PRE_DEFINED_CURVE_FONT('continuous');
#16061 = MECHANICAL_DESIGN_GEOMETRIC_PRESENTATION_REPRESENTATION('',(
    #16062),#4210);
#16062 = STYLED_ITEM('color',(#16063),#4198);
#16063 = PRESENTATION_STYLE_ASSIGNMENT((#16064,#16069));
#16064 = SURFACE_STYLE_USAGE(.BOTH.,#16065);
#16065 = SURFACE_SIDE_STYLE('',(#16066));
#16066 = SURFACE_STYLE_FILL_AREA(#16067);
#16067 = FILL_AREA_STYLE('',(#16068));
#16068 = FILL_AREA_STYLE_COLOUR('',#13107);
#16069 = CURVE_STYLE('',#16070,POSITIVE_LENGTH_MEASURE(0.1),#13107);
#16070 = DRAUGHTING_PRE_DEFINED_CURVE_FONT('continuous');
#16071 = MECHANICAL_DESIGN_GEOMETRIC_PRESENTATION_REPRESENTATION('',(
    #16072),#5853);
#16072 = STYLED_ITEM('color',(#16073),#5841);
#16073 = PRESENTATION_STYLE_ASSIGNMENT((#16074,#16079));
#16074 = SURFACE_STYLE_USAGE(.BOTH.,#16075);
#16075 = SURFACE_SIDE_STYLE('',(#16076));
#16076 = SURFACE_STYLE_FILL_AREA(#16077);
#16077 = FILL_AREA_STYLE('',(#16078));
#16078 = FILL_AREA_STYLE_COLOUR('',#13107);
#16079 = CURVE_STYLE('',#16080,POSITIVE_LENGTH_MEASURE(0.1),#13107);
#16080 = DRAUGHTING_PRE_DEFINED_CURVE_FONT('continuous');
#16081 = MECHANICAL_DESIGN_GEOMETRIC_PRESENTATION_REPRESENTATION('',(
    #16082),#1761);
#16082 = STYLED_ITEM('color',(#16083),#1749);
#16083 = PRESENTATION_STYLE_ASSIGNMENT((#16084,#16089));
#16084 = SURFACE_STYLE_USAGE(.BOTH.,#16085);
#16085 = SURFACE_SIDE_STYLE('',(#16086));
#16086 = SURFACE_STYLE_FILL_AREA(#16087);
#16087 = FILL_AREA_STYLE('',(#16088));
#16088 = FILL_AREA_STYLE_COLOUR('',#13107);
#16089 = CURVE_STYLE('',#16090,POSITIVE_LENGTH_MEASURE(0.1),#13107);
#16090 = DRAUGHTING_PRE_DEFINED_CURVE_FONT('continuous');
#16091 = MECHANICAL_DESIGN_GEOMETRIC_PRESENTATION_REPRESENTATION('',(
    #16092),#7279);
#16092 = STYLED_ITEM('color',(#16093),#7267);
#16093 = PRESENTATION_STYLE_ASSIGNMENT((#16094,#16099));
#16094 = SURFACE_STYLE_USAGE(.BOTH.,#16095);
#16095 = SURFACE_SIDE_STYLE('',(#16096));
#16096 = SURFACE_STYLE_FILL_AREA(#16097);
#16097 = FILL_AREA_STYLE('',(#16098));
#16098 = FILL_AREA_STYLE_COLOUR('',#13107);
#16099 = CURVE_STYLE('',#16100,POSITIVE_LENGTH_MEASURE(0.1),#13107);
#16100 = DRAUGHTING_PRE_DEFINED_CURVE_FONT('continuous');
#16101 = MECHANICAL_DESIGN_GEOMETRIC_PRESENTATION_REPRESENTATION('',(
    #16102),#12580);
#16102 = STYLED_ITEM('color',(#16103),#12568);
#16103 = PRESENTATION_STYLE_ASSIGNMENT((#16104,#16109));
#16104 = SURFACE_STYLE_USAGE(.BOTH.,#16105);
#16105 = SURFACE_SIDE_STYLE('',(#16106));
#16106 = SURFACE_STYLE_FILL_AREA(#16107);
#16107 = FILL_AREA_STYLE('',(#16108));
#16108 = FILL_AREA_STYLE_COLOUR('',#13107);
#16109 = CURVE_STYLE('',#16110,POSITIVE_LENGTH_MEASURE(0.1),#13107);
#16110 = DRAUGHTING_PRE_DEFINED_CURVE_FONT('continuous');
#16111 = MECHANICAL_DESIGN_GEOMETRIC_PRESENTATION_REPRESENTATION('',(
    #16112),#10379);
#16112 = STYLED_ITEM('color',(#16113),#10367);
#16113 = PRESENTATION_STYLE_ASSIGNMENT((#16114,#16119));
#16114 = SURFACE_STYLE_USAGE(.BOTH.,#16115);
#16115 = SURFACE_SIDE_STYLE('',(#16116));
#16116 = SURFACE_STYLE_FILL_AREA(#16117);
#16117 = FILL_AREA_STYLE('',(#16118));
#16118 = FILL_AREA_STYLE_COLOUR('',#13107);
#16119 = CURVE_STYLE('',#16120,POSITIVE_LENGTH_MEASURE(0.1),#13107);
#16120 = DRAUGHTING_PRE_DEFINED_CURVE_FONT('continuous');
#16121 = MECHANICAL_DESIGN_GEOMETRIC_PRESENTATION_REPRESENTATION('',(
    #16122),#9511);
#16122 = STYLED_ITEM('color',(#16123),#9499);
#16123 = PRESENTATION_STYLE_ASSIGNMENT((#16124,#16129));
#16124 = SURFACE_STYLE_USAGE(.BOTH.,#16125);
#16125 = SURFACE_SIDE_STYLE('',(#16126));
#16126 = SURFACE_STYLE_FILL_AREA(#16127);
#16127 = FILL_AREA_STYLE('',(#16128));
#16128 = FILL_AREA_STYLE_COLOUR('',#13107);
#16129 = CURVE_STYLE('',#16130,POSITIVE_LENGTH_MEASURE(0.1),#13107);
#16130 = DRAUGHTING_PRE_DEFINED_CURVE_FONT('continuous');
#16131 = MECHANICAL_DESIGN_GEOMETRIC_PRESENTATION_REPRESENTATION('',(
    #16132),#6535);
#16132 = STYLED_ITEM('color',(#16133),#6523);
#16133 = PRESENTATION_STYLE_ASSIGNMENT((#16134,#16139));
#16134 = SURFACE_STYLE_USAGE(.BOTH.,#16135);
#16135 = SURFACE_SIDE_STYLE('',(#16136));
#16136 = SURFACE_STYLE_FILL_AREA(#16137);
#16137 = FILL_AREA_STYLE('',(#16138));
#16138 = FILL_AREA_STYLE_COLOUR('',#13107);
#16139 = CURVE_STYLE('',#16140,POSITIVE_LENGTH_MEASURE(0.1),#13107);
#16140 = DRAUGHTING_PRE_DEFINED_CURVE_FONT('continuous');
#16141 = MECHANICAL_DESIGN_GEOMETRIC_PRESENTATION_REPRESENTATION('',(
    #16142),#11154);
#16142 = STYLED_ITEM('color',(#16143),#11142);
#16143 = PRESENTATION_STYLE_ASSIGNMENT((#16144,#16149));
#16144 = SURFACE_STYLE_USAGE(.BOTH.,#16145);
#16145 = SURFACE_SIDE_STYLE('',(#16146));
#16146 = SURFACE_STYLE_FILL_AREA(#16147);
#16147 = FILL_AREA_STYLE('',(#16148));
#16148 = FILL_AREA_STYLE_COLOUR('',#13107);
#16149 = CURVE_STYLE('',#16150,POSITIVE_LENGTH_MEASURE(0.1),#13107);
#16150 = DRAUGHTING_PRE_DEFINED_CURVE_FONT('continuous');
#16151 = MECHANICAL_DESIGN_GEOMETRIC_PRESENTATION_REPRESENTATION('',(
    #16152),#9480);
#16152 = STYLED_ITEM('color',(#16153),#9468);
#16153 = PRESENTATION_STYLE_ASSIGNMENT((#16154,#16159));
#16154 = SURFACE_STYLE_USAGE(.BOTH.,#16155);
#16155 = SURFACE_SIDE_STYLE('',(#16156));
#16156 = SURFACE_STYLE_FILL_AREA(#16157);
#16157 = FILL_AREA_STYLE('',(#16158));
#16158 = FILL_AREA_STYLE_COLOUR('',#13107);
#16159 = CURVE_STYLE('',#16160,POSITIVE_LENGTH_MEASURE(0.1),#13107);
#16160 = DRAUGHTING_PRE_DEFINED_CURVE_FONT('continuous');
#16161 = MECHANICAL_DESIGN_GEOMETRIC_PRESENTATION_REPRESENTATION('',(
    #16162),#9542);
#16162 = STYLED_ITEM('color',(#16163),#9530);
#16163 = PRESENTATION_STYLE_ASSIGNMENT((#16164,#16169));
#16164 = SURFACE_STYLE_USAGE(.BOTH.,#16165);
#16165 = SURFACE_SIDE_STYLE('',(#16166));
#16166 = SURFACE_STYLE_FILL_AREA(#16167);
#16167 = FILL_AREA_STYLE('',(#16168));
#16168 = FILL_AREA_STYLE_COLOUR('',#13107);
#16169 = CURVE_STYLE('',#16170,POSITIVE_LENGTH_MEASURE(0.1),#13107);
#16170 = DRAUGHTING_PRE_DEFINED_CURVE_FONT('continuous');
#16171 = MECHANICAL_DESIGN_GEOMETRIC_PRESENTATION_REPRESENTATION('',(
    #16172),#8891);
#16172 = STYLED_ITEM('color',(#16173),#8879);
#16173 = PRESENTATION_STYLE_ASSIGNMENT((#16174,#16179));
#16174 = SURFACE_STYLE_USAGE(.BOTH.,#16175);
#16175 = SURFACE_SIDE_STYLE('',(#16176));
#16176 = SURFACE_STYLE_FILL_AREA(#16177);
#16177 = FILL_AREA_STYLE('',(#16178));
#16178 = FILL_AREA_STYLE_COLOUR('',#13107);
#16179 = CURVE_STYLE('',#16180,POSITIVE_LENGTH_MEASURE(0.1),#13107);
#16180 = DRAUGHTING_PRE_DEFINED_CURVE_FONT('continuous');
#16181 = MECHANICAL_DESIGN_GEOMETRIC_PRESENTATION_REPRESENTATION('',(
    #16182),#4489);
#16182 = STYLED_ITEM('color',(#16183),#4477);
#16183 = PRESENTATION_STYLE_ASSIGNMENT((#16184,#16189));
#16184 = SURFACE_STYLE_USAGE(.BOTH.,#16185);
#16185 = SURFACE_SIDE_STYLE('',(#16186));
#16186 = SURFACE_STYLE_FILL_AREA(#16187);
#16187 = FILL_AREA_STYLE('',(#16188));
#16188 = FILL_AREA_STYLE_COLOUR('',#13107);
#16189 = CURVE_STYLE('',#16190,POSITIVE_LENGTH_MEASURE(0.1),#13107);
#16190 = DRAUGHTING_PRE_DEFINED_CURVE_FONT('continuous');
#16191 = MECHANICAL_DESIGN_GEOMETRIC_PRESENTATION_REPRESENTATION('',(
    #16192),#11061);
#16192 = STYLED_ITEM('color',(#16193),#11049);
#16193 = PRESENTATION_STYLE_ASSIGNMENT((#16194,#16199));
#16194 = SURFACE_STYLE_USAGE(.BOTH.,#16195);
#16195 = SURFACE_SIDE_STYLE('',(#16196));
#16196 = SURFACE_STYLE_FILL_AREA(#16197);
#16197 = FILL_AREA_STYLE('',(#16198));
#16198 = FILL_AREA_STYLE_COLOUR('',#13107);
#16199 = CURVE_STYLE('',#16200,POSITIVE_LENGTH_MEASURE(0.1),#13107);
#16200 = DRAUGHTING_PRE_DEFINED_CURVE_FONT('continuous');
#16201 = MECHANICAL_DESIGN_GEOMETRIC_PRESENTATION_REPRESENTATION('',(
    #16202),#4458);
#16202 = STYLED_ITEM('color',(#16203),#4446);
#16203 = PRESENTATION_STYLE_ASSIGNMENT((#16204,#16209));
#16204 = SURFACE_STYLE_USAGE(.BOTH.,#16205);
#16205 = SURFACE_SIDE_STYLE('',(#16206));
#16206 = SURFACE_STYLE_FILL_AREA(#16207);
#16207 = FILL_AREA_STYLE('',(#16208));
#16208 = FILL_AREA_STYLE_COLOUR('',#13107);
#16209 = CURVE_STYLE('',#16210,POSITIVE_LENGTH_MEASURE(0.1),#13107);
#16210 = DRAUGHTING_PRE_DEFINED_CURVE_FONT('continuous');
#16211 = MECHANICAL_DESIGN_GEOMETRIC_PRESENTATION_REPRESENTATION('',(
    #16212),#9976);
#16212 = STYLED_ITEM('color',(#16213),#9964);
#16213 = PRESENTATION_STYLE_ASSIGNMENT((#16214,#16219));
#16214 = SURFACE_STYLE_USAGE(.BOTH.,#16215);
#16215 = SURFACE_SIDE_STYLE('',(#16216));
#16216 = SURFACE_STYLE_FILL_AREA(#16217);
#16217 = FILL_AREA_STYLE('',(#16218));
#16218 = FILL_AREA_STYLE_COLOUR('',#13107);
#16219 = CURVE_STYLE('',#16220,POSITIVE_LENGTH_MEASURE(0.1),#13107);
#16220 = DRAUGHTING_PRE_DEFINED_CURVE_FONT('continuous');
#16221 = MECHANICAL_DESIGN_GEOMETRIC_PRESENTATION_REPRESENTATION('',(
    #16222),#2071);
#16222 = STYLED_ITEM('color',(#16223),#2059);
#16223 = PRESENTATION_STYLE_ASSIGNMENT((#16224,#16229));
#16224 = SURFACE_STYLE_USAGE(.BOTH.,#16225);
#16225 = SURFACE_SIDE_STYLE('',(#16226));
#16226 = SURFACE_STYLE_FILL_AREA(#16227);
#16227 = FILL_AREA_STYLE('',(#16228));
#16228 = FILL_AREA_STYLE_COLOUR('',#13107);
#16229 = CURVE_STYLE('',#16230,POSITIVE_LENGTH_MEASURE(0.1),#13107);
#16230 = DRAUGHTING_PRE_DEFINED_CURVE_FONT('continuous');
#16231 = MECHANICAL_DESIGN_GEOMETRIC_PRESENTATION_REPRESENTATION('',(
    #16232),#9046);
#16232 = STYLED_ITEM('color',(#16233),#9034);
#16233 = PRESENTATION_STYLE_ASSIGNMENT((#16234,#16239));
#16234 = SURFACE_STYLE_USAGE(.BOTH.,#16235);
#16235 = SURFACE_SIDE_STYLE('',(#16236));
#16236 = SURFACE_STYLE_FILL_AREA(#16237);
#16237 = FILL_AREA_STYLE('',(#16238));
#16238 = FILL_AREA_STYLE_COLOUR('',#13107);
#16239 = CURVE_STYLE('',#16240,POSITIVE_LENGTH_MEASURE(0.1),#13107);
#16240 = DRAUGHTING_PRE_DEFINED_CURVE_FONT('continuous');
#16241 = MECHANICAL_DESIGN_GEOMETRIC_PRESENTATION_REPRESENTATION('',(
    #16242),#4768);
#16242 = STYLED_ITEM('color',(#16243),#4756);
#16243 = PRESENTATION_STYLE_ASSIGNMENT((#16244,#16249));
#16244 = SURFACE_STYLE_USAGE(.BOTH.,#16245);
#16245 = SURFACE_SIDE_STYLE('',(#16246));
#16246 = SURFACE_STYLE_FILL_AREA(#16247);
#16247 = FILL_AREA_STYLE('',(#16248));
#16248 = FILL_AREA_STYLE_COLOUR('',#13107);
#16249 = CURVE_STYLE('',#16250,POSITIVE_LENGTH_MEASURE(0.1),#13107);
#16250 = DRAUGHTING_PRE_DEFINED_CURVE_FONT('continuous');
#16251 = MECHANICAL_DESIGN_GEOMETRIC_PRESENTATION_REPRESENTATION('',(
    #16252),#2164);
#16252 = STYLED_ITEM('color',(#16253),#2152);
#16253 = PRESENTATION_STYLE_ASSIGNMENT((#16254,#16259));
#16254 = SURFACE_STYLE_USAGE(.BOTH.,#16255);
#16255 = SURFACE_SIDE_STYLE('',(#16256));
#16256 = SURFACE_STYLE_FILL_AREA(#16257);
#16257 = FILL_AREA_STYLE('',(#16258));
#16258 = FILL_AREA_STYLE_COLOUR('',#13107);
#16259 = CURVE_STYLE('',#16260,POSITIVE_LENGTH_MEASURE(0.1),#13107);
#16260 = DRAUGHTING_PRE_DEFINED_CURVE_FONT('continuous');
#16261 = MECHANICAL_DESIGN_GEOMETRIC_PRESENTATION_REPRESENTATION('',(
    #16262),#6721);
#16262 = STYLED_ITEM('color',(#16263),#6709);
#16263 = PRESENTATION_STYLE_ASSIGNMENT((#16264,#16269));
#16264 = SURFACE_STYLE_USAGE(.BOTH.,#16265);
#16265 = SURFACE_SIDE_STYLE('',(#16266));
#16266 = SURFACE_STYLE_FILL_AREA(#16267);
#16267 = FILL_AREA_STYLE('',(#16268));
#16268 = FILL_AREA_STYLE_COLOUR('',#13107);
#16269 = CURVE_STYLE('',#16270,POSITIVE_LENGTH_MEASURE(0.1),#13107);
#16270 = DRAUGHTING_PRE_DEFINED_CURVE_FONT('continuous');
#16271 = MECHANICAL_DESIGN_GEOMETRIC_PRESENTATION_REPRESENTATION('',(
    #16272),#7961);
#16272 = STYLED_ITEM('color',(#16273),#7949);
#16273 = PRESENTATION_STYLE_ASSIGNMENT((#16274,#16279));
#16274 = SURFACE_STYLE_USAGE(.BOTH.,#16275);
#16275 = SURFACE_SIDE_STYLE('',(#16276));
#16276 = SURFACE_STYLE_FILL_AREA(#16277);
#16277 = FILL_AREA_STYLE('',(#16278));
#16278 = FILL_AREA_STYLE_COLOUR('',#13107);
#16279 = CURVE_STYLE('',#16280,POSITIVE_LENGTH_MEASURE(0.1),#13107);
#16280 = DRAUGHTING_PRE_DEFINED_CURVE_FONT('continuous');
#16281 = MECHANICAL_DESIGN_GEOMETRIC_PRESENTATION_REPRESENTATION('',(
    #16282),#9418);
#16282 = STYLED_ITEM('color',(#16283),#9406);
#16283 = PRESENTATION_STYLE_ASSIGNMENT((#16284,#16289));
#16284 = SURFACE_STYLE_USAGE(.BOTH.,#16285);
#16285 = SURFACE_SIDE_STYLE('',(#16286));
#16286 = SURFACE_STYLE_FILL_AREA(#16287);
#16287 = FILL_AREA_STYLE('',(#16288));
#16288 = FILL_AREA_STYLE_COLOUR('',#13107);
#16289 = CURVE_STYLE('',#16290,POSITIVE_LENGTH_MEASURE(0.1),#13107);
#16290 = DRAUGHTING_PRE_DEFINED_CURVE_FONT('continuous');
#16291 = MECHANICAL_DESIGN_GEOMETRIC_PRESENTATION_REPRESENTATION('',(
    #16292),#5574);
#16292 = STYLED_ITEM('color',(#16293),#5562);
#16293 = PRESENTATION_STYLE_ASSIGNMENT((#16294,#16299));
#16294 = SURFACE_STYLE_USAGE(.BOTH.,#16295);
#16295 = SURFACE_SIDE_STYLE('',(#16296));
#16296 = SURFACE_STYLE_FILL_AREA(#16297);
#16297 = FILL_AREA_STYLE('',(#16298));
#16298 = FILL_AREA_STYLE_COLOUR('',#13107);
#16299 = CURVE_STYLE('',#16300,POSITIVE_LENGTH_MEASURE(0.1),#13107);
#16300 = DRAUGHTING_PRE_DEFINED_CURVE_FONT('continuous');
#16301 = MECHANICAL_DESIGN_GEOMETRIC_PRESENTATION_REPRESENTATION('',(
    #16302),#2040);
#16302 = STYLED_ITEM('color',(#16303),#2028);
#16303 = PRESENTATION_STYLE_ASSIGNMENT((#16304,#16309));
#16304 = SURFACE_STYLE_USAGE(.BOTH.,#16305);
#16305 = SURFACE_SIDE_STYLE('',(#16306));
#16306 = SURFACE_STYLE_FILL_AREA(#16307);
#16307 = FILL_AREA_STYLE('',(#16308));
#16308 = FILL_AREA_STYLE_COLOUR('',#13107);
#16309 = CURVE_STYLE('',#16310,POSITIVE_LENGTH_MEASURE(0.1),#13107);
#16310 = DRAUGHTING_PRE_DEFINED_CURVE_FONT('continuous');
#16311 = MECHANICAL_DESIGN_GEOMETRIC_PRESENTATION_REPRESENTATION('',(
    #16312),#7310);
#16312 = STYLED_ITEM('color',(#16313),#7298);
#16313 = PRESENTATION_STYLE_ASSIGNMENT((#16314,#16319));
#16314 = SURFACE_STYLE_USAGE(.BOTH.,#16315);
#16315 = SURFACE_SIDE_STYLE('',(#16316));
#16316 = SURFACE_STYLE_FILL_AREA(#16317);
#16317 = FILL_AREA_STYLE('',(#16318));
#16318 = FILL_AREA_STYLE_COLOUR('',#13107);
#16319 = CURVE_STYLE('',#16320,POSITIVE_LENGTH_MEASURE(0.1),#13107);
#16320 = DRAUGHTING_PRE_DEFINED_CURVE_FONT('continuous');
#16321 = MECHANICAL_DESIGN_GEOMETRIC_PRESENTATION_REPRESENTATION('',(
    #16322),#8426);
#16322 = STYLED_ITEM('color',(#16323),#8414);
#16323 = PRESENTATION_STYLE_ASSIGNMENT((#16324,#16329));
#16324 = SURFACE_STYLE_USAGE(.BOTH.,#16325);
#16325 = SURFACE_SIDE_STYLE('',(#16326));
#16326 = SURFACE_STYLE_FILL_AREA(#16327);
#16327 = FILL_AREA_STYLE('',(#16328));
#16328 = FILL_AREA_STYLE_COLOUR('',#13107);
#16329 = CURVE_STYLE('',#16330,POSITIVE_LENGTH_MEASURE(0.1),#13107);
#16330 = DRAUGHTING_PRE_DEFINED_CURVE_FONT('continuous');
#16331 = MECHANICAL_DESIGN_GEOMETRIC_PRESENTATION_REPRESENTATION('',(
    #16332),#8116);
#16332 = STYLED_ITEM('color',(#16333),#8104);
#16333 = PRESENTATION_STYLE_ASSIGNMENT((#16334,#16339));
#16334 = SURFACE_STYLE_USAGE(.BOTH.,#16335);
#16335 = SURFACE_SIDE_STYLE('',(#16336));
#16336 = SURFACE_STYLE_FILL_AREA(#16337);
#16337 = FILL_AREA_STYLE('',(#16338));
#16338 = FILL_AREA_STYLE_COLOUR('',#13107);
#16339 = CURVE_STYLE('',#16340,POSITIVE_LENGTH_MEASURE(0.1),#13107);
#16340 = DRAUGHTING_PRE_DEFINED_CURVE_FONT('continuous');
#16341 = MECHANICAL_DESIGN_GEOMETRIC_PRESENTATION_REPRESENTATION('',(
    #16342),#5760);
#16342 = STYLED_ITEM('color',(#16343),#5748);
#16343 = PRESENTATION_STYLE_ASSIGNMENT((#16344,#16349));
#16344 = SURFACE_STYLE_USAGE(.BOTH.,#16345);
#16345 = SURFACE_SIDE_STYLE('',(#16346));
#16346 = SURFACE_STYLE_FILL_AREA(#16347);
#16347 = FILL_AREA_STYLE('',(#16348));
#16348 = FILL_AREA_STYLE_COLOUR('',#13107);
#16349 = CURVE_STYLE('',#16350,POSITIVE_LENGTH_MEASURE(0.1),#13107);
#16350 = DRAUGHTING_PRE_DEFINED_CURVE_FONT('continuous');
#16351 = MECHANICAL_DESIGN_GEOMETRIC_PRESENTATION_REPRESENTATION('',(
    #16352),#12146);
#16352 = STYLED_ITEM('color',(#16353),#12134);
#16353 = PRESENTATION_STYLE_ASSIGNMENT((#16354,#16359));
#16354 = SURFACE_STYLE_USAGE(.BOTH.,#16355);
#16355 = SURFACE_SIDE_STYLE('',(#16356));
#16356 = SURFACE_STYLE_FILL_AREA(#16357);
#16357 = FILL_AREA_STYLE('',(#16358));
#16358 = FILL_AREA_STYLE_COLOUR('',#13107);
#16359 = CURVE_STYLE('',#16360,POSITIVE_LENGTH_MEASURE(0.1),#13107);
#16360 = DRAUGHTING_PRE_DEFINED_CURVE_FONT('continuous');
#16361 = MECHANICAL_DESIGN_GEOMETRIC_PRESENTATION_REPRESENTATION('',(
    #16362),#1792);
#16362 = STYLED_ITEM('color',(#16363),#1780);
#16363 = PRESENTATION_STYLE_ASSIGNMENT((#16364,#16369));
#16364 = SURFACE_STYLE_USAGE(.BOTH.,#16365);
#16365 = SURFACE_SIDE_STYLE('',(#16366));
#16366 = SURFACE_STYLE_FILL_AREA(#16367);
#16367 = FILL_AREA_STYLE('',(#16368));
#16368 = FILL_AREA_STYLE_COLOUR('',#13107);
#16369 = CURVE_STYLE('',#16370,POSITIVE_LENGTH_MEASURE(0.1),#13107);
#16370 = DRAUGHTING_PRE_DEFINED_CURVE_FONT('continuous');
#16371 = MECHANICAL_DESIGN_GEOMETRIC_PRESENTATION_REPRESENTATION('',(
    #16372),#2815);
#16372 = STYLED_ITEM('color',(#16373),#2803);
#16373 = PRESENTATION_STYLE_ASSIGNMENT((#16374,#16379));
#16374 = SURFACE_STYLE_USAGE(.BOTH.,#16375);
#16375 = SURFACE_SIDE_STYLE('',(#16376));
#16376 = SURFACE_STYLE_FILL_AREA(#16377);
#16377 = FILL_AREA_STYLE('',(#16378));
#16378 = FILL_AREA_STYLE_COLOUR('',#13107);
#16379 = CURVE_STYLE('',#16380,POSITIVE_LENGTH_MEASURE(0.1),#13107);
#16380 = DRAUGHTING_PRE_DEFINED_CURVE_FONT('continuous');
#16381 = MECHANICAL_DESIGN_GEOMETRIC_PRESENTATION_REPRESENTATION('',(
    #16382),#12053);
#16382 = STYLED_ITEM('color',(#16383),#12041);
#16383 = PRESENTATION_STYLE_ASSIGNMENT((#16384,#16389));
#16384 = SURFACE_STYLE_USAGE(.BOTH.,#16385);
#16385 = SURFACE_SIDE_STYLE('',(#16386));
#16386 = SURFACE_STYLE_FILL_AREA(#16387);
#16387 = FILL_AREA_STYLE('',(#16388));
#16388 = FILL_AREA_STYLE_COLOUR('',#13107);
#16389 = CURVE_STYLE('',#16390,POSITIVE_LENGTH_MEASURE(0.1),#13107);
#16390 = DRAUGHTING_PRE_DEFINED_CURVE_FONT('continuous');
#16391 = MECHANICAL_DESIGN_GEOMETRIC_PRESENTATION_REPRESENTATION('',(
    #16392),#3869);
#16392 = STYLED_ITEM('color',(#16393),#3857);
#16393 = PRESENTATION_STYLE_ASSIGNMENT((#16394,#16399));
#16394 = SURFACE_STYLE_USAGE(.BOTH.,#16395);
#16395 = SURFACE_SIDE_STYLE('',(#16396));
#16396 = SURFACE_STYLE_FILL_AREA(#16397);
#16397 = FILL_AREA_STYLE('',(#16398));
#16398 = FILL_AREA_STYLE_COLOUR('',#13107);
#16399 = CURVE_STYLE('',#16400,POSITIVE_LENGTH_MEASURE(0.1),#13107);
#16400 = DRAUGHTING_PRE_DEFINED_CURVE_FONT('continuous');
#16401 = MECHANICAL_DESIGN_GEOMETRIC_PRESENTATION_REPRESENTATION('',(
    #16402),#6008);
#16402 = STYLED_ITEM('color',(#16403),#5996);
#16403 = PRESENTATION_STYLE_ASSIGNMENT((#16404,#16409));
#16404 = SURFACE_STYLE_USAGE(.BOTH.,#16405);
#16405 = SURFACE_SIDE_STYLE('',(#16406));
#16406 = SURFACE_STYLE_FILL_AREA(#16407);
#16407 = FILL_AREA_STYLE('',(#16408));
#16408 = FILL_AREA_STYLE_COLOUR('',#13107);
#16409 = CURVE_STYLE('',#16410,POSITIVE_LENGTH_MEASURE(0.1),#13107);
#16410 = DRAUGHTING_PRE_DEFINED_CURVE_FONT('continuous');
#16411 = MECHANICAL_DESIGN_GEOMETRIC_PRESENTATION_REPRESENTATION('',(
    #16412),#11433);
#16412 = STYLED_ITEM('color',(#16413),#11421);
#16413 = PRESENTATION_STYLE_ASSIGNMENT((#16414,#16419));
#16414 = SURFACE_STYLE_USAGE(.BOTH.,#16415);
#16415 = SURFACE_SIDE_STYLE('',(#16416));
#16416 = SURFACE_STYLE_FILL_AREA(#16417);
#16417 = FILL_AREA_STYLE('',(#16418));
#16418 = FILL_AREA_STYLE_COLOUR('',#13107);
#16419 = CURVE_STYLE('',#16420,POSITIVE_LENGTH_MEASURE(0.1),#13107);
#16420 = DRAUGHTING_PRE_DEFINED_CURVE_FONT('continuous');
#16421 = MECHANICAL_DESIGN_GEOMETRIC_PRESENTATION_REPRESENTATION('',(
    #16422),#12332);
#16422 = STYLED_ITEM('color',(#16423),#12320);
#16423 = PRESENTATION_STYLE_ASSIGNMENT((#16424,#16429));
#16424 = SURFACE_STYLE_USAGE(.BOTH.,#16425);
#16425 = SURFACE_SIDE_STYLE('',(#16426));
#16426 = SURFACE_STYLE_FILL_AREA(#16427);
#16427 = FILL_AREA_STYLE('',(#16428));
#16428 = FILL_AREA_STYLE_COLOUR('',#13107);
#16429 = CURVE_STYLE('',#16430,POSITIVE_LENGTH_MEASURE(0.1),#13107);
#16430 = DRAUGHTING_PRE_DEFINED_CURVE_FONT('continuous');
#16431 = MECHANICAL_DESIGN_GEOMETRIC_PRESENTATION_REPRESENTATION('',(
    #16432),#9201);
#16432 = STYLED_ITEM('color',(#16433),#9189);
#16433 = PRESENTATION_STYLE_ASSIGNMENT((#16434,#16439));
#16434 = SURFACE_STYLE_USAGE(.BOTH.,#16435);
#16435 = SURFACE_SIDE_STYLE('',(#16436));
#16436 = SURFACE_STYLE_FILL_AREA(#16437);
#16437 = FILL_AREA_STYLE('',(#16438));
#16438 = FILL_AREA_STYLE_COLOUR('',#13107);
#16439 = CURVE_STYLE('',#16440,POSITIVE_LENGTH_MEASURE(0.1),#13107);
#16440 = DRAUGHTING_PRE_DEFINED_CURVE_FONT('continuous');
#16441 = MECHANICAL_DESIGN_GEOMETRIC_PRESENTATION_REPRESENTATION('',(
    #16442),#7434);
#16442 = STYLED_ITEM('color',(#16443),#7422);
#16443 = PRESENTATION_STYLE_ASSIGNMENT((#16444,#16449));
#16444 = SURFACE_STYLE_USAGE(.BOTH.,#16445);
#16445 = SURFACE_SIDE_STYLE('',(#16446));
#16446 = SURFACE_STYLE_FILL_AREA(#16447);
#16447 = FILL_AREA_STYLE('',(#16448));
#16448 = FILL_AREA_STYLE_COLOUR('',#13107);
#16449 = CURVE_STYLE('',#16450,POSITIVE_LENGTH_MEASURE(0.1),#13107);
#16450 = DRAUGHTING_PRE_DEFINED_CURVE_FONT('continuous');
#16451 = MECHANICAL_DESIGN_GEOMETRIC_PRESENTATION_REPRESENTATION('',(
    #16452),#12456);
#16452 = STYLED_ITEM('color',(#16453),#12444);
#16453 = PRESENTATION_STYLE_ASSIGNMENT((#16454,#16459));
#16454 = SURFACE_STYLE_USAGE(.BOTH.,#16455);
#16455 = SURFACE_SIDE_STYLE('',(#16456));
#16456 = SURFACE_STYLE_FILL_AREA(#16457);
#16457 = FILL_AREA_STYLE('',(#16458));
#16458 = FILL_AREA_STYLE_COLOUR('',#13107);
#16459 = CURVE_STYLE('',#16460,POSITIVE_LENGTH_MEASURE(0.1),#13107);
#16460 = DRAUGHTING_PRE_DEFINED_CURVE_FONT('continuous');
#16461 = MECHANICAL_DESIGN_GEOMETRIC_PRESENTATION_REPRESENTATION('',(
    #16462),#9449);
#16462 = STYLED_ITEM('color',(#16463),#9437);
#16463 = PRESENTATION_STYLE_ASSIGNMENT((#16464,#16469));
#16464 = SURFACE_STYLE_USAGE(.BOTH.,#16465);
#16465 = SURFACE_SIDE_STYLE('',(#16466));
#16466 = SURFACE_STYLE_FILL_AREA(#16467);
#16467 = FILL_AREA_STYLE('',(#16468));
#16468 = FILL_AREA_STYLE_COLOUR('',#13107);
#16469 = CURVE_STYLE('',#16470,POSITIVE_LENGTH_MEASURE(0.1),#13107);
#16470 = DRAUGHTING_PRE_DEFINED_CURVE_FONT('continuous');
#16471 = MECHANICAL_DESIGN_GEOMETRIC_PRESENTATION_REPRESENTATION('',(
    #16472),#11464);
#16472 = STYLED_ITEM('color',(#16473),#11452);
#16473 = PRESENTATION_STYLE_ASSIGNMENT((#16474,#16479));
#16474 = SURFACE_STYLE_USAGE(.BOTH.,#16475);
#16475 = SURFACE_SIDE_STYLE('',(#16476));
#16476 = SURFACE_STYLE_FILL_AREA(#16477);
#16477 = FILL_AREA_STYLE('',(#16478));
#16478 = FILL_AREA_STYLE_COLOUR('',#13107);
#16479 = CURVE_STYLE('',#16480,POSITIVE_LENGTH_MEASURE(0.1),#13107);
#16480 = DRAUGHTING_PRE_DEFINED_CURVE_FONT('continuous');
#16481 = MECHANICAL_DESIGN_GEOMETRIC_PRESENTATION_REPRESENTATION('',(
    #16482),#12084);
#16482 = STYLED_ITEM('color',(#16483),#12072);
#16483 = PRESENTATION_STYLE_ASSIGNMENT((#16484,#16489));
#16484 = SURFACE_STYLE_USAGE(.BOTH.,#16485);
#16485 = SURFACE_SIDE_STYLE('',(#16486));
#16486 = SURFACE_STYLE_FILL_AREA(#16487);
#16487 = FILL_AREA_STYLE('',(#16488));
#16488 = FILL_AREA_STYLE_COLOUR('',#13107);
#16489 = CURVE_STYLE('',#16490,POSITIVE_LENGTH_MEASURE(0.1),#13107);
#16490 = DRAUGHTING_PRE_DEFINED_CURVE_FONT('continuous');
#16491 = MECHANICAL_DESIGN_GEOMETRIC_PRESENTATION_REPRESENTATION('',(
    #16492),#2319);
#16492 = STYLED_ITEM('color',(#16493),#2307);
#16493 = PRESENTATION_STYLE_ASSIGNMENT((#16494,#16499));
#16494 = SURFACE_STYLE_USAGE(.BOTH.,#16495);
#16495 = SURFACE_SIDE_STYLE('',(#16496));
#16496 = SURFACE_STYLE_FILL_AREA(#16497);
#16497 = FILL_AREA_STYLE('',(#16498));
#16498 = FILL_AREA_STYLE_COLOUR('',#13107);
#16499 = CURVE_STYLE('',#16500,POSITIVE_LENGTH_MEASURE(0.1),#13107);
#16500 = DRAUGHTING_PRE_DEFINED_CURVE_FONT('continuous');
#16501 = MECHANICAL_DESIGN_GEOMETRIC_PRESENTATION_REPRESENTATION('',(
    #16502),#10193);
#16502 = STYLED_ITEM('color',(#16503),#10181);
#16503 = PRESENTATION_STYLE_ASSIGNMENT((#16504,#16509));
#16504 = SURFACE_STYLE_USAGE(.BOTH.,#16505);
#16505 = SURFACE_SIDE_STYLE('',(#16506));
#16506 = SURFACE_STYLE_FILL_AREA(#16507);
#16507 = FILL_AREA_STYLE('',(#16508));
#16508 = FILL_AREA_STYLE_COLOUR('',#13107);
#16509 = CURVE_STYLE('',#16510,POSITIVE_LENGTH_MEASURE(0.1),#13107);
#16510 = DRAUGHTING_PRE_DEFINED_CURVE_FONT('continuous');
#16511 = MECHANICAL_DESIGN_GEOMETRIC_PRESENTATION_REPRESENTATION('',(
    #16512),#6628);
#16512 = STYLED_ITEM('color',(#16513),#6616);
#16513 = PRESENTATION_STYLE_ASSIGNMENT((#16514,#16519));
#16514 = SURFACE_STYLE_USAGE(.BOTH.,#16515);
#16515 = SURFACE_SIDE_STYLE('',(#16516));
#16516 = SURFACE_STYLE_FILL_AREA(#16517);
#16517 = FILL_AREA_STYLE('',(#16518));
#16518 = FILL_AREA_STYLE_COLOUR('',#13107);
#16519 = CURVE_STYLE('',#16520,POSITIVE_LENGTH_MEASURE(0.1),#13107);
#16520 = DRAUGHTING_PRE_DEFINED_CURVE_FONT('continuous');
#16521 = MECHANICAL_DESIGN_GEOMETRIC_PRESENTATION_REPRESENTATION('',(
    #16522),#4892);
#16522 = STYLED_ITEM('color',(#16523),#4880);
#16523 = PRESENTATION_STYLE_ASSIGNMENT((#16524,#16529));
#16524 = SURFACE_STYLE_USAGE(.BOTH.,#16525);
#16525 = SURFACE_SIDE_STYLE('',(#16526));
#16526 = SURFACE_STYLE_FILL_AREA(#16527);
#16527 = FILL_AREA_STYLE('',(#16528));
#16528 = FILL_AREA_STYLE_COLOUR('',#13107);
#16529 = CURVE_STYLE('',#16530,POSITIVE_LENGTH_MEASURE(0.1),#13107);
#16530 = DRAUGHTING_PRE_DEFINED_CURVE_FONT('continuous');
#16531 = MECHANICAL_DESIGN_GEOMETRIC_PRESENTATION_REPRESENTATION('',(
    #16532),#3063);
#16532 = STYLED_ITEM('color',(#16533),#3051);
#16533 = PRESENTATION_STYLE_ASSIGNMENT((#16534,#16539));
#16534 = SURFACE_STYLE_USAGE(.BOTH.,#16535);
#16535 = SURFACE_SIDE_STYLE('',(#16536));
#16536 = SURFACE_STYLE_FILL_AREA(#16537);
#16537 = FILL_AREA_STYLE('',(#16538));
#16538 = FILL_AREA_STYLE_COLOUR('',#13107);
#16539 = CURVE_STYLE('',#16540,POSITIVE_LENGTH_MEASURE(0.1),#13107);
#16540 = DRAUGHTING_PRE_DEFINED_CURVE_FONT('continuous');
#16541 = MECHANICAL_DESIGN_GEOMETRIC_PRESENTATION_REPRESENTATION('',(
    #16542),#3652);
#16542 = STYLED_ITEM('color',(#16543),#3640);
#16543 = PRESENTATION_STYLE_ASSIGNMENT((#16544,#16549));
#16544 = SURFACE_STYLE_USAGE(.BOTH.,#16545);
#16545 = SURFACE_SIDE_STYLE('',(#16546));
#16546 = SURFACE_STYLE_FILL_AREA(#16547);
#16547 = FILL_AREA_STYLE('',(#16548));
#16548 = FILL_AREA_STYLE_COLOUR('',#13107);
#16549 = CURVE_STYLE('',#16550,POSITIVE_LENGTH_MEASURE(0.1),#13107);
#16550 = DRAUGHTING_PRE_DEFINED_CURVE_FONT('continuous');
#16551 = MECHANICAL_DESIGN_GEOMETRIC_PRESENTATION_REPRESENTATION('',(
    #16552),#11030);
#16552 = STYLED_ITEM('color',(#16553),#11018);
#16553 = PRESENTATION_STYLE_ASSIGNMENT((#16554,#16559));
#16554 = SURFACE_STYLE_USAGE(.BOTH.,#16555);
#16555 = SURFACE_SIDE_STYLE('',(#16556));
#16556 = SURFACE_STYLE_FILL_AREA(#16557);
#16557 = FILL_AREA_STYLE('',(#16558));
#16558 = FILL_AREA_STYLE_COLOUR('',#13107);
#16559 = CURVE_STYLE('',#16560,POSITIVE_LENGTH_MEASURE(0.1),#13107);
#16560 = DRAUGHTING_PRE_DEFINED_CURVE_FONT('continuous');
#16561 = MECHANICAL_DESIGN_GEOMETRIC_PRESENTATION_REPRESENTATION('',(
    #16562),#3559);
#16562 = STYLED_ITEM('color',(#16563),#3547);
#16563 = PRESENTATION_STYLE_ASSIGNMENT((#16564,#16569));
#16564 = SURFACE_STYLE_USAGE(.BOTH.,#16565);
#16565 = SURFACE_SIDE_STYLE('',(#16566));
#16566 = SURFACE_STYLE_FILL_AREA(#16567);
#16567 = FILL_AREA_STYLE('',(#16568));
#16568 = FILL_AREA_STYLE_COLOUR('',#13107);
#16569 = CURVE_STYLE('',#16570,POSITIVE_LENGTH_MEASURE(0.1),#13107);
#16570 = DRAUGHTING_PRE_DEFINED_CURVE_FONT('continuous');
#16571 = MECHANICAL_DESIGN_GEOMETRIC_PRESENTATION_REPRESENTATION('',(
    #16572),#5450);
#16572 = STYLED_ITEM('color',(#16573),#5438);
#16573 = PRESENTATION_STYLE_ASSIGNMENT((#16574,#16579));
#16574 = SURFACE_STYLE_USAGE(.BOTH.,#16575);
#16575 = SURFACE_SIDE_STYLE('',(#16576));
#16576 = SURFACE_STYLE_FILL_AREA(#16577);
#16577 = FILL_AREA_STYLE('',(#16578));
#16578 = FILL_AREA_STYLE_COLOUR('',#13107);
#16579 = CURVE_STYLE('',#16580,POSITIVE_LENGTH_MEASURE(0.1),#13107);
#16580 = DRAUGHTING_PRE_DEFINED_CURVE_FONT('continuous');
#16581 = MECHANICAL_DESIGN_GEOMETRIC_PRESENTATION_REPRESENTATION('',(
    #16582),#5915);
#16582 = STYLED_ITEM('color',(#16583),#5903);
#16583 = PRESENTATION_STYLE_ASSIGNMENT((#16584,#16589));
#16584 = SURFACE_STYLE_USAGE(.BOTH.,#16585);
#16585 = SURFACE_SIDE_STYLE('',(#16586));
#16586 = SURFACE_STYLE_FILL_AREA(#16587);
#16587 = FILL_AREA_STYLE('',(#16588));
#16588 = FILL_AREA_STYLE_COLOUR('',#13107);
#16589 = CURVE_STYLE('',#16590,POSITIVE_LENGTH_MEASURE(0.1),#13107);
#16590 = DRAUGHTING_PRE_DEFINED_CURVE_FONT('continuous');
#16591 = MECHANICAL_DESIGN_GEOMETRIC_PRESENTATION_REPRESENTATION('',(
    #16592),#4675);
#16592 = STYLED_ITEM('color',(#16593),#4663);
#16593 = PRESENTATION_STYLE_ASSIGNMENT((#16594,#16599));
#16594 = SURFACE_STYLE_USAGE(.BOTH.,#16595);
#16595 = SURFACE_SIDE_STYLE('',(#16596));
#16596 = SURFACE_STYLE_FILL_AREA(#16597);
#16597 = FILL_AREA_STYLE('',(#16598));
#16598 = FILL_AREA_STYLE_COLOUR('',#13107);
#16599 = CURVE_STYLE('',#16600,POSITIVE_LENGTH_MEASURE(0.1),#13107);
#16600 = DRAUGHTING_PRE_DEFINED_CURVE_FONT('continuous');
#16601 = MECHANICAL_DESIGN_GEOMETRIC_PRESENTATION_REPRESENTATION('',(
    #16602),#7589);
#16602 = STYLED_ITEM('color',(#16603),#7577);
#16603 = PRESENTATION_STYLE_ASSIGNMENT((#16604,#16609));
#16604 = SURFACE_STYLE_USAGE(.BOTH.,#16605);
#16605 = SURFACE_SIDE_STYLE('',(#16606));
#16606 = SURFACE_STYLE_FILL_AREA(#16607);
#16607 = FILL_AREA_STYLE('',(#16608));
#16608 = FILL_AREA_STYLE_COLOUR('',#13107);
#16609 = CURVE_STYLE('',#16610,POSITIVE_LENGTH_MEASURE(0.1),#13107);
#16610 = DRAUGHTING_PRE_DEFINED_CURVE_FONT('continuous');
#16611 = MECHANICAL_DESIGN_GEOMETRIC_PRESENTATION_REPRESENTATION('',(
    #16612),#6845);
#16612 = STYLED_ITEM('color',(#16613),#6833);
#16613 = PRESENTATION_STYLE_ASSIGNMENT((#16614,#16619));
#16614 = SURFACE_STYLE_USAGE(.BOTH.,#16615);
#16615 = SURFACE_SIDE_STYLE('',(#16616));
#16616 = SURFACE_STYLE_FILL_AREA(#16617);
#16617 = FILL_AREA_STYLE('',(#16618));
#16618 = FILL_AREA_STYLE_COLOUR('',#13107);
#16619 = CURVE_STYLE('',#16620,POSITIVE_LENGTH_MEASURE(0.1),#13107);
#16620 = DRAUGHTING_PRE_DEFINED_CURVE_FONT('continuous');
#16621 = MECHANICAL_DESIGN_GEOMETRIC_PRESENTATION_REPRESENTATION('',(
    #16622),#10751);
#16622 = STYLED_ITEM('color',(#16623),#10739);
#16623 = PRESENTATION_STYLE_ASSIGNMENT((#16624,#16629));
#16624 = SURFACE_STYLE_USAGE(.BOTH.,#16625);
#16625 = SURFACE_SIDE_STYLE('',(#16626));
#16626 = SURFACE_STYLE_FILL_AREA(#16627);
#16627 = FILL_AREA_STYLE('',(#16628));
#16628 = FILL_AREA_STYLE_COLOUR('',#13107);
#16629 = CURVE_STYLE('',#16630,POSITIVE_LENGTH_MEASURE(0.1),#13107);
#16630 = DRAUGHTING_PRE_DEFINED_CURVE_FONT('continuous');
#16631 = MECHANICAL_DESIGN_GEOMETRIC_PRESENTATION_REPRESENTATION('',(
    #16632),#3993);
#16632 = STYLED_ITEM('color',(#16633),#3981);
#16633 = PRESENTATION_STYLE_ASSIGNMENT((#16634,#16639));
#16634 = SURFACE_STYLE_USAGE(.BOTH.,#16635);
#16635 = SURFACE_SIDE_STYLE('',(#16636));
#16636 = SURFACE_STYLE_FILL_AREA(#16637);
#16637 = FILL_AREA_STYLE('',(#16638));
#16638 = FILL_AREA_STYLE_COLOUR('',#13107);
#16639 = CURVE_STYLE('',#16640,POSITIVE_LENGTH_MEASURE(0.1),#13107);
#16640 = DRAUGHTING_PRE_DEFINED_CURVE_FONT('continuous');
#16641 = MECHANICAL_DESIGN_GEOMETRIC_PRESENTATION_REPRESENTATION('',(
    #16642),#6132);
#16642 = STYLED_ITEM('color',(#16643),#6120);
#16643 = PRESENTATION_STYLE_ASSIGNMENT((#16644,#16649));
#16644 = SURFACE_STYLE_USAGE(.BOTH.,#16645);
#16645 = SURFACE_SIDE_STYLE('',(#16646));
#16646 = SURFACE_STYLE_FILL_AREA(#16647);
#16647 = FILL_AREA_STYLE('',(#16648));
#16648 = FILL_AREA_STYLE_COLOUR('',#13107);
#16649 = CURVE_STYLE('',#16650,POSITIVE_LENGTH_MEASURE(0.1),#13107);
#16650 = DRAUGHTING_PRE_DEFINED_CURVE_FONT('continuous');
#16651 = MECHANICAL_DESIGN_GEOMETRIC_PRESENTATION_REPRESENTATION('',(
    #16652),#11836);
#16652 = STYLED_ITEM('color',(#16653),#11824);
#16653 = PRESENTATION_STYLE_ASSIGNMENT((#16654,#16659));
#16654 = SURFACE_STYLE_USAGE(.BOTH.,#16655);
#16655 = SURFACE_SIDE_STYLE('',(#16656));
#16656 = SURFACE_STYLE_FILL_AREA(#16657);
#16657 = FILL_AREA_STYLE('',(#16658));
#16658 = FILL_AREA_STYLE_COLOUR('',#13107);
#16659 = CURVE_STYLE('',#16660,POSITIVE_LENGTH_MEASURE(0.1),#13107);
#16660 = DRAUGHTING_PRE_DEFINED_CURVE_FONT('continuous');
#16661 = MECHANICAL_DESIGN_GEOMETRIC_PRESENTATION_REPRESENTATION('',(
    #16662),#6039);
#16662 = STYLED_ITEM('color',(#16663),#6027);
#16663 = PRESENTATION_STYLE_ASSIGNMENT((#16664,#16669));
#16664 = SURFACE_STYLE_USAGE(.BOTH.,#16665);
#16665 = SURFACE_SIDE_STYLE('',(#16666));
#16666 = SURFACE_STYLE_FILL_AREA(#16667);
#16667 = FILL_AREA_STYLE('',(#16668));
#16668 = FILL_AREA_STYLE_COLOUR('',#13107);
#16669 = CURVE_STYLE('',#16670,POSITIVE_LENGTH_MEASURE(0.1),#13107);
#16670 = DRAUGHTING_PRE_DEFINED_CURVE_FONT('continuous');
#16671 = MECHANICAL_DESIGN_GEOMETRIC_PRESENTATION_REPRESENTATION('',(
    #16672),#11278);
#16672 = STYLED_ITEM('color',(#16673),#11266);
#16673 = PRESENTATION_STYLE_ASSIGNMENT((#16674,#16679));
#16674 = SURFACE_STYLE_USAGE(.BOTH.,#16675);
#16675 = SURFACE_SIDE_STYLE('',(#16676));
#16676 = SURFACE_STYLE_FILL_AREA(#16677);
#16677 = FILL_AREA_STYLE('',(#16678));
#16678 = FILL_AREA_STYLE_COLOUR('',#13107);
#16679 = CURVE_STYLE('',#16680,POSITIVE_LENGTH_MEASURE(0.1),#13107);
#16680 = DRAUGHTING_PRE_DEFINED_CURVE_FONT('continuous');
#16681 = MECHANICAL_DESIGN_GEOMETRIC_PRESENTATION_REPRESENTATION('',(
    #16682),#11774);
#16682 = STYLED_ITEM('color',(#16683),#11762);
#16683 = PRESENTATION_STYLE_ASSIGNMENT((#16684,#16689));
#16684 = SURFACE_STYLE_USAGE(.BOTH.,#16685);
#16685 = SURFACE_SIDE_STYLE('',(#16686));
#16686 = SURFACE_STYLE_FILL_AREA(#16687);
#16687 = FILL_AREA_STYLE('',(#16688));
#16688 = FILL_AREA_STYLE_COLOUR('',#13107);
#16689 = CURVE_STYLE('',#16690,POSITIVE_LENGTH_MEASURE(0.1),#13107);
#16690 = DRAUGHTING_PRE_DEFINED_CURVE_FONT('continuous');
#16691 = MECHANICAL_DESIGN_GEOMETRIC_PRESENTATION_REPRESENTATION('',(
    #16692),#5667);
#16692 = STYLED_ITEM('color',(#16693),#5655);
#16693 = PRESENTATION_STYLE_ASSIGNMENT((#16694,#16699));
#16694 = SURFACE_STYLE_USAGE(.BOTH.,#16695);
#16695 = SURFACE_SIDE_STYLE('',(#16696));
#16696 = SURFACE_STYLE_FILL_AREA(#16697);
#16697 = FILL_AREA_STYLE('',(#16698));
#16698 = FILL_AREA_STYLE_COLOUR('',#13107);
#16699 = CURVE_STYLE('',#16700,POSITIVE_LENGTH_MEASURE(0.1),#13107);
#16700 = DRAUGHTING_PRE_DEFINED_CURVE_FONT('continuous');
#16701 = MECHANICAL_DESIGN_GEOMETRIC_PRESENTATION_REPRESENTATION('',(
    #16702),#8736);
#16702 = STYLED_ITEM('color',(#16703),#8724);
#16703 = PRESENTATION_STYLE_ASSIGNMENT((#16704,#16709));
#16704 = SURFACE_STYLE_USAGE(.BOTH.,#16705);
#16705 = SURFACE_SIDE_STYLE('',(#16706));
#16706 = SURFACE_STYLE_FILL_AREA(#16707);
#16707 = FILL_AREA_STYLE('',(#16708));
#16708 = FILL_AREA_STYLE_COLOUR('',#13107);
#16709 = CURVE_STYLE('',#16710,POSITIVE_LENGTH_MEASURE(0.1),#13107);
#16710 = DRAUGHTING_PRE_DEFINED_CURVE_FONT('continuous');
#16711 = MECHANICAL_DESIGN_GEOMETRIC_PRESENTATION_REPRESENTATION('',(
    #16712),#12642);
#16712 = STYLED_ITEM('color',(#16713),#12630);
#16713 = PRESENTATION_STYLE_ASSIGNMENT((#16714,#16719));
#16714 = SURFACE_STYLE_USAGE(.BOTH.,#16715);
#16715 = SURFACE_SIDE_STYLE('',(#16716));
#16716 = SURFACE_STYLE_FILL_AREA(#16717);
#16717 = FILL_AREA_STYLE('',(#16718));
#16718 = FILL_AREA_STYLE_COLOUR('',#13107);
#16719 = CURVE_STYLE('',#16720,POSITIVE_LENGTH_MEASURE(0.1),#13107);
#16720 = DRAUGHTING_PRE_DEFINED_CURVE_FONT('continuous');
ENDSEC;
END-ISO-10303-21;
