ISO-10303-21;
HEADER;
FILE_DESCRIPTION (( 'STEP AP214' ),
    '1' );
FILE_NAME ('Swissbit SFEM256GB1ED1TB-A-VG-311-STD.STEP',
    '2025-05-29T05:29:11',
    ( '' ),
    ( '' ),
    'SwSTEP 2.0',
    'SolidWorks 2023',
    '' );
FILE_SCHEMA (( 'AUTOMOTIVE_DESIGN' ));
ENDSEC;

DATA;
#1 = DIRECTION ( 'NONE',  ( 0.000000000000000000, 0.000000000000000000, -1.000000000000000000 ) ) ;
#2 = AXIS2_PLACEMENT_3D ( 'NONE', #9199, #4986, #7870 ) ;
#3 = FILL_AREA_STYLE_COLOUR ( '', #6897 ) ;
#4 = ORIENTED_EDGE ( 'NONE', *, *, #8819, .F. ) ;
#5 = SURFACE_SIDE_STYLE ('',( #4326 ) ) ;
#6 = SURFACE_SIDE_STYLE ('',( #749 ) ) ;
#7 = SURFACE_SIDE_STYLE ('',( #8590 ) ) ;
#8 = SPHERICAL_SURFACE ( 'NONE', #618, 0.2250000000000000888 ) ;
#9 =( NAMED_UNIT ( * ) PLANE_ANGLE_UNIT ( ) SI_UNIT ( $, .RADIAN. ) );
#10 = SPHERICAL_SURFACE ( 'NONE', #7491, 0.2250000000000000888 ) ;
#11 = MECHANICAL_DESIGN_GEOMETRIC_PRESENTATION_REPRESENTATION (  '', ( #605 ), #1493 ) ;
#12 = SPHERICAL_SURFACE ( 'NONE', #7560, 0.2250000000000000888 ) ;
#13 = SPHERICAL_SURFACE ( 'NONE', #4323, 0.2250000000000000888 ) ;
#14 = FILL_AREA_STYLE ('',( #7845 ) ) ;
#15 = FILL_AREA_STYLE_COLOUR ( '', #9272 ) ;
#16 = PRESENTATION_LAYER_ASSIGNMENT (  '', '', ( #3782 ) ) ;
#17 = ORIENTED_EDGE ( 'NONE', *, *, #160, .F. ) ;
#18 = AXIS2_PLACEMENT_3D ( 'NONE', #5275, #3163, #7516 ) ;
#19 = SURFACE_STYLE_USAGE ( .BOTH. , #8789 ) ;
#20 = ADVANCED_FACE ( 'NONE', ( #9033 ), #2406, .T. ) ;
#21 = CARTESIAN_POINT ( 'NONE',  ( 0.5000000000000004441, -0.1250000000000000000, 0.000000000000000000 ) ) ;
#22 = VERTEX_POINT ( 'NONE', #6803 ) ;
#23 = COLOUR_RGB ( '',0.8941176470588234615, 0.9137254901960784048, 0.9294117647058823817 ) ;
#24 = DIRECTION ( 'NONE',  ( 1.000000000000000000, 0.000000000000000000, 0.000000000000000000 ) ) ;
#25 = UNCERTAINTY_MEASURE_WITH_UNIT (LENGTH_MEASURE( 1.000000000000000082E-05 ), #3401, 'distance_accuracy_value', 'NONE');
#26 = COLOUR_RGB ( '',0.8941176470588234615, 0.9137254901960784048, 0.9294117647058823817 ) ;
#27 =( NAMED_UNIT ( * ) PLANE_ANGLE_UNIT ( ) SI_UNIT ( $, .RADIAN. ) );
#28 = VERTEX_POINT ( 'NONE', #8935 ) ;
#29 = ORIENTED_EDGE ( 'NONE', *, *, #8070, .F. ) ;
#30 = ORIENTED_EDGE ( 'NONE', *, *, #1614, .T. ) ;
#31 =( GEOMETRIC_REPRESENTATION_CONTEXT ( 3 ) GLOBAL_UNCERTAINTY_ASSIGNED_CONTEXT ( ( #492 ) ) GLOBAL_UNIT_ASSIGNED_CONTEXT ( ( #3377, #1137, #4790 ) ) REPRESENTATION_CONTEXT ( 'NONE', 'WORKASPACE' ) );
#32 = FILL_AREA_STYLE_COLOUR ( '', #2411 ) ;
#33 = EDGE_CURVE ( 'NONE', #6616, #7171, #1707, .T. ) ;
#34 = SURFACE_STYLE_FILL_AREA ( #6470 ) ;
#35 = SURFACE_SIDE_STYLE ('',( #6517 ) ) ;
#36 = SURFACE_STYLE_FILL_AREA ( #6424 ) ;
#37 = AXIS2_PLACEMENT_3D ( 'NONE', #9078, #6123, #8931 ) ;
#38 = FACE_OUTER_BOUND ( 'NONE', #1790, .T. ) ;
#39 = CARTESIAN_POINT ( 'NONE',  ( 1.500000000000000444, -0.1250000000000000000, -3.000000000000000000 ) ) ;
#40 = DIRECTION ( 'NONE',  ( 0.000000000000000000, -1.000000000000000000, 0.000000000000000000 ) ) ;
#41 =( NAMED_UNIT ( * ) SI_UNIT ( $, .STERADIAN. ) SOLID_ANGLE_UNIT ( ) );
#42 = VERTEX_POINT ( 'NONE', #7534 ) ;
#43 = CARTESIAN_POINT ( 'NONE',  ( -0.4999999999999995559, -0.1250000000000000000, 2.999999999999999112 ) ) ;
#44 = FACE_BOUND ( 'NONE', #5793, .T. ) ;
#45 = DIRECTION ( 'NONE',  ( -1.000000000000000000, 0.000000000000000000, 0.000000000000000000 ) ) ;
#46 = DIRECTION ( 'NONE',  ( -0.000000000000000000, -0.000000000000000000, -1.000000000000000000 ) ) ;
#47 = ADVANCED_FACE ( 'NONE', ( #981 ), #6364, .T. ) ;
#48 = SURFACE_STYLE_FILL_AREA ( #3583 ) ;
#49 = ORIENTED_EDGE ( 'NONE', *, *, #5295, .F. ) ;
#50 = CARTESIAN_POINT ( 'NONE',  ( 1.500000000000000444, -0.1250000000000000000, 5.000000000000000888 ) ) ;
#51 = FACE_OUTER_BOUND ( 'NONE', #7227, .T. ) ;
#52 = UNCERTAINTY_MEASURE_WITH_UNIT (LENGTH_MEASURE( 1.000000000000000082E-05 ), #1291, 'distance_accuracy_value', 'NONE');
#53 =( NAMED_UNIT ( * ) SI_UNIT ( $, .STERADIAN. ) SOLID_ANGLE_UNIT ( ) );
#54 = SPHERICAL_SURFACE ( 'NONE', #432, 0.2250000000000000888 ) ;
#55 = CARTESIAN_POINT ( 'NONE',  ( -0.4999999999999995559, -0.1250000000000000000, -4.000000000000000000 ) ) ;
#56 = VERTEX_POINT ( 'NONE', #3903 ) ;
#57 =( GEOMETRIC_REPRESENTATION_CONTEXT ( 3 ) GLOBAL_UNCERTAINTY_ASSIGNED_CONTEXT ( ( #5609 ) ) GLOBAL_UNIT_ASSIGNED_CONTEXT ( ( #5618, #7887, #5566 ) ) REPRESENTATION_CONTEXT ( 'NONE', 'WORKASPACE' ) );
#58 = DIRECTION ( 'NONE',  ( 0.000000000000000000, -1.000000000000000000, 0.000000000000000000 ) ) ;
#59 = DIRECTION ( 'NONE',  ( -1.000000000000000000, 0.000000000000000000, 0.000000000000000000 ) ) ;
#60 =( NAMED_UNIT ( * ) PLANE_ANGLE_UNIT ( ) SI_UNIT ( $, .RADIAN. ) );
#61 = VERTEX_POINT ( 'NONE', #4915 ) ;
#62 =( LENGTH_UNIT ( ) NAMED_UNIT ( * ) SI_UNIT ( .MILLI., .METRE. ) );
#63 = STYLED_ITEM ( 'NONE', ( #8336 ), #5236 ) ;
#64 = PRESENTATION_STYLE_ASSIGNMENT (( #5757 ) ) ;
#65 = CIRCLE ( 'NONE', #6570, 0.1870828693386971664 ) ;
#66 = AXIS2_PLACEMENT_3D ( 'NONE', #5855, #733, #2052 ) ;
#67 = SPHERICAL_SURFACE ( 'NONE', #4308, 0.2250000000000000888 ) ;
#68 = AXIS2_PLACEMENT_3D ( 'NONE', #3562, #4200, #9178 ) ;
#69 = AXIS2_PLACEMENT_3D ( 'NONE', #4075, #3488, #3331 ) ;
#70 = EDGE_CURVE ( 'NONE', #6218, #2204, #4469, .T. ) ;
#71 = VERTEX_POINT ( 'NONE', #7195 ) ;
#72 = EDGE_CURVE ( 'NONE', #7325, #8875, #9332, .T. ) ;
#73 =( LENGTH_UNIT ( ) NAMED_UNIT ( * ) SI_UNIT ( .MILLI., .METRE. ) );
#74 = VERTEX_POINT ( 'NONE', #5578 ) ;
#75 = CARTESIAN_POINT ( 'NONE',  ( -2.499999999999999556, 0.000000000000000000, -2.000000000000000000 ) ) ;
#77 = EDGE_LOOP ( 'NONE', ( #7899, #5346 ) ) ;
#76 = CARTESIAN_POINT ( 'NONE',  ( 0.5000000000000004441, -0.3500000000000000333, 4.000000000000000000 ) ) ;
#78 = CIRCLE ( 'NONE', #1702, 0.2250000000000001443 ) ;
#79 = CIRCLE ( 'NONE', #8396, 0.2249999999999999500 ) ;
#81 = COLOUR_RGB ( '',0.2980392156862745057, 0.2980392156862745057, 0.2980392156862745057 ) ;
#80 = CARTESIAN_POINT ( 'NONE',  ( -5.100000000000002309, 0.8099999999999999423, -7.099999999999997868 ) ) ;
#82 = CLOSED_SHELL ( 'NONE', ( #6198, #4925, #5108, #1915 ) ) ;
#83 = EDGE_CURVE ( 'NONE', #929, #8339, #1269, .T. ) ;
#84 = EDGE_CURVE ( 'NONE', #8934, #771, #4327, .T. ) ;
#85 = EDGE_CURVE ( 'NONE', #3620, #8272, #3077, .T. ) ;
#86 =( NAMED_UNIT ( * ) SI_UNIT ( $, .STERADIAN. ) SOLID_ANGLE_UNIT ( ) );
#87 =( LENGTH_UNIT ( ) NAMED_UNIT ( * ) SI_UNIT ( .MILLI., .METRE. ) );
#88 = AXIS2_PLACEMENT_3D ( 'NONE', #1811, #7551, #4558 ) ;
#89 = MECHANICAL_DESIGN_GEOMETRIC_PRESENTATION_REPRESENTATION (  '', ( #4782 ), #9344 ) ;
#90 = ORIENTED_EDGE ( 'NONE', *, *, #4844, .T. ) ;
#91 =( GEOMETRIC_REPRESENTATION_CONTEXT ( 3 ) GLOBAL_UNCERTAINTY_ASSIGNED_CONTEXT ( ( #8633 ) ) GLOBAL_UNIT_ASSIGNED_CONTEXT ( ( #9327, #2082, #9381 ) ) REPRESENTATION_CONTEXT ( 'NONE', 'WORKASPACE' ) );
#92 = FACE_BOUND ( 'NONE', #3364, .T. ) ;
#93 = SURFACE_STYLE_USAGE ( .BOTH. , #6575 ) ;
#94 = CARTESIAN_POINT ( 'NONE',  ( -0.4999999999999995559, -0.1250000000000000000, -3.000000000000000000 ) ) ;
#95 = AXIS2_PLACEMENT_3D ( 'NONE', #3862, #5261, #359 ) ;
#96 =( LENGTH_UNIT ( ) NAMED_UNIT ( * ) SI_UNIT ( .MILLI., .METRE. ) );
#97 = AXIS2_PLACEMENT_3D ( 'NONE', #5063, #3409, #4150 ) ;
#98 = ORIENTED_EDGE ( 'NONE', *, *, #1486, .T. ) ;
#99 = CARTESIAN_POINT ( 'NONE',  ( 2.687082869338697666, 0.000000000000000000, 2.999999999999999112 ) ) ;
#100 = DIRECTION ( 'NONE',  ( -1.000000000000000000, 0.000000000000000000, 0.000000000000000000 ) ) ;
#101 = DIRECTION ( 'NONE',  ( -1.000000000000000000, 0.000000000000000000, 0.000000000000000000 ) ) ;
#102 = SURFACE_STYLE_FILL_AREA ( #8815 ) ;
#103 =( NAMED_UNIT ( * ) SI_UNIT ( $, .STERADIAN. ) SOLID_ANGLE_UNIT ( ) );
#104 = AXIS2_PLACEMENT_3D ( 'NONE', #2183, #7346, #808 ) ;
#105 =( GEOMETRIC_REPRESENTATION_CONTEXT ( 3 ) GLOBAL_UNCERTAINTY_ASSIGNED_CONTEXT ( ( #2682 ) ) GLOBAL_UNIT_ASSIGNED_CONTEXT ( ( #4490, #3524, #5078 ) ) REPRESENTATION_CONTEXT ( 'NONE', 'WORKASPACE' ) );
#106 = DIRECTION ( 'NONE',  ( 0.000000000000000000, 0.000000000000000000, -1.000000000000000000 ) ) ;
#107 = CARTESIAN_POINT ( 'NONE',  ( -3.499999999999999556, 0.000000000000000000, -5.000000000000000000 ) ) ;
#108 = COLOUR_RGB ( '',0.8941176470588234615, 0.9137254901960784048, 0.9294117647058823817 ) ;
#109 = PRESENTATION_STYLE_ASSIGNMENT (( #6591 ) ) ;
#110 = PRESENTATION_STYLE_ASSIGNMENT (( #7379 ) ) ;
#111 =( LENGTH_UNIT ( ) NAMED_UNIT ( * ) SI_UNIT ( .MILLI., .METRE. ) );
#112 =( NAMED_UNIT ( * ) PLANE_ANGLE_UNIT ( ) SI_UNIT ( $, .RADIAN. ) );
#113 = SPHERICAL_SURFACE ( 'NONE', #1866, 0.2250000000000000888 ) ;
#114 = DIRECTION ( 'NONE',  ( 0.000000000000000000, 0.000000000000000000, 1.000000000000000000 ) ) ;
#115 = AXIS2_PLACEMENT_3D ( 'NONE', #1199, #4136, #8344 ) ;
#116 = CARTESIAN_POINT ( 'NONE',  ( -7.000000000000001776, 0.2599999999999998979, 9.000000000000000000 ) ) ;
#117 = AXIS2_PLACEMENT_3D ( 'NONE', #1527, #833, #3736 ) ;
#118 = FACE_OUTER_BOUND ( 'NONE', #1691, .T. ) ;
#119 = ORIENTED_EDGE ( 'NONE', *, *, #3132, .F. ) ;
#120 = CARTESIAN_POINT ( 'NONE',  ( -3.312917130661302334, 0.000000000000000000, -2.000000000000000000 ) ) ;
#121 = DIRECTION ( 'NONE',  ( -1.000000000000000000, 0.000000000000000000, 0.000000000000000000 ) ) ;
#123 = EDGE_LOOP ( 'NONE', ( #4979, #5028, #325 ) ) ;
#122 = CARTESIAN_POINT ( 'NONE',  ( -2.312917130661302334, 0.000000000000000000, 4.000000000000000000 ) ) ;
#124 = COLOUR_RGB ( '',0.3411764705882353033, 0.8392156862745098200, 0.4117647058823529216 ) ;
#125 = SURFACE_STYLE_FILL_AREA ( #9396 ) ;
#126 =( GEOMETRIC_REPRESENTATION_CONTEXT ( 3 ) GLOBAL_UNCERTAINTY_ASSIGNED_CONTEXT ( ( #5354 ) ) GLOBAL_UNIT_ASSIGNED_CONTEXT ( ( #6380, #2668, #4220 ) ) REPRESENTATION_CONTEXT ( 'NONE', 'WORKASPACE' ) );
#127 = AXIS2_PLACEMENT_3D ( 'NONE', #4561, #7336, #5187 ) ;
#128 = CARTESIAN_POINT ( 'NONE',  ( -0.4999999999999995559, 0.000000000000000000, -2.000000000000000000 ) ) ;
#129 = FILL_AREA_STYLE ('',( #2192 ) ) ;
#130 = AXIS2_PLACEMENT_3D ( 'NONE', #7053, #9243, #4871 ) ;
#131 =( LENGTH_UNIT ( ) NAMED_UNIT ( * ) SI_UNIT ( .MILLI., .METRE. ) );
#132 = FACE_OUTER_BOUND ( 'NONE', #7042, .T. ) ;
#133 = ORIENTED_EDGE ( 'NONE', *, *, #6903, .F. ) ;
#134 = CARTESIAN_POINT ( 'NONE',  ( 1.500000000000000444, -0.1250000000000000000, -1.000000000000000000 ) ) ;
#135 = VERTEX_POINT ( 'NONE', #7149 ) ;
#136 = FACE_BOUND ( 'NONE', #2698, .T. ) ;
#137 = AXIS2_PLACEMENT_3D ( 'NONE', #4560, #194, #8153 ) ;
#138 =( NAMED_UNIT ( * ) SI_UNIT ( $, .STERADIAN. ) SOLID_ANGLE_UNIT ( ) );
#139 = CARTESIAN_POINT ( 'NONE',  ( -0.3129171306613024450, 0.000000000000000000, 2.000000000000000000 ) ) ;
#140 = ADVANCED_FACE ( 'NONE', ( #2851 ), #2805, .T. ) ;
#141 = AXIS2_PLACEMENT_3D ( 'NONE', #4741, #9055, #291 ) ;
#143 = MECHANICAL_DESIGN_GEOMETRIC_PRESENTATION_REPRESENTATION (  '', ( #3608 ), #4078 ) ;
#142 = CIRCLE ( 'NONE', #1153, 0.2249999999999999500 ) ;
#144 = FILL_AREA_STYLE_COLOUR ( '', #7568 ) ;
#145 = SPHERICAL_SURFACE ( 'NONE', #3491, 0.2250000000000000888 ) ;
#146 = FACE_OUTER_BOUND ( 'NONE', #7052, .T. ) ;
#147 = CARTESIAN_POINT ( 'NONE',  ( -1.499999999999999556, -0.1250000000000000000, 5.000000000000000888 ) ) ;
#148 =( LENGTH_UNIT ( ) NAMED_UNIT ( * ) SI_UNIT ( .MILLI., .METRE. ) );
#149 = PRESENTATION_STYLE_ASSIGNMENT (( #753 ) ) ;
#150 = FILL_AREA_STYLE_COLOUR ( '', #951 ) ;
#151 = ADVANCED_FACE ( 'NONE', ( #4254 ), #2261, .T. ) ;
#152 = EDGE_CURVE ( 'NONE', #4650, #1524, #9397, .T. ) ;
#153 = CIRCLE ( 'NONE', #4403, 0.2250000000000000611 ) ;
#154 =( NAMED_UNIT ( * ) PLANE_ANGLE_UNIT ( ) SI_UNIT ( $, .RADIAN. ) );
#155 = AXIS2_PLACEMENT_3D ( 'NONE', #4830, #6907, #411 ) ;
#156 = SPHERICAL_SURFACE ( 'NONE', #6056, 0.2250000000000000888 ) ;
#157 = CARTESIAN_POINT ( 'NONE',  ( -6.800000000000002487, 0.000000000000000000, -8.299999999999995381 ) ) ;
#158 = CARTESIAN_POINT ( 'NONE',  ( 4.687082869338698998, 0.000000000000000000, 8.000000000000000000 ) ) ;
#159 = AXIS2_PLACEMENT_3D ( 'NONE', #8435, #371, #3238 ) ;
#160 = EDGE_CURVE ( 'NONE', #5633, #6838, #1660, .T. ) ;
#161 = SPHERICAL_SURFACE ( 'NONE', #8480, 0.2250000000000000888 ) ;
#162 = AXIS2_PLACEMENT_3D ( 'NONE', #3344, #1935, #1258 ) ;
#163 = ORIENTED_EDGE ( 'NONE', *, *, #5416, .T. ) ;
#164 = CARTESIAN_POINT ( 'NONE',  ( 3.500000000000000444, -0.1250000000000000000, 4.000000000000000000 ) ) ;
#165 = DIRECTION ( 'NONE',  ( 0.000000000000000000, -1.000000000000000000, 0.000000000000000000 ) ) ;
#167 = ORIENTED_EDGE ( 'NONE', *, *, #4086, .F. ) ;
#166 = FILL_AREA_STYLE ('',( #3712 ) ) ;
#168 = AXIS2_PLACEMENT_3D ( 'NONE', #1682, #3255, #7565 ) ;
#169 = CARTESIAN_POINT ( 'NONE',  ( 1.500000000000000444, 0.000000000000000000, -5.000000000000000000 ) ) ;
#170 =( GEOMETRIC_REPRESENTATION_CONTEXT ( 3 ) GLOBAL_UNCERTAINTY_ASSIGNED_CONTEXT ( ( #687 ) ) GLOBAL_UNIT_ASSIGNED_CONTEXT ( ( #1441, #7285, #7926 ) ) REPRESENTATION_CONTEXT ( 'NONE', 'WORKASPACE' ) );
#171 = EDGE_LOOP ( 'NONE', ( #1278, #6075, #2930 ) ) ;
#172 = DIRECTION ( 'NONE',  ( -1.000000000000000000, 0.000000000000000000, 0.000000000000000000 ) ) ;
#173 = FILL_AREA_STYLE_COLOUR ( '', #5118 ) ;
#174 = SURFACE_STYLE_FILL_AREA ( #4493 ) ;
#175 = PRESENTATION_STYLE_ASSIGNMENT (( #7400 ) ) ;
#176 = FACE_OUTER_BOUND ( 'NONE', #5781, .T. ) ;
#177 = ORIENTED_EDGE ( 'NONE', *, *, #8273, .F. ) ;
#178 = VERTEX_POINT ( 'NONE', #5896 ) ;
#179 = FACE_BOUND ( 'NONE', #5165, .T. ) ;
#180 = CARTESIAN_POINT ( 'NONE',  ( 6.999999999999998224, -22.54350850198275680, -8.999999999999998224 ) ) ;
#181 = CARTESIAN_POINT ( 'NONE',  ( 3.500000000000000444, -0.3500000000000000333, 1.000000000000000888 ) ) ;
#182 = CIRCLE ( 'NONE', #6375, 0.1870828693386972497 ) ;
#183 =( LENGTH_UNIT ( ) NAMED_UNIT ( * ) SI_UNIT ( .MILLI., .METRE. ) );
#184 = DIRECTION ( 'NONE',  ( -1.000000000000000000, 0.000000000000000000, 0.000000000000000000 ) ) ;
#185 = CARTESIAN_POINT ( 'NONE',  ( 0.6870828693386975550, 0.000000000000000000, 2.291104371109379525E-17 ) ) ;
#186 = EDGE_CURVE ( 'NONE', #8364, #5337, #4438, .T. ) ;
#187 = EDGE_CURVE ( 'NONE', #1302, #7128, #8120, .T. ) ;
#188 =( LENGTH_UNIT ( ) NAMED_UNIT ( * ) SI_UNIT ( .MILLI., .METRE. ) );
#189 = CARTESIAN_POINT ( 'NONE',  ( 0.6870828693386975550, 0.000000000000000000, -2.000000000000000000 ) ) ;
#190 =( NAMED_UNIT ( * ) SI_UNIT ( $, .STERADIAN. ) SOLID_ANGLE_UNIT ( ) );
#191 = DIRECTION ( 'NONE',  ( -1.000000000000000000, 0.000000000000000000, 0.000000000000000000 ) ) ;
#192 =( LENGTH_UNIT ( ) NAMED_UNIT ( * ) SI_UNIT ( .MILLI., .METRE. ) );
#193 = EDGE_CURVE ( 'NONE', #7924, #2813, #787, .T. ) ;
#194 = DIRECTION ( 'NONE',  ( 0.000000000000000000, 0.000000000000000000, 1.000000000000000000 ) ) ;
#195 = ADVANCED_FACE ( 'NONE', ( #7305 ), #8860, .T. ) ;
#196 = DIRECTION ( 'NONE',  ( -1.000000000000000000, 0.000000000000000000, 0.000000000000000000 ) ) ;
#197 = DIRECTION ( 'NONE',  ( -1.224646799147353207E-16, 0.000000000000000000, 1.000000000000000000 ) ) ;
#198 = AXIS2_PLACEMENT_3D ( 'NONE', #4439, #8748, #24 ) ;
#199 = AXIS2_PLACEMENT_3D ( 'NONE', #5223, #8107, #1580 ) ;
#200 = FILL_AREA_STYLE ('',( #4392 ) ) ;
#201 = UNCERTAINTY_MEASURE_WITH_UNIT (LENGTH_MEASURE( 1.000000000000000082E-05 ), #2128, 'distance_accuracy_value', 'NONE');
#202 = CARTESIAN_POINT ( 'NONE',  ( -3.499999999999999556, -0.1250000000000000000, 0.000000000000000000 ) ) ;
#203 = EDGE_LOOP ( 'NONE', ( #9029, #7245 ) ) ;
#204 =( GEOMETRIC_REPRESENTATION_CONTEXT ( 3 ) GLOBAL_UNCERTAINTY_ASSIGNED_CONTEXT ( ( #6055 ) ) GLOBAL_UNIT_ASSIGNED_CONTEXT ( ( #2287, #154, #8864 ) ) REPRESENTATION_CONTEXT ( 'NONE', 'WORKASPACE' ) );
#205 = CARTESIAN_POINT ( 'NONE',  ( -0.4999999999999995559, -0.1250000000000000000, 0.000000000000000000 ) ) ;
#206 = CIRCLE ( 'NONE', #5509, 0.1870828693386963892 ) ;
#208 = ORIENTED_EDGE ( 'NONE', *, *, #6275, .T. ) ;
#207 = FILL_AREA_STYLE ('',( #8929 ) ) ;
#209 = FACE_OUTER_BOUND ( 'NONE', #3860, .T. ) ;
#210 = SPHERICAL_SURFACE ( 'NONE', #1693, 0.2250000000000000888 ) ;
#211 = CIRCLE ( 'NONE', #7497, 0.1870828693386972497 ) ;
#212 = AXIS2_PLACEMENT_3D ( 'NONE', #3949, #2543, #8315 ) ;
#213 = CIRCLE ( 'NONE', #3534, 0.2249999999999999500 ) ;
#214 = DIRECTION ( 'NONE',  ( 0.000000000000000000, 0.000000000000000000, 1.000000000000000000 ) ) ;
#215 =( NAMED_UNIT ( * ) PLANE_ANGLE_UNIT ( ) SI_UNIT ( $, .RADIAN. ) );
#216 = FACE_OUTER_BOUND ( 'NONE', #1973, .T. ) ;
#217 = ORIENTED_EDGE ( 'NONE', *, *, #6439, .T. ) ;
#218 = FILL_AREA_STYLE_COLOUR ( '', #4863 ) ;
#219 = VERTEX_POINT ( 'NONE', #4510 ) ;
#220 = COLOUR_RGB ( '',0.8941176470588234615, 0.9137254901960784048, 0.9294117647058823817 ) ;
#221 = DIRECTION ( 'NONE',  ( 0.000000000000000000, -1.000000000000000000, 0.000000000000000000 ) ) ;
#222 = MECHANICAL_DESIGN_GEOMETRIC_PRESENTATION_REPRESENTATION (  '', ( #7363 ), #7947 ) ;
#223 = AXIS2_PLACEMENT_3D ( 'NONE', #2505, #8849, #6762 ) ;
#224 = STYLED_ITEM ( 'NONE', ( #4678 ), #20 ) ;
#225 = DIRECTION ( 'NONE',  ( -1.000000000000000000, 0.000000000000000000, 0.000000000000000000 ) ) ;
#226 = CIRCLE ( 'NONE', #88, 0.2249999999999999500 ) ;
#227 = AXIS2_PLACEMENT_3D ( 'NONE', #1403, #7983, #7246 ) ;
#228 = SURFACE_STYLE_USAGE ( .BOTH. , #3867 ) ;
#229 = SURFACE_STYLE_USAGE ( .BOTH. , #8235 ) ;
#230 = ORIENTED_EDGE ( 'NONE', *, *, #6351, .F. ) ;
#231 = CARTESIAN_POINT ( 'NONE',  ( -2.499999999999999556, 0.000000000000000000, 2.000000000000000000 ) ) ;
#232 = CARTESIAN_POINT ( 'NONE',  ( 6.999999999999998224, 0.9100000000000000311, -8.999999999999998224 ) ) ;
#233 = DIRECTION ( 'NONE',  ( -1.224646799147353207E-16, 0.000000000000000000, 1.000000000000000000 ) ) ;
#234 = SURFACE_STYLE_USAGE ( .BOTH. , #3818 ) ;
#235 = STYLED_ITEM ( 'NONE', ( #4363 ), #4631 ) ;
#236 =( GEOMETRIC_REPRESENTATION_CONTEXT ( 3 ) GLOBAL_UNCERTAINTY_ASSIGNED_CONTEXT ( ( #8507 ) ) GLOBAL_UNIT_ASSIGNED_CONTEXT ( ( #690, #9407, #5256 ) ) REPRESENTATION_CONTEXT ( 'NONE', 'WORKASPACE' ) );
#237 = COLOUR_RGB ( '',0.8941176470588234615, 0.9137254901960784048, 0.9294117647058823817 ) ;
#238 = SURFACE_STYLE_USAGE ( .BOTH. , #6721 ) ;
#239 = EDGE_CURVE ( 'NONE', #7883, #3798, #4375, .T. ) ;
#240 = PRESENTATION_LAYER_ASSIGNMENT (  '', '', ( #5561 ) ) ;
#241 = STYLED_ITEM ( 'NONE', ( #5204 ), #6411 ) ;
#242 =( GEOMETRIC_REPRESENTATION_CONTEXT ( 3 ) GLOBAL_UNCERTAINTY_ASSIGNED_CONTEXT ( ( #6068 ) ) GLOBAL_UNIT_ASSIGNED_CONTEXT ( ( #4867, #7762, #4203 ) ) REPRESENTATION_CONTEXT ( 'NONE', 'WORKASPACE' ) );
#243 = DIRECTION ( 'NONE',  ( -1.224646799147353207E-16, 0.000000000000000000, 1.000000000000000000 ) ) ;
#244 = SURFACE_STYLE_FILL_AREA ( #2396 ) ;
#245 = PRESENTATION_LAYER_ASSIGNMENT (  '', '', ( #8428 ) ) ;
#246 = ADVANCED_FACE ( 'NONE', ( #6719 ), #8960, .T. ) ;
#247 = AXIS2_PLACEMENT_3D ( 'NONE', #5482, #3410, #4817 ) ;
#248 = ADVANCED_FACE ( 'NONE', ( #8292 ), #2519, .T. ) ;
#249 = ORIENTED_EDGE ( 'NONE', *, *, #5980, .T. ) ;
#250 =( NAMED_UNIT ( * ) SI_UNIT ( $, .STERADIAN. ) SOLID_ANGLE_UNIT ( ) );
#251 = DIRECTION ( 'NONE',  ( -0.000000000000000000, -0.000000000000000000, -1.000000000000000000 ) ) ;
#252 = EDGE_LOOP ( 'NONE', ( #6936, #8006, #8719 ) ) ;
#253 =( GEOMETRIC_REPRESENTATION_CONTEXT ( 3 ) GLOBAL_UNCERTAINTY_ASSIGNED_CONTEXT ( ( #5001 ) ) GLOBAL_UNIT_ASSIGNED_CONTEXT ( ( #2751, #3399, #5626 ) ) REPRESENTATION_CONTEXT ( 'NONE', 'WORKASPACE' ) );
#254 = SURFACE_STYLE_FILL_AREA ( #3893 ) ;
#256 = ORIENTED_EDGE ( 'NONE', *, *, #1848, .T. ) ;
#255 = SURFACE_STYLE_USAGE ( .BOTH. , #2353 ) ;
#257 = SURFACE_SIDE_STYLE ('',( #4090 ) ) ;
#258 = EDGE_CURVE ( 'NONE', #4938, #8875, #1303, .T. ) ;
#259 = ORIENTED_EDGE ( 'NONE', *, *, #6959, .T. ) ;
#260 = DIRECTION ( 'NONE',  ( -1.000000000000000000, 0.000000000000000000, 0.000000000000000000 ) ) ;
#261 = STYLED_ITEM ( 'NONE', ( #1151 ), #7878 ) ;
#262 =( NAMED_UNIT ( * ) SI_UNIT ( $, .STERADIAN. ) SOLID_ANGLE_UNIT ( ) );
#263 = FILL_AREA_STYLE ('',( #5387 ) ) ;
#264 = SURFACE_SIDE_STYLE ('',( #174 ) ) ;
#265 = SURFACE_SIDE_STYLE ('',( #4635 ) ) ;
#266 =( GEOMETRIC_REPRESENTATION_CONTEXT ( 3 ) GLOBAL_UNCERTAINTY_ASSIGNED_CONTEXT ( ( #5797 ) ) GLOBAL_UNIT_ASSIGNED_CONTEXT ( ( #5458, #4508, #8240 ) ) REPRESENTATION_CONTEXT ( 'NONE', 'WORKASPACE' ) );
#267 = EDGE_LOOP ( 'NONE', ( #8016, #8423, #4725 ) ) ;
#268 = CARTESIAN_POINT ( 'NONE',  ( 0.5000000000000004441, -0.1250000000000000000, -1.000000000000000000 ) ) ;
#269 = AXIS2_PLACEMENT_3D ( 'NONE', #9101, #8381, #4073 ) ;
#270 = ORIENTED_EDGE ( 'NONE', *, *, #2115, .T. ) ;
#271 = FACE_BOUND ( 'NONE', #2542, .T. ) ;
#272 = DIRECTION ( 'NONE',  ( 0.000000000000000000, 0.000000000000000000, -1.000000000000000000 ) ) ;
#273 = DIRECTION ( 'NONE',  ( 0.000000000000000000, 0.000000000000000000, 1.000000000000000000 ) ) ;
#274 = STYLED_ITEM ( 'NONE', ( #3912 ), #3119 ) ;
#275 = DIRECTION ( 'NONE',  ( 0.000000000000000000, 0.000000000000000000, -1.000000000000000000 ) ) ;
#276 = CARTESIAN_POINT ( 'NONE',  ( 0.5000000000000004441, -0.1250000000000000000, 0.000000000000000000 ) ) ;
#277 = ADVANCED_FACE ( 'NONE', ( #9004 ), #2672, .T. ) ;
#278 = FILL_AREA_STYLE ('',( #6813 ) ) ;
#279 = SURFACE_STYLE_USAGE ( .BOTH. , #4552 ) ;
#280 = SURFACE_SIDE_STYLE ('',( #5454 ) ) ;
#281 = ORIENTED_EDGE ( 'NONE', *, *, #4306, .F. ) ;
#282 = SURFACE_SIDE_STYLE ('',( #8956 ) ) ;
#283 = DIRECTION ( 'NONE',  ( 0.000000000000000000, -1.000000000000000000, 0.000000000000000000 ) ) ;
#284 = EDGE_CURVE ( 'NONE', #593, #2450, #2470, .T. ) ;
#285 = DIRECTION ( 'NONE',  ( -0.000000000000000000, -0.000000000000000000, -1.000000000000000000 ) ) ;
#286 = DIRECTION ( 'NONE',  ( -1.000000000000000000, 0.000000000000000000, 0.000000000000000000 ) ) ;
#287 = DIRECTION ( 'NONE',  ( -1.000000000000000000, 0.000000000000000000, 0.000000000000000000 ) ) ;
#288 = AXIS2_PLACEMENT_3D ( 'NONE', #7611, #5379, #8977 ) ;
#289 = CIRCLE ( 'NONE', #4242, 0.2249999999999999500 ) ;
#290 = VERTEX_POINT ( 'NONE', #5647 ) ;
#291 = DIRECTION ( 'NONE',  ( -1.000000000000000000, 0.000000000000000000, 0.000000000000000000 ) ) ;
#292 = CIRCLE ( 'NONE', #1929, 0.1870828693386972497 ) ;
#293 = CARTESIAN_POINT ( 'NONE',  ( -0.4999999999999995559, -0.1250000000000000000, 4.000000000000000000 ) ) ;
#294 = FILL_AREA_STYLE ('',( #3200 ) ) ;
#295 = MECHANICAL_DESIGN_GEOMETRIC_PRESENTATION_REPRESENTATION (  '', ( #4241 ), #4534 ) ;
#296 = CIRCLE ( 'NONE', #5611, 0.1870828693386972497 ) ;
#297 =( GEOMETRIC_REPRESENTATION_CONTEXT ( 3 ) GLOBAL_UNCERTAINTY_ASSIGNED_CONTEXT ( ( #6487 ) ) GLOBAL_UNIT_ASSIGNED_CONTEXT ( ( #5306, #7588, #905 ) ) REPRESENTATION_CONTEXT ( 'NONE', 'WORKASPACE' ) );
#298 = AXIS2_PLACEMENT_3D ( 'NONE', #1159, #5624, #3397 ) ;
#299 = DIRECTION ( 'NONE',  ( -0.000000000000000000, -0.000000000000000000, -1.000000000000000000 ) ) ;
#300 = SURFACE_SIDE_STYLE ('',( #7566 ) ) ;
#301 = ORIENTED_EDGE ( 'NONE', *, *, #6087, .F. ) ;
#302 = DIRECTION ( 'NONE',  ( 1.000000000000000000, 0.000000000000000000, 0.000000000000000000 ) ) ;
#303 = CARTESIAN_POINT ( 'NONE',  ( 4.687082869338698998, 0.000000000000000000, -8.000000000000000000 ) ) ;
#305 = ORIENTED_EDGE ( 'NONE', *, *, #8070, .T. ) ;
#304 = CARTESIAN_POINT ( 'NONE',  ( -4.500000000000000000, -0.1250000000000000000, 6.999999999999999112 ) ) ;
#306 = ADVANCED_FACE ( 'NONE', ( #2011 ), #3486, .T. ) ;
#307 = DIRECTION ( 'NONE',  ( -1.000000000000000000, 0.000000000000000000, 0.000000000000000000 ) ) ;
#308 = EDGE_LOOP ( 'NONE', ( #8202, #6499 ) ) ;
#309 = FILL_AREA_STYLE_COLOUR ( '', #7211 ) ;
#310 = DIRECTION ( 'NONE',  ( 0.000000000000000000, 0.000000000000000000, 1.000000000000000000 ) ) ;
#311 =( NAMED_UNIT ( * ) SI_UNIT ( $, .STERADIAN. ) SOLID_ANGLE_UNIT ( ) );
#312 = EDGE_CURVE ( 'NONE', #28, #593, #6289, .T. ) ;
#313 = ORIENTED_EDGE ( 'NONE', *, *, #1195, .T. ) ;
#314 = FILL_AREA_STYLE_COLOUR ( '', #3907 ) ;
#315 = VERTEX_POINT ( 'NONE', #7778 ) ;
#316 =( LENGTH_UNIT ( ) NAMED_UNIT ( * ) SI_UNIT ( .MILLI., .METRE. ) );
#317 = FILL_AREA_STYLE_COLOUR ( '', #5107 ) ;
#318 = CARTESIAN_POINT ( 'NONE',  ( -1.687082869338696778, 0.000000000000000000, 2.999999999999999112 ) ) ;
#319 =( GEOMETRIC_REPRESENTATION_CONTEXT ( 3 ) GLOBAL_UNCERTAINTY_ASSIGNED_CONTEXT ( ( #4106 ) ) GLOBAL_UNIT_ASSIGNED_CONTEXT ( ( #8906, #7416, #190 ) ) REPRESENTATION_CONTEXT ( 'NONE', 'WORKASPACE' ) );
#320 = SURFACE_STYLE_FILL_AREA ( #6906 ) ;
#321 = DIRECTION ( 'NONE',  ( -1.000000000000000000, 0.000000000000000000, 0.000000000000000000 ) ) ;
#322 = CIRCLE ( 'NONE', #2405, 0.1870828693386971386 ) ;
#323 = DIRECTION ( 'NONE',  ( 0.000000000000000000, -1.000000000000000000, 0.000000000000000000 ) ) ;
#324 = CARTESIAN_POINT ( 'NONE',  ( 0.5000000000000004441, -0.1250000000000000000, 2.999999999999999112 ) ) ;
#325 = ORIENTED_EDGE ( 'NONE', *, *, #1892, .T. ) ;
#326 =( NAMED_UNIT ( * ) SI_UNIT ( $, .STERADIAN. ) SOLID_ANGLE_UNIT ( ) );
#327 = FILL_AREA_STYLE ('',( #3105 ) ) ;
#328 = PRESENTATION_LAYER_ASSIGNMENT (  '', '', ( #7466 ) ) ;
#329 = DIRECTION ( 'NONE',  ( -1.000000000000000000, 0.000000000000000000, 0.000000000000000000 ) ) ;
#330 = PRESENTATION_STYLE_ASSIGNMENT (( #1720 ) ) ;
#331 =( LENGTH_UNIT ( ) NAMED_UNIT ( * ) SI_UNIT ( .MILLI., .METRE. ) );
#332 = ORIENTED_EDGE ( 'NONE', *, *, #8499, .T. ) ;
#333 = FILL_AREA_STYLE_COLOUR ( '', #6037 ) ;
#334 = SPHERICAL_SURFACE ( 'NONE', #6023, 0.2250000000000000888 ) ;
#335 = FILL_AREA_STYLE ('',( #8300 ) ) ;
#336 =( LENGTH_UNIT ( ) NAMED_UNIT ( * ) SI_UNIT ( .MILLI., .METRE. ) );
#337 = VERTEX_POINT ( 'NONE', #1232 ) ;
#338 = CARTESIAN_POINT ( 'NONE',  ( 2.500000000000000444, -0.1250000000000000000, -5.000000000000000000 ) ) ;
#339 = DIRECTION ( 'NONE',  ( 0.000000000000000000, 0.000000000000000000, 1.000000000000000000 ) ) ;
#340 = FACE_OUTER_BOUND ( 'NONE', #1898, .T. ) ;
#341 = DIRECTION ( 'NONE',  ( -1.000000000000000000, 0.000000000000000000, 0.000000000000000000 ) ) ;
#342 = EDGE_LOOP ( 'NONE', ( #7865, #1867, #249 ) ) ;
#343 = DIRECTION ( 'NONE',  ( 1.000000000000000000, 0.000000000000000000, 0.000000000000000000 ) ) ;
#344 =( NAMED_UNIT ( * ) PLANE_ANGLE_UNIT ( ) SI_UNIT ( $, .RADIAN. ) );
#345 = VERTEX_POINT ( 'NONE', #4177 ) ;
#346 = PRESENTATION_LAYER_ASSIGNMENT (  '', '', ( #4299 ) ) ;
#347 = EDGE_LOOP ( 'NONE', ( #496, #7389, #6655 ) ) ;
#348 = ORIENTED_EDGE ( 'NONE', *, *, #614, .F. ) ;
#349 = EDGE_CURVE ( 'NONE', #2081, #6173, #8896, .T. ) ;
#350 = EDGE_CURVE ( 'NONE', #5527, #5432, #2073, .T. ) ;
#351 = AXIS2_PLACEMENT_3D ( 'NONE', #4178, #9261, #2064 ) ;
#352 = CARTESIAN_POINT ( 'NONE',  ( 2.500000000000000444, -0.3500000000000000333, 5.000000000000000888 ) ) ;
#353 =( NAMED_UNIT ( * ) PLANE_ANGLE_UNIT ( ) SI_UNIT ( $, .RADIAN. ) );
#354 = VERTEX_POINT ( 'NONE', #4736 ) ;
#355 = PRESENTATION_STYLE_ASSIGNMENT (( #9087 ) ) ;
#356 = ORIENTED_EDGE ( 'NONE', *, *, #8782, .F. ) ;
#357 = EDGE_CURVE ( 'NONE', #3438, #2813, #5870, .T. ) ;
#358 = FACE_BOUND ( 'NONE', #77, .T. ) ;
#359 = DIRECTION ( 'NONE',  ( 0.000000000000000000, 0.000000000000000000, -1.000000000000000000 ) ) ;
#360 =( GEOMETRIC_REPRESENTATION_CONTEXT ( 3 ) GLOBAL_UNCERTAINTY_ASSIGNED_CONTEXT ( ( #5395 ) ) GLOBAL_UNIT_ASSIGNED_CONTEXT ( ( #5062, #9282, #841 ) ) REPRESENTATION_CONTEXT ( 'NONE', 'WORKASPACE' ) );
#361 = EDGE_CURVE ( 'NONE', #7341, #1740, #1750, .T. ) ;
#362 = ADVANCED_FACE ( 'NONE', ( #9356 ), #3672, .T. ) ;
#363 = EDGE_CURVE ( 'NONE', #135, #771, #8295, .T. ) ;
#364 = CARTESIAN_POINT ( 'NONE',  ( -7.000000000000001776, 0.9100000000000000311, 9.000000000000000000 ) ) ;
#365 = DIRECTION ( 'NONE',  ( -0.000000000000000000, -0.000000000000000000, -1.000000000000000000 ) ) ;
#366 =( LENGTH_UNIT ( ) NAMED_UNIT ( * ) SI_UNIT ( .MILLI., .METRE. ) );
#367 = DIRECTION ( 'NONE',  ( 0.000000000000000000, 0.000000000000000000, -1.000000000000000000 ) ) ;
#368 = AXIS2_PLACEMENT_3D ( 'NONE', #276, #6812, #6626 ) ;
#369 = FILL_AREA_STYLE ('',( #8154 ) ) ;
#370 = CIRCLE ( 'NONE', #667, 0.1870828693386972497 ) ;
#371 = DIRECTION ( 'NONE',  ( 0.000000000000000000, -1.000000000000000000, 0.000000000000000000 ) ) ;
#372 = AXIS2_PLACEMENT_3D ( 'NONE', #949, #273, #1754 ) ;
#373 = AXIS2_PLACEMENT_3D ( 'NONE', #1316, #7803, #7901 ) ;
#374 = FILL_AREA_STYLE ('',( #4023 ) ) ;
#375 = ORIENTED_EDGE ( 'NONE', *, *, #8569, .F. ) ;
#376 = STYLED_ITEM ( 'NONE', ( #4753 ), #6727 ) ;
#377 = DIRECTION ( 'NONE',  ( 0.000000000000000000, 0.000000000000000000, -1.000000000000000000 ) ) ;
#378 =( LENGTH_UNIT ( ) NAMED_UNIT ( * ) SI_UNIT ( .MILLI., .METRE. ) );
#379 = DIRECTION ( 'NONE',  ( 0.000000000000000000, -1.000000000000000000, 0.000000000000000000 ) ) ;
#380 =( GEOMETRIC_REPRESENTATION_CONTEXT ( 3 ) GLOBAL_UNCERTAINTY_ASSIGNED_CONTEXT ( ( #4278 ) ) GLOBAL_UNIT_ASSIGNED_CONTEXT ( ( #5394, #2504, #8326 ) ) REPRESENTATION_CONTEXT ( 'NONE', 'WORKASPACE' ) );
#381 = CIRCLE ( 'NONE', #3556, 0.2249999999999999500 ) ;
#382 = AXIS2_PLACEMENT_3D ( 'NONE', #8788, #5152, #4343 ) ;
#383 = DIRECTION ( 'NONE',  ( -1.000000000000000000, 0.000000000000000000, 0.000000000000000000 ) ) ;
#384 = EDGE_LOOP ( 'NONE', ( #1664, #6177, #6057 ) ) ;
#385 = UNCERTAINTY_MEASURE_WITH_UNIT (LENGTH_MEASURE( 1.000000000000000082E-05 ), #7290, 'distance_accuracy_value', 'NONE');
#386 = AXIS2_PLACEMENT_3D ( 'NONE', #3356, #3414, #2759 ) ;
#387 =( NAMED_UNIT ( * ) PLANE_ANGLE_UNIT ( ) SI_UNIT ( $, .RADIAN. ) );
#388 = PRESENTATION_STYLE_ASSIGNMENT (( #6877 ) ) ;
#389 = EDGE_CURVE ( 'NONE', #1795, #4273, #5725, .T. ) ;
#390 = ORIENTED_EDGE ( 'NONE', *, *, #3827, .T. ) ;
#391 = CARTESIAN_POINT ( 'NONE',  ( -1.687082869338696778, 0.000000000000000000, -5.000000000000000000 ) ) ;
#393 = EDGE_LOOP ( 'NONE', ( #8565, #3981, #490 ) ) ;
#392 = DIRECTION ( 'NONE',  ( -1.000000000000000000, 0.000000000000000000, 0.000000000000000000 ) ) ;
#394 = DIRECTION ( 'NONE',  ( 0.000000000000000000, -1.000000000000000000, 0.000000000000000000 ) ) ;
#395 = AXIS2_PLACEMENT_3D ( 'NONE', #164, #8266, #8976 ) ;
#396 = ORIENTED_EDGE ( 'NONE', *, *, #7621, .T. ) ;
#397 = ORIENTED_EDGE ( 'NONE', *, *, #4038, .F. ) ;
#398 = DIRECTION ( 'NONE',  ( 1.000000000000000000, 0.000000000000000000, 0.000000000000000000 ) ) ;
#399 = DIRECTION ( 'NONE',  ( -0.000000000000000000, -1.000000000000000000, -0.000000000000000000 ) ) ;
#400 = EDGE_LOOP ( 'NONE', ( #5844, #2397, #8955 ) ) ;
#401 = PRESENTATION_STYLE_ASSIGNMENT (( #3955 ) ) ;
#402 = VERTEX_POINT ( 'NONE', #1371 ) ;
#403 = ORIENTED_EDGE ( 'NONE', *, *, #1029, .F. ) ;
#404 = PRESENTATION_STYLE_ASSIGNMENT (( #3226 ) ) ;
#405 = SURFACE_STYLE_USAGE ( .BOTH. , #5543 ) ;
#406 =( GEOMETRIC_REPRESENTATION_CONTEXT ( 3 ) GLOBAL_UNCERTAINTY_ASSIGNED_CONTEXT ( ( #5467 ) ) GLOBAL_UNIT_ASSIGNED_CONTEXT ( ( #8731, #4237, #6393 ) ) REPRESENTATION_CONTEXT ( 'NONE', 'WORKASPACE' ) );
#407 = PRESENTATION_STYLE_ASSIGNMENT (( #7448 ) ) ;
#408 = MANIFOLD_SOLID_BREP ( 'Boss-Extrude3', #82 ) ;
#409 = DIRECTION ( 'NONE',  ( 0.000000000000000000, -1.000000000000000000, 0.000000000000000000 ) ) ;
#410 = CARTESIAN_POINT ( 'NONE',  ( -0.4999999999999995559, -0.1250000000000000000, -5.000000000000000000 ) ) ;
#411 = DIRECTION ( 'NONE',  ( -1.000000000000000000, 0.000000000000000000, 0.000000000000000000 ) ) ;
#412 = CARTESIAN_POINT ( 'NONE',  ( -1.499999999999999556, -0.1250000000000000000, -3.000000000000000000 ) ) ;
#413 = CARTESIAN_POINT ( 'NONE',  ( 1.500000000000000444, -0.1250000000000000000, -5.000000000000000000 ) ) ;
#414 = ORIENTED_EDGE ( 'NONE', *, *, #6034, .F. ) ;
#415 = CARTESIAN_POINT ( 'NONE',  ( 2.500000000000000444, -0.1250000000000000000, 0.000000000000000000 ) ) ;
#416 = DIRECTION ( 'NONE',  ( -1.000000000000000000, 0.000000000000000000, 0.000000000000000000 ) ) ;
#417 = FACE_OUTER_BOUND ( 'NONE', #1897, .T. ) ;
#418 = EDGE_CURVE ( 'NONE', #8444, #1290, #2502, .T. ) ;
#419 = CARTESIAN_POINT ( 'NONE',  ( -1.499999999999999556, 0.000000000000000000, 0.000000000000000000 ) ) ;
#420 = MECHANICAL_DESIGN_GEOMETRIC_PRESENTATION_REPRESENTATION (  '', ( #7092 ), #266 ) ;
#421 = DIRECTION ( 'NONE',  ( 0.000000000000000000, -1.000000000000000000, 0.000000000000000000 ) ) ;
#422 = AXIS2_PLACEMENT_3D ( 'NONE', #1496, #3741, #3693 ) ;
#423 =( NAMED_UNIT ( * ) PLANE_ANGLE_UNIT ( ) SI_UNIT ( $, .RADIAN. ) );
#424 = CARTESIAN_POINT ( 'NONE',  ( 4.312917130661304554, 0.000000000000000000, -7.000000000000000000 ) ) ;
#425 = UNCERTAINTY_MEASURE_WITH_UNIT (LENGTH_MEASURE( 1.000000000000000082E-05 ), #7343, 'distance_accuracy_value', 'NONE');
#426 = CIRCLE ( 'NONE', #5281, 0.1870828693386972497 ) ;
#427 = CARTESIAN_POINT ( 'NONE',  ( -3.312917130661302334, 0.000000000000000000, -1.000000000000000000 ) ) ;
#428 = EDGE_CURVE ( 'NONE', #5912, #4641, #6924, .T. ) ;
#429 = CARTESIAN_POINT ( 'NONE',  ( -1.499999999999999556, -0.1250000000000000000, 2.999999999999999112 ) ) ;
#430 = AXIS2_PLACEMENT_3D ( 'NONE', #7909, #2671, #3195 ) ;
#431 = AXIS2_PLACEMENT_3D ( 'NONE', #3265, #8520, #6940 ) ;
#432 = AXIS2_PLACEMENT_3D ( 'NONE', #2975, #9226, #2701 ) ;
#433 = VERTEX_POINT ( 'NONE', #7313 ) ;
#434 = DIRECTION ( 'NONE',  ( 0.000000000000000000, -1.000000000000000000, 0.000000000000000000 ) ) ;
#435 =( LENGTH_UNIT ( ) NAMED_UNIT ( * ) SI_UNIT ( .MILLI., .METRE. ) );
#436 = AXIS2_PLACEMENT_3D ( 'NONE', #3493, #4280, #2016 ) ;
#437 = DIRECTION ( 'NONE',  ( -1.000000000000000000, 0.000000000000000000, 0.000000000000000000 ) ) ;
#438 = FILL_AREA_STYLE ('',( #7030 ) ) ;
#439 =( GEOMETRIC_REPRESENTATION_CONTEXT ( 3 ) GLOBAL_UNCERTAINTY_ASSIGNED_CONTEXT ( ( #8455 ) ) GLOBAL_UNIT_ASSIGNED_CONTEXT ( ( #366, #6955, #2666 ) ) REPRESENTATION_CONTEXT ( 'NONE', 'WORKASPACE' ) );
#440 = ORIENTED_EDGE ( 'NONE', *, *, #3006, .T. ) ;
#441 = CARTESIAN_POINT ( 'NONE',  ( -2.499999999999999556, -0.1250000000000000000, -5.000000000000000000 ) ) ;
#442 =( LENGTH_UNIT ( ) NAMED_UNIT ( * ) SI_UNIT ( .MILLI., .METRE. ) );
#443 = ORIENTED_EDGE ( 'NONE', *, *, #7321, .F. ) ;
#444 = CARTESIAN_POINT ( 'NONE',  ( 1.500000000000000444, -0.1250000000000000000, 1.000000000000000888 ) ) ;
#445 = ORIENTED_EDGE ( 'NONE', *, *, #5709, .F. ) ;
#446 = EDGE_CURVE ( 'NONE', #3237, #56, #8609, .T. ) ;
#447 = MECHANICAL_DESIGN_GEOMETRIC_PRESENTATION_REPRESENTATION (  '', ( #8634 ), #8164 ) ;
#448 = VERTEX_POINT ( 'NONE', #8754 ) ;
#449 = CARTESIAN_POINT ( 'NONE',  ( -3.499999999999999556, -0.1250000000000000000, -2.000000000000000000 ) ) ;
#450 = PRESENTATION_STYLE_ASSIGNMENT (( #1949 ) ) ;
#451 = ORIENTED_EDGE ( 'NONE', *, *, #9023, .F. ) ;
#452 = CARTESIAN_POINT ( 'NONE',  ( -3.499999999999999556, -0.1250000000000000000, -2.000000000000000000 ) ) ;
#453 = ORIENTED_EDGE ( 'NONE', *, *, #3948, .F. ) ;
#454 = DIRECTION ( 'NONE',  ( 0.000000000000000000, 0.000000000000000000, -1.000000000000000000 ) ) ;
#455 = VERTEX_POINT ( 'NONE', #5907 ) ;
#456 =( LENGTH_UNIT ( ) NAMED_UNIT ( * ) SI_UNIT ( .MILLI., .METRE. ) );
#457 = DIRECTION ( 'NONE',  ( 0.000000000000000000, 0.000000000000000000, 1.000000000000000000 ) ) ;
#458 = CARTESIAN_POINT ( 'NONE',  ( -2.499999999999999556, -0.1250000000000000000, -3.000000000000000000 ) ) ;
#459 =( GEOMETRIC_REPRESENTATION_CONTEXT ( 3 ) GLOBAL_UNCERTAINTY_ASSIGNED_CONTEXT ( ( #2767 ) ) GLOBAL_UNIT_ASSIGNED_CONTEXT ( ( #7218, #9297, #8007 ) ) REPRESENTATION_CONTEXT ( 'NONE', 'WORKASPACE' ) );
#460 = DIRECTION ( 'NONE',  ( -1.000000000000000000, 0.000000000000000000, 0.000000000000000000 ) ) ;
#461 = SPHERICAL_SURFACE ( 'NONE', #155, 0.2250000000000000888 ) ;
#462 =( NAMED_UNIT ( * ) SI_UNIT ( $, .STERADIAN. ) SOLID_ANGLE_UNIT ( ) );
#463 = VERTEX_POINT ( 'NONE', #2951 ) ;
#464 = SURFACE_SIDE_STYLE ('',( #5550 ) ) ;
#465 = AXIS2_PLACEMENT_3D ( 'NONE', #7299, #2980, #4340 ) ;
#466 = DIRECTION ( 'NONE',  ( -0.000000000000000000, -0.000000000000000000, -1.000000000000000000 ) ) ;
#467 = CARTESIAN_POINT ( 'NONE',  ( 3.500000000000000444, -0.1250000000000000000, 0.000000000000000000 ) ) ;
#468 = AXIS2_PLACEMENT_3D ( 'NONE', #3124, #8441, #7838 ) ;
#469 = VERTEX_POINT ( 'NONE', #1514 ) ;
#470 = ORIENTED_EDGE ( 'NONE', *, *, #4333, .F. ) ;
#471 = EDGE_CURVE ( 'NONE', #6607, #315, #2216, .T. ) ;
#472 = DIRECTION ( 'NONE',  ( 0.000000000000000000, 0.000000000000000000, 1.000000000000000000 ) ) ;
#473 = SURFACE_STYLE_USAGE ( .BOTH. , #5504 ) ;
#474 = AXIS2_PLACEMENT_3D ( 'NONE', #5051, #8022, #1491 ) ;
#475 = DIRECTION ( 'NONE',  ( 0.000000000000000000, -1.000000000000000000, 0.000000000000000000 ) ) ;
#476 = CARTESIAN_POINT ( 'NONE',  ( -3.499999999999999556, -0.1250000000000000000, 0.000000000000000000 ) ) ;
#477 = AXIS2_PLACEMENT_3D ( 'NONE', #7827, #1418, #7734 ) ;
#478 = ORIENTED_EDGE ( 'NONE', *, *, #4234, .T. ) ;
#479 = UNCERTAINTY_MEASURE_WITH_UNIT (LENGTH_MEASURE( 1.000000000000000082E-05 ), #8066, 'distance_accuracy_value', 'NONE');
#480 = EDGE_CURVE ( 'NONE', #2015, #6120, #6775, .T. ) ;
#481 = DIRECTION ( 'NONE',  ( 0.000000000000000000, 1.000000000000000000, 0.000000000000000000 ) ) ;
#482 = SURFACE_STYLE_FILL_AREA ( #2696 ) ;
#483 = SPHERICAL_SURFACE ( 'NONE', #162, 0.2250000000000000888 ) ;
#484 = ORIENTED_EDGE ( 'NONE', *, *, #1824, .F. ) ;
#485 = PRESENTATION_STYLE_ASSIGNMENT (( #1821 ) ) ;
#486 = CARTESIAN_POINT ( 'NONE',  ( -1.499999999999999556, -0.1250000000000000000, -1.000000000000000000 ) ) ;
#488 = ORIENTED_EDGE ( 'NONE', *, *, #4433, .F. ) ;
#487 =( LENGTH_UNIT ( ) NAMED_UNIT ( * ) SI_UNIT ( .MILLI., .METRE. ) );
#489 = PRESENTATION_STYLE_ASSIGNMENT (( #539 ) ) ;
#490 = ORIENTED_EDGE ( 'NONE', *, *, #6330, .T. ) ;
#491 = CARTESIAN_POINT ( 'NONE',  ( -0.4999999999999995559, 0.000000000000000000, 4.000000000000000000 ) ) ;
#492 = UNCERTAINTY_MEASURE_WITH_UNIT (LENGTH_MEASURE( 1.000000000000000082E-05 ), #3377, 'distance_accuracy_value', 'NONE');
#493 = CARTESIAN_POINT ( 'NONE',  ( 3.500000000000000444, 0.000000000000000000, -4.000000000000000000 ) ) ;
#494 = EDGE_LOOP ( 'NONE', ( #2984, #8501, #2232 ) ) ;
#495 = DIRECTION ( 'NONE',  ( 1.000000000000000000, 0.000000000000000000, 0.000000000000000000 ) ) ;
#496 = ORIENTED_EDGE ( 'NONE', *, *, #7060, .F. ) ;
#497 =( NAMED_UNIT ( * ) SI_UNIT ( $, .STERADIAN. ) SOLID_ANGLE_UNIT ( ) );
#498 = VERTEX_POINT ( 'NONE', #2636 ) ;
#499 = DIRECTION ( 'NONE',  ( -1.000000000000000000, 0.000000000000000000, 0.000000000000000000 ) ) ;
#500 = ADVANCED_FACE ( 'NONE', ( #2686 ), #4801, .T. ) ;
#501 = PRESENTATION_STYLE_ASSIGNMENT (( #6181 ) ) ;
#502 = ORIENTED_EDGE ( 'NONE', *, *, #8125, .F. ) ;
#503 = DIRECTION ( 'NONE',  ( 0.000000000000000000, 0.000000000000000000, -1.000000000000000000 ) ) ;
#504 = FILL_AREA_STYLE_COLOUR ( '', #9246 ) ;
#505 = ORIENTED_EDGE ( 'NONE', *, *, #8970, .T. ) ;
#506 =( NAMED_UNIT ( * ) PLANE_ANGLE_UNIT ( ) SI_UNIT ( $, .RADIAN. ) );
#507 = CARTESIAN_POINT ( 'NONE',  ( 0.5000000000000004441, 0.000000000000000000, -1.000000000000000000 ) ) ;
#508 = DIRECTION ( 'NONE',  ( 0.000000000000000000, 0.000000000000000000, 1.000000000000000000 ) ) ;
#509 = CARTESIAN_POINT ( 'NONE',  ( 1.687082869338697666, 0.000000000000000000, 5.000000000000000888 ) ) ;
#510 = AXIS2_PLACEMENT_3D ( 'NONE', #915, #421, #4026 ) ;
#511 = MECHANICAL_DESIGN_GEOMETRIC_PRESENTATION_REPRESENTATION (  '', ( #653 ), #4605 ) ;
#512 = DIRECTION ( 'NONE',  ( 0.000000000000000000, 0.000000000000000000, -1.000000000000000000 ) ) ;
#513 = AXIS2_PLACEMENT_3D ( 'NONE', #6220, #4679, #1948 ) ;
#514 = CIRCLE ( 'NONE', #66, 0.1870828693386972497 ) ;
#515 = ORIENTED_EDGE ( 'NONE', *, *, #2605, .T. ) ;
#516 = AXIS2_PLACEMENT_3D ( 'NONE', #1967, #4228, #7736 ) ;
#517 = CARTESIAN_POINT ( 'NONE',  ( -2.499999999999999556, 0.000000000000000000, -1.000000000000000000 ) ) ;
#518 = UNCERTAINTY_MEASURE_WITH_UNIT (LENGTH_MEASURE( 1.000000000000000082E-05 ), #7987, 'distance_accuracy_value', 'NONE');
#519 = SURFACE_STYLE_FILL_AREA ( #4185 ) ;
#520 = CARTESIAN_POINT ( 'NONE',  ( 6.999999999999998224, 0.2599999999999997868, -8.999999999999998224 ) ) ;
#521 = MECHANICAL_DESIGN_GEOMETRIC_PRESENTATION_REPRESENTATION (  '', ( #3371 ), #57 ) ;
#522 = AXIS2_PLACEMENT_3D ( 'NONE', #5106, #660, #4963 ) ;
#523 = CIRCLE ( 'NONE', #4324, 0.1870828693386972497 ) ;
#524 = DIRECTION ( 'NONE',  ( 0.000000000000000000, 0.000000000000000000, -1.000000000000000000 ) ) ;
#525 = EDGE_CURVE ( 'NONE', #1986, #2548, #9386, .T. ) ;
#526 = VERTEX_POINT ( 'NONE', #7133 ) ;
#527 = ADVANCED_FACE ( 'NONE', ( #8062 ), #655, .T. ) ;
#528 = DIRECTION ( 'NONE',  ( -1.000000000000000000, 0.000000000000000000, 0.000000000000000000 ) ) ;
#529 = COLOUR_RGB ( '',0.8941176470588234615, 0.9137254901960784048, 0.9294117647058823817 ) ;
#530 = MECHANICAL_DESIGN_GEOMETRIC_PRESENTATION_REPRESENTATION (  '', ( #3696 ), #3703 ) ;
#531 = SURFACE_SIDE_STYLE ('',( #482 ) ) ;
#532 = CIRCLE ( 'NONE', #382, 0.1870828693386971386 ) ;
#533 = FILL_AREA_STYLE ('',( #4197 ) ) ;
#534 = ORIENTED_EDGE ( 'NONE', *, *, #7613, .T. ) ;
#535 = DIRECTION ( 'NONE',  ( 0.000000000000000000, 0.000000000000000000, 1.000000000000000000 ) ) ;
#536 = SURFACE_STYLE_USAGE ( .BOTH. , #6585 ) ;
#538 = ORIENTED_EDGE ( 'NONE', *, *, #7280, .F. ) ;
#537 = DIRECTION ( 'NONE',  ( 0.000000000000000000, 0.000000000000000000, 1.000000000000000000 ) ) ;
#539 = SURFACE_STYLE_USAGE ( .BOTH. , #9330 ) ;
#540 = ADVANCED_FACE ( 'NONE', ( #1492 ), #2286, .T. ) ;
#541 = ADVANCED_FACE ( 'NONE', ( #1529 ), #611, .T. ) ;
#542 = STYLED_ITEM ( 'NONE', ( #9149 ), #4609 ) ;
#543 = STYLED_ITEM ( 'NONE', ( #7918 ), #7135 ) ;
#544 = ORIENTED_EDGE ( 'NONE', *, *, #5702, .F. ) ;
#545 = CIRCLE ( 'NONE', #1721, 0.1870828693386963892 ) ;
#546 = DIRECTION ( 'NONE',  ( 0.000000000000000000, 0.000000000000000000, -1.000000000000000000 ) ) ;
#547 = DIRECTION ( 'NONE',  ( -1.224646799147353207E-16, 0.000000000000000000, 1.000000000000000000 ) ) ;
#548 = DIRECTION ( 'NONE',  ( 0.000000000000000000, -1.000000000000000000, 0.000000000000000000 ) ) ;
#549 = DIRECTION ( 'NONE',  ( -1.000000000000000000, 0.000000000000000000, 0.000000000000000000 ) ) ;
#550 = ORIENTED_EDGE ( 'NONE', *, *, #4436, .T. ) ;
#551 = LINE ( 'NONE', #6321, #2364 ) ;
#552 = ORIENTED_EDGE ( 'NONE', *, *, #8673, .T. ) ;
#553 = EDGE_CURVE ( 'NONE', #8563, #4794, #6555, .T. ) ;
#554 = DIRECTION ( 'NONE',  ( -1.000000000000000000, 0.000000000000000000, 0.000000000000000000 ) ) ;
#555 = ORIENTED_EDGE ( 'NONE', *, *, #2836, .T. ) ;
#556 = MECHANICAL_DESIGN_GEOMETRIC_PRESENTATION_REPRESENTATION (  '', ( #838 ), #6761 ) ;
#557 = SURFACE_STYLE_FILL_AREA ( #1130 ) ;
#558 = CARTESIAN_POINT ( 'NONE',  ( 0.5000000000000004441, 0.000000000000000000, -3.000000000000000000 ) ) ;
#559 = DIRECTION ( 'NONE',  ( 0.000000000000000000, 0.000000000000000000, 1.000000000000000000 ) ) ;
#560 = SURFACE_SIDE_STYLE ('',( #2769 ) ) ;
#561 = EDGE_LOOP ( 'NONE', ( #348, #7099, #4385 ) ) ;
#562 = MECHANICAL_DESIGN_GEOMETRIC_PRESENTATION_REPRESENTATION (  '', ( #261 ), #6609 ) ;
#563 = DIRECTION ( 'NONE',  ( 0.000000000000000000, 0.000000000000000000, -1.000000000000000000 ) ) ;
#564 = DIRECTION ( 'NONE',  ( -1.000000000000000000, 0.000000000000000000, 0.000000000000000000 ) ) ;
#565 = CARTESIAN_POINT ( 'NONE',  ( 1.312917130661303222, 0.000000000000000000, -4.000000000000000000 ) ) ;
#566 = ADVANCED_FACE ( 'NONE', ( #4328 ), #5218, .T. ) ;
#567 = DIRECTION ( 'NONE',  ( 0.000000000000000000, 0.000000000000000000, 1.000000000000000000 ) ) ;
#568 = PRESENTATION_LAYER_ASSIGNMENT (  '', '', ( #7252 ) ) ;
#569 =( LENGTH_UNIT ( ) NAMED_UNIT ( * ) SI_UNIT ( .MILLI., .METRE. ) );
#570 = SURFACE_STYLE_FILL_AREA ( #9268 ) ;
#571 =( GEOMETRIC_REPRESENTATION_CONTEXT ( 3 ) GLOBAL_UNCERTAINTY_ASSIGNED_CONTEXT ( ( #8162 ) ) GLOBAL_UNIT_ASSIGNED_CONTEXT ( ( #2913, #2062, #138 ) ) REPRESENTATION_CONTEXT ( 'NONE', 'WORKASPACE' ) );
#572 =( NAMED_UNIT ( * ) SI_UNIT ( $, .STERADIAN. ) SOLID_ANGLE_UNIT ( ) );
#573 = STYLED_ITEM ( 'NONE', ( #3528 ), #9387 ) ;
#574 = ORIENTED_EDGE ( 'NONE', *, *, #8992, .T. ) ;
#575 = COLOUR_RGB ( '',0.8941176470588234615, 0.9137254901960784048, 0.9294117647058823817 ) ;
#576 = FACE_OUTER_BOUND ( 'NONE', #1971, .T. ) ;
#577 = SURFACE_STYLE_FILL_AREA ( #7751 ) ;
#578 = DIRECTION ( 'NONE',  ( -0.000000000000000000, -0.000000000000000000, -1.000000000000000000 ) ) ;
#579 = CARTESIAN_POINT ( 'NONE',  ( -1.687082869338696778, 0.000000000000000000, 2.000000000000000000 ) ) ;
#580 = ORIENTED_EDGE ( 'NONE', *, *, #6558, .F. ) ;
#581 = CARTESIAN_POINT ( 'NONE',  ( -0.4999999999999995559, 0.000000000000000000, -2.000000000000000000 ) ) ;
#582 = SURFACE_STYLE_USAGE ( .BOTH. , #9281 ) ;
#583 = CIRCLE ( 'NONE', #8304, 0.2249999999999999500 ) ;
#584 = AXIS2_PLACEMENT_3D ( 'NONE', #2632, #472, #1052 ) ;
#585 = AXIS2_PLACEMENT_3D ( 'NONE', #4157, #6944, #454 ) ;
#586 = EDGE_LOOP ( 'NONE', ( #8521, #6067 ) ) ;
#588 = AXIS2_PLACEMENT_3D ( 'NONE', #50, #3495, #2159 ) ;
#587 = AXIS2_PLACEMENT_3D ( 'NONE', #5255, #4682, #4583 ) ;
#589 = EDGE_CURVE ( 'NONE', #61, #7437, #5357, .T. ) ;
#590 = DIRECTION ( 'NONE',  ( -0.000000000000000000, -0.000000000000000000, -1.000000000000000000 ) ) ;
#591 = EDGE_LOOP ( 'NONE', ( #4020, #679 ) ) ;
#592 = DIRECTION ( 'NONE',  ( -0.000000000000000000, 1.000000000000000000, -0.000000000000000000 ) ) ;
#593 = VERTEX_POINT ( 'NONE', #1489 ) ;
#594 = STYLED_ITEM ( 'NONE', ( #4028 ), #8448 ) ;
#595 = FILL_AREA_STYLE_COLOUR ( '', #2795 ) ;
#596 = ORIENTED_EDGE ( 'NONE', *, *, #8348, .T. ) ;
#597 = DIRECTION ( 'NONE',  ( 0.000000000000000000, 0.000000000000000000, -1.000000000000000000 ) ) ;
#598 = UNCERTAINTY_MEASURE_WITH_UNIT (LENGTH_MEASURE( 1.000000000000000082E-05 ), #5961, 'distance_accuracy_value', 'NONE');
#599 = SURFACE_STYLE_USAGE ( .BOTH. , #7114 ) ;
#600 = ADVANCED_FACE ( 'NONE', ( #51 ), #2246, .T. ) ;
#601 = MECHANICAL_DESIGN_GEOMETRIC_PRESENTATION_REPRESENTATION (  '', ( #5751 ), #297 ) ;
#602 = SHAPE_DEFINITION_REPRESENTATION ( #6398, #4329 ) ;
#603 = EDGE_LOOP ( 'NONE', ( #6466, #2837, #1568 ) ) ;
#604 = DIRECTION ( 'NONE',  ( 0.000000000000000000, 0.000000000000000000, -1.000000000000000000 ) ) ;
#605 = STYLED_ITEM ( 'NONE', ( #6910 ), #2190 ) ;
#606 = PRESENTATION_STYLE_ASSIGNMENT (( #9148 ) ) ;
#607 = SURFACE_STYLE_FILL_AREA ( #2623 ) ;
#608 = VERTEX_POINT ( 'NONE', #2920 ) ;
#609 = ORIENTED_EDGE ( 'NONE', *, *, #3120, .T. ) ;
#610 = PLANE ( 'NONE',  #8473 ) ;
#611 = SPHERICAL_SURFACE ( 'NONE', #7017, 0.2250000000000000888 ) ;
#612 =( NAMED_UNIT ( * ) SI_UNIT ( $, .STERADIAN. ) SOLID_ANGLE_UNIT ( ) );
#613 = UNCERTAINTY_MEASURE_WITH_UNIT (LENGTH_MEASURE( 1.000000000000000082E-05 ), #378, 'distance_accuracy_value', 'NONE');
#614 = EDGE_CURVE ( 'NONE', #71, #2000, #9309, .T. ) ;
#615 =( GEOMETRIC_REPRESENTATION_CONTEXT ( 3 ) GLOBAL_UNCERTAINTY_ASSIGNED_CONTEXT ( ( #7902 ) ) GLOBAL_UNIT_ASSIGNED_CONTEXT ( ( #316, #1655, #1703 ) ) REPRESENTATION_CONTEXT ( 'NONE', 'WORKASPACE' ) );
#616 = AXIS2_PLACEMENT_3D ( 'NONE', #3588, #2879, #5784 ) ;
#617 = VERTEX_POINT ( 'NONE', #8812 ) ;
#618 = AXIS2_PLACEMENT_3D ( 'NONE', #3015, #3548, #2976 ) ;
#619 = CARTESIAN_POINT ( 'NONE',  ( -5.100000000000002309, 0.8099999999999999423, -7.099999999999997868 ) ) ;
#620 = CARTESIAN_POINT ( 'NONE',  ( -3.499999999999999556, -0.1250000000000000000, 8.000000000000000000 ) ) ;
#621 = ORIENTED_EDGE ( 'NONE', *, *, #5032, .F. ) ;
#622 = SURFACE_SIDE_STYLE ('',( #4431 ) ) ;
#623 = SURFACE_SIDE_STYLE ('',( #7756 ) ) ;
#624 = CIRCLE ( 'NONE', #5329, 0.2249999999999999500 ) ;
#625 = DIRECTION ( 'NONE',  ( 0.000000000000000000, 0.000000000000000000, -1.000000000000000000 ) ) ;
#626 = ORIENTED_EDGE ( 'NONE', *, *, #3725, .T. ) ;
#627 = CARTESIAN_POINT ( 'NONE',  ( 2.500000000000000444, -0.1250000000000000000, -5.000000000000000000 ) ) ;
#628 = FILL_AREA_STYLE ('',( #7344 ) ) ;
#629 = VERTEX_POINT ( 'NONE', #2280 ) ;
#630 = ORIENTED_EDGE ( 'NONE', *, *, #2755, .T. ) ;
#631 = SPHERICAL_SURFACE ( 'NONE', #5146, 0.2250000000000000888 ) ;
#632 = EDGE_LOOP ( 'NONE', ( #4620, #5522, #7351 ) ) ;
#633 = SURFACE_SIDE_STYLE ('',( #125 ) ) ;
#634 = ORIENTED_EDGE ( 'NONE', *, *, #3287, .F. ) ;
#635 = DIRECTION ( 'NONE',  ( 0.000000000000000000, 0.000000000000000000, -1.000000000000000000 ) ) ;
#636 = ADVANCED_FACE ( 'NONE', ( #7229 ), #2511, .T. ) ;
#637 = ADVANCED_FACE ( 'NONE', ( #699 ), #7589, .T. ) ;
#638 = DIRECTION ( 'NONE',  ( 0.000000000000000000, 0.000000000000000000, -1.000000000000000000 ) ) ;
#639 = SURFACE_SIDE_STYLE ('',( #8671 ) ) ;
#640 = DIRECTION ( 'NONE',  ( -1.000000000000000000, 0.000000000000000000, 0.000000000000000000 ) ) ;
#641 = EDGE_LOOP ( 'NONE', ( #8797, #3258, #8481 ) ) ;
#642 = DIRECTION ( 'NONE',  ( 0.000000000000000000, 0.000000000000000000, -1.000000000000000000 ) ) ;
#643 = FACE_BOUND ( 'NONE', #6271, .T. ) ;
#644 = COLOUR_RGB ( '',0.8941176470588234615, 0.9137254901960784048, 0.9294117647058823817 ) ;
#645 =( NAMED_UNIT ( * ) SI_UNIT ( $, .STERADIAN. ) SOLID_ANGLE_UNIT ( ) );
#646 = ADVANCED_FACE ( 'NONE', ( #2333 ), #5157, .T. ) ;
#647 = CARTESIAN_POINT ( 'NONE',  ( -3.499999999999999556, -0.1250000000000000000, 0.000000000000000000 ) ) ;
#648 = EDGE_CURVE ( 'NONE', #6833, #9105, #4604, .T. ) ;
#649 = ORIENTED_EDGE ( 'NONE', *, *, #8742, .F. ) ;
#650 = EDGE_LOOP ( 'NONE', ( #4615, #4349, #8773, #943 ) ) ;
#651 = MECHANICAL_DESIGN_GEOMETRIC_PRESENTATION_REPRESENTATION (  '', ( #3353 ), #4152 ) ;
#652 = CARTESIAN_POINT ( 'NONE',  ( -1.499999999999999556, -0.1250000000000000000, 4.000000000000000000 ) ) ;
#653 = STYLED_ITEM ( 'NONE', ( #6171 ), #6589 ) ;
#654 =( LENGTH_UNIT ( ) NAMED_UNIT ( * ) SI_UNIT ( .MILLI., .METRE. ) );
#655 = SPHERICAL_SURFACE ( 'NONE', #2155, 0.2250000000000000888 ) ;
#656 = CARTESIAN_POINT ( 'NONE',  ( -2.499999999999999556, -0.1250000000000000000, 2.999999999999999112 ) ) ;
#657 = DIRECTION ( 'NONE',  ( 1.000000000000000000, 0.000000000000000000, 0.000000000000000000 ) ) ;
#658 = ORIENTED_EDGE ( 'NONE', *, *, #6696, .T. ) ;
#659 = CARTESIAN_POINT ( 'NONE',  ( 2.500000000000000444, 0.000000000000000000, 2.000000000000000000 ) ) ;
#660 = DIRECTION ( 'NONE',  ( -0.000000000000000000, -0.000000000000000000, -1.000000000000000000 ) ) ;
#661 = DIRECTION ( 'NONE',  ( 0.000000000000000000, -1.000000000000000000, 0.000000000000000000 ) ) ;
#662 = DIRECTION ( 'NONE',  ( -1.224646799147353207E-16, 0.000000000000000000, 1.000000000000000000 ) ) ;
#663 = ORIENTED_EDGE ( 'NONE', *, *, #912, .F. ) ;
#664 = SURFACE_STYLE_USAGE ( .BOTH. , #4386 ) ;
#665 = PRESENTATION_LAYER_ASSIGNMENT (  '', '', ( #6855 ) ) ;
#666 = COLOUR_RGB ( '',0.8941176470588234615, 0.9137254901960784048, 0.9294117647058823817 ) ;
#667 = AXIS2_PLACEMENT_3D ( 'NONE', #4747, #8257, #6872 ) ;
#668 = AXIS2_PLACEMENT_3D ( 'NONE', #458, #3421, #6951 ) ;
#669 = LINE ( 'NONE', #1359, #3065 ) ;
#670 = ORIENTED_EDGE ( 'NONE', *, *, #8870, .T. ) ;
#671 = DIRECTION ( 'NONE',  ( 0.000000000000000000, 0.000000000000000000, -1.000000000000000000 ) ) ;
#672 = CIRCLE ( 'NONE', #3702, 0.1870828693386972497 ) ;
#673 = CIRCLE ( 'NONE', #1557, 0.2249999999999999500 ) ;
#674 = EDGE_CURVE ( 'NONE', #4045, #7073, #206, .T. ) ;
#675 = AXIS2_PLACEMENT_3D ( 'NONE', #7034, #1940, #2587 ) ;
#676 = SURFACE_SIDE_STYLE ('',( #4298 ) ) ;
#677 = EDGE_LOOP ( 'NONE', ( #9287, #7944, #4, #2098 ) ) ;
#678 = FACE_OUTER_BOUND ( 'NONE', #5380, .T. ) ;
#679 = ORIENTED_EDGE ( 'NONE', *, *, #8673, .F. ) ;
#680 = ORIENTED_EDGE ( 'NONE', *, *, #1506, .T. ) ;
#681 = PRESENTATION_LAYER_ASSIGNMENT (  '', '', ( #8862 ) ) ;
#682 = MECHANICAL_DESIGN_GEOMETRIC_PRESENTATION_REPRESENTATION (  '', ( #4956 ), #5983 ) ;
#683 = CARTESIAN_POINT ( 'NONE',  ( -1.499999999999999556, -0.3500000000000000333, 5.000000000000000888 ) ) ;
#684 = VERTEX_POINT ( 'NONE', #7340 ) ;
#685 = DIRECTION ( 'NONE',  ( 0.000000000000000000, -1.000000000000000000, 0.000000000000000000 ) ) ;
#686 =( NAMED_UNIT ( * ) SI_UNIT ( $, .STERADIAN. ) SOLID_ANGLE_UNIT ( ) );
#687 = UNCERTAINTY_MEASURE_WITH_UNIT (LENGTH_MEASURE( 1.000000000000000082E-05 ), #1441, 'distance_accuracy_value', 'NONE');
#688 = CARTESIAN_POINT ( 'NONE',  ( -3.499999999999999556, -0.1250000000000000000, 2.999999999999999112 ) ) ;
#689 = CARTESIAN_POINT ( 'NONE',  ( -6.800000000000002487, -0.02500000000000000139, -8.799999999999995381 ) ) ;
#690 =( LENGTH_UNIT ( ) NAMED_UNIT ( * ) SI_UNIT ( .MILLI., .METRE. ) );
#691 = ORIENTED_EDGE ( 'NONE', *, *, #2797, .T. ) ;
#692 = FACE_BOUND ( 'NONE', #6477, .T. ) ;
#693 = SPHERICAL_SURFACE ( 'NONE', #3834, 0.2250000000000000888 ) ;
#694 = MECHANICAL_DESIGN_GEOMETRIC_PRESENTATION_REPRESENTATION (  '', ( #3864 ), #1424 ) ;
#695 =( GEOMETRIC_REPRESENTATION_CONTEXT ( 3 ) GLOBAL_UNCERTAINTY_ASSIGNED_CONTEXT ( ( #8301 ) ) GLOBAL_UNIT_ASSIGNED_CONTEXT ( ( #4120, #5596, #4216 ) ) REPRESENTATION_CONTEXT ( 'NONE', 'WORKASPACE' ) );
#696 = DIRECTION ( 'NONE',  ( -1.000000000000000000, 0.000000000000000000, 0.000000000000000000 ) ) ;
#697 = ORIENTED_EDGE ( 'NONE', *, *, #2755, .F. ) ;
#698 = PRESENTATION_STYLE_ASSIGNMENT (( #7228 ) ) ;
#699 = FACE_OUTER_BOUND ( 'NONE', #4351, .T. ) ;
#700 = MECHANICAL_DESIGN_GEOMETRIC_PRESENTATION_REPRESENTATION (  '', ( #4501 ), #253 ) ;
#701 = SPHERICAL_SURFACE ( 'NONE', #5326, 0.2250000000000000888 ) ;
#702 = UNCERTAINTY_MEASURE_WITH_UNIT (LENGTH_MEASURE( 1.000000000000000082E-05 ), #6973, 'distance_accuracy_value', 'NONE');
#703 = EDGE_CURVE ( 'NONE', #7312, #498, #7937, .T. ) ;
#704 = SURFACE_STYLE_FILL_AREA ( #8021 ) ;
#705 = CARTESIAN_POINT ( 'NONE',  ( -0.6870828693386967778, 0.000000000000000000, -1.000000000000000000 ) ) ;
#706 = CARTESIAN_POINT ( 'NONE',  ( -0.4999999999999995559, 0.000000000000000000, -4.000000000000000000 ) ) ;
#707 = DIRECTION ( 'NONE',  ( 0.000000000000000000, 0.000000000000000000, -1.000000000000000000 ) ) ;
#708 = PRESENTATION_LAYER_ASSIGNMENT (  '', '', ( #5858 ) ) ;
#709 = SURFACE_STYLE_USAGE ( .BOTH. , #5749 ) ;
#711 = EDGE_CURVE ( 'NONE', #22, #463, #4919, .T. ) ;
#710 = AXIS2_PLACEMENT_3D ( 'NONE', #4574, #7478, #5904 ) ;
#712 = SURFACE_STYLE_FILL_AREA ( #1497 ) ;
#713 = ORIENTED_EDGE ( 'NONE', *, *, #9185, .T. ) ;
#714 = DIRECTION ( 'NONE',  ( -1.000000000000000000, 0.000000000000000000, 0.000000000000000000 ) ) ;
#715 = DIRECTION ( 'NONE',  ( 1.000000000000000000, 0.000000000000000000, 0.000000000000000000 ) ) ;
#716 = CARTESIAN_POINT ( 'NONE',  ( -1.312917130661302334, 0.000000000000000000, 1.000000000000000888 ) ) ;
#717 = PRESENTATION_LAYER_ASSIGNMENT (  '', '', ( #1456 ) ) ;
#718 = DIRECTION ( 'NONE',  ( -1.000000000000000000, 0.000000000000000000, 0.000000000000000000 ) ) ;
#719 = PRESENTATION_LAYER_ASSIGNMENT (  '', '', ( #2663 ) ) ;
#720 = ORIENTED_EDGE ( 'NONE', *, *, #2387, .T. ) ;
#721 = AXIS2_PLACEMENT_3D ( 'NONE', #5854, #6204, #9215 ) ;
#722 = DIRECTION ( 'NONE',  ( 0.000000000000000000, 0.000000000000000000, 1.000000000000000000 ) ) ;
#723 = PRESENTATION_LAYER_ASSIGNMENT (  '', '', ( #4378 ) ) ;
#724 = CARTESIAN_POINT ( 'NONE',  ( 1.500000000000000444, -0.1250000000000000000, -2.000000000000000000 ) ) ;
#725 = CIRCLE ( 'NONE', #2361, 0.2249999999999999500 ) ;
#726 = ORIENTED_EDGE ( 'NONE', *, *, #5131, .F. ) ;
#727 = ORIENTED_EDGE ( 'NONE', *, *, #8072, .T. ) ;
#728 = DIRECTION ( 'NONE',  ( -1.000000000000000000, 0.000000000000000000, 0.000000000000000000 ) ) ;
#729 = ORIENTED_EDGE ( 'NONE', *, *, #6199, .T. ) ;
#730 =( GEOMETRIC_REPRESENTATION_CONTEXT ( 3 ) GLOBAL_UNCERTAINTY_ASSIGNED_CONTEXT ( ( #1409 ) ) GLOBAL_UNIT_ASSIGNED_CONTEXT ( ( #7444, #3767, #4497 ) ) REPRESENTATION_CONTEXT ( 'NONE', 'WORKASPACE' ) );
#731 = CARTESIAN_POINT ( 'NONE',  ( 3.500000000000000444, -0.1250000000000000000, 2.999999999999999112 ) ) ;
#732 = EDGE_CURVE ( 'NONE', #3316, #6277, #8379, .T. ) ;
#733 = DIRECTION ( 'NONE',  ( 0.000000000000000000, -1.000000000000000000, 0.000000000000000000 ) ) ;
#734 = DIRECTION ( 'NONE',  ( -1.000000000000000000, 0.000000000000000000, 0.000000000000000000 ) ) ;
#735 = CIRCLE ( 'NONE', #9399, 0.1870828693386972497 ) ;
#736 = DIRECTION ( 'NONE',  ( 0.000000000000000000, 0.000000000000000000, 1.000000000000000000 ) ) ;
#737 = CARTESIAN_POINT ( 'NONE',  ( 1.687082869338697666, 0.000000000000000000, -4.000000000000000000 ) ) ;
#738 = FACE_OUTER_BOUND ( 'NONE', #8705, .T. ) ;
#739 =( LENGTH_UNIT ( ) NAMED_UNIT ( * ) SI_UNIT ( .MILLI., .METRE. ) );
#740 = AXIS2_PLACEMENT_3D ( 'NONE', #3197, #5502, #6016 ) ;
#741 = ORIENTED_EDGE ( 'NONE', *, *, #2718, .T. ) ;
#742 = FACE_OUTER_BOUND ( 'NONE', #1415, .T. ) ;
#744 =( GEOMETRIC_REPRESENTATION_CONTEXT ( 3 ) GLOBAL_UNCERTAINTY_ASSIGNED_CONTEXT ( ( #7027 ) ) GLOBAL_UNIT_ASSIGNED_CONTEXT ( ( #6523, #5685, #9254 ) ) REPRESENTATION_CONTEXT ( 'NONE', 'WORKASPACE' ) );
#743 = AXIS2_PLACEMENT_3D ( 'NONE', #9118, #3343, #6252 ) ;
#745 = FACE_BOUND ( 'NONE', #586, .T. ) ;
#746 = AXIS2_PLACEMENT_3D ( 'NONE', #4648, #6764, #7495 ) ;
#747 =( LENGTH_UNIT ( ) NAMED_UNIT ( * ) SI_UNIT ( .MILLI., .METRE. ) );
#748 = ORIENTED_EDGE ( 'NONE', *, *, #4906, .F. ) ;
#749 = SURFACE_STYLE_FILL_AREA ( #6533 ) ;
#750 = SPHERICAL_SURFACE ( 'NONE', #4810, 0.2250000000000000888 ) ;
#751 = PRESENTATION_STYLE_ASSIGNMENT (( #536 ) ) ;
#752 = DIRECTION ( 'NONE',  ( -1.000000000000000000, 0.000000000000000000, 0.000000000000000000 ) ) ;
#753 = SURFACE_STYLE_USAGE ( .BOTH. , #5928 ) ;
#754 =( LENGTH_UNIT ( ) NAMED_UNIT ( * ) SI_UNIT ( .MILLI., .METRE. ) );
#755 = EDGE_CURVE ( 'NONE', #3805, #5764, #1687, .T. ) ;
#756 = STYLED_ITEM ( 'NONE', ( #2414 ), #2407 ) ;
#757 = EDGE_CURVE ( 'NONE', #6419, #3517, #1390, .T. ) ;
#758 = VERTEX_POINT ( 'NONE', #116 ) ;
#759 = CARTESIAN_POINT ( 'NONE',  ( 2.500000000000000444, -0.3500000000000000333, -2.000000000000000000 ) ) ;
#760 = SURFACE_STYLE_FILL_AREA ( #5057 ) ;
#761 = CARTESIAN_POINT ( 'NONE',  ( -5.100000000000002309, 0.8099999999999999423, -6.849999999999997868 ) ) ;
#762 = COLOUR_RGB ( '',0.8941176470588234615, 0.9137254901960784048, 0.9294117647058823817 ) ;
#763 = ORIENTED_EDGE ( 'NONE', *, *, #6081, .T. ) ;
#764 = CARTESIAN_POINT ( 'NONE',  ( -2.499999999999999556, -0.3500000000000000333, -4.000000000000000000 ) ) ;
#765 = CARTESIAN_POINT ( 'NONE',  ( 3.500000000000000444, 0.000000000000000000, -1.000000000000000000 ) ) ;
#766 = ADVANCED_FACE ( 'NONE', ( #3563 ), #2802, .T. ) ;
#767 = MECHANICAL_DESIGN_GEOMETRIC_PRESENTATION_REPRESENTATION (  '', ( #3026 ), #2883 ) ;
#768 = CIRCLE ( 'NONE', #3322, 0.2250000000000000611 ) ;
#769 = DIRECTION ( 'NONE',  ( 0.000000000000000000, 0.000000000000000000, 1.000000000000000000 ) ) ;
#770 = SURFACE_STYLE_USAGE ( .BOTH. , #2095 ) ;
#771 = VERTEX_POINT ( 'NONE', #2895 ) ;
#772 = SURFACE_SIDE_STYLE ('',( #9290 ) ) ;
#774 = ORIENTED_EDGE ( 'NONE', *, *, #2367, .T. ) ;
#773 = DIRECTION ( 'NONE',  ( -1.224646799147353207E-16, 0.000000000000000000, 1.000000000000000000 ) ) ;
#775 = CIRCLE ( 'NONE', #4577, 0.2249999999999999500 ) ;
#776 = CARTESIAN_POINT ( 'NONE',  ( 2.500000000000000444, 0.000000000000000000, 1.000000000000000888 ) ) ;
#777 =( LENGTH_UNIT ( ) NAMED_UNIT ( * ) SI_UNIT ( .MILLI., .METRE. ) );
#778 = DIRECTION ( 'NONE',  ( 1.000000000000000000, 0.000000000000000000, 0.000000000000000000 ) ) ;
#779 = AXIS2_PLACEMENT_3D ( 'NONE', #5433, #1690, #7663 ) ;
#780 = DIRECTION ( 'NONE',  ( -1.000000000000000000, 0.000000000000000000, 0.000000000000000000 ) ) ;
#781 = SURFACE_SIDE_STYLE ('',( #2194 ) ) ;
#782 = ORIENTED_EDGE ( 'NONE', *, *, #4884, .T. ) ;
#783 = DIRECTION ( 'NONE',  ( 0.000000000000000000, 0.000000000000000000, -1.000000000000000000 ) ) ;
#784 = FACE_BOUND ( 'NONE', #1634, .T. ) ;
#785 = DIRECTION ( 'NONE',  ( 1.000000000000000000, 0.000000000000000000, 0.000000000000000000 ) ) ;
#786 =( LENGTH_UNIT ( ) NAMED_UNIT ( * ) SI_UNIT ( .MILLI., .METRE. ) );
#787 = CIRCLE ( 'NONE', #198, 0.2250000000000003664 ) ;
#788 = ORIENTED_EDGE ( 'NONE', *, *, #2301, .F. ) ;
#789 = DIRECTION ( 'NONE',  ( -1.000000000000000000, 0.000000000000000000, 0.000000000000000000 ) ) ;
#790 = UNCERTAINTY_MEASURE_WITH_UNIT (LENGTH_MEASURE( 1.000000000000000082E-05 ), #8076, 'distance_accuracy_value', 'NONE');
#791 = SURFACE_SIDE_STYLE ('',( #704 ) ) ;
#792 = DIRECTION ( 'NONE',  ( 0.000000000000000000, 0.000000000000000000, -1.000000000000000000 ) ) ;
#793 = SURFACE_STYLE_FILL_AREA ( #4427 ) ;
#794 = PRESENTATION_STYLE_ASSIGNMENT (( #1758 ) ) ;
#795 = CARTESIAN_POINT ( 'NONE',  ( 1.500000000000000444, -0.1250000000000000000, -3.000000000000000000 ) ) ;
#796 = CARTESIAN_POINT ( 'NONE',  ( 4.312917130661304554, 0.000000000000000000, 8.000000000000000000 ) ) ;
#797 = CARTESIAN_POINT ( 'NONE',  ( -0.4999999999999995559, -0.1250000000000000000, -2.000000000000000000 ) ) ;
#798 = STYLED_ITEM ( 'NONE', ( #489 ), #4013 ) ;
#799 = MECHANICAL_DESIGN_GEOMETRIC_PRESENTATION_REPRESENTATION (  '', ( #6564 ), #3056 ) ;
#800 = DIRECTION ( 'NONE',  ( 0.000000000000000000, -1.000000000000000000, 0.000000000000000000 ) ) ;
#801 = ORIENTED_EDGE ( 'NONE', *, *, #8937, .F. ) ;
#802 = AXIS2_PLACEMENT_3D ( 'NONE', #7395, #3758, #6657 ) ;
#803 = SURFACE_SIDE_STYLE ('',( #5161 ) ) ;
#804 = AXIS2_PLACEMENT_3D ( 'NONE', #5101, #7237, #5882 ) ;
#805 = FILL_AREA_STYLE_COLOUR ( '', #1927 ) ;
#806 = VECTOR ( 'NONE', #1190, 1000.000000000000000 ) ;
#807 = ORIENTED_EDGE ( 'NONE', *, *, #2060, .T. ) ;
#808 = DIRECTION ( 'NONE',  ( 1.000000000000000000, 0.000000000000000000, 0.000000000000000000 ) ) ;
#809 = ORIENTED_EDGE ( 'NONE', *, *, #4719, .F. ) ;
#810 = EDGE_CURVE ( 'NONE', #8215, #3517, #9146, .T. ) ;
#811 =( NAMED_UNIT ( * ) PLANE_ANGLE_UNIT ( ) SI_UNIT ( $, .RADIAN. ) );
#812 = CARTESIAN_POINT ( 'NONE',  ( 3.687082869338697666, 0.000000000000000000, -1.000000000000000000 ) ) ;
#813 = CIRCLE ( 'NONE', #2028, 0.2249999999999999500 ) ;
#814 = MECHANICAL_DESIGN_GEOMETRIC_PRESENTATION_REPRESENTATION (  '', ( #8712 ), #6580 ) ;
#815 = SPHERICAL_SURFACE ( 'NONE', #8271, 0.2250000000000000888 ) ;
#816 = CARTESIAN_POINT ( 'NONE',  ( -3.499999999999999556, -0.1250000000000000000, -5.000000000000000000 ) ) ;
#817 = CARTESIAN_POINT ( 'NONE',  ( 6.999999999999998224, 0.2599999999999998979, 9.000000000000000000 ) ) ;
#818 = AXIS2_PLACEMENT_3D ( 'NONE', #3045, #6760, #272 ) ;
#819 = AXIS2_PLACEMENT_3D ( 'NONE', #3527, #2613, #4832 ) ;
#820 = ADVANCED_FACE ( 'NONE', ( #7521 ), #6024, .T. ) ;
#821 = ORIENTED_EDGE ( 'NONE', *, *, #6081, .F. ) ;
#822 = SURFACE_STYLE_USAGE ( .BOTH. , #4454 ) ;
#823 =( GEOMETRIC_REPRESENTATION_CONTEXT ( 3 ) GLOBAL_UNCERTAINTY_ASSIGNED_CONTEXT ( ( #6826 ) ) GLOBAL_UNIT_ASSIGNED_CONTEXT ( ( #9348, #5726, #686 ) ) REPRESENTATION_CONTEXT ( 'NONE', 'WORKASPACE' ) );
#824 = VERTEX_POINT ( 'NONE', #4474 ) ;
#825 = FACE_BOUND ( 'NONE', #6355, .T. ) ;
#826 = DIRECTION ( 'NONE',  ( -1.000000000000000000, 0.000000000000000000, 0.000000000000000000 ) ) ;
#827 = AXIS2_PLACEMENT_3D ( 'NONE', #8805, #1476, #2274 ) ;
#828 = CIRCLE ( 'NONE', #1573, 0.1870828693386963892 ) ;
#829 = EDGE_LOOP ( 'NONE', ( #7281, #7995, #2317 ) ) ;
#830 = FACE_OUTER_BOUND ( 'NONE', #1999, .T. ) ;
#831 = FILL_AREA_STYLE ('',( #5783 ) ) ;
#832 = FILL_AREA_STYLE_COLOUR ( '', #1799 ) ;
#833 = DIRECTION ( 'NONE',  ( -0.000000000000000000, -0.000000000000000000, -1.000000000000000000 ) ) ;
#834 = DIRECTION ( 'NONE',  ( -1.000000000000000000, 0.000000000000000000, 0.000000000000000000 ) ) ;
#835 = FILL_AREA_STYLE_COLOUR ( '', #6679 ) ;
#836 = PRESENTATION_LAYER_ASSIGNMENT (  '', '', ( #3864 ) ) ;
#837 = DIRECTION ( 'NONE',  ( 0.000000000000000000, 0.000000000000000000, -1.000000000000000000 ) ) ;
#838 = STYLED_ITEM ( 'NONE', ( #8601 ), #7686 ) ;
#839 = PRESENTATION_STYLE_ASSIGNMENT (( #2979 ) ) ;
#840 = CARTESIAN_POINT ( 'NONE',  ( -3.687082869338696778, 0.000000000000000000, -5.000000000000000000 ) ) ;
#841 =( NAMED_UNIT ( * ) SI_UNIT ( $, .STERADIAN. ) SOLID_ANGLE_UNIT ( ) );
#842 = STYLED_ITEM ( 'NONE', ( #4954 ), #7916 ) ;
#843 = EDGE_LOOP ( 'NONE', ( #2437, #9074 ) ) ;
#844 = UNCERTAINTY_MEASURE_WITH_UNIT (LENGTH_MEASURE( 1.000000000000000082E-05 ), #6537, 'distance_accuracy_value', 'NONE');
#845 = ORIENTED_EDGE ( 'NONE', *, *, #4433, .T. ) ;
#846 = SPHERICAL_SURFACE ( 'NONE', #8582, 0.2250000000000000888 ) ;
#848 = ORIENTED_EDGE ( 'NONE', *, *, #3597, .T. ) ;
#847 =( NAMED_UNIT ( * ) PLANE_ANGLE_UNIT ( ) SI_UNIT ( $, .RADIAN. ) );
#849 = FILL_AREA_STYLE ('',( #4486 ) ) ;
#850 = CIRCLE ( 'NONE', #9053, 0.1870828693386972497 ) ;
#851 = COLOUR_RGB ( '',0.8941176470588234615, 0.9137254901960784048, 0.9294117647058823817 ) ;
#852 = CARTESIAN_POINT ( 'NONE',  ( 0.5000000000000004441, -0.3500000000000000333, 1.000000000000000888 ) ) ;
#853 = DIRECTION ( 'NONE',  ( 0.000000000000000000, 0.000000000000000000, 1.000000000000000000 ) ) ;
#854 = CIRCLE ( 'NONE', #8900, 0.2249999999999999500 ) ;
#855 = ADVANCED_FACE ( 'NONE', ( #8922 ), #1650, .T. ) ;
#856 = SPHERICAL_SURFACE ( 'NONE', #1275, 0.2250000000000000888 ) ;
#857 = FILL_AREA_STYLE ('',( #5996 ) ) ;
#858 = PRESENTATION_LAYER_ASSIGNMENT (  '', '', ( #3899 ) ) ;
#859 = AXIS2_PLACEMENT_3D ( 'NONE', #5068, #4352, #728 ) ;
#860 = SURFACE_STYLE_FILL_AREA ( #5426 ) ;
#861 = ORIENTED_EDGE ( 'NONE', *, *, #3012, .F. ) ;
#862 = PRESENTATION_STYLE_ASSIGNMENT (( #822 ) ) ;
#863 = EDGE_LOOP ( 'NONE', ( #1168, #6320, #2656 ) ) ;
#864 = DIRECTION ( 'NONE',  ( 0.000000000000000000, -0.000000000000000000, -1.000000000000000000 ) ) ;
#865 = PRESENTATION_LAYER_ASSIGNMENT (  '', '', ( #9067 ) ) ;
#866 = DIRECTION ( 'NONE',  ( 0.000000000000000000, 0.000000000000000000, -1.000000000000000000 ) ) ;
#867 = STYLED_ITEM ( 'NONE', ( #1941 ), #2850 ) ;
#868 = ADVANCED_FACE ( 'NONE', ( #2359 ), #3801, .T. ) ;
#869 = EDGE_CURVE ( 'NONE', #4960, #8674, #3514, .T. ) ;
#870 =( GEOMETRIC_REPRESENTATION_CONTEXT ( 3 ) GLOBAL_UNCERTAINTY_ASSIGNED_CONTEXT ( ( #9365 ) ) GLOBAL_UNIT_ASSIGNED_CONTEXT ( ( #3973, #7513, #1238 ) ) REPRESENTATION_CONTEXT ( 'NONE', 'WORKASPACE' ) );
#871 =( GEOMETRIC_REPRESENTATION_CONTEXT ( 3 ) GLOBAL_UNCERTAINTY_ASSIGNED_CONTEXT ( ( #5834 ) ) GLOBAL_UNIT_ASSIGNED_CONTEXT ( ( #6755, #9037, #3953 ) ) REPRESENTATION_CONTEXT ( 'NONE', 'WORKASPACE' ) );
#872 = FILL_AREA_STYLE ('',( #5217 ) ) ;
#873 =( LENGTH_UNIT ( ) NAMED_UNIT ( * ) SI_UNIT ( .MILLI., .METRE. ) );
#874 = SURFACE_STYLE_USAGE ( .BOTH. , #8197 ) ;
#875 = SURFACE_STYLE_USAGE ( .BOTH. , #3104 ) ;
#876 = SURFACE_SIDE_STYLE ('',( #3050 ) ) ;
#877 =( GEOMETRIC_REPRESENTATION_CONTEXT ( 3 ) GLOBAL_UNCERTAINTY_ASSIGNED_CONTEXT ( ( #2880 ) ) GLOBAL_UNIT_ASSIGNED_CONTEXT ( ( #1710, #4017, #8487 ) ) REPRESENTATION_CONTEXT ( 'NONE', 'WORKASPACE' ) );
#878 = AXIS2_PLACEMENT_3D ( 'NONE', #7005, #4879, #7063 ) ;
#879 = COLOUR_RGB ( '',0.8941176470588234615, 0.9137254901960784048, 0.9294117647058823817 ) ;
#880 = SURFACE_STYLE_FILL_AREA ( #8330 ) ;
#881 = CARTESIAN_POINT ( 'NONE',  ( -3.499999999999999556, -0.1250000000000000000, -3.000000000000000000 ) ) ;
#882 =( LENGTH_UNIT ( ) NAMED_UNIT ( * ) SI_UNIT ( .MILLI., .METRE. ) );
#883 = DIRECTION ( 'NONE',  ( 0.000000000000000000, 0.000000000000000000, 1.000000000000000000 ) ) ;
#884 = AXIS2_PLACEMENT_3D ( 'NONE', #4733, #1227, #7775 ) ;
#885 = CARTESIAN_POINT ( 'NONE',  ( 0.5000000000000004441, 0.000000000000000000, 5.000000000000000888 ) ) ;
#886 = FILL_AREA_STYLE_COLOUR ( '', #2161 ) ;
#887 =( NAMED_UNIT ( * ) SI_UNIT ( $, .STERADIAN. ) SOLID_ANGLE_UNIT ( ) );
#888 = ORIENTED_EDGE ( 'NONE', *, *, #9177, .T. ) ;
#889 = DIRECTION ( 'NONE',  ( 0.000000000000000000, 0.000000000000000000, 1.000000000000000000 ) ) ;
#891 = ORIENTED_EDGE ( 'NONE', *, *, #446, .T. ) ;
#890 = DIRECTION ( 'NONE',  ( -1.000000000000000000, 0.000000000000000000, 0.000000000000000000 ) ) ;
#892 = CARTESIAN_POINT ( 'NONE',  ( 1.500000000000000444, 0.000000000000000000, -2.000000000000000000 ) ) ;
#893 = MECHANICAL_DESIGN_GEOMETRIC_PRESENTATION_REPRESENTATION (  '', ( #3782 ), #4563 ) ;
#894 =( NAMED_UNIT ( * ) PLANE_ANGLE_UNIT ( ) SI_UNIT ( $, .RADIAN. ) );
#895 = PRESENTATION_LAYER_ASSIGNMENT (  '', '', ( #3650 ) ) ;
#896 = CARTESIAN_POINT ( 'NONE',  ( -4.500000000000000000, -0.3500000000000000333, 8.000000000000000000 ) ) ;
#897 = MECHANICAL_DESIGN_GEOMETRIC_PRESENTATION_REPRESENTATION (  '', ( #7156 ), #1191 ) ;
#898 = ORIENTED_EDGE ( 'NONE', *, *, #5305, .F. ) ;
#899 = PRESENTATION_STYLE_ASSIGNMENT (( #3910 ) ) ;
#900 = ORIENTED_EDGE ( 'NONE', *, *, #5523, .T. ) ;
#901 = FACE_BOUND ( 'NONE', #3572, .T. ) ;
#902 = ADVANCED_FACE ( 'NONE', ( #2271 ), #1696, .T. ) ;
#903 = AXIS2_PLACEMENT_3D ( 'NONE', #892, #930, #1644 ) ;
#904 = SURFACE_SIDE_STYLE ('',( #320 ) ) ;
#905 =( NAMED_UNIT ( * ) SI_UNIT ( $, .STERADIAN. ) SOLID_ANGLE_UNIT ( ) );
#906 =( NAMED_UNIT ( * ) PLANE_ANGLE_UNIT ( ) SI_UNIT ( $, .RADIAN. ) );
#907 = ORIENTED_EDGE ( 'NONE', *, *, #7676, .T. ) ;
#908 = FILL_AREA_STYLE_COLOUR ( '', #26 ) ;
#909 = SURFACE_STYLE_FILL_AREA ( #6770 ) ;
#910 = CARTESIAN_POINT ( 'NONE',  ( -2.499999999999999556, 0.000000000000000000, -5.000000000000000000 ) ) ;
#911 = FILL_AREA_STYLE_COLOUR ( '', #23 ) ;
#912 = EDGE_CURVE ( 'NONE', #8321, #7847, #8386, .T. ) ;
#913 = CARTESIAN_POINT ( 'NONE',  ( 3.500000000000000444, -0.1250000000000000000, 1.000000000000000888 ) ) ;
#914 = ADVANCED_FACE ( 'NONE', ( #7397 ), #3313, .T. ) ;
#915 = CARTESIAN_POINT ( 'NONE',  ( -0.4999999999999995559, 0.000000000000000000, -5.000000000000000000 ) ) ;
#916 = CARTESIAN_POINT ( 'NONE',  ( -2.687082869338696778, 0.000000000000000000, -4.000000000000000000 ) ) ;
#917 = SPHERICAL_SURFACE ( 'NONE', #8595, 0.2250000000000000888 ) ;
#918 = ADVANCED_FACE ( 'NONE', ( #3038 ), #3189, .T. ) ;
#919 = CARTESIAN_POINT ( 'NONE',  ( -3.499999999999999556, -0.1250000000000000000, 4.000000000000000000 ) ) ;
#920 = SURFACE_SIDE_STYLE ('',( #8161 ) ) ;
#921 = ORIENTED_EDGE ( 'NONE', *, *, #8967, .T. ) ;
#922 = SURFACE_STYLE_USAGE ( .BOTH. , #2487 ) ;
#923 = DIRECTION ( 'NONE',  ( -1.000000000000000000, 0.000000000000000000, 0.000000000000000000 ) ) ;
#924 = ORIENTED_EDGE ( 'NONE', *, *, #1079, .T. ) ;
#925 = CARTESIAN_POINT ( 'NONE',  ( 0.5000000000000004441, -0.1250000000000000000, -3.000000000000000000 ) ) ;
#926 = DIRECTION ( 'NONE',  ( 0.000000000000000000, 1.000000000000000000, 0.000000000000000000 ) ) ;
#927 = VECTOR ( 'NONE', #1314, 1000.000000000000000 ) ;
#929 = VERTEX_POINT ( 'NONE', #8056 ) ;
#928 =( NAMED_UNIT ( * ) PLANE_ANGLE_UNIT ( ) SI_UNIT ( $, .RADIAN. ) );
#930 = DIRECTION ( 'NONE',  ( 0.000000000000000000, -1.000000000000000000, 0.000000000000000000 ) ) ;
#931 = DIRECTION ( 'NONE',  ( 0.000000000000000000, 0.000000000000000000, -1.000000000000000000 ) ) ;
#932 = ORIENTED_EDGE ( 'NONE', *, *, #3535, .T. ) ;
#933 = EDGE_CURVE ( 'NONE', #7847, #8321, #1692, .T. ) ;
#934 = STYLED_ITEM ( 'NONE', ( #5579 ), #918 ) ;
#936 = ORIENTED_EDGE ( 'NONE', *, *, #7235, .T. ) ;
#935 = AXIS2_PLACEMENT_3D ( 'NONE', #180, #7490, #948 ) ;
#937 = STYLED_ITEM ( 'NONE', ( #7303 ), #4190 ) ;
#938 = SURFACE_STYLE_FILL_AREA ( #1599 ) ;
#939 = MECHANICAL_DESIGN_GEOMETRIC_PRESENTATION_REPRESENTATION (  '', ( #7940 ), #4468 ) ;
#940 = FACE_OUTER_BOUND ( 'NONE', #7110, .T. ) ;
#941 = EDGE_LOOP ( 'NONE', ( #861, #4321, #6042 ) ) ;
#942 = SPHERICAL_SURFACE ( 'NONE', #6025, 0.2250000000000000888 ) ;
#943 = ORIENTED_EDGE ( 'NONE', *, *, #389, .F. ) ;
#944 = COLOUR_RGB ( '',0.8941176470588234615, 0.9137254901960784048, 0.9294117647058823817 ) ;
#945 = FACE_BOUND ( 'NONE', #4172, .T. ) ;
#946 = AXIS2_PLACEMENT_3D ( 'NONE', #7844, #8647, #2129 ) ;
#947 = CIRCLE ( 'NONE', #6118, 0.1870828693386972497 ) ;
#948 = DIRECTION ( 'NONE',  ( -1.000000000000000000, 0.000000000000000000, -0.000000000000000000 ) ) ;
#949 = CARTESIAN_POINT ( 'NONE',  ( 1.500000000000000444, -0.1250000000000000000, 4.000000000000000000 ) ) ;
#950 = CARTESIAN_POINT ( 'NONE',  ( 3.687082869338697666, 0.000000000000000000, -2.000000000000000000 ) ) ;
#951 = COLOUR_RGB ( '',0.8941176470588234615, 0.9137254901960784048, 0.9294117647058823817 ) ;
#952 = MECHANICAL_DESIGN_GEOMETRIC_PRESENTATION_REPRESENTATION (  '', ( #3232 ), #1411 ) ;
#953 = COLOUR_RGB ( '',0.2980392156862745057, 0.2980392156862745057, 0.2980392156862745057 ) ;
#954 = SURFACE_STYLE_FILL_AREA ( #278 ) ;
#955 = SPHERICAL_SURFACE ( 'NONE', #5450, 0.2250000000000000888 ) ;
#956 = CARTESIAN_POINT ( 'NONE',  ( -0.4999999999999995559, -0.1250000000000000000, 1.000000000000000888 ) ) ;
#957 = ORIENTED_EDGE ( 'NONE', *, *, #3901, .T. ) ;
#958 = CARTESIAN_POINT ( 'NONE',  ( 3.500000000000000444, 0.000000000000000000, -8.000000000000000000 ) ) ;
#959 = DIRECTION ( 'NONE',  ( 0.000000000000000000, -1.000000000000000000, 0.000000000000000000 ) ) ;
#960 = CARTESIAN_POINT ( 'NONE',  ( 0.3129171306613032777, 0.000000000000000000, 2.999999999999999112 ) ) ;
#961 = STYLED_ITEM ( 'NONE', ( #3961 ), #4685 ) ;
#962 = AXIS2_PLACEMENT_3D ( 'NONE', #452, #2549, #7810 ) ;
#963 = MECHANICAL_DESIGN_GEOMETRIC_PRESENTATION_REPRESENTATION (  '', ( #2953 ), #5843 ) ;
#964 = EDGE_LOOP ( 'NONE', ( #538, #3853, #2704 ) ) ;
#965 = ADVANCED_FACE ( 'NONE', ( #1095 ), #6302, .T. ) ;
#966 = CARTESIAN_POINT ( 'NONE',  ( 2.500000000000000444, -0.1250000000000000000, -2.000000000000000000 ) ) ;
#967 = MECHANICAL_DESIGN_GEOMETRIC_PRESENTATION_REPRESENTATION (  '', ( #5561 ), #1579 ) ;
#968 =( GEOMETRIC_REPRESENTATION_CONTEXT ( 3 ) GLOBAL_UNCERTAINTY_ASSIGNED_CONTEXT ( ( #1344 ) ) GLOBAL_UNIT_ASSIGNED_CONTEXT ( ( #3802, #2499, #6660 ) ) REPRESENTATION_CONTEXT ( 'NONE', 'WORKASPACE' ) );
#969 =( NAMED_UNIT ( * ) SI_UNIT ( $, .STERADIAN. ) SOLID_ANGLE_UNIT ( ) );
#970 = SURFACE_STYLE_FILL_AREA ( #3250 ) ;
#971 = FILL_AREA_STYLE_COLOUR ( '', #3538 ) ;
#972 = ADVANCED_FACE ( 'NONE', ( #576 ), #5568, .T. ) ;
#973 =( LENGTH_UNIT ( ) NAMED_UNIT ( * ) SI_UNIT ( .MILLI., .METRE. ) );
#974 =( NAMED_UNIT ( * ) PLANE_ANGLE_UNIT ( ) SI_UNIT ( $, .RADIAN. ) );
#975 = SURFACE_STYLE_FILL_AREA ( #5375 ) ;
#976 = EDGE_LOOP ( 'NONE', ( #6542, #3660, #9223 ) ) ;
#977 = DIRECTION ( 'NONE',  ( -1.224646799147353207E-16, 0.000000000000000000, 1.000000000000000000 ) ) ;
#979 = ORIENTED_EDGE ( 'NONE', *, *, #912, .T. ) ;
#978 = FILL_AREA_STYLE ('',( #2402 ) ) ;
#980 = DIRECTION ( 'NONE',  ( 0.000000000000000000, 0.000000000000000000, -1.000000000000000000 ) ) ;
#981 = FACE_OUTER_BOUND ( 'NONE', #976, .T. ) ;
#982 = AXIS2_PLACEMENT_3D ( 'NONE', #5355, #4651, #1666 ) ;
#983 = DIRECTION ( 'NONE',  ( -1.000000000000000000, 0.000000000000000000, 0.000000000000000000 ) ) ;
#984 = SURFACE_STYLE_USAGE ( .BOTH. , #8217 ) ;
#985 =( NAMED_UNIT ( * ) PLANE_ANGLE_UNIT ( ) SI_UNIT ( $, .RADIAN. ) );
#986 = AXIS2_PLACEMENT_3D ( 'NONE', #5268, #1622, #1717 ) ;
#987 = VERTEX_POINT ( 'NONE', #3502 ) ;
#988 = EDGE_CURVE ( 'NONE', #608, #3494, #7361, .T. ) ;
#989 = STYLED_ITEM ( 'NONE', ( #606 ), #306 ) ;
#990 = ORIENTED_EDGE ( 'NONE', *, *, #933, .T. ) ;
#991 = FACE_BOUND ( 'NONE', #1370, .T. ) ;
#992 = DIRECTION ( 'NONE',  ( -1.000000000000000000, 0.000000000000000000, 0.000000000000000000 ) ) ;
#993 = CARTESIAN_POINT ( 'NONE',  ( -3.499999999999999556, 0.000000000000000000, -1.000000000000000000 ) ) ;
#994 =( GEOMETRIC_REPRESENTATION_CONTEXT ( 3 ) GLOBAL_UNCERTAINTY_ASSIGNED_CONTEXT ( ( #2346 ) ) GLOBAL_UNIT_ASSIGNED_CONTEXT ( ( #6051, #7418, #1049 ) ) REPRESENTATION_CONTEXT ( 'NONE', 'WORKASPACE' ) );
#995 = FACE_OUTER_BOUND ( 'NONE', #1541, .T. ) ;
#996 = DIRECTION ( 'NONE',  ( -1.224646799147353207E-16, 0.000000000000000000, 1.000000000000000000 ) ) ;
#997 = DIRECTION ( 'NONE',  ( 1.000000000000000000, 0.000000000000000000, 0.000000000000000000 ) ) ;
#998 = CARTESIAN_POINT ( 'NONE',  ( -2.499999999999999556, 0.000000000000000000, 4.000000000000000000 ) ) ;
#999 = FACE_OUTER_BOUND ( 'NONE', #5575, .T. ) ;
#1000 = STYLED_ITEM ( 'NONE', ( #3652 ), #1099 ) ;
#1001 = FACE_OUTER_BOUND ( 'NONE', #4293, .T. ) ;
#1002 = SPHERICAL_SURFACE ( 'NONE', #1651, 0.2250000000000000888 ) ;
#1003 = CIRCLE ( 'NONE', #5880, 0.1870828693386972497 ) ;
#1004 =( NAMED_UNIT ( * ) SI_UNIT ( $, .STERADIAN. ) SOLID_ANGLE_UNIT ( ) );
#1005 = SURFACE_STYLE_FILL_AREA ( #1091 ) ;
#1006 = ORIENTED_EDGE ( 'NONE', *, *, #1026, .F. ) ;
#1007 = UNCERTAINTY_MEASURE_WITH_UNIT (LENGTH_MEASURE( 1.000000000000000082E-05 ), #4663, 'distance_accuracy_value', 'NONE');
#1008 =( GEOMETRIC_REPRESENTATION_CONTEXT ( 3 ) GLOBAL_UNCERTAINTY_ASSIGNED_CONTEXT ( ( #2206 ) ) GLOBAL_UNIT_ASSIGNED_CONTEXT ( ( #8319, #1069, #6892 ) ) REPRESENTATION_CONTEXT ( 'NONE', 'WORKASPACE' ) );
#1009 = ORIENTED_EDGE ( 'NONE', *, *, #3321, .F. ) ;
#1010 =( NAMED_UNIT ( * ) SI_UNIT ( $, .STERADIAN. ) SOLID_ANGLE_UNIT ( ) );
#1011 = FACE_OUTER_BOUND ( 'NONE', #829, .T. ) ;
#1012 = FACE_OUTER_BOUND ( 'NONE', #252, .T. ) ;
#1013 = SURFACE_STYLE_USAGE ( .BOTH. , #1677 ) ;
#1014 = CIRCLE ( 'NONE', #9408, 0.2249999999999999500 ) ;
#1015 = STYLED_ITEM ( 'NONE', ( #175 ), #1659 ) ;
#1016 = SPHERICAL_SURFACE ( 'NONE', #7511, 0.2250000000000000888 ) ;
#1017 = EDGE_CURVE ( 'NONE', #8057, #402, #2927, .T. ) ;
#1018 = EDGE_CURVE ( 'NONE', #5634, #1290, #211, .T. ) ;
#1019 = DIRECTION ( 'NONE',  ( -0.000000000000000000, -0.000000000000000000, -1.000000000000000000 ) ) ;
#1020 =( NAMED_UNIT ( * ) PLANE_ANGLE_UNIT ( ) SI_UNIT ( $, .RADIAN. ) );
#1021 = ORIENTED_EDGE ( 'NONE', *, *, #5802, .F. ) ;
#1022 = CARTESIAN_POINT ( 'NONE',  ( -0.6870828693386967778, 0.000000000000000000, -5.000000000000000000 ) ) ;
#1023 = VERTEX_POINT ( 'NONE', #1878 ) ;
#1024 = APPLICATION_CONTEXT ( 'automotive_design' ) ;
#1025 = PRESENTATION_LAYER_ASSIGNMENT (  '', '', ( #5170 ) ) ;
#1026 = EDGE_CURVE ( 'NONE', #2658, #8123, #6420, .T. ) ;
#1027 = SPHERICAL_SURFACE ( 'NONE', #37, 0.2250000000000000888 ) ;
#1028 = ADVANCED_FACE ( 'NONE', ( #1253 ), #1399, .T. ) ;
#1029 = EDGE_CURVE ( 'NONE', #7015, #4109, #1396, .T. ) ;
#1030 = ORIENTED_EDGE ( 'NONE', *, *, #4718, .T. ) ;
#1031 = SURFACE_SIDE_STYLE ('',( #1605 ) ) ;
#1032 = ORIENTED_EDGE ( 'NONE', *, *, #2060, .F. ) ;
#1033 = VERTEX_POINT ( 'NONE', #759 ) ;
#1034 =( GEOMETRIC_REPRESENTATION_CONTEXT ( 3 ) GLOBAL_UNCERTAINTY_ASSIGNED_CONTEXT ( ( #5159 ) ) GLOBAL_UNIT_ASSIGNED_CONTEXT ( ( #973, #2347, #3982 ) ) REPRESENTATION_CONTEXT ( 'NONE', 'WORKASPACE' ) );
#1035 = CARTESIAN_POINT ( 'NONE',  ( 0.000000000000000000, 0.000000000000000000, 0.000000000000000000 ) ) ;
#1036 = CIRCLE ( 'NONE', #6064, 0.2250000000000001443 ) ;
#1037 =( LENGTH_UNIT ( ) NAMED_UNIT ( * ) SI_UNIT ( .MILLI., .METRE. ) );
#1038 = CARTESIAN_POINT ( 'NONE',  ( 1.687082869338697666, 0.000000000000000000, 1.000000000000000888 ) ) ;
#1039 = PRESENTATION_LAYER_ASSIGNMENT (  '', '', ( #7156 ) ) ;
#1040 = SPHERICAL_SURFACE ( 'NONE', #2189, 0.2250000000000000888 ) ;
#1041 = DIRECTION ( 'NONE',  ( 1.000000000000000000, 0.000000000000000000, 0.000000000000000000 ) ) ;
#1042 = PRESENTATION_LAYER_ASSIGNMENT (  '', '', ( #2257 ) ) ;
#1043 = DIRECTION ( 'NONE',  ( 0.000000000000000000, 0.000000000000000000, 1.000000000000000000 ) ) ;
#1044 = ORIENTED_EDGE ( 'NONE', *, *, #7503, .T. ) ;
#1045 = SPHERICAL_SURFACE ( 'NONE', #5886, 0.2250000000000000888 ) ;
#1046 =( NAMED_UNIT ( * ) SI_UNIT ( $, .STERADIAN. ) SOLID_ANGLE_UNIT ( ) );
#1047 = FACE_OUTER_BOUND ( 'NONE', #1063, .T. ) ;
#1048 = CIRCLE ( 'NONE', #8203, 0.1870828693386972497 ) ;
#1049 =( NAMED_UNIT ( * ) SI_UNIT ( $, .STERADIAN. ) SOLID_ANGLE_UNIT ( ) );
#1050 = FILL_AREA_STYLE ('',( #6195 ) ) ;
#1051 = SURFACE_STYLE_USAGE ( .BOTH. , #2479 ) ;
#1052 = DIRECTION ( 'NONE',  ( -1.000000000000000000, 0.000000000000000000, 0.000000000000000000 ) ) ;
#1053 =( NAMED_UNIT ( * ) PLANE_ANGLE_UNIT ( ) SI_UNIT ( $, .RADIAN. ) );
#1054 = UNCERTAINTY_MEASURE_WITH_UNIT (LENGTH_MEASURE( 1.000000000000000082E-05 ), #6992, 'distance_accuracy_value', 'NONE');
#1055 = CARTESIAN_POINT ( 'NONE',  ( -2.312917130661302334, 0.000000000000000000, 2.999999999999999112 ) ) ;
#1056 = DIRECTION ( 'NONE',  ( 0.000000000000000000, 0.000000000000000000, 1.000000000000000000 ) ) ;
#1057 = ORIENTED_EDGE ( 'NONE', *, *, #4537, .F. ) ;
#1058 =( LENGTH_UNIT ( ) NAMED_UNIT ( * ) SI_UNIT ( .MILLI., .METRE. ) );
#1059 = DIRECTION ( 'NONE',  ( 0.000000000000000000, 0.000000000000000000, -1.000000000000000000 ) ) ;
#1060 = ORIENTED_EDGE ( 'NONE', *, *, #3887, .F. ) ;
#1061 = CARTESIAN_POINT ( 'NONE',  ( -4.500000000000000000, 0.000000000000000000, -8.000000000000000000 ) ) ;
#1062 = CARTESIAN_POINT ( 'NONE',  ( -5.100000000000002309, 0.8099999999999999423, -7.099999999999997868 ) ) ;
#1063 = EDGE_LOOP ( 'NONE', ( #1438, #7644, #900 ) ) ;
#1064 = AXIS2_PLACEMENT_3D ( 'NONE', #4581, #310, #983 ) ;
#1065 = DIRECTION ( 'NONE',  ( 0.000000000000000000, -1.000000000000000000, 0.000000000000000000 ) ) ;
#1066 = EDGE_LOOP ( 'NONE', ( #8539, #555, #2763 ) ) ;
#1067 = DIRECTION ( 'NONE',  ( -1.000000000000000000, 0.000000000000000000, 0.000000000000000000 ) ) ;
#1068 = AXIS2_PLACEMENT_3D ( 'NONE', #8594, #4288, #9370 ) ;
#1069 =( NAMED_UNIT ( * ) PLANE_ANGLE_UNIT ( ) SI_UNIT ( $, .RADIAN. ) );
#1070 = COLOUR_RGB ( '',0.8941176470588234615, 0.9137254901960784048, 0.9294117647058823817 ) ;
#1071 = STYLED_ITEM ( 'NONE', ( #7474 ), #6678 ) ;
#1072 = EDGE_CURVE ( 'NONE', #1689, #5369, #8233, .T. ) ;
#1073 = ORIENTED_EDGE ( 'NONE', *, *, #8136, .F. ) ;
#1074 = ORIENTED_EDGE ( 'NONE', *, *, #4884, .F. ) ;
#1075 = FILL_AREA_STYLE_COLOUR ( '', #2873 ) ;
#1077 = AXIS2_PLACEMENT_3D ( 'NONE', #647, #9359, #2821 ) ;
#1076 = SURFACE_STYLE_USAGE ( .BOTH. , #3916 ) ;
#1078 = PLANE ( 'NONE',  #8725 ) ;
#1079 = EDGE_CURVE ( 'NONE', #6316, #4815, #65, .T. ) ;
#1080 = PRESENTATION_STYLE_ASSIGNMENT (( #9044 ) ) ;
#1081 = SURFACE_SIDE_STYLE ('',( #8953 ) ) ;
#1082 = AXIS2_PLACEMENT_3D ( 'NONE', #1984, #5511, #7843 ) ;
#1083 = AXIS2_PLACEMENT_3D ( 'NONE', #1421, #3667, #7261 ) ;
#1084 = DIRECTION ( 'NONE',  ( 0.000000000000000000, 0.000000000000000000, 1.000000000000000000 ) ) ;
#1085 =( GEOMETRIC_REPRESENTATION_CONTEXT ( 3 ) GLOBAL_UNCERTAINTY_ASSIGNED_CONTEXT ( ( #4266 ) ) GLOBAL_UNIT_ASSIGNED_CONTEXT ( ( #9369, #2026, #572 ) ) REPRESENTATION_CONTEXT ( 'NONE', 'WORKASPACE' ) );
#1086 = ORIENTED_EDGE ( 'NONE', *, *, #8225, .F. ) ;
#1087 = CIRCLE ( 'NONE', #5825, 0.2249999999999999500 ) ;
#1088 =( NAMED_UNIT ( * ) SI_UNIT ( $, .STERADIAN. ) SOLID_ANGLE_UNIT ( ) );
#1089 = DIRECTION ( 'NONE',  ( 1.000000000000000000, 0.000000000000000000, 1.224646799147353207E-16 ) ) ;
#1090 =( NAMED_UNIT ( * ) SI_UNIT ( $, .STERADIAN. ) SOLID_ANGLE_UNIT ( ) );
#1091 = FILL_AREA_STYLE ('',( #3282 ) ) ;
#1092 = AXIS2_PLACEMENT_3D ( 'NONE', #5649, #6238, #2569 ) ;
#1093 = AXIS2_PLACEMENT_3D ( 'NONE', #2169, #8025, #2214 ) ;
#1094 = AXIS2_PLACEMENT_3D ( 'NONE', #7673, #4215, #7772 ) ;
#1095 = FACE_OUTER_BOUND ( 'NONE', #8843, .T. ) ;
#1096 = SURFACE_STYLE_FILL_AREA ( #8391 ) ;
#1097 = CARTESIAN_POINT ( 'NONE',  ( -0.4999999999999995559, 0.000000000000000000, 0.000000000000000000 ) ) ;
#1098 = AXIS2_PLACEMENT_3D ( 'NONE', #324, #3236, #6592 ) ;
#1099 = ADVANCED_FACE ( 'NONE', ( #1449 ), #12, .T. ) ;
#1100 = CIRCLE ( 'NONE', #3704, 0.1870828693386972497 ) ;
#1101 = DIRECTION ( 'NONE',  ( 1.000000000000000000, 0.000000000000000000, 0.000000000000000000 ) ) ;
#1102 = UNCERTAINTY_MEASURE_WITH_UNIT (LENGTH_MEASURE( 1.000000000000000082E-05 ), #8964, 'distance_accuracy_value', 'NONE');
#1103 = CIRCLE ( 'NONE', #5704, 0.2250000000000003664 ) ;
#1104 = AXIS2_PLACEMENT_3D ( 'NONE', #8636, #7278, #3046 ) ;
#1105 = DIRECTION ( 'NONE',  ( 0.000000000000000000, 0.000000000000000000, 1.000000000000000000 ) ) ;
#1106 = DIRECTION ( 'NONE',  ( 0.000000000000000000, 0.000000000000000000, 1.000000000000000000 ) ) ;
#1107 =( LENGTH_UNIT ( ) NAMED_UNIT ( * ) SI_UNIT ( .MILLI., .METRE. ) );
#1108 = LINE ( 'NONE', #5377, #7293 ) ;
#1109 = ORIENTED_EDGE ( 'NONE', *, *, #8782, .T. ) ;
#1110 = SURFACE_SIDE_STYLE ('',( #3346 ) ) ;
#1112 = ORIENTED_EDGE ( 'NONE', *, *, #8970, .F. ) ;
#1111 = SURFACE_STYLE_FILL_AREA ( #1164 ) ;
#1113 = DIRECTION ( 'NONE',  ( 0.000000000000000000, -1.000000000000000000, 0.000000000000000000 ) ) ;
#1114 = AXIS2_PLACEMENT_3D ( 'NONE', #1367, #1510, #8702 ) ;
#1115 = MECHANICAL_DESIGN_GEOMETRIC_PRESENTATION_REPRESENTATION (  '', ( #4492 ), #6905 ) ;
#1116 = ORIENTED_EDGE ( 'NONE', *, *, #2301, .T. ) ;
#1117 = ORIENTED_EDGE ( 'NONE', *, *, #6209, .F. ) ;
#1118 = SPHERICAL_SURFACE ( 'NONE', #8696, 0.2250000000000000888 ) ;
#1119 = SURFACE_SIDE_STYLE ('',( #1895 ) ) ;
#1120 = EDGE_LOOP ( 'NONE', ( #580, #6744, #1116 ) ) ;
#1121 = ORIENTED_EDGE ( 'NONE', *, *, #5765, .T. ) ;
#1122 = PLANE ( 'NONE',  #3270 ) ;
#1123 = EDGE_LOOP ( 'NONE', ( #356, #8701 ) ) ;
#1124 = CARTESIAN_POINT ( 'NONE',  ( 2.500000000000000444, 0.000000000000000000, -4.000000000000000000 ) ) ;
#1125 = CARTESIAN_POINT ( 'NONE',  ( -3.687082869338696778, 0.000000000000000000, 0.000000000000000000 ) ) ;
#1126 = PRESENTATION_LAYER_ASSIGNMENT (  '', '', ( #842 ) ) ;
#1127 = CARTESIAN_POINT ( 'NONE',  ( 3.312917130661303222, 0.000000000000000000, -1.000000000000000000 ) ) ;
#1128 = EDGE_CURVE ( 'NONE', #1166, #4772, #8010, .T. ) ;
#1129 = EDGE_CURVE ( 'NONE', #8123, #2658, #6637, .T. ) ;
#1130 = FILL_AREA_STYLE ('',( #1333 ) ) ;
#1131 = DIRECTION ( 'NONE',  ( -1.000000000000000000, 0.000000000000000000, 0.000000000000000000 ) ) ;
#1132 = SURFACE_STYLE_USAGE ( .BOTH. , #4169 ) ;
#1133 = ORIENTED_EDGE ( 'NONE', *, *, #6699, .F. ) ;
#1134 = DIRECTION ( 'NONE',  ( 0.000000000000000000, 0.000000000000000000, 1.000000000000000000 ) ) ;
#1135 = CARTESIAN_POINT ( 'NONE',  ( -1.499999999999999556, -0.3500000000000000333, 2.000000000000000000 ) ) ;
#1136 = DIRECTION ( 'NONE',  ( 0.000000000000000000, 0.000000000000000000, 1.000000000000000000 ) ) ;
#1137 =( NAMED_UNIT ( * ) PLANE_ANGLE_UNIT ( ) SI_UNIT ( $, .RADIAN. ) );
#1138 = COLOUR_RGB ( '',0.8941176470588234615, 0.9137254901960784048, 0.9294117647058823817 ) ;
#1139 = ADVANCED_FACE ( 'NONE', ( #5839 ), #1626, .T. ) ;
#1140 = SURFACE_STYLE_USAGE ( .BOTH. , #6341 ) ;
#1142 = EDGE_CURVE ( 'NONE', #4397, #4658, #725, .T. ) ;
#1141 = MECHANICAL_DESIGN_GEOMETRIC_PRESENTATION_REPRESENTATION (  '', ( #3423 ), #6319 ) ;
#1143 = AXIS2_PLACEMENT_3D ( 'NONE', #7068, #6340, #9260 ) ;
#1144 = ORIENTED_EDGE ( 'NONE', *, *, #3722, .F. ) ;
#1145 = MECHANICAL_DESIGN_GEOMETRIC_PRESENTATION_REPRESENTATION (  '', ( #7273 ), #9056 ) ;
#1146 = VERTEX_POINT ( 'NONE', #5362 ) ;
#1147 = COLOUR_RGB ( '',0.8941176470588234615, 0.9137254901960784048, 0.9294117647058823817 ) ;
#1148 = FACE_OUTER_BOUND ( 'NONE', #7031, .T. ) ;
#1149 = DIRECTION ( 'NONE',  ( -0.000000000000000000, -0.000000000000000000, -1.000000000000000000 ) ) ;
#1150 = UNCERTAINTY_MEASURE_WITH_UNIT (LENGTH_MEASURE( 1.000000000000000082E-05 ), #2611, 'distance_accuracy_value', 'NONE');
#1151 = PRESENTATION_STYLE_ASSIGNMENT (( #4084 ) ) ;
#1152 = DIRECTION ( 'NONE',  ( -1.000000000000000000, 0.000000000000000000, 0.000000000000000000 ) ) ;
#1154 = COLOUR_RGB ( '',0.8941176470588234615, 0.9137254901960784048, 0.9294117647058823817 ) ;
#1153 = AXIS2_PLACEMENT_3D ( 'NONE', #4206, #7097, #4768 ) ;
#1155 = COLOUR_RGB ( '',0.8941176470588234615, 0.9137254901960784048, 0.9294117647058823817 ) ;
#1156 = ORIENTED_EDGE ( 'NONE', *, *, #8869, .F. ) ;
#1157 =( LENGTH_UNIT ( ) NAMED_UNIT ( * ) SI_UNIT ( .MILLI., .METRE. ) );
#1158 = DIRECTION ( 'NONE',  ( 0.000000000000000000, 0.000000000000000000, 1.000000000000000000 ) ) ;
#1159 = CARTESIAN_POINT ( 'NONE',  ( -0.4999999999999995559, -0.1250000000000000000, -1.000000000000000000 ) ) ;
#1160 = CIRCLE ( 'NONE', #1319, 0.1870828693386972497 ) ;
#1161 = ORIENTED_EDGE ( 'NONE', *, *, #6783, .F. ) ;
#1162 = DIRECTION ( 'NONE',  ( 0.000000000000000000, -1.000000000000000000, 0.000000000000000000 ) ) ;
#1163 = CYLINDRICAL_SURFACE ( 'NONE', #3610, 0.2500000000000002220 ) ;
#1165 = ORIENTED_EDGE ( 'NONE', *, *, #2731, .F. ) ;
#1164 = FILL_AREA_STYLE ('',( #1942 ) ) ;
#1166 = VERTEX_POINT ( 'NONE', #2480 ) ;
#1167 = STYLED_ITEM ( 'NONE', ( #4934 ), #1554 ) ;
#1168 = ORIENTED_EDGE ( 'NONE', *, *, #8065, .F. ) ;
#1169 = FACE_OUTER_BOUND ( 'NONE', #3002, .T. ) ;
#1170 = FACE_OUTER_BOUND ( 'NONE', #393, .T. ) ;
#1171 = ORIENTED_EDGE ( 'NONE', *, *, #5087, .F. ) ;
#1172 = EDGE_LOOP ( 'NONE', ( #4701, #7623, #2660 ) ) ;
#1173 = CARTESIAN_POINT ( 'NONE',  ( -3.687082869338696778, 0.000000000000000000, -8.000000000000000000 ) ) ;
#1174 =( LENGTH_UNIT ( ) NAMED_UNIT ( * ) SI_UNIT ( .MILLI., .METRE. ) );
#1175 = ORIENTED_EDGE ( 'NONE', *, *, #6167, .F. ) ;
#1176 = SURFACE_STYLE_FILL_AREA ( #4827 ) ;
#1177 = CIRCLE ( 'NONE', #2708, 0.1870828693386971664 ) ;
#1178 = DIRECTION ( 'NONE',  ( 0.000000000000000000, 0.000000000000000000, 1.000000000000000000 ) ) ;
#1179 =( NAMED_UNIT ( * ) SI_UNIT ( $, .STERADIAN. ) SOLID_ANGLE_UNIT ( ) );
#1180 = AXIS2_PLACEMENT_3D ( 'NONE', #4775, #8365, #1899 ) ;
#1181 = DIRECTION ( 'NONE',  ( -1.000000000000000000, 0.000000000000000000, 0.000000000000000000 ) ) ;
#1182 = FILL_AREA_STYLE ('',( #8576 ) ) ;
#1183 = DIRECTION ( 'NONE',  ( 1.000000000000000000, 0.000000000000000000, 0.000000000000000000 ) ) ;
#1184 = ORIENTED_EDGE ( 'NONE', *, *, #5351, .T. ) ;
#1185 = ADVANCED_FACE ( 'NONE', ( #6639 ), #334, .T. ) ;
#1186 = AXIS2_PLACEMENT_3D ( 'NONE', #3454, #7752, #3505 ) ;
#1187 =( NAMED_UNIT ( * ) PLANE_ANGLE_UNIT ( ) SI_UNIT ( $, .RADIAN. ) );
#1188 = SURFACE_STYLE_USAGE ( .BOTH. , #7733 ) ;
#1189 = DIRECTION ( 'NONE',  ( -0.000000000000000000, -0.000000000000000000, -1.000000000000000000 ) ) ;
#1190 = DIRECTION ( 'NONE',  ( 1.000000000000000000, 0.000000000000000000, 0.000000000000000000 ) ) ;
#1191 =( GEOMETRIC_REPRESENTATION_CONTEXT ( 3 ) GLOBAL_UNCERTAINTY_ASSIGNED_CONTEXT ( ( #3028 ) ) GLOBAL_UNIT_ASSIGNED_CONTEXT ( ( #148, #7372, #5222 ) ) REPRESENTATION_CONTEXT ( 'NONE', 'WORKASPACE' ) );
#1192 = ADVANCED_FACE ( 'NONE', ( #2293 ), #6685, .T. ) ;
#1193 = UNCERTAINTY_MEASURE_WITH_UNIT (LENGTH_MEASURE( 1.000000000000000082E-05 ), #6035, 'distance_accuracy_value', 'NONE');
#1194 = ORIENTED_EDGE ( 'NONE', *, *, #4104, .T. ) ;
#1195 = EDGE_CURVE ( 'NONE', #8408, #5998, #3136, .T. ) ;
#1196 =( NAMED_UNIT ( * ) PLANE_ANGLE_UNIT ( ) SI_UNIT ( $, .RADIAN. ) );
#1197 = AXIS2_PLACEMENT_3D ( 'NONE', #6772, #285, #7011 ) ;
#1198 = EDGE_CURVE ( 'NONE', #3307, #5378, #4525, .T. ) ;
#1199 = CARTESIAN_POINT ( 'NONE',  ( -1.499999999999999556, -0.1250000000000000000, -3.000000000000000000 ) ) ;
#1200 = CARTESIAN_POINT ( 'NONE',  ( -2.499999999999999556, -0.1250000000000000000, 2.999999999999999112 ) ) ;
#1201 = PRESENTATION_STYLE_ASSIGNMENT (( #1924 ) ) ;
#1202 = FACE_OUTER_BOUND ( 'NONE', #3585, .T. ) ;
#1203 = AXIS2_PLACEMENT_3D ( 'NONE', #8412, #5478, #8213 ) ;
#1204 = EDGE_LOOP ( 'NONE', ( #1862, #2182, #3669 ) ) ;
#1205 = FILL_AREA_STYLE ('',( #2582 ) ) ;
#1206 = ADVANCED_FACE ( 'NONE', ( #1148 ), #9108, .T. ) ;
#1207 = EDGE_LOOP ( 'NONE', ( #29, #8468, #2276 ) ) ;
#1208 = DIRECTION ( 'NONE',  ( -0.000000000000000000, 1.000000000000000000, 0.000000000000000000 ) ) ;
#1210 = ORIENTED_EDGE ( 'NONE', *, *, #193, .T. ) ;
#1209 = DIRECTION ( 'NONE',  ( -1.000000000000000000, 0.000000000000000000, 0.000000000000000000 ) ) ;
#1211 = CARTESIAN_POINT ( 'NONE',  ( -0.4999999999999995559, 0.000000000000000000, 1.000000000000000888 ) ) ;
#1212 = FILL_AREA_STYLE ('',( #5946 ) ) ;
#1213 = CARTESIAN_POINT ( 'NONE',  ( -3.499999999999999556, 0.000000000000000000, -3.000000000000000000 ) ) ;
#1214 = VERTEX_POINT ( 'NONE', #4743 ) ;
#1215 =( LENGTH_UNIT ( ) NAMED_UNIT ( * ) SI_UNIT ( .MILLI., .METRE. ) );
#1216 = ORIENTED_EDGE ( 'NONE', *, *, #3956, .F. ) ;
#1217 = ORIENTED_EDGE ( 'NONE', *, *, #6053, .F. ) ;
#1218 = ADVANCED_FACE ( 'NONE', ( #6294 ), #4133, .T. ) ;
#1219 = ORIENTED_EDGE ( 'NONE', *, *, #3310, .T. ) ;
#1220 = SURFACE_SIDE_STYLE ('',( #1279 ) ) ;
#1221 = COLOUR_RGB ( '',0.8941176470588234615, 0.9137254901960784048, 0.9294117647058823817 ) ;
#1222 = FACE_OUTER_BOUND ( 'NONE', #3603, .T. ) ;
#1223 = SURFACE_SIDE_STYLE ('',( #2005 ) ) ;
#1224 = CARTESIAN_POINT ( 'NONE',  ( 2.500000000000000444, -0.1250000000000000000, 1.000000000000000888 ) ) ;
#1225 =( NAMED_UNIT ( * ) SI_UNIT ( $, .STERADIAN. ) SOLID_ANGLE_UNIT ( ) );
#1226 = ORIENTED_EDGE ( 'NONE', *, *, #553, .F. ) ;
#1227 = DIRECTION ( 'NONE',  ( 0.000000000000000000, 0.000000000000000000, 1.000000000000000000 ) ) ;
#1228 = PRESENTATION_STYLE_ASSIGNMENT (( #3281 ) ) ;
#1229 = CIRCLE ( 'NONE', #6573, 0.1870828693386963892 ) ;
#1230 = AXIS2_PLACEMENT_3D ( 'NONE', #7852, #8035, #7146 ) ;
#1231 = AXIS2_PLACEMENT_3D ( 'NONE', #5984, #1589, #8874 ) ;
#1232 = CARTESIAN_POINT ( 'NONE',  ( -3.499999999999999556, -0.3500000000000000333, 5.000000000000000888 ) ) ;
#1233 = DIRECTION ( 'NONE',  ( 0.000000000000000000, 0.000000000000000000, 1.000000000000000000 ) ) ;
#1234 =( NAMED_UNIT ( * ) SI_UNIT ( $, .STERADIAN. ) SOLID_ANGLE_UNIT ( ) );
#1235 = AXIS2_PLACEMENT_3D ( 'NONE', #6210, #7890, #8689 ) ;
#1236 =( GEOMETRIC_REPRESENTATION_CONTEXT ( 3 ) GLOBAL_UNCERTAINTY_ASSIGNED_CONTEXT ( ( #1193 ) ) GLOBAL_UNIT_ASSIGNED_CONTEXT ( ( #6035, #6750, #4802 ) ) REPRESENTATION_CONTEXT ( 'NONE', 'WORKASPACE' ) );
#1237 = EDGE_LOOP ( 'NONE', ( #3630, #445 ) ) ;
#1238 =( NAMED_UNIT ( * ) SI_UNIT ( $, .STERADIAN. ) SOLID_ANGLE_UNIT ( ) );
#1239 = AXIS2_PLACEMENT_3D ( 'NONE', #6077, #1065, #3992 ) ;
#1240 = PRESENTATION_LAYER_ASSIGNMENT (  '', '', ( #9329 ) ) ;
#1241 = EDGE_LOOP ( 'NONE', ( #3728, #119 ) ) ;
#1242 = CARTESIAN_POINT ( 'NONE',  ( -2.499999999999999556, -0.3500000000000000333, 2.999999999999999112 ) ) ;
#1243 = UNCERTAINTY_MEASURE_WITH_UNIT (LENGTH_MEASURE( 1.000000000000000082E-05 ), #3451, 'distance_accuracy_value', 'NONE');
#1244 = DIRECTION ( 'NONE',  ( 0.000000000000000000, 0.000000000000000000, 1.000000000000000000 ) ) ;
#1245 = FILL_AREA_STYLE_COLOUR ( '', #8663 ) ;
#1246 = CARTESIAN_POINT ( 'NONE',  ( -3.499999999999999556, -0.1250000000000000000, -1.000000000000000000 ) ) ;
#1247 = CIRCLE ( 'NONE', #7510, 0.1870828693386972497 ) ;
#1248 = CIRCLE ( 'NONE', #6110, 0.1870828693386972497 ) ;
#1249 = MECHANICAL_DESIGN_GEOMETRIC_PRESENTATION_REPRESENTATION (  '', ( #2790 ), #3552 ) ;
#1250 = DIRECTION ( 'NONE',  ( 0.000000000000000000, 0.000000000000000000, 1.000000000000000000 ) ) ;
#1251 = EDGE_CURVE ( 'NONE', #3245, #4597, #5894, .T. ) ;
#1252 = EDGE_LOOP ( 'NONE', ( #2066, #3126 ) ) ;
#1253 = FACE_OUTER_BOUND ( 'NONE', #632, .T. ) ;
#1254 = DIRECTION ( 'NONE',  ( -1.000000000000000000, 0.000000000000000000, 0.000000000000000000 ) ) ;
#1255 = MECHANICAL_DESIGN_GEOMETRIC_PRESENTATION_REPRESENTATION (  '', ( #3551 ), #4628 ) ;
#1256 = AXIS2_PLACEMENT_3D ( 'NONE', #412, #5352, #3153 ) ;
#1257 = MECHANICAL_DESIGN_GEOMETRIC_PRESENTATION_REPRESENTATION (  '', ( #8720 ), #4478 ) ;
#1258 = DIRECTION ( 'NONE',  ( -1.000000000000000000, 0.000000000000000000, 0.000000000000000000 ) ) ;
#1259 = EDGE_LOOP ( 'NONE', ( #9152, #809 ) ) ;
#1260 = DIRECTION ( 'NONE',  ( 0.000000000000000000, -0.000000000000000000, 1.000000000000000000 ) ) ;
#1261 = CARTESIAN_POINT ( 'NONE',  ( 2.312917130661303222, 0.000000000000000000, -5.000000000000000000 ) ) ;
#1262 = FILL_AREA_STYLE ('',( #7036 ) ) ;
#1263 =( GEOMETRIC_REPRESENTATION_CONTEXT ( 3 ) GLOBAL_UNCERTAINTY_ASSIGNED_CONTEXT ( ( #4948 ) ) GLOBAL_UNIT_ASSIGNED_CONTEXT ( ( #8722, #8011, #645 ) ) REPRESENTATION_CONTEXT ( 'NONE', 'WORKASPACE' ) );
#1264 =( GEOMETRIC_REPRESENTATION_CONTEXT ( 3 ) GLOBAL_UNCERTAINTY_ASSIGNED_CONTEXT ( ( #4422 ) ) GLOBAL_UNIT_ASSIGNED_CONTEXT ( ( #4312, #3765, #5861 ) ) REPRESENTATION_CONTEXT ( 'NONE', 'WORKASPACE' ) );
#1265 = EDGE_CURVE ( 'NONE', #7128, #758, #3246, .T. ) ;
#1266 = ORIENTED_EDGE ( 'NONE', *, *, #3887, .T. ) ;
#1267 = AXIS2_PLACEMENT_3D ( 'NONE', #1815, #3831, #6730 ) ;
#1268 = SURFACE_STYLE_FILL_AREA ( #5716 ) ;
#1269 = CIRCLE ( 'NONE', #9331, 0.1870828693386972497 ) ;
#1270 = SURFACE_SIDE_STYLE ('',( #4918 ) ) ;
#1271 = ORIENTED_EDGE ( 'NONE', *, *, #5448, .F. ) ;
#1272 = DIRECTION ( 'NONE',  ( 0.000000000000000000, 0.000000000000000000, -1.000000000000000000 ) ) ;
#1273 = VERTEX_POINT ( 'NONE', #4029 ) ;
#1274 =( NAMED_UNIT ( * ) SI_UNIT ( $, .STERADIAN. ) SOLID_ANGLE_UNIT ( ) );
#1275 = AXIS2_PLACEMENT_3D ( 'NONE', #5343, #214, #4582 ) ;
#1276 = ORIENTED_EDGE ( 'NONE', *, *, #5325, .F. ) ;
#1277 = CARTESIAN_POINT ( 'NONE',  ( -0.4999999999999995559, -0.1250000000000000000, 2.999999999999999112 ) ) ;
#1278 = ORIENTED_EDGE ( 'NONE', *, *, #6913, .F. ) ;
#1279 = SURFACE_STYLE_FILL_AREA ( #5591 ) ;
#1280 = AXIS2_PLACEMENT_3D ( 'NONE', #4041, #5516, #8461 ) ;
#1281 = EDGE_CURVE ( 'NONE', #6557, #4181, #8311, .T. ) ;
#1282 = PRESENTATION_STYLE_ASSIGNMENT (( #5641 ) ) ;
#1283 = SURFACE_STYLE_USAGE ( .BOTH. , #639 ) ;
#1284 = FILL_AREA_STYLE_COLOUR ( '', #6434 ) ;
#1285 = ORIENTED_EDGE ( 'NONE', *, *, #2729, .T. ) ;
#1286 = DIRECTION ( 'NONE',  ( -1.000000000000000000, 0.000000000000000000, 0.000000000000000000 ) ) ;
#1287 = CIRCLE ( 'NONE', #4042, 0.2250000000000001443 ) ;
#1288 = FILL_AREA_STYLE ('',( #2622 ) ) ;
#1289 = UNCERTAINTY_MEASURE_WITH_UNIT (LENGTH_MEASURE( 1.000000000000000082E-05 ), #7544, 'distance_accuracy_value', 'NONE');
#1290 = VERTEX_POINT ( 'NONE', #99 ) ;
#1291 =( LENGTH_UNIT ( ) NAMED_UNIT ( * ) SI_UNIT ( .MILLI., .METRE. ) );
#1292 = COLOUR_RGB ( '',0.8941176470588234615, 0.9137254901960784048, 0.9294117647058823817 ) ;
#1293 = VERTEX_POINT ( 'NONE', #2970 ) ;
#1294 = FACE_OUTER_BOUND ( 'NONE', #6125, .T. ) ;
#1295 =( LENGTH_UNIT ( ) NAMED_UNIT ( * ) SI_UNIT ( .MILLI., .METRE. ) );
#1296 = PRESENTATION_STYLE_ASSIGNMENT (( #4034 ) ) ;
#1297 = MECHANICAL_DESIGN_GEOMETRIC_PRESENTATION_REPRESENTATION (  '', ( #2663 ), #6622 ) ;
#1298 = MECHANICAL_DESIGN_GEOMETRIC_PRESENTATION_REPRESENTATION (  '', ( #7260 ), #4822 ) ;
#1299 = DIRECTION ( 'NONE',  ( 0.000000000000000000, 0.000000000000000000, 1.000000000000000000 ) ) ;
#1300 = SURFACE_STYLE_USAGE ( .BOTH. , #8645 ) ;
#1301 = COLOUR_RGB ( '',0.8941176470588234615, 0.9137254901960784048, 0.9294117647058823817 ) ;
#1302 = VERTEX_POINT ( 'NONE', #8681 ) ;
#1303 = CIRCLE ( 'NONE', #9060, 0.2250000000000000611 ) ;
#1304 = STYLED_ITEM ( 'NONE', ( #5635 ), #2593 ) ;
#1305 = DIRECTION ( 'NONE',  ( 1.000000000000000000, 0.000000000000000000, 0.000000000000000000 ) ) ;
#1306 = ORIENTED_EDGE ( 'NONE', *, *, #349, .F. ) ;
#1307 = DIRECTION ( 'NONE',  ( 0.000000000000000000, 0.000000000000000000, -1.000000000000000000 ) ) ;
#1308 = SPHERICAL_SURFACE ( 'NONE', #675, 0.2250000000000000888 ) ;
#1309 = STYLED_ITEM ( 'NONE', ( #7732 ), #8073 ) ;
#1310 = EDGE_CURVE ( 'NONE', #6987, #3641, #5748, .T. ) ;
#1311 = ADVANCED_FACE ( 'NONE', ( #7966 ), #6532, .T. ) ;
#1312 =( NAMED_UNIT ( * ) SI_UNIT ( $, .STERADIAN. ) SOLID_ANGLE_UNIT ( ) );
#1313 = STYLED_ITEM ( 'NONE', ( #7529 ), #2685 ) ;
#1314 = DIRECTION ( 'NONE',  ( 0.000000000000000000, 0.000000000000000000, -1.000000000000000000 ) ) ;
#1315 = VERTEX_POINT ( 'NONE', #8588 ) ;
#1316 = CARTESIAN_POINT ( 'NONE',  ( -0.4999999999999995559, -0.1250000000000000000, -2.000000000000000000 ) ) ;
#1317 = UNCERTAINTY_MEASURE_WITH_UNIT (LENGTH_MEASURE( 1.000000000000000082E-05 ), #6244, 'distance_accuracy_value', 'NONE');
#1319 = AXIS2_PLACEMENT_3D ( 'NONE', #8952, #323, #3192 ) ;
#1318 = CIRCLE ( 'NONE', #2523, 0.2250000000000001443 ) ;
#1320 =( LENGTH_UNIT ( ) NAMED_UNIT ( * ) SI_UNIT ( .MILLI., .METRE. ) );
#1321 = ORIENTED_EDGE ( 'NONE', *, *, #5979, .T. ) ;
#1322 = ADVANCED_FACE ( 'NONE', ( #1439 ), #5138, .T. ) ;
#1323 = VERTEX_POINT ( 'NONE', #4419 ) ;
#1324 = FILL_AREA_STYLE_COLOUR ( '', #1155 ) ;
#1325 = ORIENTED_EDGE ( 'NONE', *, *, #2484, .T. ) ;
#1326 = ADVANCED_FACE ( 'NONE', ( #1294 ), #610, .F. ) ;
#1327 = COLOUR_RGB ( '',1.000000000000000000, 1.000000000000000000, 0.000000000000000000 ) ;
#1328 = AXIS2_PLACEMENT_3D ( 'NONE', #4018, #2612, #8431 ) ;
#1329 =( NAMED_UNIT ( * ) SI_UNIT ( $, .STERADIAN. ) SOLID_ANGLE_UNIT ( ) );
#1330 = ORIENTED_EDGE ( 'NONE', *, *, #6668, .F. ) ;
#1331 = DIRECTION ( 'NONE',  ( -1.000000000000000000, 0.000000000000000000, 0.000000000000000000 ) ) ;
#1332 = UNCERTAINTY_MEASURE_WITH_UNIT (LENGTH_MEASURE( 1.000000000000000082E-05 ), #4744, 'distance_accuracy_value', 'NONE');
#1333 = FILL_AREA_STYLE_COLOUR ( '', #7972 ) ;
#1334 = AXIS2_PLACEMENT_3D ( 'NONE', #558, #3424, #1335 ) ;
#1335 = DIRECTION ( 'NONE',  ( 0.000000000000000000, 0.000000000000000000, -1.000000000000000000 ) ) ;
#1336 = ORIENTED_EDGE ( 'NONE', *, *, #3919, .T. ) ;
#1337 = CARTESIAN_POINT ( 'NONE',  ( 0.5000000000000004441, -0.3500000000000000333, -3.000000000000000000 ) ) ;
#1338 = FACE_BOUND ( 'NONE', #6372, .T. ) ;
#1339 = AXIS2_PLACEMENT_3D ( 'NONE', #2196, #5732, #7920 ) ;
#1340 = CARTESIAN_POINT ( 'NONE',  ( 0.5000000000000004441, 0.000000000000000000, 0.000000000000000000 ) ) ;
#1341 = MECHANICAL_DESIGN_GEOMETRIC_PRESENTATION_REPRESENTATION (  '', ( #3943 ), #1792 ) ;
#1342 = ORIENTED_EDGE ( 'NONE', *, *, #1281, .F. ) ;
#1343 = FILL_AREA_STYLE ('',( #6486 ) ) ;
#1344 = UNCERTAINTY_MEASURE_WITH_UNIT (LENGTH_MEASURE( 1.000000000000000082E-05 ), #3802, 'distance_accuracy_value', 'NONE');
#1345 = CARTESIAN_POINT ( 'NONE',  ( -3.312917130661302334, 0.000000000000000000, -5.000000000000000000 ) ) ;
#1346 = CIRCLE ( 'NONE', #1635, 0.2249999999999999500 ) ;
#1347 = LINE ( 'NONE', #520, #2442 ) ;
#1348 = EDGE_CURVE ( 'NONE', #1777, #5584, #8913, .T. ) ;
#1349 = DIRECTION ( 'NONE',  ( 0.000000000000000000, 0.000000000000000000, 1.000000000000000000 ) ) ;
#1350 = ORIENTED_EDGE ( 'NONE', *, *, #6668, .T. ) ;
#1351 =( GEOMETRIC_REPRESENTATION_CONTEXT ( 3 ) GLOBAL_UNCERTAINTY_ASSIGNED_CONTEXT ( ( #3312 ) ) GLOBAL_UNIT_ASSIGNED_CONTEXT ( ( #2025, #9110, #5564 ) ) REPRESENTATION_CONTEXT ( 'NONE', 'WORKASPACE' ) );
#1352 = DIRECTION ( 'NONE',  ( 1.000000000000000000, 0.000000000000000000, 0.000000000000000000 ) ) ;
#1353 = FILL_AREA_STYLE_COLOUR ( '', #3227 ) ;
#1354 =( NAMED_UNIT ( * ) SI_UNIT ( $, .STERADIAN. ) SOLID_ANGLE_UNIT ( ) );
#1355 = PRESENTATION_STYLE_ASSIGNMENT (( #4430 ) ) ;
#1356 = ORIENTED_EDGE ( 'NONE', *, *, #187, .T. ) ;
#1357 = CARTESIAN_POINT ( 'NONE',  ( -2.499999999999999556, 0.000000000000000000, 0.000000000000000000 ) ) ;
#1358 = DIRECTION ( 'NONE',  ( -0.000000000000000000, -0.000000000000000000, -1.000000000000000000 ) ) ;
#1359 = CARTESIAN_POINT ( 'NONE',  ( 6.999999999999998224, 0.000000000000000000, 9.000000000000000000 ) ) ;
#1360 = AXIS2_PLACEMENT_3D ( 'NONE', #9207, #8436, #8496 ) ;
#1361 = DIRECTION ( 'NONE',  ( -0.000000000000000000, -0.000000000000000000, -1.000000000000000000 ) ) ;
#1362 = ORIENTED_EDGE ( 'NONE', *, *, #7743, .F. ) ;
#1363 = AXIS2_PLACEMENT_3D ( 'NONE', #8873, #4347, #8698 ) ;
#1364 = DIRECTION ( 'NONE',  ( 0.000000000000000000, -1.000000000000000000, 0.000000000000000000 ) ) ;
#1365 = DIRECTION ( 'NONE',  ( 0.000000000000000000, 0.000000000000000000, 1.000000000000000000 ) ) ;
#1366 = ORIENTED_EDGE ( 'NONE', *, *, #6544, .F. ) ;
#1367 = CARTESIAN_POINT ( 'NONE',  ( 3.500000000000000444, -0.1250000000000000000, 5.000000000000000888 ) ) ;
#1369 = ORIENTED_EDGE ( 'NONE', *, *, #6800, .F. ) ;
#1368 = FACE_OUTER_BOUND ( 'NONE', #5914, .T. ) ;
#1370 = EDGE_LOOP ( 'NONE', ( #5207, #7717 ) ) ;
#1371 = CARTESIAN_POINT ( 'NONE',  ( -1.687082869338696778, 0.000000000000000000, 0.000000000000000000 ) ) ;
#1372 = ADVANCED_FACE ( 'NONE', ( #5265 ), #955, .T. ) ;
#1373 =( NAMED_UNIT ( * ) SI_UNIT ( $, .STERADIAN. ) SOLID_ANGLE_UNIT ( ) );
#1374 = FILL_AREA_STYLE ('',( #7917 ) ) ;
#1375 = FACE_OUTER_BOUND ( 'NONE', #267, .T. ) ;
#1376 = VERTEX_POINT ( 'NONE', #5307 ) ;
#1377 = SURFACE_STYLE_USAGE ( .BOTH. , #2911 ) ;
#1378 = FACE_BOUND ( 'NONE', #9256, .T. ) ;
#1379 = CARTESIAN_POINT ( 'NONE',  ( 2.500000000000000444, -0.1250000000000000000, 2.999999999999999112 ) ) ;
#1380 = CARTESIAN_POINT ( 'NONE',  ( -2.312917130661302334, 0.000000000000000000, -5.000000000000000000 ) ) ;
#1381 = PRESENTATION_LAYER_ASSIGNMENT (  '', '', ( #3817 ) ) ;
#1382 = CARTESIAN_POINT ( 'NONE',  ( -0.4999999999999995559, -0.3500000000000000333, 2.000000000000000000 ) ) ;
#1383 = EDGE_CURVE ( 'NONE', #6990, #6928, #1473, .T. ) ;
#1384 = EDGE_CURVE ( 'NONE', #5040, #315, #1160, .T. ) ;
#1385 = UNCERTAINTY_MEASURE_WITH_UNIT (LENGTH_MEASURE( 1.000000000000000082E-05 ), #5278, 'distance_accuracy_value', 'NONE');
#1386 = FILL_AREA_STYLE_COLOUR ( '', #2475 ) ;
#1387 = EDGE_LOOP ( 'NONE', ( #1112, #8680, #1874 ) ) ;
#1388 = FILL_AREA_STYLE_COLOUR ( '', #6180 ) ;
#1389 = DIRECTION ( 'NONE',  ( -1.000000000000000000, 0.000000000000000000, 0.000000000000000000 ) ) ;
#1390 = CIRCLE ( 'NONE', #2922, 0.1870828693386972497 ) ;
#1391 =( NAMED_UNIT ( * ) SI_UNIT ( $, .STERADIAN. ) SOLID_ANGLE_UNIT ( ) );
#1392 = AXIS2_PLACEMENT_3D ( 'NONE', #449, #2756, #4722 ) ;
#1393 = DIRECTION ( 'NONE',  ( 0.000000000000000000, -1.000000000000000000, 0.000000000000000000 ) ) ;
#1394 = CARTESIAN_POINT ( 'NONE',  ( -7.000000000000001776, 0.9100000000000000311, 9.000000000000000000 ) ) ;
#1395 = PLANE ( 'NONE',  #6407 ) ;
#1396 = CIRCLE ( 'NONE', #1235, 0.2249999999999999500 ) ;
#1397 = MECHANICAL_DESIGN_GEOMETRIC_PRESENTATION_REPRESENTATION (  '', ( #5367 ), #360 ) ;
#1398 = CIRCLE ( 'NONE', #4317, 0.1870828693386972497 ) ;
#1399 = SPHERICAL_SURFACE ( 'NONE', #3064, 0.2250000000000000888 ) ;
#1400 = DIRECTION ( 'NONE',  ( -1.000000000000000000, 0.000000000000000000, 0.000000000000000000 ) ) ;
#1401 = EDGE_LOOP ( 'NONE', ( #470, #5942, #3043 ) ) ;
#1402 = DIRECTION ( 'NONE',  ( 0.000000000000000000, -1.000000000000000000, 0.000000000000000000 ) ) ;
#1403 = CARTESIAN_POINT ( 'NONE',  ( 0.5000000000000004441, 0.000000000000000000, 2.000000000000000000 ) ) ;
#1404 =( GEOMETRIC_REPRESENTATION_CONTEXT ( 3 ) GLOBAL_UNCERTAINTY_ASSIGNED_CONTEXT ( ( #5869 ) ) GLOBAL_UNIT_ASSIGNED_CONTEXT ( ( #1775, #6108, #7650 ) ) REPRESENTATION_CONTEXT ( 'NONE', 'WORKASPACE' ) );
#1405 = AXIS2_PLACEMENT_3D ( 'NONE', #7139, #58, #2747 ) ;
#1406 = CIRCLE ( 'NONE', #2030, 0.1870828693386972497 ) ;
#1407 = CARTESIAN_POINT ( 'NONE',  ( -2.499999999999999556, -0.1250000000000000000, 1.000000000000000888 ) ) ;
#1408 =( NAMED_UNIT ( * ) SI_UNIT ( $, .STERADIAN. ) SOLID_ANGLE_UNIT ( ) );
#1409 = UNCERTAINTY_MEASURE_WITH_UNIT (LENGTH_MEASURE( 1.000000000000000082E-05 ), #7444, 'distance_accuracy_value', 'NONE');
#1410 = PRESENTATION_LAYER_ASSIGNMENT (  '', '', ( #6587 ) ) ;
#1411 =( GEOMETRIC_REPRESENTATION_CONTEXT ( 3 ) GLOBAL_UNCERTAINTY_ASSIGNED_CONTEXT ( ( #6202 ) ) GLOBAL_UNIT_ASSIGNED_CONTEXT ( ( #87, #6663, #41 ) ) REPRESENTATION_CONTEXT ( 'NONE', 'WORKASPACE' ) );
#1412 = AXIS2_PLACEMENT_3D ( 'NONE', #6501, #8693, #715 ) ;
#1413 = VERTEX_POINT ( 'NONE', #8995 ) ;
#1414 =( NAMED_UNIT ( * ) PLANE_ANGLE_UNIT ( ) SI_UNIT ( $, .RADIAN. ) );
#1415 = EDGE_LOOP ( 'NONE', ( #3154, #2713, #7935 ) ) ;
#1416 =( LENGTH_UNIT ( ) NAMED_UNIT ( * ) SI_UNIT ( .MILLI., .METRE. ) );
#1417 = VERTEX_POINT ( 'NONE', #5181 ) ;
#1418 = DIRECTION ( 'NONE',  ( -1.224646799147353207E-16, 0.000000000000000000, 1.000000000000000000 ) ) ;
#1419 = MECHANICAL_DESIGN_GEOMETRIC_PRESENTATION_REPRESENTATION (  '', ( #542 ), #7963 ) ;
#1420 = PRESENTATION_LAYER_ASSIGNMENT (  '', '', ( #5546 ) ) ;
#1421 = CARTESIAN_POINT ( 'NONE',  ( 3.500000000000000444, 0.000000000000000000, -3.000000000000000000 ) ) ;
#1422 = DIRECTION ( 'NONE',  ( 0.000000000000000000, 0.000000000000000000, -1.000000000000000000 ) ) ;
#1423 = DIRECTION ( 'NONE',  ( 1.000000000000000000, 0.000000000000000000, 0.000000000000000000 ) ) ;
#1424 =( GEOMETRIC_REPRESENTATION_CONTEXT ( 3 ) GLOBAL_UNCERTAINTY_ASSIGNED_CONTEXT ( ( #8683 ) ) GLOBAL_UNIT_ASSIGNED_CONTEXT ( ( #6511, #7942, #5803 ) ) REPRESENTATION_CONTEXT ( 'NONE', 'WORKASPACE' ) );
#1425 = AXIS2_PLACEMENT_3D ( 'NONE', #5859, #2816, #8088 ) ;
#1426 = SURFACE_STYLE_FILL_AREA ( #5171 ) ;
#1427 = EDGE_LOOP ( 'NONE', ( #4950, #7528, #7039 ) ) ;
#1428 = FACE_BOUND ( 'NONE', #9306, .T. ) ;
#1429 = EDGE_CURVE ( 'NONE', #7312, #6368, #3775, .T. ) ;
#1430 = ADVANCED_FACE ( 'NONE', ( #830 ), #8489, .T. ) ;
#1431 = CARTESIAN_POINT ( 'NONE',  ( -2.312917130661302334, 0.000000000000000000, 1.000000000000000888 ) ) ;
#1432 =( GEOMETRIC_REPRESENTATION_CONTEXT ( 3 ) GLOBAL_UNCERTAINTY_ASSIGNED_CONTEXT ( ( #7649 ) ) GLOBAL_UNIT_ASSIGNED_CONTEXT ( ( #882, #4662, #8868 ) ) REPRESENTATION_CONTEXT ( 'NONE', 'WORKASPACE' ) );
#1433 = COLOUR_RGB ( '',0.8941176470588234615, 0.9137254901960784048, 0.9294117647058823817 ) ;
#1434 = CARTESIAN_POINT ( 'NONE',  ( 6.999999999999998224, -22.54350850198275680, 9.000000000000000000 ) ) ;
#1435 = EDGE_CURVE ( 'NONE', #1413, #5378, #3284, .T. ) ;
#1436 = UNCERTAINTY_MEASURE_WITH_UNIT (LENGTH_MEASURE( 1.000000000000000082E-05 ), #5895, 'distance_accuracy_value', 'NONE');
#1437 = SURFACE_STYLE_FILL_AREA ( #4460 ) ;
#1438 = ORIENTED_EDGE ( 'NONE', *, *, #1383, .F. ) ;
#1439 = FACE_OUTER_BOUND ( 'NONE', #5664, .T. ) ;
#1440 = PRESENTATION_STYLE_ASSIGNMENT (( #8777 ) ) ;
#1441 =( LENGTH_UNIT ( ) NAMED_UNIT ( * ) SI_UNIT ( .MILLI., .METRE. ) );
#1442 = UNCERTAINTY_MEASURE_WITH_UNIT (LENGTH_MEASURE( 1.000000000000000082E-05 ), #8759, 'distance_accuracy_value', 'NONE');
#1443 = SURFACE_SIDE_STYLE ('',( #5745 ) ) ;
#1444 = EDGE_CURVE ( 'NONE', #2804, #5369, #2379, .T. ) ;
#1445 = DIRECTION ( 'NONE',  ( 0.000000000000000000, 0.000000000000000000, 1.000000000000000000 ) ) ;
#1446 = DIRECTION ( 'NONE',  ( 0.000000000000000000, 0.000000000000000000, 1.000000000000000000 ) ) ;
#1447 = FILL_AREA_STYLE_COLOUR ( '', #2290 ) ;
#1448 = AXIS2_PLACEMENT_3D ( 'NONE', #7287, #2739, #3498 ) ;
#1449 = FACE_OUTER_BOUND ( 'NONE', #3768, .T. ) ;
#1450 = AXIS2_PLACEMENT_3D ( 'NONE', #147, #6361, #834 ) ;
#1451 = AXIS2_PLACEMENT_3D ( 'NONE', #7913, #2996, #5809 ) ;
#1452 =( NAMED_UNIT ( * ) SI_UNIT ( $, .STERADIAN. ) SOLID_ANGLE_UNIT ( ) );
#1453 = VERTEX_POINT ( 'NONE', #6136 ) ;
#1454 = DIRECTION ( 'NONE',  ( 0.000000000000000000, -1.000000000000000000, 0.000000000000000000 ) ) ;
#1455 =( NAMED_UNIT ( * ) PLANE_ANGLE_UNIT ( ) SI_UNIT ( $, .RADIAN. ) );
#1456 = STYLED_ITEM ( 'NONE', ( #5719 ), #9057 ) ;
#1457 =( NAMED_UNIT ( * ) SI_UNIT ( $, .STERADIAN. ) SOLID_ANGLE_UNIT ( ) );
#1458 = PRESENTATION_LAYER_ASSIGNMENT (  '', '', ( #274 ) ) ;
#1459 = AXIS2_PLACEMENT_3D ( 'NONE', #5966, #5358, #2339 ) ;
#1460 = CARTESIAN_POINT ( 'NONE',  ( 6.999999999999998224, 0.2599999999999998979, -8.999999999999998224 ) ) ;
#1461 =( NAMED_UNIT ( * ) SI_UNIT ( $, .STERADIAN. ) SOLID_ANGLE_UNIT ( ) );
#1462 = CIRCLE ( 'NONE', #5734, 0.2249999999999999500 ) ;
#1463 = MECHANICAL_DESIGN_GEOMETRIC_PRESENTATION_REPRESENTATION (  '', ( #5439 ), #8767 ) ;
#1464 = EDGE_LOOP ( 'NONE', ( #4281, #4750 ) ) ;
#1465 = DIRECTION ( 'NONE',  ( 0.000000000000000000, -1.000000000000000000, 0.000000000000000000 ) ) ;
#1466 = EDGE_LOOP ( 'NONE', ( #1073, #932, #4401 ) ) ;
#1467 = DIRECTION ( 'NONE',  ( 0.000000000000000000, 1.000000000000000000, 0.000000000000000000 ) ) ;
#1468 = FILL_AREA_STYLE_COLOUR ( '', #6994 ) ;
#1469 = DIRECTION ( 'NONE',  ( 0.000000000000000000, -1.000000000000000000, 0.000000000000000000 ) ) ;
#1470 = PRESENTATION_LAYER_ASSIGNMENT (  '', '', ( #6027 ) ) ;
#1471 = DIRECTION ( 'NONE',  ( -1.224646799147353207E-16, 0.000000000000000000, 1.000000000000000000 ) ) ;
#1473 = CIRCLE ( 'NONE', #6949, 0.2250000000000001443 ) ;
#1472 = MECHANICAL_DESIGN_GEOMETRIC_PRESENTATION_REPRESENTATION (  '', ( #2083 ), #871 ) ;
#1474 = ORIENTED_EDGE ( 'NONE', *, *, #4012, .F. ) ;
#1475 =( NAMED_UNIT ( * ) PLANE_ANGLE_UNIT ( ) SI_UNIT ( $, .RADIAN. ) );
#1476 = DIRECTION ( 'NONE',  ( 0.000000000000000000, 0.000000000000000000, 1.000000000000000000 ) ) ;
#1477 = CIRCLE ( 'NONE', #5447, 0.1870828693386972497 ) ;
#1478 = EDGE_LOOP ( 'NONE', ( #9184, #1791 ) ) ;
#1479 = FACE_OUTER_BOUND ( 'NONE', #9166, .T. ) ;
#1480 =( GEOMETRIC_REPRESENTATION_CONTEXT ( 3 ) GLOBAL_UNCERTAINTY_ASSIGNED_CONTEXT ( ( #7456 ) ) GLOBAL_UNIT_ASSIGNED_CONTEXT ( ( #1107, #5425, #4805 ) ) REPRESENTATION_CONTEXT ( 'NONE', 'WORKASPACE' ) );
#1481 = FACE_BOUND ( 'NONE', #6213, .T. ) ;
#1482 = DIRECTION ( 'NONE',  ( -0.000000000000000000, -0.000000000000000000, -1.000000000000000000 ) ) ;
#1483 = COLOUR_RGB ( '',0.8941176470588234615, 0.9137254901960784048, 0.9294117647058823817 ) ;
#1484 = COLOUR_RGB ( '',0.8941176470588234615, 0.9137254901960784048, 0.9294117647058823817 ) ;
#1485 =( NAMED_UNIT ( * ) PLANE_ANGLE_UNIT ( ) SI_UNIT ( $, .RADIAN. ) );
#1486 = EDGE_CURVE ( 'NONE', #2629, #2562, #3145, .T. ) ;
#1487 = ORIENTED_EDGE ( 'NONE', *, *, #1079, .F. ) ;
#1488 = CARTESIAN_POINT ( 'NONE',  ( -3.499999999999999556, -0.1250000000000000000, -3.000000000000000000 ) ) ;
#1489 = CARTESIAN_POINT ( 'NONE',  ( -7.000000000000001776, 0.2599999999999997868, 8.999999999999998224 ) ) ;
#1490 =( NAMED_UNIT ( * ) SI_UNIT ( $, .STERADIAN. ) SOLID_ANGLE_UNIT ( ) );
#1491 = DIRECTION ( 'NONE',  ( 1.000000000000000000, 0.000000000000000000, 0.000000000000000000 ) ) ;
#1492 = FACE_OUTER_BOUND ( 'NONE', #6958, .T. ) ;
#1493 =( GEOMETRIC_REPRESENTATION_CONTEXT ( 3 ) GLOBAL_UNCERTAINTY_ASSIGNED_CONTEXT ( ( #6376 ) ) GLOBAL_UNIT_ASSIGNED_CONTEXT ( ( #8531, #506, #4836 ) ) REPRESENTATION_CONTEXT ( 'NONE', 'WORKASPACE' ) );
#1494 = ADVANCED_FACE ( 'NONE', ( #8327 ), #461, .T. ) ;
#1495 = DIRECTION ( 'NONE',  ( 1.000000000000000000, 0.000000000000000000, 0.000000000000000000 ) ) ;
#1496 = CARTESIAN_POINT ( 'NONE',  ( 1.500000000000000444, 0.000000000000000000, -1.000000000000000000 ) ) ;
#1497 = FILL_AREA_STYLE ('',( #15 ) ) ;
#1498 = CIRCLE ( 'NONE', #7593, 0.2249999999999999500 ) ;
#1499 = FILL_AREA_STYLE_COLOUR ( '', #8437 ) ;
#1500 = DIRECTION ( 'NONE',  ( 0.000000000000000000, -1.000000000000000000, 0.000000000000000000 ) ) ;
#1501 = AXIS2_PLACEMENT_3D ( 'NONE', #293, #2344, #1675 ) ;
#1502 = DIRECTION ( 'NONE',  ( -1.224646799147353207E-16, 0.000000000000000000, 1.000000000000000000 ) ) ;
#1503 = AXIS2_PLACEMENT_3D ( 'NONE', #5269, #3874, #8149 ) ;
#1504 = DIRECTION ( 'NONE',  ( 0.000000000000000000, 0.000000000000000000, 1.000000000000000000 ) ) ;
#1505 = UNCERTAINTY_MEASURE_WITH_UNIT (LENGTH_MEASURE( 1.000000000000000082E-05 ), #2151, 'distance_accuracy_value', 'NONE');
#1506 = EDGE_CURVE ( 'NONE', #4641, #5912, #3921, .T. ) ;
#1507 = CIRCLE ( 'NONE', #7753, 0.1870828693386963892 ) ;
#1508 = CARTESIAN_POINT ( 'NONE',  ( 2.500000000000000444, -0.1250000000000000000, -1.000000000000000000 ) ) ;
#1509 = ORIENTED_EDGE ( 'NONE', *, *, #7280, .T. ) ;
#1510 = DIRECTION ( 'NONE',  ( -1.224646799147353207E-16, 0.000000000000000000, 1.000000000000000000 ) ) ;
#1511 = DIRECTION ( 'NONE',  ( -1.000000000000000000, 0.000000000000000000, 0.000000000000000000 ) ) ;
#1513 = ORIENTED_EDGE ( 'NONE', *, *, #6846, .T. ) ;
#1512 = CARTESIAN_POINT ( 'NONE',  ( 2.500000000000000444, 0.000000000000000000, 0.000000000000000000 ) ) ;
#1514 = CARTESIAN_POINT ( 'NONE',  ( 3.312917130661303222, 0.000000000000000000, 0.000000000000000000 ) ) ;
#1515 = FACE_OUTER_BOUND ( 'NONE', #8975, .T. ) ;
#1516 = DIRECTION ( 'NONE',  ( -1.224646799147353207E-16, 0.000000000000000000, 1.000000000000000000 ) ) ;
#1517 = CARTESIAN_POINT ( 'NONE',  ( 3.500000000000000444, 0.000000000000000000, 4.000000000000000000 ) ) ;
#1518 = FILL_AREA_STYLE_COLOUR ( '', #5300 ) ;
#1519 = ORIENTED_EDGE ( 'NONE', *, *, #3068, .F. ) ;
#1520 = DIRECTION ( 'NONE',  ( 0.000000000000000000, 0.000000000000000000, 1.000000000000000000 ) ) ;
#1521 = FACE_BOUND ( 'NONE', #5538, .T. ) ;
#1522 = SPHERICAL_SURFACE ( 'NONE', #2609, 0.2250000000000000888 ) ;
#1523 = CARTESIAN_POINT ( 'NONE',  ( 2.312917130661303222, 0.000000000000000000, -4.000000000000000000 ) ) ;
#1524 = VERTEX_POINT ( 'NONE', #7729 ) ;
#1525 = DIRECTION ( 'NONE',  ( -0.000000000000000000, 1.000000000000000000, -0.000000000000000000 ) ) ;
#1526 =( GEOMETRIC_REPRESENTATION_CONTEXT ( 3 ) GLOBAL_UNCERTAINTY_ASSIGNED_CONTEXT ( ( #4191 ) ) GLOBAL_UNIT_ASSIGNED_CONTEXT ( ( #7429, #1730, #3025 ) ) REPRESENTATION_CONTEXT ( 'NONE', 'WORKASPACE' ) );
#1527 = CARTESIAN_POINT ( 'NONE',  ( -2.499999999999999556, -0.1250000000000000000, -5.000000000000000000 ) ) ;
#1528 =( NAMED_UNIT ( * ) PLANE_ANGLE_UNIT ( ) SI_UNIT ( $, .RADIAN. ) );
#1529 = FACE_OUTER_BOUND ( 'NONE', #4872, .T. ) ;
#1530 = SURFACE_STYLE_USAGE ( .BOTH. , #7973 ) ;
#1531 =( NAMED_UNIT ( * ) SI_UNIT ( $, .STERADIAN. ) SOLID_ANGLE_UNIT ( ) );
#1532 = STYLED_ITEM ( 'NONE', ( #5406 ), #5237 ) ;
#1533 =( NAMED_UNIT ( * ) SI_UNIT ( $, .STERADIAN. ) SOLID_ANGLE_UNIT ( ) );
#1534 = SURFACE_STYLE_USAGE ( .BOTH. , #6020 ) ;
#1535 =( LENGTH_UNIT ( ) NAMED_UNIT ( * ) SI_UNIT ( .MILLI., .METRE. ) );
#1536 = CARTESIAN_POINT ( 'NONE',  ( 1.500000000000000444, -0.1250000000000000000, 0.000000000000000000 ) ) ;
#1537 = CIRCLE ( 'NONE', #2928, 0.1870828693386972497 ) ;
#1538 = AXIS2_PLACEMENT_3D ( 'NONE', #6789, #339, #3941 ) ;
#1539 = EDGE_CURVE ( 'NONE', #433, #1684, #7880, .T. ) ;
#1540 = PRESENTATION_STYLE_ASSIGNMENT (( #4614 ) ) ;
#1541 = EDGE_LOOP ( 'NONE', ( #3944, #6977, #4122 ) ) ;
#1542 = DIRECTION ( 'NONE',  ( 0.000000000000000000, -1.000000000000000000, 0.000000000000000000 ) ) ;
#1543 = PRESENTATION_LAYER_ASSIGNMENT (  '', '', ( #5517 ) ) ;
#1544 = STYLED_ITEM ( 'NONE', ( #6561 ), #4831 ) ;
#1545 = PLANE ( 'NONE',  #1538 ) ;
#1546 =( NAMED_UNIT ( * ) SI_UNIT ( $, .STERADIAN. ) SOLID_ANGLE_UNIT ( ) );
#1547 = AXIS2_PLACEMENT_3D ( 'NONE', #6385, #6239, #5650 ) ;
#1548 = EDGE_LOOP ( 'NONE', ( #3896, #3332, #5488 ) ) ;
#1549 = SURFACE_SIDE_STYLE ('',( #8659 ) ) ;
#1550 =( LENGTH_UNIT ( ) NAMED_UNIT ( * ) SI_UNIT ( .MILLI., .METRE. ) );
#1552 = EDGE_LOOP ( 'NONE', ( #4257, #4260, #8762, #8172 ) ) ;
#1551 = DIRECTION ( 'NONE',  ( 0.000000000000000000, 0.000000000000000000, -1.000000000000000000 ) ) ;
#1553 = CARTESIAN_POINT ( 'NONE',  ( 4.500000000000001776, 0.000000000000000000, -8.000000000000000000 ) ) ;
#1554 = ADVANCED_FACE ( 'NONE', ( #6187 ), #7164, .T. ) ;
#1555 = DIRECTION ( 'NONE',  ( -1.000000000000000000, 0.000000000000000000, 0.000000000000000000 ) ) ;
#1556 = AXIS2_PLACEMENT_3D ( 'NONE', #7069, #1233, #2063 ) ;
#1557 = AXIS2_PLACEMENT_3D ( 'NONE', #8121, #1019, #6691 ) ;
#1558 = AXIS2_PLACEMENT_3D ( 'NONE', #2814, #5812, #1422 ) ;
#1559 = ORIENTED_EDGE ( 'NONE', *, *, #6167, .T. ) ;
#1560 = DIRECTION ( 'NONE',  ( 0.000000000000000000, -1.000000000000000000, 0.000000000000000000 ) ) ;
#1561 = FILL_AREA_STYLE ('',( #5727 ) ) ;
#1562 = FILL_AREA_STYLE_COLOUR ( '', #2689 ) ;
#1563 =( LENGTH_UNIT ( ) NAMED_UNIT ( * ) SI_UNIT ( .MILLI., .METRE. ) );
#1564 = FILL_AREA_STYLE_COLOUR ( '', #4955 ) ;
#1565 = ORIENTED_EDGE ( 'NONE', *, *, #5251, .F. ) ;
#1566 = SURFACE_SIDE_STYLE ('',( #8985 ) ) ;
#1567 = AXIS2_PLACEMENT_3D ( 'NONE', #7848, #6456, #5518 ) ;
#1568 = ORIENTED_EDGE ( 'NONE', *, *, #1444, .T. ) ;
#1569 = FACE_BOUND ( 'NONE', #3515, .T. ) ;
#1570 = CARTESIAN_POINT ( 'NONE',  ( 3.687082869338697666, 0.000000000000000000, -4.000000000000000000 ) ) ;
#1571 = MECHANICAL_DESIGN_GEOMETRIC_PRESENTATION_REPRESENTATION (  '', ( #8261 ), #6895 ) ;
#1572 = EDGE_CURVE ( 'NONE', #4148, #3511, #296, .T. ) ;
#1573 = AXIS2_PLACEMENT_3D ( 'NONE', #8345, #379, #7559 ) ;
#1574 =( LENGTH_UNIT ( ) NAMED_UNIT ( * ) SI_UNIT ( .MILLI., .METRE. ) );
#1575 = SURFACE_SIDE_STYLE ('',( #7411 ) ) ;
#1576 = FILL_AREA_STYLE ('',( #908 ) ) ;
#1577 = FACE_OUTER_BOUND ( 'NONE', #5031, .T. ) ;
#1578 =( NAMED_UNIT ( * ) SI_UNIT ( $, .STERADIAN. ) SOLID_ANGLE_UNIT ( ) );
#1579 =( GEOMETRIC_REPRESENTATION_CONTEXT ( 3 ) GLOBAL_UNCERTAINTY_ASSIGNED_CONTEXT ( ( #1814 ) ) GLOBAL_UNIT_ASSIGNED_CONTEXT ( ( #73, #1414, #2140 ) ) REPRESENTATION_CONTEXT ( 'NONE', 'WORKASPACE' ) );
#1580 = DIRECTION ( 'NONE',  ( -1.000000000000000000, 0.000000000000000000, 0.000000000000000000 ) ) ;
#1581 = CARTESIAN_POINT ( 'NONE',  ( -1.499999999999999556, -0.1250000000000000000, -5.000000000000000000 ) ) ;
#1582 = AXIS2_PLACEMENT_3D ( 'NONE', #6929, #1208, #1260 ) ;
#1583 = CARTESIAN_POINT ( 'NONE',  ( -5.100000000000002309, 0.9100000000000000311, -7.099999999999997868 ) ) ;
#1584 = DIRECTION ( 'NONE',  ( -1.000000000000000000, 0.000000000000000000, 0.000000000000000000 ) ) ;
#1585 = CARTESIAN_POINT ( 'NONE',  ( 3.312917130661303222, 0.000000000000000000, -2.000000000000000000 ) ) ;
#1586 = SURFACE_STYLE_USAGE ( .BOTH. , #5235 ) ;
#1587 = FILL_AREA_STYLE_COLOUR ( '', #5879 ) ;
#1588 = UNCERTAINTY_MEASURE_WITH_UNIT (LENGTH_MEASURE( 1.000000000000000082E-05 ), #1992, 'distance_accuracy_value', 'NONE');
#1589 = DIRECTION ( 'NONE',  ( 0.000000000000000000, 0.000000000000000000, 1.000000000000000000 ) ) ;
#1590 =( NAMED_UNIT ( * ) PLANE_ANGLE_UNIT ( ) SI_UNIT ( $, .RADIAN. ) );
#1591 = ADVANCED_FACE ( 'NONE', ( #7871 ), #7821, .T. ) ;
#1592 = VERTEX_POINT ( 'NONE', #8529 ) ;
#1593 = CARTESIAN_POINT ( 'NONE',  ( 1.500000000000000444, -0.1250000000000000000, 0.000000000000000000 ) ) ;
#1594 = DIRECTION ( 'NONE',  ( 0.000000000000000000, -1.000000000000000000, 0.000000000000000000 ) ) ;
#1595 = ORIENTED_EDGE ( 'NONE', *, *, #2101, .F. ) ;
#1596 = DIRECTION ( 'NONE',  ( -1.000000000000000000, 0.000000000000000000, 0.000000000000000000 ) ) ;
#1597 = VECTOR ( 'NONE', #2105, 1000.000000000000000 ) ;
#1598 = ORIENTED_EDGE ( 'NONE', *, *, #2797, .F. ) ;
#1599 = FILL_AREA_STYLE ('',( #7483 ) ) ;
#1600 = MECHANICAL_DESIGN_GEOMETRIC_PRESENTATION_REPRESENTATION (  '', ( #5430 ), #9389 ) ;
#1601 =( NAMED_UNIT ( * ) PLANE_ANGLE_UNIT ( ) SI_UNIT ( $, .RADIAN. ) );
#1602 = EDGE_CURVE ( 'NONE', #9218, #3991, #8317, .T. ) ;
#1603 = FACE_OUTER_BOUND ( 'NONE', #7409, .T. ) ;
#1604 = ADVANCED_FACE ( 'NONE', ( #8623 ), #7658, .T. ) ;
#1605 = SURFACE_STYLE_FILL_AREA ( #8179 ) ;
#1606 = VERTEX_POINT ( 'NONE', #5037 ) ;
#1607 = FACE_OUTER_BOUND ( 'NONE', #6370, .T. ) ;
#1608 = ORIENTED_EDGE ( 'NONE', *, *, #4537, .T. ) ;
#1609 = PRESENTATION_LAYER_ASSIGNMENT (  '', '', ( #1000 ) ) ;
#1610 = DIRECTION ( 'NONE',  ( 0.000000000000000000, -1.000000000000000000, 0.000000000000000000 ) ) ;
#1611 = AXIS2_PLACEMENT_3D ( 'NONE', #2185, #1465, #7310 ) ;
#1612 = UNCERTAINTY_MEASURE_WITH_UNIT (LENGTH_MEASURE( 1.000000000000000082E-05 ), #1563, 'distance_accuracy_value', 'NONE');
#1613 = SPHERICAL_SURFACE ( 'NONE', #1873, 0.2250000000000000888 ) ;
#1614 = EDGE_CURVE ( 'NONE', #758, #1647, #1108, .T. ) ;
#1615 = CIRCLE ( 'NONE', #7118, 0.1870828693386972497 ) ;
#1616 = DIRECTION ( 'NONE',  ( -1.224646799147353207E-16, 0.000000000000000000, 1.000000000000000000 ) ) ;
#1618 =( GEOMETRIC_REPRESENTATION_CONTEXT ( 3 ) GLOBAL_UNCERTAINTY_ASSIGNED_CONTEXT ( ( #9115 ) ) GLOBAL_UNIT_ASSIGNED_CONTEXT ( ( #5094, #5048, #9307 ) ) REPRESENTATION_CONTEXT ( 'NONE', 'WORKASPACE' ) );
#1617 = MECHANICAL_DESIGN_GEOMETRIC_PRESENTATION_REPRESENTATION (  '', ( #4077 ), #9383 ) ;
#1619 = VERTEX_POINT ( 'NONE', #8353 ) ;
#1620 = FACE_OUTER_BOUND ( 'NONE', #5828, .T. ) ;
#1621 =( NAMED_UNIT ( * ) SI_UNIT ( $, .STERADIAN. ) SOLID_ANGLE_UNIT ( ) );
#1622 = DIRECTION ( 'NONE',  ( 0.000000000000000000, 0.000000000000000000, 1.000000000000000000 ) ) ;
#1623 = CARTESIAN_POINT ( 'NONE',  ( 1.500000000000000444, 0.000000000000000000, 0.000000000000000000 ) ) ;
#1624 = SURFACE_SIDE_STYLE ('',( #7930 ) ) ;
#1625 = SURFACE_STYLE_FILL_AREA ( #4377 ) ;
#1626 = SPHERICAL_SURFACE ( 'NONE', #137, 0.2250000000000000888 ) ;
#1627 = CARTESIAN_POINT ( 'NONE',  ( 0.5000000000000004441, -0.1250000000000000000, 4.000000000000000000 ) ) ;
#1628 = SURFACE_SIDE_STYLE ('',( #8155 ) ) ;
#1629 = CARTESIAN_POINT ( 'NONE',  ( 4.500000000000001776, 0.000000000000000000, 8.000000000000000000 ) ) ;
#1630 = DIRECTION ( 'NONE',  ( 0.000000000000000000, 0.000000000000000000, 1.000000000000000000 ) ) ;
#1631 = ADVANCED_FACE ( 'NONE', ( #8761 ), #4494, .T. ) ;
#1632 = DIRECTION ( 'NONE',  ( -0.000000000000000000, -0.000000000000000000, -1.000000000000000000 ) ) ;
#1633 =( GEOMETRIC_REPRESENTATION_CONTEXT ( 3 ) GLOBAL_UNCERTAINTY_ASSIGNED_CONTEXT ( ( #598 ) ) GLOBAL_UNIT_ASSIGNED_CONTEXT ( ( #5961, #8813, #8856 ) ) REPRESENTATION_CONTEXT ( 'NONE', 'WORKASPACE' ) );
#1634 = EDGE_LOOP ( 'NONE', ( #3565, #3460 ) ) ;
#1635 = AXIS2_PLACEMENT_3D ( 'NONE', #338, #299, #8165 ) ;
#1636 = SURFACE_STYLE_FILL_AREA ( #4608 ) ;
#1637 = SURFACE_SIDE_STYLE ('',( #3751 ) ) ;
#1638 = FILL_AREA_STYLE_COLOUR ( '', #2352 ) ;
#1639 = STYLED_ITEM ( 'NONE', ( #2217 ), #1801 ) ;
#1640 = ORIENTED_EDGE ( 'NONE', *, *, #5523, .F. ) ;
#1641 = DIRECTION ( 'NONE',  ( 0.000000000000000000, -1.000000000000000000, 0.000000000000000000 ) ) ;
#1643 = ORIENTED_EDGE ( 'NONE', *, *, #4538, .F. ) ;
#1642 = SPHERICAL_SURFACE ( 'NONE', #4834, 0.2250000000000000888 ) ;
#1644 = DIRECTION ( 'NONE',  ( 0.000000000000000000, 0.000000000000000000, -1.000000000000000000 ) ) ;
#1645 = AXIS2_PLACEMENT_3D ( 'NONE', #5099, #4423, #2882 ) ;
#1646 = FILL_AREA_STYLE_COLOUR ( '', #944 ) ;
#1647 = VERTEX_POINT ( 'NONE', #817 ) ;
#1648 = MECHANICAL_DESIGN_GEOMETRIC_PRESENTATION_REPRESENTATION (  '', ( #3650 ), #8801 ) ;
#1649 = ORIENTED_EDGE ( 'NONE', *, *, #4267, .F. ) ;
#1650 = SPHERICAL_SURFACE ( 'NONE', #1064, 0.2250000000000000888 ) ;
#1651 = AXIS2_PLACEMENT_3D ( 'NONE', #6718, #5965, #8241 ) ;
#1652 = CARTESIAN_POINT ( 'NONE',  ( -0.4999999999999995559, -0.1250000000000000000, 4.000000000000000000 ) ) ;
#1653 = ORIENTED_EDGE ( 'NONE', *, *, #5492, .F. ) ;
#1654 = EDGE_LOOP ( 'NONE', ( #1672, #4158 ) ) ;
#1655 =( NAMED_UNIT ( * ) PLANE_ANGLE_UNIT ( ) SI_UNIT ( $, .RADIAN. ) );
#1656 = DIRECTION ( 'NONE',  ( -1.000000000000000000, 0.000000000000000000, 0.000000000000000000 ) ) ;
#1657 = DIRECTION ( 'NONE',  ( 0.000000000000000000, -1.000000000000000000, 0.000000000000000000 ) ) ;
#1658 = AXIS2_PLACEMENT_3D ( 'NONE', #6237, #1189, #8173 ) ;
#1659 = ADVANCED_FACE ( 'NONE', ( #6882 ), #6071, .T. ) ;
#1660 = CIRCLE ( 'NONE', #2746, 0.1870828693386972497 ) ;
#1661 = DIRECTION ( 'NONE',  ( -0.000000000000000000, -0.000000000000000000, -1.000000000000000000 ) ) ;
#1662 = CARTESIAN_POINT ( 'NONE',  ( 3.687082869338697666, 0.000000000000000000, 2.999999999999999112 ) ) ;
#1663 = FILL_AREA_STYLE ('',( #8328 ) ) ;
#1664 = ORIENTED_EDGE ( 'NONE', *, *, #1539, .F. ) ;
#1665 = PRESENTATION_STYLE_ASSIGNMENT (( #874 ) ) ;
#1666 = DIRECTION ( 'NONE',  ( 0.000000000000000000, -0.000000000000000000, 1.000000000000000000 ) ) ;
#1667 = CARTESIAN_POINT ( 'NONE',  ( -2.687082869338696778, 0.000000000000000000, 4.000000000000000000 ) ) ;
#1668 = SPHERICAL_SURFACE ( 'NONE', #8189, 0.2250000000000000888 ) ;
#1669 = CARTESIAN_POINT ( 'NONE',  ( 3.500000000000000444, -0.1250000000000000000, -4.000000000000000000 ) ) ;
#1670 = EDGE_CURVE ( 'NONE', #337, #2760, #4405, .T. ) ;
#1671 = UNCERTAINTY_MEASURE_WITH_UNIT (LENGTH_MEASURE( 1.000000000000000082E-05 ), #192, 'distance_accuracy_value', 'NONE');
#1672 = ORIENTED_EDGE ( 'NONE', *, *, #8498, .F. ) ;
#1673 = FILL_AREA_STYLE_COLOUR ( '', #3452 ) ;
#1674 = DIRECTION ( 'NONE',  ( 1.000000000000000000, 0.000000000000000000, 0.000000000000000000 ) ) ;
#1675 = DIRECTION ( 'NONE',  ( 1.000000000000000000, 0.000000000000000000, 0.000000000000000000 ) ) ;
#1676 = CARTESIAN_POINT ( 'NONE',  ( 2.312917130661303222, 0.000000000000000000, -2.000000000000000000 ) ) ;
#1677 = SURFACE_SIDE_STYLE ('',( #970 ) ) ;
#1678 = SURFACE_SIDE_STYLE ('',( #8205 ) ) ;
#1679 =( GEOMETRIC_REPRESENTATION_CONTEXT ( 3 ) GLOBAL_UNCERTAINTY_ASSIGNED_CONTEXT ( ( #9021 ) ) GLOBAL_UNIT_ASSIGNED_CONTEXT ( ( #6633, #7178, #3017 ) ) REPRESENTATION_CONTEXT ( 'NONE', 'WORKASPACE' ) );
#1680 = ORIENTED_EDGE ( 'NONE', *, *, #7950, .F. ) ;
#1681 = ADVANCED_FACE ( 'NONE', ( #8513 ), #5514, .T. ) ;
#1682 = CARTESIAN_POINT ( 'NONE',  ( 2.500000000000000444, 0.000000000000000000, 1.000000000000000888 ) ) ;
#1683 = DIRECTION ( 'NONE',  ( 0.000000000000000000, -1.000000000000000000, 0.000000000000000000 ) ) ;
#1684 = VERTEX_POINT ( 'NONE', #4143 ) ;
#1685 = MECHANICAL_DESIGN_GEOMETRIC_PRESENTATION_REPRESENTATION (  '', ( #3055 ), #204 ) ;
#1686 = CARTESIAN_POINT ( 'NONE',  ( 2.500000000000000444, -0.1250000000000000000, -1.000000000000000000 ) ) ;
#1687 = CIRCLE ( 'NONE', #7192, 0.1870828693386972497 ) ;
#1689 = VERTEX_POINT ( 'NONE', #5571 ) ;
#1688 = FACE_OUTER_BOUND ( 'NONE', #7106, .T. ) ;
#1690 = DIRECTION ( 'NONE',  ( -1.224646799147353207E-16, 0.000000000000000000, 1.000000000000000000 ) ) ;
#1691 = EDGE_LOOP ( 'NONE', ( #6168, #7153, #5172 ) ) ;
#1692 = CIRCLE ( 'NONE', #7032, 0.1870828693386972497 ) ;
#1694 = DIRECTION ( 'NONE',  ( 0.000000000000000000, -1.000000000000000000, 0.000000000000000000 ) ) ;
#1693 = AXIS2_PLACEMENT_3D ( 'NONE', #476, #8083, #1555 ) ;
#1695 = CIRCLE ( 'NONE', #68, 0.2250000000000000611 ) ;
#1696 = SPHERICAL_SURFACE ( 'NONE', #4611, 0.2250000000000000888 ) ;
#1697 = CIRCLE ( 'NONE', #8390, 0.2250000000000000611 ) ;
#1698 =( LENGTH_UNIT ( ) NAMED_UNIT ( * ) SI_UNIT ( .MILLI., .METRE. ) );
#1699 = FILL_AREA_STYLE_COLOUR ( '', #8422 ) ;
#1700 = VERTEX_POINT ( 'NONE', #4248 ) ;
#1701 = ORIENTED_EDGE ( 'NONE', *, *, #3404, .T. ) ;
#1702 = AXIS2_PLACEMENT_3D ( 'NONE', #3037, #6922, #3082 ) ;
#1703 =( NAMED_UNIT ( * ) SI_UNIT ( $, .STERADIAN. ) SOLID_ANGLE_UNIT ( ) );
#1704 = AXIS2_PLACEMENT_3D ( 'NONE', #3165, #9111, #4566 ) ;
#1705 = CIRCLE ( 'NONE', #1405, 0.1870828693386972497 ) ;
#1706 = DIRECTION ( 'NONE',  ( -0.000000000000000000, -0.000000000000000000, -1.000000000000000000 ) ) ;
#1707 = CIRCLE ( 'NONE', #3078, 0.1870828693386972497 ) ;
#1708 = VECTOR ( 'NONE', #3923, 1000.000000000000000 ) ;
#1709 = MECHANICAL_DESIGN_GEOMETRIC_PRESENTATION_REPRESENTATION (  '', ( #5838 ), #3715 ) ;
#1710 =( LENGTH_UNIT ( ) NAMED_UNIT ( * ) SI_UNIT ( .MILLI., .METRE. ) );
#1711 = PRESENTATION_STYLE_ASSIGNMENT (( #279 ) ) ;
#1712 = DIRECTION ( 'NONE',  ( -1.000000000000000000, 0.000000000000000000, 0.000000000000000000 ) ) ;
#1713 = CARTESIAN_POINT ( 'NONE',  ( 4.500000000000001776, -0.1250000000000000000, 8.000000000000000000 ) ) ;
#1714 = EDGE_CURVE ( 'NONE', #8057, #6274, #5617, .T. ) ;
#1715 = ADVANCED_FACE ( 'NONE', ( #9324 ), #483, .T. ) ;
#1716 = PLANE ( 'NONE',  #982 ) ;
#1717 = DIRECTION ( 'NONE',  ( -1.000000000000000000, 0.000000000000000000, 0.000000000000000000 ) ) ;
#1718 = CARTESIAN_POINT ( 'NONE',  ( 2.500000000000000444, -0.1250000000000000000, 4.000000000000000000 ) ) ;
#1719 = CARTESIAN_POINT ( 'NONE',  ( -0.4999999999999995559, -0.1250000000000000000, 1.000000000000000888 ) ) ;
#1720 = SURFACE_STYLE_USAGE ( .BOTH. , #1624 ) ;
#1721 = AXIS2_PLACEMENT_3D ( 'NONE', #8014, #3639, #5089 ) ;
#1722 = ORIENTED_EDGE ( 'NONE', *, *, #7824, .F. ) ;
#1723 = SPHERICAL_SURFACE ( 'NONE', #6801, 0.2250000000000000888 ) ;
#1724 = MECHANICAL_DESIGN_GEOMETRIC_PRESENTATION_REPRESENTATION (  '', ( #8270 ), #2199 ) ;
#1725 = EDGE_CURVE ( 'NONE', #8465, #4091, #7447, .T. ) ;
#1726 = AXIS2_PLACEMENT_3D ( 'NONE', #8191, #1661, #4593 ) ;
#1727 = DIRECTION ( 'NONE',  ( -0.000000000000000000, -0.000000000000000000, -1.000000000000000000 ) ) ;
#1728 = SURFACE_SIDE_STYLE ('',( #1773 ) ) ;
#1729 = DIRECTION ( 'NONE',  ( -1.224646799147353207E-16, 0.000000000000000000, 1.000000000000000000 ) ) ;
#1730 =( NAMED_UNIT ( * ) PLANE_ANGLE_UNIT ( ) SI_UNIT ( $, .RADIAN. ) );
#1731 = STYLED_ITEM ( 'NONE', ( #5947 ), #6504 ) ;
#1732 = FILL_AREA_STYLE ('',( #6690 ) ) ;
#1733 = DIRECTION ( 'NONE',  ( 1.000000000000000000, 0.000000000000000000, 0.000000000000000000 ) ) ;
#1734 = CARTESIAN_POINT ( 'NONE',  ( 3.687082869338697666, 0.000000000000000000, 1.000000000000000888 ) ) ;
#1735 = SURFACE_SIDE_STYLE ('',( #860 ) ) ;
#1736 = ORIENTED_EDGE ( 'NONE', *, *, #9410, .F. ) ;
#1737 = DIRECTION ( 'NONE',  ( 0.000000000000000000, 0.000000000000000000, -1.000000000000000000 ) ) ;
#1738 = PRESENTATION_STYLE_ASSIGNMENT (( #3173 ) ) ;
#1740 = VERTEX_POINT ( 'NONE', #579 ) ;
#1739 = SURFACE_SIDE_STYLE ('',( #7571 ) ) ;
#1741 = DIRECTION ( 'NONE',  ( 0.000000000000000000, -1.000000000000000000, 0.000000000000000000 ) ) ;
#1742 = ORIENTED_EDGE ( 'NONE', *, *, #4085, .T. ) ;
#1743 = EDGE_LOOP ( 'NONE', ( #4068, #3492 ) ) ;
#1744 = AXIS2_PLACEMENT_3D ( 'NONE', #5877, #2249, #5183 ) ;
#1745 = FACE_OUTER_BOUND ( 'NONE', #1401, .T. ) ;
#1746 =( LENGTH_UNIT ( ) NAMED_UNIT ( * ) SI_UNIT ( .MILLI., .METRE. ) );
#1747 = AXIS2_PLACEMENT_3D ( 'NONE', #7458, #7549, #8905 ) ;
#1748 = EDGE_LOOP ( 'NONE', ( #3967, #1219, #5120 ) ) ;
#1749 = SURFACE_STYLE_FILL_AREA ( #8280 ) ;
#1750 = CIRCLE ( 'NONE', #7408, 0.1870828693386972497 ) ;
#1751 = ORIENTED_EDGE ( 'NONE', *, *, #1892, .F. ) ;
#1752 = FACE_BOUND ( 'NONE', #9341, .T. ) ;
#1753 = COLOUR_RGB ( '',0.8941176470588234615, 0.9137254901960784048, 0.9294117647058823817 ) ;
#1754 = DIRECTION ( 'NONE',  ( -1.000000000000000000, 0.000000000000000000, 0.000000000000000000 ) ) ;
#1755 = VECTOR ( 'NONE', #592, 1000.000000000000000 ) ;
#1756 = PRESENTATION_STYLE_ASSIGNMENT (( #8230 ) ) ;
#1757 = CARTESIAN_POINT ( 'NONE',  ( 0.5000000000000004441, -0.1250000000000000000, -2.000000000000000000 ) ) ;
#1758 = SURFACE_STYLE_USAGE ( .BOTH. , #5494 ) ;
#1759 =( NAMED_UNIT ( * ) SI_UNIT ( $, .STERADIAN. ) SOLID_ANGLE_UNIT ( ) );
#1760 = MECHANICAL_DESIGN_GEOMETRIC_PRESENTATION_REPRESENTATION (  '', ( #1309 ), #8618 ) ;
#1761 = DIRECTION ( 'NONE',  ( 0.000000000000000000, 0.000000000000000000, -1.000000000000000000 ) ) ;
#1762 = STYLED_ITEM ( 'NONE', ( #8540 ), #1218 ) ;
#1763 =( NAMED_UNIT ( * ) PLANE_ANGLE_UNIT ( ) SI_UNIT ( $, .RADIAN. ) );
#1764 =( GEOMETRIC_REPRESENTATION_CONTEXT ( 3 ) GLOBAL_UNCERTAINTY_ASSIGNED_CONTEXT ( ( #2262 ) ) GLOBAL_UNIT_ASSIGNED_CONTEXT ( ( #4686, #3468, #1274 ) ) REPRESENTATION_CONTEXT ( 'NONE', 'WORKASPACE' ) );
#1765 = DIRECTION ( 'NONE',  ( 0.000000000000000000, -1.000000000000000000, 0.000000000000000000 ) ) ;
#1766 = FACE_OUTER_BOUND ( 'NONE', #7522, .T. ) ;
#1767 = ORIENTED_EDGE ( 'NONE', *, *, #1026, .T. ) ;
#1768 = UNCERTAINTY_MEASURE_WITH_UNIT (LENGTH_MEASURE( 1.000000000000000082E-05 ), #9065, 'distance_accuracy_value', 'NONE');
#1769 = PRESENTATION_LAYER_ASSIGNMENT (  '', '', ( #3446 ) ) ;
#1770 = FILL_AREA_STYLE ('',( #333 ) ) ;
#1771 = ORIENTED_EDGE ( 'NONE', *, *, #363, .T. ) ;
#1772 = SURFACE_STYLE_FILL_AREA ( #9158 ) ;
#1773 = SURFACE_STYLE_FILL_AREA ( #6063 ) ;
#1774 = CIRCLE ( 'NONE', #3918, 0.2250000000000001443 ) ;
#1775 =( LENGTH_UNIT ( ) NAMED_UNIT ( * ) SI_UNIT ( .MILLI., .METRE. ) );
#1776 = EDGE_CURVE ( 'NONE', #8339, #929, #3474, .T. ) ;
#1777 = VERTEX_POINT ( 'NONE', #6403 ) ;
#1778 = UNCERTAINTY_MEASURE_WITH_UNIT (LENGTH_MEASURE( 1.000000000000000082E-05 ), #1157, 'distance_accuracy_value', 'NONE');
#1779 = CIRCLE ( 'NONE', #746, 0.1870828693386972497 ) ;
#1780 = DIRECTION ( 'NONE',  ( 0.000000000000000000, 0.000000000000000000, -1.000000000000000000 ) ) ;
#1781 = FACE_OUTER_BOUND ( 'NONE', #5724, .T. ) ;
#1782 =( NAMED_UNIT ( * ) PLANE_ANGLE_UNIT ( ) SI_UNIT ( $, .RADIAN. ) );
#1783 = EDGE_LOOP ( 'NONE', ( #5477, #774, #7202 ) ) ;
#1784 =( LENGTH_UNIT ( ) NAMED_UNIT ( * ) SI_UNIT ( .MILLI., .METRE. ) );
#1785 = DIRECTION ( 'NONE',  ( -1.224646799147353207E-16, 0.000000000000000000, 1.000000000000000000 ) ) ;
#1787 = ORIENTED_EDGE ( 'NONE', *, *, #4970, .F. ) ;
#1786 =( LENGTH_UNIT ( ) NAMED_UNIT ( * ) SI_UNIT ( .MILLI., .METRE. ) );
#1788 = DIRECTION ( 'NONE',  ( 0.000000000000000000, 0.000000000000000000, -1.000000000000000000 ) ) ;
#1789 = EDGE_CURVE ( 'NONE', #2677, #3991, #9098, .T. ) ;
#1790 = EDGE_LOOP ( 'NONE', ( #3568, #2603, #3713 ) ) ;
#1791 = ORIENTED_EDGE ( 'NONE', *, *, #755, .F. ) ;
#1792 =( GEOMETRIC_REPRESENTATION_CONTEXT ( 3 ) GLOBAL_UNCERTAINTY_ASSIGNED_CONTEXT ( ( #4877 ) ) GLOBAL_UNIT_ASSIGNED_CONTEXT ( ( #4705, #7597, #2527 ) ) REPRESENTATION_CONTEXT ( 'NONE', 'WORKASPACE' ) );
#1793 = CARTESIAN_POINT ( 'NONE',  ( -2.499999999999999556, -0.1250000000000000000, 2.999999999999999112 ) ) ;
#1794 = DIRECTION ( 'NONE',  ( -1.000000000000000000, 0.000000000000000000, 0.000000000000000000 ) ) ;
#1795 = VERTEX_POINT ( 'NONE', #761 ) ;
#1796 = ORIENTED_EDGE ( 'NONE', *, *, #1384, .T. ) ;
#1797 = AXIS2_PLACEMENT_3D ( 'NONE', #202, #2430, #4669 ) ;
#1798 = DIRECTION ( 'NONE',  ( 0.000000000000000000, 0.000000000000000000, 1.000000000000000000 ) ) ;
#1799 = COLOUR_RGB ( '',0.8941176470588234615, 0.9137254901960784048, 0.9294117647058823817 ) ;
#1800 = DIRECTION ( 'NONE',  ( 0.000000000000000000, 0.000000000000000000, 1.000000000000000000 ) ) ;
#1801 = ADVANCED_FACE ( 'NONE', ( #2255 ), #156, .T. ) ;
#1802 =( GEOMETRIC_REPRESENTATION_CONTEXT ( 3 ) GLOBAL_UNCERTAINTY_ASSIGNED_CONTEXT ( ( #2003 ) ) GLOBAL_UNIT_ASSIGNED_CONTEXT ( ( #8902, #2465, #8237 ) ) REPRESENTATION_CONTEXT ( 'NONE', 'WORKASPACE' ) );
#1803 = DIRECTION ( 'NONE',  ( 0.000000000000000000, 0.000000000000000000, -1.000000000000000000 ) ) ;
#1804 = VERTEX_POINT ( 'NONE', #4384 ) ;
#1805 = CARTESIAN_POINT ( 'NONE',  ( -7.000000000000001776, 0.9100000000000000311, -8.999999999999998224 ) ) ;
#1806 = SURFACE_SIDE_STYLE ('',( #6960 ) ) ;
#1807 = PRESENTATION_STYLE_ASSIGNMENT (( #2008 ) ) ;
#1808 = DIRECTION ( 'NONE',  ( -1.000000000000000000, 0.000000000000000000, 0.000000000000000000 ) ) ;
#1809 = STYLED_ITEM ( 'NONE', ( #1228 ), #3658 ) ;
#1810 = DIRECTION ( 'NONE',  ( 1.000000000000000000, 0.000000000000000000, 0.000000000000000000 ) ) ;
#1811 = CARTESIAN_POINT ( 'NONE',  ( -2.499999999999999556, -0.1250000000000000000, 2.000000000000000000 ) ) ;
#1812 = ORIENTED_EDGE ( 'NONE', *, *, #4234, .F. ) ;
#1813 = VERTEX_POINT ( 'NONE', #5188 ) ;
#1814 = UNCERTAINTY_MEASURE_WITH_UNIT (LENGTH_MEASURE( 1.000000000000000082E-05 ), #73, 'distance_accuracy_value', 'NONE');
#1815 = CARTESIAN_POINT ( 'NONE',  ( 1.500000000000000444, -0.1250000000000000000, 1.000000000000000888 ) ) ;
#1816 = DIRECTION ( 'NONE',  ( -0.000000000000000000, -0.000000000000000000, -1.000000000000000000 ) ) ;
#1817 = EDGE_LOOP ( 'NONE', ( #8940, #6748 ) ) ;
#1818 = SURFACE_SIDE_STYLE ('',( #3983 ) ) ;
#1819 = CARTESIAN_POINT ( 'NONE',  ( -2.499999999999999556, -0.1250000000000000000, -1.000000000000000000 ) ) ;
#1820 = ORIENTED_EDGE ( 'NONE', *, *, #9374, .T. ) ;
#1821 = SURFACE_STYLE_USAGE ( .BOTH. , #3304 ) ;
#1823 = ORIENTED_EDGE ( 'NONE', *, *, #6902, .F. ) ;
#1822 =( NAMED_UNIT ( * ) PLANE_ANGLE_UNIT ( ) SI_UNIT ( $, .RADIAN. ) );
#1824 = EDGE_CURVE ( 'NONE', #4909, #2947, #8654, .T. ) ;
#1825 = PRESENTATION_LAYER_ASSIGNMENT (  '', '', ( #8844 ) ) ;
#1826 = EDGE_CURVE ( 'NONE', #6084, #629, #5468, .T. ) ;
#1827 = DIRECTION ( 'NONE',  ( 0.000000000000000000, 0.000000000000000000, -1.000000000000000000 ) ) ;
#1828 =( GEOMETRIC_REPRESENTATION_CONTEXT ( 3 ) GLOBAL_UNCERTAINTY_ASSIGNED_CONTEXT ( ( #3121 ) ) GLOBAL_UNIT_ASSIGNED_CONTEXT ( ( #9047, #4649, #6766 ) ) REPRESENTATION_CONTEXT ( 'NONE', 'WORKASPACE' ) );
#1829 = UNCERTAINTY_MEASURE_WITH_UNIT (LENGTH_MEASURE( 1.000000000000000082E-05 ), #3053, 'distance_accuracy_value', 'NONE');
#1830 = ORIENTED_EDGE ( 'NONE', *, *, #4201, .T. ) ;
#1831 = SURFACE_SIDE_STYLE ('',( #7618 ) ) ;
#1832 = AXIS2_PLACEMENT_3D ( 'NONE', #8818, #3688, #3739 ) ;
#1833 = CARTESIAN_POINT ( 'NONE',  ( -1.499999999999999556, 0.000000000000000000, 2.000000000000000000 ) ) ;
#1834 = MECHANICAL_DESIGN_GEOMETRIC_PRESENTATION_REPRESENTATION (  '', ( #7639 ), #5668 ) ;
#1835 = VERTEX_POINT ( 'NONE', #8029 ) ;
#1836 = ADVANCED_FACE ( 'NONE', ( #7244 ), #5230, .T. ) ;
#1837 = SURFACE_STYLE_USAGE ( .BOTH. , #9241 ) ;
#1838 = EDGE_CURVE ( 'NONE', #4480, #684, #5631, .T. ) ;
#1839 = ORIENTED_EDGE ( 'NONE', *, *, #3120, .F. ) ;
#1840 =( NAMED_UNIT ( * ) SI_UNIT ( $, .STERADIAN. ) SOLID_ANGLE_UNIT ( ) );
#1841 = ORIENTED_EDGE ( 'NONE', *, *, #5702, .T. ) ;
#1842 = CARTESIAN_POINT ( 'NONE',  ( 3.312917130661303222, 0.000000000000000000, 2.000000000000000000 ) ) ;
#1843 = FILL_AREA_STYLE_COLOUR ( '', #220 ) ;
#1844 = PRESENTATION_LAYER_ASSIGNMENT (  '', '', ( #3362 ) ) ;
#1845 = PRESENTATION_LAYER_ASSIGNMENT (  '', '', ( #798 ) ) ;
#1847 = MECHANICAL_DESIGN_GEOMETRIC_PRESENTATION_REPRESENTATION (  '', ( #9329 ), #7647 ) ;
#1846 = CARTESIAN_POINT ( 'NONE',  ( 0.5000000000000004441, -0.1250000000000000000, -4.000000000000000000 ) ) ;
#1848 = EDGE_CURVE ( 'NONE', #1315, #3620, #7590, .T. ) ;
#1849 =( NAMED_UNIT ( * ) PLANE_ANGLE_UNIT ( ) SI_UNIT ( $, .RADIAN. ) );
#1850 = AXIS2_PLACEMENT_3D ( 'NONE', #7999, #1469, #4446 ) ;
#1851 = CARTESIAN_POINT ( 'NONE',  ( -3.499999999999999556, -0.1250000000000000000, 5.000000000000000888 ) ) ;
#1852 = AXIS2_PLACEMENT_3D ( 'NONE', #1246, #3445, #8593 ) ;
#1853 = CIRCLE ( 'NONE', #1093, 0.2500000000000002220 ) ;
#1854 = ORIENTED_EDGE ( 'NONE', *, *, #1310, .T. ) ;
#1855 = DIRECTION ( 'NONE',  ( 1.000000000000000000, 0.000000000000000000, 1.224646799147353947E-16 ) ) ;
#1856 = AXIS2_PLACEMENT_3D ( 'NONE', #2106, #1471, #6472 ) ;
#1857 = AXIS2_PLACEMENT_3D ( 'NONE', #6312, #7044, #6410 ) ;
#1858 = FACE_BOUND ( 'NONE', #3032, .T. ) ;
#1859 = DIRECTION ( 'NONE',  ( 0.000000000000000000, 0.000000000000000000, -1.000000000000000000 ) ) ;
#1860 = PLANE ( 'NONE',  #4636 ) ;
#1861 = PLANE ( 'NONE',  #3823 ) ;
#1862 = ORIENTED_EDGE ( 'NONE', *, *, #9311, .F. ) ;
#1863 = PRESENTATION_LAYER_ASSIGNMENT (  '', '', ( #6114 ) ) ;
#1864 = PRESENTATION_LAYER_ASSIGNMENT (  '', '', ( #376 ) ) ;
#1865 = UNCERTAINTY_MEASURE_WITH_UNIT (LENGTH_MEASURE( 1.000000000000000082E-05 ), #2714, 'distance_accuracy_value', 'NONE');
#1866 = AXIS2_PLACEMENT_3D ( 'NONE', #797, #2220, #7381 ) ;
#1867 = ORIENTED_EDGE ( 'NONE', *, *, #6544, .T. ) ;
#1868 =( NAMED_UNIT ( * ) SI_UNIT ( $, .STERADIAN. ) SOLID_ANGLE_UNIT ( ) );
#1869 = FILL_AREA_STYLE_COLOUR ( '', #2886 ) ;
#1870 = SURFACE_STYLE_USAGE ( .BOTH. , #8446 ) ;
#1871 = DIRECTION ( 'NONE',  ( -1.224646799147353207E-16, 0.000000000000000000, 1.000000000000000000 ) ) ;
#1872 = MECHANICAL_DESIGN_GEOMETRIC_PRESENTATION_REPRESENTATION (  '', ( #8862 ), #2179 ) ;
#1873 = AXIS2_PLACEMENT_3D ( 'NONE', #8850, #1800, #2507 ) ;
#1874 = ORIENTED_EDGE ( 'NONE', *, *, #3476, .T. ) ;
#1875 = UNCERTAINTY_MEASURE_WITH_UNIT (LENGTH_MEASURE( 1.000000000000000082E-05 ), #183, 'distance_accuracy_value', 'NONE');
#1876 = CIRCLE ( 'NONE', #6444, 0.2250000000000001443 ) ;
#1877 = PRESENTATION_LAYER_ASSIGNMENT (  '', '', ( #2050 ) ) ;
#1878 = CARTESIAN_POINT ( 'NONE',  ( 2.312917130661303222, 0.000000000000000000, 0.000000000000000000 ) ) ;
#1879 = CARTESIAN_POINT ( 'NONE',  ( -0.4999999999999995559, -0.3500000000000000333, -5.000000000000000000 ) ) ;
#1880 = PRESENTATION_LAYER_ASSIGNMENT (  '', '', ( #3544 ) ) ;
#1881 = ORIENTED_EDGE ( 'NONE', *, *, #7575, .F. ) ;
#1882 = PRESENTATION_STYLE_ASSIGNMENT (( #9171 ) ) ;
#1883 = FILL_AREA_STYLE ('',( #9280 ) ) ;
#1884 = DIRECTION ( 'NONE',  ( 0.000000000000000000, 0.000000000000000000, -1.000000000000000000 ) ) ;
#1885 = EDGE_LOOP ( 'NONE', ( #6736, #5033, #990 ) ) ;
#1886 = DIRECTION ( 'NONE',  ( 0.000000000000000000, 0.000000000000000000, -1.000000000000000000 ) ) ;
#1887 = CIRCLE ( 'NONE', #7383, 0.1870828693386972497 ) ;
#1888 =( GEOMETRIC_REPRESENTATION_CONTEXT ( 3 ) GLOBAL_UNCERTAINTY_ASSIGNED_CONTEXT ( ( #9157 ) ) GLOBAL_UNIT_ASSIGNED_CONTEXT ( ( #3181, #8276, #4539 ) ) REPRESENTATION_CONTEXT ( 'NONE', 'WORKASPACE' ) );
#1889 = ORIENTED_EDGE ( 'NONE', *, *, #1714, .T. ) ;
#1890 = UNCERTAINTY_MEASURE_WITH_UNIT (LENGTH_MEASURE( 1.000000000000000082E-05 ), #6236, 'distance_accuracy_value', 'NONE');
#1891 =( NAMED_UNIT ( * ) SI_UNIT ( $, .STERADIAN. ) SOLID_ANGLE_UNIT ( ) );
#1892 = EDGE_CURVE ( 'NONE', #8138, #42, #8792, .T. ) ;
#1893 = SPHERICAL_SURFACE ( 'NONE', #4653, 0.2250000000000000888 ) ;
#1894 = MECHANICAL_DESIGN_GEOMETRIC_PRESENTATION_REPRESENTATION (  '', ( #8738 ), #1432 ) ;
#1895 = SURFACE_STYLE_FILL_AREA ( #5632 ) ;
#1896 = ORIENTED_EDGE ( 'NONE', *, *, #1281, .T. ) ;
#1897 = EDGE_LOOP ( 'NONE', ( #7583, #4818, #7842 ) ) ;
#1898 = EDGE_LOOP ( 'NONE', ( #6072, #5391, #6301 ) ) ;
#1899 = DIRECTION ( 'NONE',  ( 0.000000000000000000, 0.000000000000000000, -1.000000000000000000 ) ) ;
#1900 = COLOUR_RGB ( '',0.2980392156862745057, 0.2980392156862745057, 0.2980392156862745057 ) ;
#1901 = ADVANCED_FACE ( 'NONE', ( #7469 ), #9015, .T. ) ;
#1902 = EDGE_CURVE ( 'NONE', #6254, #8465, #7316, .T. ) ;
#1903 = SURFACE_STYLE_USAGE ( .BOTH. , #9093 ) ;
#1904 = VECTOR ( 'NONE', #926, 1000.000000000000000 ) ;
#1905 = CARTESIAN_POINT ( 'NONE',  ( 2.500000000000000444, -0.1250000000000000000, -3.000000000000000000 ) ) ;
#1906 = ORIENTED_EDGE ( 'NONE', *, *, #8358, .F. ) ;
#1907 = DIRECTION ( 'NONE',  ( 0.000000000000000000, -1.000000000000000000, 0.000000000000000000 ) ) ;
#1908 = DIRECTION ( 'NONE',  ( -1.000000000000000000, 0.000000000000000000, 0.000000000000000000 ) ) ;
#1909 = FILL_AREA_STYLE ('',( #8377 ) ) ;
#1910 = DIRECTION ( 'NONE',  ( -1.224646799147353207E-16, 0.000000000000000000, 1.000000000000000000 ) ) ;
#1911 = AXIS2_PLACEMENT_3D ( 'NONE', #3125, #6743, #2431 ) ;
#1912 = FILL_AREA_STYLE_COLOUR ( '', #7814 ) ;
#1913 = PRESENTATION_LAYER_ASSIGNMENT (  '', '', ( #4517 ) ) ;
#1914 = LINE ( 'NONE', #4845, #806 ) ;
#1915 = ADVANCED_FACE ( 'NONE', ( #4661 ), #9061, .T. ) ;
#1916 = ORIENTED_EDGE ( 'NONE', *, *, #5186, .T. ) ;
#1917 = DIRECTION ( 'NONE',  ( -1.000000000000000000, 0.000000000000000000, 0.000000000000000000 ) ) ;
#1918 = CIRCLE ( 'NONE', #3595, 0.2249999999999999500 ) ;
#1919 = ORIENTED_EDGE ( 'NONE', *, *, #1670, .F. ) ;
#1920 = AXIS2_PLACEMENT_3D ( 'NONE', #659, #2931, #5147 ) ;
#1921 = UNCERTAINTY_MEASURE_WITH_UNIT (LENGTH_MEASURE( 1.000000000000000082E-05 ), #5686, 'distance_accuracy_value', 'NONE');
#1922 = PRESENTATION_STYLE_ASSIGNMENT (( #1870 ) ) ;
#1923 = CARTESIAN_POINT ( 'NONE',  ( -2.499999999999999556, -0.1250000000000000000, 0.000000000000000000 ) ) ;
#1924 = SURFACE_STYLE_USAGE ( .BOTH. , #8451 ) ;
#1925 = CIRCLE ( 'NONE', #288, 0.2250000000000000611 ) ;
#1926 = FACE_OUTER_BOUND ( 'NONE', #9273, .T. ) ;
#1928 = MECHANICAL_DESIGN_GEOMETRIC_PRESENTATION_REPRESENTATION (  '', ( #2524 ), #439 ) ;
#1927 = COLOUR_RGB ( '',0.8941176470588234615, 0.9137254901960784048, 0.9294117647058823817 ) ;
#1929 = AXIS2_PLACEMENT_3D ( 'NONE', #8126, #1594, #3796 ) ;
#1930 = EDGE_LOOP ( 'NONE', ( #7026, #1044, #552 ) ) ;
#1931 = CARTESIAN_POINT ( 'NONE',  ( -5.100000000000002309, 0.8099999999999999423, -7.099999999999997868 ) ) ;
#1932 =( GEOMETRIC_REPRESENTATION_CONTEXT ( 3 ) GLOBAL_UNCERTAINTY_ASSIGNED_CONTEXT ( ( #2023 ) ) GLOBAL_UNIT_ASSIGNED_CONTEXT ( ( #8388, #8251, #1010 ) ) REPRESENTATION_CONTEXT ( 'NONE', 'WORKASPACE' ) );
#1933 = FACE_OUTER_BOUND ( 'NONE', #1783, .T. ) ;
#1934 = ADVANCED_FACE ( 'NONE', ( #1011 ), #7787, .T. ) ;
#1935 = DIRECTION ( 'NONE',  ( 0.000000000000000000, 0.000000000000000000, 1.000000000000000000 ) ) ;
#1937 = AXIS2_PLACEMENT_3D ( 'NONE', #8049, #3726, #8264 ) ;
#1936 =( GEOMETRIC_REPRESENTATION_CONTEXT ( 3 ) GLOBAL_UNCERTAINTY_ASSIGNED_CONTEXT ( ( #2282 ) ) GLOBAL_UNIT_ASSIGNED_CONTEXT ( ( #1320, #4255, #7989 ) ) REPRESENTATION_CONTEXT ( 'NONE', 'WORKASPACE' ) );
#1938 = ORIENTED_EDGE ( 'NONE', *, *, #5979, .F. ) ;
#1939 = SURFACE_STYLE_FILL_AREA ( #4097 ) ;
#1940 = DIRECTION ( 'NONE',  ( 0.000000000000000000, 0.000000000000000000, 1.000000000000000000 ) ) ;
#1941 = PRESENTATION_STYLE_ASSIGNMENT (( #4860 ) ) ;
#1943 = VERTEX_POINT ( 'NONE', #2391 ) ;
#1942 = FILL_AREA_STYLE_COLOUR ( '', #2376 ) ;
#1944 = FILL_AREA_STYLE ('',( #6362 ) ) ;
#1945 = VERTEX_POINT ( 'NONE', #5655 ) ;
#1946 = AXIS2_PLACEMENT_3D ( 'NONE', #8502, #8538, #4231 ) ;
#1947 = SURFACE_STYLE_USAGE ( .BOTH. , #9285 ) ;
#1948 = DIRECTION ( 'NONE',  ( -1.000000000000000000, 0.000000000000000000, 0.000000000000000000 ) ) ;
#1949 = SURFACE_STYLE_USAGE ( .BOTH. , #1119 ) ;
#1950 = ORIENTED_EDGE ( 'NONE', *, *, #2021, .T. ) ;
#1951 = ORIENTED_EDGE ( 'NONE', *, *, #8937, .T. ) ;
#1952 = ORIENTED_EDGE ( 'NONE', *, *, #418, .T. ) ;
#1953 =( NAMED_UNIT ( * ) SI_UNIT ( $, .STERADIAN. ) SOLID_ANGLE_UNIT ( ) );
#1954 = EDGE_LOOP ( 'NONE', ( #726, #5259 ) ) ;
#1955 =( NAMED_UNIT ( * ) PLANE_ANGLE_UNIT ( ) SI_UNIT ( $, .RADIAN. ) );
#1956 = PRESENTATION_LAYER_ASSIGNMENT (  '', '', ( #756 ) ) ;
#1957 =( LENGTH_UNIT ( ) NAMED_UNIT ( * ) SI_UNIT ( .MILLI., .METRE. ) );
#1958 = FILL_AREA_STYLE ('',( #3368 ) ) ;
#1959 = DIRECTION ( 'NONE',  ( -1.224646799147353207E-16, 0.000000000000000000, 1.000000000000000000 ) ) ;
#1960 = DIRECTION ( 'NONE',  ( -1.000000000000000000, 0.000000000000000000, 0.000000000000000000 ) ) ;
#1961 = ORIENTED_EDGE ( 'NONE', *, *, #3341, .F. ) ;
#1962 = FILL_AREA_STYLE ('',( #9257 ) ) ;
#1963 = MECHANICAL_DESIGN_GEOMETRIC_PRESENTATION_REPRESENTATION (  '', ( #8945 ), #8332 ) ;
#1964 = SURFACE_STYLE_FILL_AREA ( #8495 ) ;
#1965 =( NAMED_UNIT ( * ) SI_UNIT ( $, .STERADIAN. ) SOLID_ANGLE_UNIT ( ) );
#1966 = EDGE_CURVE ( 'NONE', #5527, #1453, #768, .T. ) ;
#1967 = CARTESIAN_POINT ( 'NONE',  ( 2.500000000000000444, -0.1250000000000000000, 1.000000000000000888 ) ) ;
#1968 =( GEOMETRIC_REPRESENTATION_CONTEXT ( 3 ) GLOBAL_UNCERTAINTY_ASSIGNED_CONTEXT ( ( #844 ) ) GLOBAL_UNIT_ASSIGNED_CONTEXT ( ( #6537, #6488, #103 ) ) REPRESENTATION_CONTEXT ( 'NONE', 'WORKASPACE' ) );
#1969 = UNCERTAINTY_MEASURE_WITH_UNIT (LENGTH_MEASURE( 1.000000000000000082E-05 ), #6146, 'distance_accuracy_value', 'NONE');
#1970 = MECHANICAL_DESIGN_GEOMETRIC_PRESENTATION_REPRESENTATION (  '', ( #3178 ), #8514 ) ;
#1971 = EDGE_LOOP ( 'NONE', ( #5247, #6091, #5669 ) ) ;
#1972 = PLANE ( 'NONE',  #9252 ) ;
#1973 = EDGE_LOOP ( 'NONE', ( #2275, #7823, #3161 ) ) ;
#1974 = CARTESIAN_POINT ( 'NONE',  ( 0.5000000000000004441, 0.000000000000000000, -4.000000000000000000 ) ) ;
#1975 = FILL_AREA_STYLE ('',( #3335 ) ) ;
#1976 = COLOUR_RGB ( '',0.8941176470588234615, 0.9137254901960784048, 0.9294117647058823817 ) ;
#1977 = SPHERICAL_SURFACE ( 'NONE', #115, 0.2250000000000000888 ) ;
#1978 = DIRECTION ( 'NONE',  ( -1.224646799147353207E-16, 0.000000000000000000, 1.000000000000000000 ) ) ;
#1979 = ADVANCED_FACE ( 'NONE', ( #9213 ), #9156, .T. ) ;
#1980 =( NAMED_UNIT ( * ) SI_UNIT ( $, .STERADIAN. ) SOLID_ANGLE_UNIT ( ) );
#1981 = FILL_AREA_STYLE ('',( #2125 ) ) ;
#1982 = EDGE_LOOP ( 'NONE', ( #453, #7782, #5244 ) ) ;
#1983 = UNCERTAINTY_MEASURE_WITH_UNIT (LENGTH_MEASURE( 1.000000000000000082E-05 ), #5353, 'distance_accuracy_value', 'NONE');
#1984 = CARTESIAN_POINT ( 'NONE',  ( -3.499999999999999556, -0.1250000000000000000, -3.000000000000000000 ) ) ;
#1985 =( NAMED_UNIT ( * ) SI_UNIT ( $, .STERADIAN. ) SOLID_ANGLE_UNIT ( ) );
#1986 = VERTEX_POINT ( 'NONE', #8342 ) ;
#1987 = SURFACE_STYLE_FILL_AREA ( #2645 ) ;
#1988 = CARTESIAN_POINT ( 'NONE',  ( 3.500000000000000444, -0.3500000000000000333, -5.000000000000000000 ) ) ;
#1989 = DIRECTION ( 'NONE',  ( 0.000000000000000000, -1.000000000000000000, 0.000000000000000000 ) ) ;
#1990 = VERTEX_POINT ( 'NONE', #7648 ) ;
#1991 = EDGE_CURVE ( 'NONE', #42, #8138, #3485, .T. ) ;
#1992 =( LENGTH_UNIT ( ) NAMED_UNIT ( * ) SI_UNIT ( .MILLI., .METRE. ) );
#1993 = SURFACE_STYLE_USAGE ( .BOTH. , #5671 ) ;
#1994 = CARTESIAN_POINT ( 'NONE',  ( 0.5000000000000004441, -0.1250000000000000000, 2.999999999999999112 ) ) ;
#1995 = EDGE_LOOP ( 'NONE', ( #5257, #5689, #630 ) ) ;
#1996 = DIRECTION ( 'NONE',  ( -1.000000000000000000, 0.000000000000000000, 0.000000000000000000 ) ) ;
#1997 = ORIENTED_EDGE ( 'NONE', *, *, #5658, .F. ) ;
#1998 = SPHERICAL_SURFACE ( 'NONE', #6934, 0.2250000000000000888 ) ;
#1999 = EDGE_LOOP ( 'NONE', ( #3755, #3472, #891 ) ) ;
#2000 = VERTEX_POINT ( 'NONE', #424 ) ;
#2001 = DIRECTION ( 'NONE',  ( 0.000000000000000000, 0.000000000000000000, -1.000000000000000000 ) ) ;
#2002 = AXIS2_PLACEMENT_3D ( 'NONE', #2341, #8063, #707 ) ;
#2003 = UNCERTAINTY_MEASURE_WITH_UNIT (LENGTH_MEASURE( 1.000000000000000082E-05 ), #8902, 'distance_accuracy_value', 'NONE');
#2004 = FILL_AREA_STYLE_COLOUR ( '', #7831 ) ;
#2005 = SURFACE_STYLE_FILL_AREA ( #1958 ) ;
#2006 =( NAMED_UNIT ( * ) PLANE_ANGLE_UNIT ( ) SI_UNIT ( $, .RADIAN. ) );
#2007 = ORIENTED_EDGE ( 'NONE', *, *, #5815, .T. ) ;
#2008 = SURFACE_STYLE_USAGE ( .BOTH. , #4885 ) ;
#2009 = CARTESIAN_POINT ( 'NONE',  ( 0.5000000000000004441, -0.1250000000000000000, 0.000000000000000000 ) ) ;
#2010 = MECHANICAL_DESIGN_GEOMETRIC_PRESENTATION_REPRESENTATION (  '', ( #9319 ), #6565 ) ;
#2011 = FACE_OUTER_BOUND ( 'NONE', #863, .T. ) ;
#2012 = SURFACE_SIDE_STYLE ('',( #607 ) ) ;
#2013 = COLOUR_RGB ( '',0.8941176470588234615, 0.9137254901960784048, 0.9294117647058823817 ) ;
#2014 = PRESENTATION_LAYER_ASSIGNMENT (  '', '', ( #7206 ) ) ;
#2015 = VERTEX_POINT ( 'NONE', #1242 ) ;
#2016 = DIRECTION ( 'NONE',  ( -1.000000000000000000, 0.000000000000000000, 0.000000000000000000 ) ) ;
#2017 = AXIS2_PLACEMENT_3D ( 'NONE', #5506, #1729, #9066 ) ;
#2018 = CIRCLE ( 'NONE', #7364, 0.1870828693386972497 ) ;
#2019 = ADVANCED_FACE ( 'NONE', ( #3441 ), #5833, .T. ) ;
#2020 = ORIENTED_EDGE ( 'NONE', *, *, #7563, .F. ) ;
#2021 = EDGE_CURVE ( 'NONE', #4079, #7883, #1036, .T. ) ;
#2022 = DIRECTION ( 'NONE',  ( 0.000000000000000000, 0.000000000000000000, -1.000000000000000000 ) ) ;
#2023 = UNCERTAINTY_MEASURE_WITH_UNIT (LENGTH_MEASURE( 1.000000000000000082E-05 ), #8388, 'distance_accuracy_value', 'NONE');
#2024 = DIRECTION ( 'NONE',  ( 0.000000000000000000, 0.000000000000000000, -1.000000000000000000 ) ) ;
#2025 =( LENGTH_UNIT ( ) NAMED_UNIT ( * ) SI_UNIT ( .MILLI., .METRE. ) );
#2026 =( NAMED_UNIT ( * ) PLANE_ANGLE_UNIT ( ) SI_UNIT ( $, .RADIAN. ) );
#2027 = AXIS2_PLACEMENT_3D ( 'NONE', #4139, #1349, #4957 ) ;
#2028 = AXIS2_PLACEMENT_3D ( 'NONE', #7461, #3109, #4654 ) ;
#2029 =( GEOMETRIC_REPRESENTATION_CONTEXT ( 3 ) GLOBAL_UNCERTAINTY_ASSIGNED_CONTEXT ( ( #6869 ) ) GLOBAL_UNIT_ASSIGNED_CONTEXT ( ( #435, #2488, #7606 ) ) REPRESENTATION_CONTEXT ( 'NONE', 'WORKASPACE' ) );
#2030 = AXIS2_PLACEMENT_3D ( 'NONE', #8527, #2557, #2001 ) ;
#2031 = DIRECTION ( 'NONE',  ( 1.000000000000000000, 0.000000000000000000, 0.000000000000000000 ) ) ;
#2032 = ADVANCED_FACE ( 'NONE', ( #5742 ), #701, .T. ) ;
#2033 = VERTEX_POINT ( 'NONE', #4283 ) ;
#2034 = EDGE_CURVE ( 'NONE', #6468, #4597, #7322, .T. ) ;
#2035 = ADVANCED_FACE ( 'NONE', ( #5097 ), #2384, .T. ) ;
#2036 =( LENGTH_UNIT ( ) NAMED_UNIT ( * ) SI_UNIT ( .MILLI., .METRE. ) );
#2037 = CIRCLE ( 'NONE', #95, 0.1870828693386972497 ) ;
#2038 = AXIS2_PLACEMENT_3D ( 'NONE', #9201, #2667, #3727 ) ;
#2039 = COLOUR_RGB ( '',0.8941176470588234615, 0.9137254901960784048, 0.9294117647058823817 ) ;
#2040 =( NAMED_UNIT ( * ) PLANE_ANGLE_UNIT ( ) SI_UNIT ( $, .RADIAN. ) );
#2041 = ORIENTED_EDGE ( 'NONE', *, *, #525, .T. ) ;
#2042 = DIRECTION ( 'NONE',  ( 0.000000000000000000, 0.000000000000000000, 1.000000000000000000 ) ) ;
#2043 = DIRECTION ( 'NONE',  ( 1.000000000000000000, 0.000000000000000000, 0.000000000000000000 ) ) ;
#2044 =( GEOMETRIC_REPRESENTATION_CONTEXT ( 3 ) GLOBAL_UNCERTAINTY_ASSIGNED_CONTEXT ( ( #7741 ) ) GLOBAL_UNIT_ASSIGNED_CONTEXT ( ( #1746, #353, #3804 ) ) REPRESENTATION_CONTEXT ( 'NONE', 'WORKASPACE' ) );
#2045 = COLOUR_RGB ( '',0.8941176470588234615, 0.9137254901960784048, 0.9294117647058823817 ) ;
#2046 = ORIENTED_EDGE ( 'NONE', *, *, #3883, .T. ) ;
#2047 = CARTESIAN_POINT ( 'NONE',  ( -1.499999999999999556, -0.3500000000000000333, 1.000000000000000888 ) ) ;
#2048 = CIRCLE ( 'NONE', #7674, 0.2249999999999999500 ) ;
#2049 = EDGE_LOOP ( 'NONE', ( #7941, #9296 ) ) ;
#2050 = STYLED_ITEM ( 'NONE', ( #4932 ), #6374 ) ;
#2051 = VERTEX_POINT ( 'NONE', #7968 ) ;
#2052 = DIRECTION ( 'NONE',  ( 0.000000000000000000, 0.000000000000000000, -1.000000000000000000 ) ) ;
#2053 = ORIENTED_EDGE ( 'NONE', *, *, #4985, .F. ) ;
#2054 = DIRECTION ( 'NONE',  ( -0.000000000000000000, -0.000000000000000000, -1.000000000000000000 ) ) ;
#2055 =( GEOMETRIC_REPRESENTATION_CONTEXT ( 3 ) GLOBAL_UNCERTAINTY_ASSIGNED_CONTEXT ( ( #3249 ) ) GLOBAL_UNIT_ASSIGNED_CONTEXT ( ( #62, #8031, #2935 ) ) REPRESENTATION_CONTEXT ( 'NONE', 'WORKASPACE' ) );
#2056 = PLANE ( 'NONE',  #6600 ) ;
#2057 = CARTESIAN_POINT ( 'NONE',  ( -1.499999999999999556, -0.1250000000000000000, -4.000000000000000000 ) ) ;
#2058 = SURFACE_STYLE_USAGE ( .BOTH. , #7679 ) ;
#2059 = ORIENTED_EDGE ( 'NONE', *, *, #2408, .T. ) ;
#2060 = EDGE_CURVE ( 'NONE', #3679, #7396, #4565, .T. ) ;
#2061 = FACE_BOUND ( 'NONE', #6459, .T. ) ;
#2062 =( NAMED_UNIT ( * ) PLANE_ANGLE_UNIT ( ) SI_UNIT ( $, .RADIAN. ) );
#2063 = DIRECTION ( 'NONE',  ( -1.000000000000000000, 0.000000000000000000, 0.000000000000000000 ) ) ;
#2064 = DIRECTION ( 'NONE',  ( -1.000000000000000000, 0.000000000000000000, 0.000000000000000000 ) ) ;
#2065 = UNCERTAINTY_MEASURE_WITH_UNIT (LENGTH_MEASURE( 1.000000000000000082E-05 ), #1174, 'distance_accuracy_value', 'NONE');
#2066 = ORIENTED_EDGE ( 'NONE', *, *, #357, .F. ) ;
#2067 = SURFACE_STYLE_USAGE ( .BOTH. , #7129 ) ;
#2068 = EDGE_LOOP ( 'NONE', ( #4870, #375 ) ) ;
#2069 =( NAMED_UNIT ( * ) PLANE_ANGLE_UNIT ( ) SI_UNIT ( $, .RADIAN. ) );
#2070 = CARTESIAN_POINT ( 'NONE',  ( 1.312917130661303222, 0.000000000000000000, -3.000000000000000000 ) ) ;
#2071 = DIRECTION ( 'NONE',  ( -0.000000000000000000, -0.000000000000000000, -1.000000000000000000 ) ) ;
#2072 = STYLED_ITEM ( 'NONE', ( #6010 ), #3016 ) ;
#2073 = CIRCLE ( 'NONE', #6018, 0.2250000000000000611 ) ;
#2074 = SURFACE_SIDE_STYLE ('',( #4138 ) ) ;
#2075 = CARTESIAN_POINT ( 'NONE',  ( -1.499999999999999556, -0.1250000000000000000, -2.000000000000000000 ) ) ;
#2076 = PRESENTATION_LAYER_ASSIGNMENT (  '', '', ( #7107 ) ) ;
#2077 = SURFACE_SIDE_STYLE ('',( #793 ) ) ;
#2078 = CARTESIAN_POINT ( 'NONE',  ( -0.4999999999999995559, -0.1250000000000000000, -2.000000000000000000 ) ) ;
#2079 = CARTESIAN_POINT ( 'NONE',  ( 3.500000000000000444, 0.000000000000000000, -2.000000000000000000 ) ) ;
#2080 = PRESENTATION_STYLE_ASSIGNMENT (( #7140 ) ) ;
#2081 = VERTEX_POINT ( 'NONE', #3048 ) ;
#2082 =( NAMED_UNIT ( * ) PLANE_ANGLE_UNIT ( ) SI_UNIT ( $, .RADIAN. ) );
#2084 = PRESENTATION_LAYER_ASSIGNMENT (  '', '', ( #4070 ) ) ;
#2083 = STYLED_ITEM ( 'NONE', ( #3855 ), #8881 ) ;
#2085 = CARTESIAN_POINT ( 'NONE',  ( 1.500000000000000444, -0.3500000000000000333, 0.000000000000000000 ) ) ;
#2086 = PRESENTATION_LAYER_ASSIGNMENT (  '', '', ( #867 ) ) ;
#2087 = EDGE_CURVE ( 'NONE', #987, #4154, #322, .T. ) ;
#2088 = CARTESIAN_POINT ( 'NONE',  ( 3.500000000000000444, -0.1250000000000000000, 4.000000000000000000 ) ) ;
#2089 = EDGE_LOOP ( 'NONE', ( #4503, #6216, #7615 ) ) ;
#2090 = SURFACE_STYLE_FILL_AREA ( #9232 ) ;
#2091 = UNCERTAINTY_MEASURE_WITH_UNIT (LENGTH_MEASURE( 1.000000000000000082E-05 ), #4840, 'distance_accuracy_value', 'NONE');
#2093 = STYLED_ITEM ( 'NONE', ( #698 ), #1311 ) ;
#2092 = STYLED_ITEM ( 'NONE', ( #2538 ), #9125 ) ;
#2094 =( NAMED_UNIT ( * ) PLANE_ANGLE_UNIT ( ) SI_UNIT ( $, .RADIAN. ) );
#2095 = SURFACE_SIDE_STYLE ('',( #8562 ) ) ;
#2096 = ORIENTED_EDGE ( 'NONE', *, *, #732, .T. ) ;
#2097 = CARTESIAN_POINT ( 'NONE',  ( -3.499999999999999556, -0.1250000000000000000, 1.000000000000000888 ) ) ;
#2098 = ORIENTED_EDGE ( 'NONE', *, *, #3718, .F. ) ;
#2100 = ORIENTED_EDGE ( 'NONE', *, *, #7398, .F. ) ;
#2099 =( NAMED_UNIT ( * ) PLANE_ANGLE_UNIT ( ) SI_UNIT ( $, .RADIAN. ) );
#2101 = EDGE_CURVE ( 'NONE', #4109, #3469, #1507, .T. ) ;
#2102 = AXIS2_PLACEMENT_3D ( 'NONE', #2508, #365, #2377 ) ;
#2103 = SPHERICAL_SURFACE ( 'NONE', #5088, 0.2250000000000000888 ) ;
#2104 = VERTEX_POINT ( 'NONE', #185 ) ;
#2105 = DIRECTION ( 'NONE',  ( -0.000000000000000000, 1.000000000000000000, -0.000000000000000000 ) ) ;
#2106 = CARTESIAN_POINT ( 'NONE',  ( -3.499999999999999556, -0.1250000000000000000, -3.000000000000000000 ) ) ;
#2107 = CARTESIAN_POINT ( 'NONE',  ( 2.500000000000000444, -0.1250000000000000000, 2.000000000000000000 ) ) ;
#2108 = COLOUR_RGB ( '',0.8941176470588234615, 0.9137254901960784048, 0.9294117647058823817 ) ;
#2109 = SURFACE_STYLE_FILL_AREA ( #4167 ) ;
#2110 = ORIENTED_EDGE ( 'NONE', *, *, #8420, .T. ) ;
#2111 = FACE_BOUND ( 'NONE', #3383, .T. ) ;
#2112 = AXIS2_PLACEMENT_3D ( 'NONE', #3276, #6234, #2670 ) ;
#2113 = DIRECTION ( 'NONE',  ( 0.000000000000000000, 0.000000000000000000, 1.000000000000000000 ) ) ;
#2114 = SURFACE_STYLE_FILL_AREA ( #4416 ) ;
#2115 = EDGE_CURVE ( 'NONE', #8408, #7721, #5472, .T. ) ;
#2116 = SURFACE_SIDE_STYLE ('',( #1437 ) ) ;
#2117 = PRESENTATION_LAYER_ASSIGNMENT (  '', '', ( #8945 ) ) ;
#2118 = EDGE_LOOP ( 'NONE', ( #1736, #2478, #5752 ) ) ;
#2119 = SURFACE_STYLE_USAGE ( .BOTH. , #5782 ) ;
#2120 =( NAMED_UNIT ( * ) SI_UNIT ( $, .STERADIAN. ) SOLID_ANGLE_UNIT ( ) );
#2121 = UNCERTAINTY_MEASURE_WITH_UNIT (LENGTH_MEASURE( 1.000000000000000082E-05 ), #1784, 'distance_accuracy_value', 'NONE');
#2122 = DIRECTION ( 'NONE',  ( 0.000000000000000000, 0.000000000000000000, 1.000000000000000000 ) ) ;
#2123 = AXIS2_PLACEMENT_3D ( 'NONE', #8095, #6667, #3044 ) ;
#2124 = CARTESIAN_POINT ( 'NONE',  ( 1.312917130661303222, 0.000000000000000000, 2.000000000000000000 ) ) ;
#2125 = FILL_AREA_STYLE_COLOUR ( '', #3694 ) ;
#2126 = PRESENTATION_LAYER_ASSIGNMENT (  '', '', ( #6212 ) ) ;
#2127 = AXIS2_PLACEMENT_3D ( 'NONE', #2786, #1978, #5505 ) ;
#2128 =( LENGTH_UNIT ( ) NAMED_UNIT ( * ) SI_UNIT ( .MILLI., .METRE. ) );
#2129 = DIRECTION ( 'NONE',  ( 0.000000000000000000, 0.000000000000000000, 1.000000000000000000 ) ) ;
#2130 = DIRECTION ( 'NONE',  ( 0.000000000000000000, 0.000000000000000000, 1.000000000000000000 ) ) ;
#2131 = SURFACE_SIDE_STYLE ('',( #2841 ) ) ;
#2132 = EDGE_LOOP ( 'NONE', ( #2904, #9086, #5644 ) ) ;
#2133 = FILL_AREA_STYLE ('',( #6500 ) ) ;
#2134 = SURFACE_STYLE_FILL_AREA ( #3695 ) ;
#2135 = PRESENTATION_STYLE_ASSIGNMENT (( #5798 ) ) ;
#2136 = SPHERICAL_SURFACE ( 'NONE', #6028, 0.2250000000000000888 ) ;
#2137 = EDGE_CURVE ( 'NONE', #9325, #629, #6674, .T. ) ;
#2138 = ORIENTED_EDGE ( 'NONE', *, *, #5469, .T. ) ;
#2139 = ADVANCED_FACE ( 'NONE', ( #1620 ), #145, .T. ) ;
#2140 =( NAMED_UNIT ( * ) SI_UNIT ( $, .STERADIAN. ) SOLID_ANGLE_UNIT ( ) );
#2141 = DIRECTION ( 'NONE',  ( -1.000000000000000000, 0.000000000000000000, 0.000000000000000000 ) ) ;
#2143 = ORIENTED_EDGE ( 'NONE', *, *, #284, .T. ) ;
#2142 = DIRECTION ( 'NONE',  ( 0.000000000000000000, -1.000000000000000000, 0.000000000000000000 ) ) ;
#2144 = ORIENTED_EDGE ( 'NONE', *, *, #1602, .T. ) ;
#2145 = ADVANCED_FACE ( 'NONE', ( #999 ), #2724, .T. ) ;
#2146 = CARTESIAN_POINT ( 'NONE',  ( -3.499999999999999556, -0.1250000000000000000, -1.000000000000000000 ) ) ;
#2147 = EDGE_CURVE ( 'NONE', #6274, #402, #1177, .T. ) ;
#2148 = CARTESIAN_POINT ( 'NONE',  ( 3.500000000000000444, -0.1250000000000000000, -5.000000000000000000 ) ) ;
#2149 = PRESENTATION_STYLE_ASSIGNMENT (( #1283 ) ) ;
#2150 = EDGE_LOOP ( 'NONE', ( #8362, #4710, #7360 ) ) ;
#2151 =( LENGTH_UNIT ( ) NAMED_UNIT ( * ) SI_UNIT ( .MILLI., .METRE. ) );
#2152 = FACE_BOUND ( 'NONE', #1817, .T. ) ;
#2153 = CARTESIAN_POINT ( 'NONE',  ( -1.499999999999999556, 0.000000000000000000, 2.000000000000000000 ) ) ;
#2154 = DIRECTION ( 'NONE',  ( 0.000000000000000000, 0.000000000000000000, 1.000000000000000000 ) ) ;
#2155 = AXIS2_PLACEMENT_3D ( 'NONE', #5100, #1445, #3593 ) ;
#2156 = CARTESIAN_POINT ( 'NONE',  ( 3.312917130661303222, 0.000000000000000000, -4.000000000000000000 ) ) ;
#2157 = ORIENTED_EDGE ( 'NONE', *, *, #1017, .T. ) ;
#2158 = ORIENTED_EDGE ( 'NONE', *, *, #4485, .F. ) ;
#2159 = DIRECTION ( 'NONE',  ( 1.000000000000000000, 0.000000000000000000, 0.000000000000000000 ) ) ;
#2160 =( GEOMETRIC_REPRESENTATION_CONTEXT ( 3 ) GLOBAL_UNCERTAINTY_ASSIGNED_CONTEXT ( ( #6737 ) ) GLOBAL_UNIT_ASSIGNED_CONTEXT ( ( #873, #3924, #1759 ) ) REPRESENTATION_CONTEXT ( 'NONE', 'WORKASPACE' ) );
#2161 = COLOUR_RGB ( '',0.2980392156862745057, 0.2980392156862745057, 0.2980392156862745057 ) ;
#2162 =( NAMED_UNIT ( * ) SI_UNIT ( $, .STERADIAN. ) SOLID_ANGLE_UNIT ( ) );
#2163 = SURFACE_STYLE_FILL_AREA ( #3686 ) ;
#2164 = DIRECTION ( 'NONE',  ( 0.000000000000000000, -0.000000000000000000, 1.000000000000000000 ) ) ;
#2165 =( GEOMETRIC_REPRESENTATION_CONTEXT ( 3 ) GLOBAL_UNCERTAINTY_ASSIGNED_CONTEXT ( ( #6834 ) ) GLOBAL_UNIT_ASSIGNED_CONTEXT ( ( #2036, #3297, #3450 ) ) REPRESENTATION_CONTEXT ( 'NONE', 'WORKASPACE' ) );
#2166 = PRESENTATION_LAYER_ASSIGNMENT (  '', '', ( #2440 ) ) ;
#2167 = AXIS2_PLACEMENT_3D ( 'NONE', #1407, #7040, #4968 ) ;
#2168 = MECHANICAL_DESIGN_GEOMETRIC_PRESENTATION_REPRESENTATION (  '', ( #6715 ), #3221 ) ;
#2169 = CARTESIAN_POINT ( 'NONE',  ( -5.100000000000002309, 0.8099999999999999423, -7.099999999999997868 ) ) ;
#2170 = VECTOR ( 'NONE', #778, 1000.000000000000000 ) ;
#2171 = FACE_OUTER_BOUND ( 'NONE', #2901, .T. ) ;
#2172 = AXIS2_PLACEMENT_3D ( 'NONE', #4432, #1816, #383 ) ;
#2173 = COLOUR_RGB ( '',0.8941176470588234615, 0.9137254901960784048, 0.9294117647058823817 ) ;
#2174 = CIRCLE ( 'NONE', #6425, 0.1870828693386971386 ) ;
#2175 = PRESENTATION_LAYER_ASSIGNMENT (  '', '', ( #5095 ) ) ;
#2176 = DIRECTION ( 'NONE',  ( 0.000000000000000000, -1.000000000000000000, 0.000000000000000000 ) ) ;
#2177 = VERTEX_POINT ( 'NONE', #4173 ) ;
#2178 = AXIS2_PLACEMENT_3D ( 'NONE', #1581, #7419, #6682 ) ;
#2179 =( GEOMETRIC_REPRESENTATION_CONTEXT ( 3 ) GLOBAL_UNCERTAINTY_ASSIGNED_CONTEXT ( ( #1921 ) ) GLOBAL_UNIT_ASSIGNED_CONTEXT ( ( #5686, #4065, #1225 ) ) REPRESENTATION_CONTEXT ( 'NONE', 'WORKASPACE' ) );
#2180 = PRESENTATION_LAYER_ASSIGNMENT (  '', '', ( #5838 ) ) ;
#2181 = FACE_OUTER_BOUND ( 'NONE', #4117, .T. ) ;
#2182 = ORIENTED_EDGE ( 'NONE', *, *, #1142, .T. ) ;
#2183 = CARTESIAN_POINT ( 'NONE',  ( -2.499999999999999556, -0.1250000000000000000, -5.000000000000000000 ) ) ;
#2184 = ORIENTED_EDGE ( 'NONE', *, *, #1902, .F. ) ;
#2185 = CARTESIAN_POINT ( 'NONE',  ( -0.4999999999999995559, 0.000000000000000000, 4.000000000000000000 ) ) ;
#2186 = ORIENTED_EDGE ( 'NONE', *, *, #1991, .F. ) ;
#2187 =( NAMED_UNIT ( * ) PLANE_ANGLE_UNIT ( ) SI_UNIT ( $, .RADIAN. ) );
#2188 = PRESENTATION_LAYER_ASSIGNMENT (  '', '', ( #961 ) ) ;
#2189 = AXIS2_PLACEMENT_3D ( 'NONE', #6856, #2375, #225 ) ;
#2190 = ADVANCED_FACE ( 'NONE', ( #6138 ), #9048, .T. ) ;
#2191 = COLOUR_RGB ( '',0.2980392156862745057, 0.2980392156862745057, 0.2980392156862745057 ) ;
#2192 = FILL_AREA_STYLE_COLOUR ( '', #2108 ) ;
#2193 = EDGE_CURVE ( 'NONE', #2994, #6277, #3465, .T. ) ;
#2194 = SURFACE_STYLE_FILL_AREA ( #8050 ) ;
#2195 = VERTEX_POINT ( 'NONE', #8493 ) ;
#2196 = CARTESIAN_POINT ( 'NONE',  ( 1.500000000000000444, 0.000000000000000000, 2.000000000000000000 ) ) ;
#2197 = FACE_BOUND ( 'NONE', #1259, .T. ) ;
#2198 = CARTESIAN_POINT ( 'NONE',  ( -5.100000000000002309, 0.9100000000000000311, -6.849999999999997868 ) ) ;
#2199 =( GEOMETRIC_REPRESENTATION_CONTEXT ( 3 ) GLOBAL_UNCERTAINTY_ASSIGNED_CONTEXT ( ( #7077 ) ) GLOBAL_UNIT_ASSIGNED_CONTEXT ( ( #5665, #9224, #7755 ) ) REPRESENTATION_CONTEXT ( 'NONE', 'WORKASPACE' ) );
#2200 = EDGE_CURVE ( 'NONE', #6513, #6557, #3011, .T. ) ;
#2201 = STYLED_ITEM ( 'NONE', ( #9035 ), #6494 ) ;
#2202 = LINE ( 'NONE', #1434, #6574 ) ;
#2203 = EDGE_CURVE ( 'NONE', #3871, #5567, #8503, .T. ) ;
#2204 = VERTEX_POINT ( 'NONE', #9141 ) ;
#2205 = AXIS2_PLACEMENT_3D ( 'NONE', #3934, #8253, #8068 ) ;
#2206 = UNCERTAINTY_MEASURE_WITH_UNIT (LENGTH_MEASURE( 1.000000000000000082E-05 ), #8319, 'distance_accuracy_value', 'NONE');
#2207 = SURFACE_SIDE_STYLE ('',( #7373 ) ) ;
#2208 = DIRECTION ( 'NONE',  ( 0.000000000000000000, -1.000000000000000000, 0.000000000000000000 ) ) ;
#2209 = EDGE_CURVE ( 'NONE', #4052, #3185, #4413, .T. ) ;
#2210 = PRESENTATION_STYLE_ASSIGNMENT (( #4513 ) ) ;
#2211 = CIRCLE ( 'NONE', #2978, 0.1870828693386972497 ) ;
#2212 = ORIENTED_EDGE ( 'NONE', *, *, #6450, .T. ) ;
#2213 = FILL_AREA_STYLE_COLOUR ( '', #2515 ) ;
#2214 = DIRECTION ( 'NONE',  ( 0.000000000000000000, 0.000000000000000000, 1.000000000000000000 ) ) ;
#2215 = AXIS2_PLACEMENT_3D ( 'NONE', #5604, #6288, #2565 ) ;
#2216 = CIRCLE ( 'NONE', #721, 0.2249999999999999500 ) ;
#2217 = PRESENTATION_STYLE_ASSIGNMENT (( #7981 ) ) ;
#2218 = ORIENTED_EDGE ( 'NONE', *, *, #3709, .F. ) ;
#2219 = CARTESIAN_POINT ( 'NONE',  ( -2.499999999999999556, 0.000000000000000000, 5.000000000000000888 ) ) ;
#2220 = DIRECTION ( 'NONE',  ( 0.000000000000000000, 0.000000000000000000, 1.000000000000000000 ) ) ;
#2221 =( GEOMETRIC_REPRESENTATION_CONTEXT ( 3 ) GLOBAL_UNCERTAINTY_ASSIGNED_CONTEXT ( ( #8857 ) ) GLOBAL_UNIT_ASSIGNED_CONTEXT ( ( #5513, #3984, #1985 ) ) REPRESENTATION_CONTEXT ( 'NONE', 'WORKASPACE' ) );
#2222 = AXIS2_PLACEMENT_3D ( 'NONE', #1035, #2416, #864 ) ;
#2223 = ORIENTED_EDGE ( 'NONE', *, *, #7851, .F. ) ;
#2224 = FILL_AREA_STYLE ('',( #1587 ) ) ;
#2225 = FILL_AREA_STYLE ('',( #5849 ) ) ;
#2226 = SPHERICAL_SURFACE ( 'NONE', #4370, 0.2250000000000000888 ) ;
#2227 = STYLED_ITEM ( 'NONE', ( #3286 ), #1206 ) ;
#2228 = ORIENTED_EDGE ( 'NONE', *, *, #8348, .F. ) ;
#2229 = DIRECTION ( 'NONE',  ( 0.000000000000000000, 0.000000000000000000, 1.000000000000000000 ) ) ;
#2230 = FILL_AREA_STYLE_COLOUR ( '', #8474 ) ;
#2232 = ORIENTED_EDGE ( 'NONE', *, *, #7704, .T. ) ;
#2231 = CARTESIAN_POINT ( 'NONE',  ( -1.687082869338696778, 0.000000000000000000, -3.000000000000000000 ) ) ;
#2233 = STYLED_ITEM ( 'NONE', ( #862 ), #2419 ) ;
#2234 = PRESENTATION_STYLE_ASSIGNMENT (( #5292 ) ) ;
#2236 = AXIS2_PLACEMENT_3D ( 'NONE', #3734, #8231, #6006 ) ;
#2235 = AXIS2_PLACEMENT_3D ( 'NONE', #493, #548, #6222 ) ;
#2237 = CARTESIAN_POINT ( 'NONE',  ( 3.500000000000000444, -0.1250000000000000000, 8.000000000000000000 ) ) ;
#2238 = DIRECTION ( 'NONE',  ( -0.000000000000000000, -0.000000000000000000, -1.000000000000000000 ) ) ;
#2239 = ORIENTED_EDGE ( 'NONE', *, *, #3613, .T. ) ;
#2240 = SURFACE_STYLE_FILL_AREA ( #2771 ) ;
#2241 = COLOUR_RGB ( '',0.8941176470588234615, 0.9137254901960784048, 0.9294117647058823817 ) ;
#2242 = FACE_BOUND ( 'NONE', #1464, .T. ) ;
#2243 = PRESENTATION_STYLE_ASSIGNMENT (( #93 ) ) ;
#2244 = SURFACE_STYLE_USAGE ( .BOTH. , #2968 ) ;
#2245 = EDGE_LOOP ( 'NONE', ( #3957, #2604, #6240 ) ) ;
#2246 = SPHERICAL_SURFACE ( 'NONE', #6864, 0.2250000000000000888 ) ;
#2247 = MECHANICAL_DESIGN_GEOMETRIC_PRESENTATION_REPRESENTATION (  '', ( #5170 ), #5909 ) ;
#2248 = EDGE_CURVE ( 'NONE', #8349, #4772, #6509, .T. ) ;
#2249 = DIRECTION ( 'NONE',  ( 0.000000000000000000, 0.000000000000000000, 1.000000000000000000 ) ) ;
#2250 = FACE_OUTER_BOUND ( 'NONE', #3174, .T. ) ;
#2251 = DIRECTION ( 'NONE',  ( -0.000000000000000000, -0.000000000000000000, -1.000000000000000000 ) ) ;
#2252 = DIRECTION ( 'NONE',  ( -1.000000000000000000, 0.000000000000000000, 0.000000000000000000 ) ) ;
#2253 = EDGE_CURVE ( 'NONE', #2051, #8697, #4256, .T. ) ;
#2254 =( NAMED_UNIT ( * ) PLANE_ANGLE_UNIT ( ) SI_UNIT ( $, .RADIAN. ) );
#2255 = FACE_OUTER_BOUND ( 'NONE', #8986, .T. ) ;
#2256 = DIRECTION ( 'NONE',  ( 0.000000000000000000, 0.000000000000000000, 1.000000000000000000 ) ) ;
#2257 = STYLED_ITEM ( 'NONE', ( #7740 ), #1979 ) ;
#2258 = DIRECTION ( 'NONE',  ( -1.000000000000000000, 0.000000000000000000, 0.000000000000000000 ) ) ;
#2259 = EDGE_LOOP ( 'NONE', ( #9320, #3342 ) ) ;
#2260 = CIRCLE ( 'NONE', #3950, 0.1870828693386972497 ) ;
#2261 = SPHERICAL_SURFACE ( 'NONE', #6788, 0.2250000000000000888 ) ;
#2262 = UNCERTAINTY_MEASURE_WITH_UNIT (LENGTH_MEASURE( 1.000000000000000082E-05 ), #4686, 'distance_accuracy_value', 'NONE');
#2263 = COLOUR_RGB ( '',0.8941176470588234615, 0.9137254901960784048, 0.9294117647058823817 ) ;
#2264 = ORIENTED_EDGE ( 'NONE', *, *, #4844, .F. ) ;
#2265 = DIRECTION ( 'NONE',  ( 0.000000000000000000, 0.000000000000000000, -1.000000000000000000 ) ) ;
#2266 =( NAMED_UNIT ( * ) PLANE_ANGLE_UNIT ( ) SI_UNIT ( $, .RADIAN. ) );
#2268 = EDGE_LOOP ( 'NONE', ( #167, #4675, #1133, #4006 ) ) ;
#2267 = FILL_AREA_STYLE ('',( #5069 ) ) ;
#2269 = MECHANICAL_DESIGN_GEOMETRIC_PRESENTATION_REPRESENTATION (  '', ( #9283 ), #8201 ) ;
#2270 = EDGE_CURVE ( 'NONE', #7128, #1835, #8331, .T. ) ;
#2271 = FACE_OUTER_BOUND ( 'NONE', #8001, .T. ) ;
#2272 = LINE ( 'NONE', #8621, #2338 ) ;
#2273 = FACE_OUTER_BOUND ( 'NONE', #1387, .T. ) ;
#2274 = DIRECTION ( 'NONE',  ( -1.000000000000000000, 0.000000000000000000, 0.000000000000000000 ) ) ;
#2275 = ORIENTED_EDGE ( 'NONE', *, *, #9177, .F. ) ;
#2276 = ORIENTED_EDGE ( 'NONE', *, *, #755, .T. ) ;
#2277 = FACE_BOUND ( 'NONE', #843, .T. ) ;
#2278 =( NAMED_UNIT ( * ) SI_UNIT ( $, .STERADIAN. ) SOLID_ANGLE_UNIT ( ) );
#2279 = CYLINDRICAL_SURFACE ( 'NONE', #1104, 0.2500000000000002220 ) ;
#2280 = CARTESIAN_POINT ( 'NONE',  ( -2.312917130661302334, 0.000000000000000000, -4.000000000000000000 ) ) ;
#2281 = CARTESIAN_POINT ( 'NONE',  ( 1.500000000000000444, -0.1250000000000000000, -5.000000000000000000 ) ) ;
#2282 = UNCERTAINTY_MEASURE_WITH_UNIT (LENGTH_MEASURE( 1.000000000000000082E-05 ), #1320, 'distance_accuracy_value', 'NONE');
#2283 = DIRECTION ( 'NONE',  ( -1.000000000000000000, 0.000000000000000000, 0.000000000000000000 ) ) ;
#2284 = PRESENTATION_STYLE_ASSIGNMENT (( #582 ) ) ;
#2285 = FILL_AREA_STYLE_COLOUR ( '', #4567 ) ;
#2286 = SPHERICAL_SURFACE ( 'NONE', #199, 0.2250000000000000888 ) ;
#2287 =( LENGTH_UNIT ( ) NAMED_UNIT ( * ) SI_UNIT ( .MILLI., .METRE. ) );
#2288 = EDGE_CURVE ( 'NONE', #593, #7690, #2563, .T. ) ;
#2289 = EDGE_CURVE ( 'NONE', #6166, #178, #6817, .T. ) ;
#2290 = COLOUR_RGB ( '',0.8941176470588234615, 0.9137254901960784048, 0.9294117647058823817 ) ;
#2291 =( GEOMETRIC_REPRESENTATION_CONTEXT ( 3 ) GLOBAL_UNCERTAINTY_ASSIGNED_CONTEXT ( ( #8825 ) ) GLOBAL_UNIT_ASSIGNED_CONTEXT ( ( #7331, #8506, #6348 ) ) REPRESENTATION_CONTEXT ( 'NONE', 'WORKASPACE' ) );
#2292 =( GEOMETRIC_REPRESENTATION_CONTEXT ( 3 ) GLOBAL_UNCERTAINTY_ASSIGNED_CONTEXT ( ( #518 ) ) GLOBAL_UNIT_ASSIGNED_CONTEXT ( ( #7987, #2988, #8749 ) ) REPRESENTATION_CONTEXT ( 'NONE', 'WORKASPACE' ) );
#2293 = FACE_OUTER_BOUND ( 'NONE', #2358, .T. ) ;
#2294 = SURFACE_SIDE_STYLE ('',( #7632 ) ) ;
#2295 = DIRECTION ( 'NONE',  ( 0.000000000000000000, 0.000000000000000000, 1.000000000000000000 ) ) ;
#2296 = CARTESIAN_POINT ( 'NONE',  ( -3.499999999999999556, -0.3500000000000000333, 2.999999999999999112 ) ) ;
#2297 = FILL_AREA_STYLE_COLOUR ( '', #3533 ) ;
#2298 = COLOUR_RGB ( '',0.8941176470588234615, 0.9137254901960784048, 0.9294117647058823817 ) ;
#2299 =( GEOMETRIC_REPRESENTATION_CONTEXT ( 3 ) GLOBAL_UNCERTAINTY_ASSIGNED_CONTEXT ( ( #3963 ) ) GLOBAL_UNIT_ASSIGNED_CONTEXT ( ( #7338, #8160, #8069 ) ) REPRESENTATION_CONTEXT ( 'NONE', 'WORKASPACE' ) );
#2300 = CIRCLE ( 'NONE', #5229, 0.1870828693386971664 ) ;
#2301 = EDGE_CURVE ( 'NONE', #4554, #4498, #8646, .T. ) ;
#2302 = ORIENTED_EDGE ( 'NONE', *, *, #7390, .F. ) ;
#2303 = EDGE_CURVE ( 'NONE', #4496, #3529, #5465, .T. ) ;
#2304 = PRESENTATION_STYLE_ASSIGNMENT (( #6157 ) ) ;
#2305 = AXIS2_PLACEMENT_3D ( 'NONE', #7750, #434, #6251 ) ;
#2306 = CIRCLE ( 'NONE', #1083, 0.1870828693386972497 ) ;
#2307 =( LENGTH_UNIT ( ) NAMED_UNIT ( * ) SI_UNIT ( .MILLI., .METRE. ) );
#2308 = CIRCLE ( 'NONE', #2455, 0.1870828693386963892 ) ;
#2309 = ORIENTED_EDGE ( 'NONE', *, *, #7515, .F. ) ;
#2310 =( GEOMETRIC_REPRESENTATION_CONTEXT ( 3 ) GLOBAL_UNCERTAINTY_ASSIGNED_CONTEXT ( ( #2533 ) ) GLOBAL_UNIT_ASSIGNED_CONTEXT ( ( #2497, #9127, #3218 ) ) REPRESENTATION_CONTEXT ( 'NONE', 'WORKASPACE' ) );
#2311 = DIRECTION ( 'NONE',  ( -0.000000000000000000, -0.000000000000000000, -1.000000000000000000 ) ) ;
#2313 = ORIENTED_EDGE ( 'NONE', *, *, #7503, .F. ) ;
#2312 = LINE ( 'NONE', #8080, #5738 ) ;
#2314 = COLOUR_RGB ( '',1.000000000000000000, 1.000000000000000000, 0.000000000000000000 ) ;
#2315 = PRESENTATION_LAYER_ASSIGNMENT (  '', '', ( #2790 ) ) ;
#2316 = AXIS2_PLACEMENT_3D ( 'NONE', #4692, #3097, #9042 ) ;
#2317 = ORIENTED_EDGE ( 'NONE', *, *, #5593, .T. ) ;
#2318 = SURFACE_SIDE_STYLE ('',( #5388 ) ) ;
#2319 =( LENGTH_UNIT ( ) NAMED_UNIT ( * ) SI_UNIT ( .MILLI., .METRE. ) );
#2320 = PRESENTATION_LAYER_ASSIGNMENT (  '', '', ( #542 ) ) ;
#2321 = AXIS2_PLACEMENT_3D ( 'NONE', #3370, #2722, #6428 ) ;
#2322 = ORIENTED_EDGE ( 'NONE', *, *, #9373, .F. ) ;
#2323 = PRESENTATION_LAYER_ASSIGNMENT (  '', '', ( #7375 ) ) ;
#2324 = ORIENTED_EDGE ( 'NONE', *, *, #732, .F. ) ;
#2325 = FACE_BOUND ( 'NONE', #2259, .T. ) ;
#2326 = CIRCLE ( 'NONE', #7669, 0.2250000000000001443 ) ;
#2327 = PRESENTATION_LAYER_ASSIGNMENT (  '', '', ( #4956 ) ) ;
#2328 = CARTESIAN_POINT ( 'NONE',  ( -6.800000000000002487, 0.000000000000000000, -8.799999999999995381 ) ) ;
#2329 = CARTESIAN_POINT ( 'NONE',  ( 2.500000000000000444, 0.000000000000000000, -2.000000000000000000 ) ) ;
#2330 = EDGE_CURVE ( 'NONE', #4128, #4081, #5311, .T. ) ;
#2331 = CARTESIAN_POINT ( 'NONE',  ( -1.312917130661302334, 0.000000000000000000, -2.000000000000000000 ) ) ;
#2332 = DIRECTION ( 'NONE',  ( -0.7071067811865475727, 0.000000000000000000, -0.7071067811865475727 ) ) ;
#2333 = FACE_OUTER_BOUND ( 'NONE', #2501, .T. ) ;
#2334 = CARTESIAN_POINT ( 'NONE',  ( -1.499999999999999556, 0.000000000000000000, 1.000000000000000888 ) ) ;
#2335 = FILL_AREA_STYLE_COLOUR ( '', #8289 ) ;
#2336 = SPHERICAL_SURFACE ( 'NONE', #986, 0.2250000000000000888 ) ;
#2337 = SURFACE_SIDE_STYLE ('',( #5313 ) ) ;
#2338 = VECTOR ( 'NONE', #9404, 1000.000000000000000 ) ;
#2339 = DIRECTION ( 'NONE',  ( -1.000000000000000000, 0.000000000000000000, 0.000000000000000000 ) ) ;
#2340 = SPHERICAL_SURFACE ( 'NONE', #7518, 0.2250000000000000888 ) ;
#2341 = CARTESIAN_POINT ( 'NONE',  ( 1.500000000000000444, 0.000000000000000000, 4.000000000000000000 ) ) ;
#2342 = UNCERTAINTY_MEASURE_WITH_UNIT (LENGTH_MEASURE( 1.000000000000000082E-05 ), #7746, 'distance_accuracy_value', 'NONE');
#2343 =( NAMED_UNIT ( * ) PLANE_ANGLE_UNIT ( ) SI_UNIT ( $, .RADIAN. ) );
#2344 = DIRECTION ( 'NONE',  ( -1.224646799147353207E-16, 0.000000000000000000, 1.000000000000000000 ) ) ;
#2345 = CARTESIAN_POINT ( 'NONE',  ( -3.499999999999999556, -0.1250000000000000000, -5.000000000000000000 ) ) ;
#2346 = UNCERTAINTY_MEASURE_WITH_UNIT (LENGTH_MEASURE( 1.000000000000000082E-05 ), #6051, 'distance_accuracy_value', 'NONE');
#2347 =( NAMED_UNIT ( * ) PLANE_ANGLE_UNIT ( ) SI_UNIT ( $, .RADIAN. ) );
#2348 = FACE_OUTER_BOUND ( 'NONE', #9136, .T. ) ;
#2349 = SPHERICAL_SURFACE ( 'NONE', #1911, 0.2250000000000000888 ) ;
#2350 = ORIENTED_EDGE ( 'NONE', *, *, #4229, .F. ) ;
#2351 = DIRECTION ( 'NONE',  ( 1.000000000000000000, 0.000000000000000000, 1.224646799147352961E-16 ) ) ;
#2352 = COLOUR_RGB ( '',0.8941176470588234615, 0.9137254901960784048, 0.9294117647058823817 ) ;
#2354 = ORIENTED_EDGE ( 'NONE', *, *, #7235, .F. ) ;
#2353 = SURFACE_SIDE_STYLE ('',( #8878 ) ) ;
#2355 = ADVANCED_FACE ( 'NONE', ( #1479 ), #6525, .T. ) ;
#2356 = FILL_AREA_STYLE ('',( #1468 ) ) ;
#2357 = COLOUR_RGB ( '',0.8941176470588234615, 0.9137254901960784048, 0.9294117647058823817 ) ;
#2358 = EDGE_LOOP ( 'NONE', ( #3416, #5681, #3268 ) ) ;
#2359 = FACE_OUTER_BOUND ( 'NONE', #9398, .T. ) ;
#2360 = AXIS2_PLACEMENT_3D ( 'NONE', #6927, #4142, #4907 ) ;
#2361 = AXIS2_PLACEMENT_3D ( 'NONE', #8740, #7467, #1674 ) ;
#2362 = DIRECTION ( 'NONE',  ( 0.000000000000000000, -1.000000000000000000, 0.000000000000000000 ) ) ;
#2363 = PRESENTATION_STYLE_ASSIGNMENT (( #8218 ) ) ;
#2364 = VECTOR ( 'NONE', #8424, 1000.000000000000114 ) ;
#2365 = DIRECTION ( 'NONE',  ( -1.224646799147353207E-16, 0.000000000000000000, 1.000000000000000000 ) ) ;
#2366 = ADVANCED_FACE ( 'NONE', ( #8763 ), #3670, .T. ) ;
#2367 = EDGE_CURVE ( 'NONE', #5464, #617, #2870, .T. ) ;
#2368 = VERTEX_POINT ( 'NONE', #1337 ) ;
#2369 = ORIENTED_EDGE ( 'NONE', *, *, #2200, .F. ) ;
#2370 = AXIS2_PLACEMENT_3D ( 'NONE', #2993, #4400, #4443 ) ;
#2371 = PRESENTATION_LAYER_ASSIGNMENT (  '', '', ( #2093 ) ) ;
#2372 = CARTESIAN_POINT ( 'NONE',  ( 2.500000000000000444, -0.1250000000000000000, 2.999999999999999112 ) ) ;
#2373 = CARTESIAN_POINT ( 'NONE',  ( -4.500000000000000000, -0.3500000000000000333, 6.999999999999999112 ) ) ;
#2374 = UNCERTAINTY_MEASURE_WITH_UNIT (LENGTH_MEASURE( 1.000000000000000082E-05 ), #111, 'distance_accuracy_value', 'NONE');
#2375 = DIRECTION ( 'NONE',  ( 0.000000000000000000, 0.000000000000000000, 1.000000000000000000 ) ) ;
#2376 = COLOUR_RGB ( '',0.8941176470588234615, 0.9137254901960784048, 0.9294117647058823817 ) ;
#2377 = DIRECTION ( 'NONE',  ( -1.000000000000000000, 0.000000000000000000, 0.000000000000000000 ) ) ;
#2379 = CIRCLE ( 'NONE', #7283, 0.1870828693386972497 ) ;
#2378 = AXIS2_PLACEMENT_3D ( 'NONE', #1819, #9071, #8309 ) ;
#2380 = CARTESIAN_POINT ( 'NONE',  ( -1.499999999999999556, -0.1250000000000000000, 2.000000000000000000 ) ) ;
#2381 = CARTESIAN_POINT ( 'NONE',  ( -1.312917130661302334, 0.000000000000000000, -1.000000000000000000 ) ) ;
#2382 = PRESENTATION_STYLE_ASSIGNMENT (( #9368 ) ) ;
#2383 = ORIENTED_EDGE ( 'NONE', *, *, #5595, .T. ) ;
#2384 = SPHERICAL_SURFACE ( 'NONE', #4115, 0.2250000000000000888 ) ;
#2385 = DIRECTION ( 'NONE',  ( 0.000000000000000000, 0.000000000000000000, -1.000000000000000000 ) ) ;
#2386 = SURFACE_SIDE_STYLE ('',( #6097 ) ) ;
#2387 = EDGE_CURVE ( 'NONE', #3469, #4109, #8177, .T. ) ;
#2388 = AXIS2_PLACEMENT_3D ( 'NONE', #3577, #4219, #5729 ) ;
#2389 = DIRECTION ( 'NONE',  ( -1.224646799147353207E-16, 0.000000000000000000, 1.000000000000000000 ) ) ;
#2390 = DIRECTION ( 'NONE',  ( 0.000000000000000000, 0.000000000000000000, 1.000000000000000000 ) ) ;
#2391 = CARTESIAN_POINT ( 'NONE',  ( 1.500000000000000444, -0.3500000000000000333, 2.999999999999999112 ) ) ;
#2392 = CARTESIAN_POINT ( 'NONE',  ( 3.500000000000000444, -0.1250000000000000000, 8.000000000000000000 ) ) ;
#2393 = CARTESIAN_POINT ( 'NONE',  ( 6.999999999999998224, -22.54350850198275680, 9.000000000000000000 ) ) ;
#2394 = FILL_AREA_STYLE ('',( #8921 ) ) ;
#2395 = VECTOR ( 'NONE', #6190, 1000.000000000000000 ) ;
#2396 = FILL_AREA_STYLE ('',( #971 ) ) ;
#2397 = ORIENTED_EDGE ( 'NONE', *, *, #9124, .T. ) ;
#2398 = MECHANICAL_DESIGN_GEOMETRIC_PRESENTATION_REPRESENTATION (  '', ( #5316 ), #4417 ) ;
#2399 = FILL_AREA_STYLE_COLOUR ( '', #762 ) ;
#2400 = MECHANICAL_DESIGN_GEOMETRIC_PRESENTATION_REPRESENTATION (  '', ( #1639 ), #6976 ) ;
#2401 = EDGE_LOOP ( 'NONE', ( #2369, #163, #3807 ) ) ;
#2403 = VERTEX_POINT ( 'NONE', #7955 ) ;
#2402 = FILL_AREA_STYLE_COLOUR ( '', #8772 ) ;
#2404 = DIRECTION ( 'NONE',  ( 0.000000000000000000, 0.000000000000000000, -1.000000000000000000 ) ) ;
#2405 = AXIS2_PLACEMENT_3D ( 'NONE', #2334, #5399, #1761 ) ;
#2406 = SPHERICAL_SURFACE ( 'NONE', #9165, 0.2250000000000000888 ) ;
#2407 = ADVANCED_FACE ( 'NONE', ( #742 ), #5258, .T. ) ;
#2408 = EDGE_CURVE ( 'NONE', #7015, #3469, #4380, .T. ) ;
#2409 = FACE_OUTER_BOUND ( 'NONE', #641, .T. ) ;
#2410 = CARTESIAN_POINT ( 'NONE',  ( 3.500000000000000444, -0.1250000000000000000, 2.000000000000000000 ) ) ;
#2411 = COLOUR_RGB ( '',0.8941176470588234615, 0.9137254901960784048, 0.9294117647058823817 ) ;
#2412 = CARTESIAN_POINT ( 'NONE',  ( -2.499999999999999556, -0.1250000000000000000, -2.000000000000000000 ) ) ;
#2413 = ORIENTED_EDGE ( 'NONE', *, *, #5707, .T. ) ;
#2414 = PRESENTATION_STYLE_ASSIGNMENT (( #8092 ) ) ;
#2415 = ORIENTED_EDGE ( 'NONE', *, *, #8664, .F. ) ;
#2416 = DIRECTION ( 'NONE',  ( 0.000000000000000000, -1.000000000000000000, 0.000000000000000000 ) ) ;
#2417 = CIRCLE ( 'NONE', #5338, 0.1870828693386971386 ) ;
#2418 = ADVANCED_FACE ( 'NONE', ( #1607 ), #942, .T. ) ;
#2419 = ADVANCED_FACE ( 'NONE', ( #4639 ), #2551, .T. ) ;
#2420 = LINE ( 'NONE', #2328, #4339 ) ;
#2421 = FILL_AREA_STYLE ('',( #4594 ) ) ;
#2422 = SURFACE_STYLE_USAGE ( .BOTH. , #1081 ) ;
#2423 = VERTEX_POINT ( 'NONE', #8222 ) ;
#2424 = DIRECTION ( 'NONE',  ( -1.000000000000000000, 0.000000000000000000, 0.000000000000000000 ) ) ;
#2425 = DIRECTION ( 'NONE',  ( 0.000000000000000000, -1.000000000000000000, 0.000000000000000000 ) ) ;
#2426 = DIRECTION ( 'NONE',  ( -0.000000000000000000, -0.000000000000000000, -1.000000000000000000 ) ) ;
#2427 = DIRECTION ( 'NONE',  ( 0.000000000000000000, -1.000000000000000000, 0.000000000000000000 ) ) ;
#2428 =( NAMED_UNIT ( * ) PLANE_ANGLE_UNIT ( ) SI_UNIT ( $, .RADIAN. ) );
#2429 = ORIENTED_EDGE ( 'NONE', *, *, #152, .F. ) ;
#2430 = DIRECTION ( 'NONE',  ( -0.000000000000000000, -0.000000000000000000, -1.000000000000000000 ) ) ;
#2431 = DIRECTION ( 'NONE',  ( -1.000000000000000000, 0.000000000000000000, 0.000000000000000000 ) ) ;
#2432 = FILL_AREA_STYLE_COLOUR ( '', #5160 ) ;
#2433 = VERTEX_POINT ( 'NONE', #6997 ) ;
#2434 = SPHERICAL_SURFACE ( 'NONE', #395, 0.2250000000000000888 ) ;
#2435 = AXIS2_PLACEMENT_3D ( 'NONE', #5191, #6645, #7471 ) ;
#2436 = STYLED_ITEM ( 'NONE', ( #8208 ), #6672 ) ;
#2437 = ORIENTED_EDGE ( 'NONE', *, *, #7704, .F. ) ;
#2438 = DIRECTION ( 'NONE',  ( 0.000000000000000000, 0.000000000000000000, -1.000000000000000000 ) ) ;
#2439 = MECHANICAL_DESIGN_GEOMETRIC_PRESENTATION_REPRESENTATION (  '', ( #934 ), #7800 ) ;
#2441 = VERTEX_POINT ( 'NONE', #9039 ) ;
#2440 = STYLED_ITEM ( 'NONE', ( #5991 ), #4959 ) ;
#2442 = VECTOR ( 'NONE', #5705, 1000.000000000000000 ) ;
#2443 = DIRECTION ( 'NONE',  ( 0.000000000000000000, 0.000000000000000000, 1.000000000000000000 ) ) ;
#2444 = AXIS2_PLACEMENT_3D ( 'NONE', #7012, #3434, #1 ) ;
#2445 = SURFACE_STYLE_FILL_AREA ( #8886 ) ;
#2446 = CARTESIAN_POINT ( 'NONE',  ( 3.500000000000000444, 0.000000000000000000, 2.999999999999999112 ) ) ;
#2447 = FILL_AREA_STYLE_COLOUR ( '', #9022 ) ;
#2448 = ORIENTED_EDGE ( 'NONE', *, *, #312, .F. ) ;
#2449 = SURFACE_STYLE_FILL_AREA ( #5999 ) ;
#2450 = VERTEX_POINT ( 'NONE', #6227 ) ;
#2451 = CIRCLE ( 'NONE', #4168, 0.1870828693386972497 ) ;
#2452 = FILL_AREA_STYLE_COLOUR ( '', #6779 ) ;
#2453 = PRESENTATION_LAYER_ASSIGNMENT (  '', '', ( #7363 ) ) ;
#2454 = AXIS2_PLACEMENT_3D ( 'NONE', #4905, #6926, #9117 ) ;
#2455 = AXIS2_PLACEMENT_3D ( 'NONE', #3365, #8427, #9195 ) ;
#2456 = CARTESIAN_POINT ( 'NONE',  ( -4.500000000000000000, -0.1250000000000000000, -8.000000000000000000 ) ) ;
#2457 =( LENGTH_UNIT ( ) NAMED_UNIT ( * ) SI_UNIT ( .MILLI., .METRE. ) );
#2458 =( GEOMETRIC_REPRESENTATION_CONTEXT ( 3 ) GLOBAL_UNCERTAINTY_ASSIGNED_CONTEXT ( ( #7095 ) ) GLOBAL_UNIT_ASSIGNED_CONTEXT ( ( #7124, #9210, #8382 ) ) REPRESENTATION_CONTEXT ( 'NONE', 'WORKASPACE' ) );
#2459 = CIRCLE ( 'NONE', #8853, 0.2249999999999999500 ) ;
#2460 = SURFACE_SIDE_STYLE ('',( #6090 ) ) ;
#2461 = FILL_AREA_STYLE_COLOUR ( '', #6186 ) ;
#2462 = DIRECTION ( 'NONE',  ( -0.000000000000000000, -0.000000000000000000, -1.000000000000000000 ) ) ;
#2463 = FILL_AREA_STYLE ('',( #3586 ) ) ;
#2464 = ORIENTED_EDGE ( 'NONE', *, *, #3490, .F. ) ;
#2465 =( NAMED_UNIT ( * ) PLANE_ANGLE_UNIT ( ) SI_UNIT ( $, .RADIAN. ) );
#2466 = UNCERTAINTY_MEASURE_WITH_UNIT (LENGTH_MEASURE( 1.000000000000000082E-05 ), #5792, 'distance_accuracy_value', 'NONE');
#2467 = FILL_AREA_STYLE ('',( #9205 ) ) ;
#2468 = SURFACE_STYLE_USAGE ( .BOTH. , #3156 ) ;
#2469 = DIRECTION ( 'NONE',  ( -1.000000000000000000, 0.000000000000000000, 0.000000000000000000 ) ) ;
#2470 = LINE ( 'NONE', #4225, #6156 ) ;
#2471 = ADVANCED_FACE ( 'NONE', ( #4005 ), #3417, .T. ) ;
#2472 = DIRECTION ( 'NONE',  ( 0.000000000000000000, 0.000000000000000000, -1.000000000000000000 ) ) ;
#2473 = PRESENTATION_LAYER_ASSIGNMENT (  '', '', ( #6593 ) ) ;
#2474 = AXIS2_PLACEMENT_3D ( 'NONE', #2412, #8220, #3856 ) ;
#2475 = COLOUR_RGB ( '',0.8941176470588234615, 0.9137254901960784048, 0.9294117647058823817 ) ;
#2476 = SURFACE_STYLE_FILL_AREA ( #1050 ) ;
#2477 = ORIENTED_EDGE ( 'NONE', *, *, #3169, .F. ) ;
#2478 = ORIENTED_EDGE ( 'NONE', *, *, #6972, .T. ) ;
#2479 = SURFACE_SIDE_STYLE ('',( #9014 ) ) ;
#2480 = CARTESIAN_POINT ( 'NONE',  ( 3.312917130661303222, 0.000000000000000000, -5.000000000000000000 ) ) ;
#2481 = AXIS2_PLACEMENT_3D ( 'NONE', #1593, #977, #2351 ) ;
#2482 = SURFACE_STYLE_USAGE ( .BOTH. , #6919 ) ;
#2483 = FACE_OUTER_BOUND ( 'NONE', #7054, .T. ) ;
#2484 = EDGE_CURVE ( 'NONE', #7664, #1990, #426, .T. ) ;
#2485 = DIRECTION ( 'NONE',  ( -1.000000000000000000, 0.000000000000000000, 0.000000000000000000 ) ) ;
#2486 = AXIS2_PLACEMENT_3D ( 'NONE', #441, #2042, #4966 ) ;
#2487 = SURFACE_SIDE_STYLE ('',( #6112 ) ) ;
#2488 =( NAMED_UNIT ( * ) PLANE_ANGLE_UNIT ( ) SI_UNIT ( $, .RADIAN. ) );
#2489 = DIRECTION ( 'NONE',  ( 0.000000000000000000, 0.000000000000000000, 1.000000000000000000 ) ) ;
#2490 = EDGE_LOOP ( 'NONE', ( #5560, #7151, #9119 ) ) ;
#2491 = SURFACE_STYLE_USAGE ( .BOTH. , #5429 ) ;
#2493 = ORIENTED_EDGE ( 'NONE', *, *, #3349, .T. ) ;
#2492 = SURFACE_SIDE_STYLE ('',( #8211 ) ) ;
#2494 = DIRECTION ( 'NONE',  ( 0.000000000000000000, 0.000000000000000000, -1.000000000000000000 ) ) ;
#2495 = ORIENTED_EDGE ( 'NONE', *, *, #2727, .T. ) ;
#2496 = ADVANCED_FACE ( 'NONE', ( #8363 ), #1122, .T. ) ;
#2497 =( LENGTH_UNIT ( ) NAMED_UNIT ( * ) SI_UNIT ( .MILLI., .METRE. ) );
#2498 = PRESENTATION_LAYER_ASSIGNMENT (  '', '', ( #6618 ) ) ;
#2499 =( NAMED_UNIT ( * ) PLANE_ANGLE_UNIT ( ) SI_UNIT ( $, .RADIAN. ) );
#2500 = VECTOR ( 'NONE', #8333, 1000.000000000000000 ) ;
#2501 = EDGE_LOOP ( 'NONE', ( #4198, #3253, #807 ) ) ;
#2502 = CIRCLE ( 'NONE', #1451, 0.2249999999999999500 ) ;
#2503 = ORIENTED_EDGE ( 'NONE', *, *, #5053, .T. ) ;
#2504 =( NAMED_UNIT ( * ) PLANE_ANGLE_UNIT ( ) SI_UNIT ( $, .RADIAN. ) );
#2505 = CARTESIAN_POINT ( 'NONE',  ( -1.499999999999999556, -0.1250000000000000000, 2.000000000000000000 ) ) ;
#2506 = COLOUR_RGB ( '',0.8941176470588234615, 0.9137254901960784048, 0.9294117647058823817 ) ;
#2507 = DIRECTION ( 'NONE',  ( -1.000000000000000000, 0.000000000000000000, 0.000000000000000000 ) ) ;
#2508 = CARTESIAN_POINT ( 'NONE',  ( 4.500000000000001776, -0.1250000000000000000, -8.000000000000000000 ) ) ;
#2509 = SURFACE_STYLE_USAGE ( .BOTH. , #9045 ) ;
#2510 = SURFACE_STYLE_FILL_AREA ( #8373 ) ;
#2511 = SPHERICAL_SURFACE ( 'NONE', #7183, 0.2250000000000000888 ) ;
#2512 = DIRECTION ( 'NONE',  ( -0.000000000000000000, -0.000000000000000000, -1.000000000000000000 ) ) ;
#2513 = CIRCLE ( 'NONE', #4388, 0.2250000000000001443 ) ;
#2514 = DIRECTION ( 'NONE',  ( 0.000000000000000000, 0.000000000000000000, -1.000000000000000000 ) ) ;
#2515 = COLOUR_RGB ( '',0.8941176470588234615, 0.9137254901960784048, 0.9294117647058823817 ) ;
#2516 = CARTESIAN_POINT ( 'NONE',  ( -4.500000000000000000, -0.1250000000000000000, -8.000000000000000000 ) ) ;
#2517 = DIRECTION ( 'NONE',  ( -0.000000000000000000, -0.000000000000000000, -1.000000000000000000 ) ) ;
#2518 = STYLED_ITEM ( 'NONE', ( #1738 ), #2812 ) ;
#2519 = SPHERICAL_SURFACE ( 'NONE', #4227, 0.2250000000000000888 ) ;
#2520 = ORIENTED_EDGE ( 'NONE', *, *, #6785, .T. ) ;
#2521 = COLOUR_RGB ( '',0.8941176470588234615, 0.9137254901960784048, 0.9294117647058823817 ) ;
#2522 = UNCERTAINTY_MEASURE_WITH_UNIT (LENGTH_MEASURE( 1.000000000000000082E-05 ), #96, 'distance_accuracy_value', 'NONE');
#2524 = STYLED_ITEM ( 'NONE', ( #2559 ), #1430 ) ;
#2523 = AXIS2_PLACEMENT_3D ( 'NONE', #6172, #3354, #9082 ) ;
#2525 = EDGE_LOOP ( 'NONE', ( #3425, #2758, #8914 ) ) ;
#2526 = EDGE_CURVE ( 'NONE', #6409, #2000, #3598, .T. ) ;
#2527 =( NAMED_UNIT ( * ) SI_UNIT ( $, .STERADIAN. ) SOLID_ANGLE_UNIT ( ) );
#2528 = CARTESIAN_POINT ( 'NONE',  ( -2.499999999999999556, -0.1250000000000000000, -4.000000000000000000 ) ) ;
#2529 = AXIS2_PLACEMENT_3D ( 'NONE', #7629, #3234, #7546 ) ;
#2530 = STYLED_ITEM ( 'NONE', ( #5453 ), #1494 ) ;
#2531 = DIRECTION ( 'NONE',  ( -0.000000000000000000, -0.000000000000000000, -1.000000000000000000 ) ) ;
#2532 = EDGE_CURVE ( 'NONE', #9088, #7312, #551, .T. ) ;
#2533 = UNCERTAINTY_MEASURE_WITH_UNIT (LENGTH_MEASURE( 1.000000000000000082E-05 ), #2497, 'distance_accuracy_value', 'NONE');
#2534 = ADVANCED_FACE ( 'NONE', ( #6129 ), #631, .T. ) ;
#2535 = STYLED_ITEM ( 'NONE', ( #2959 ), #8779 ) ;
#2536 = DIRECTION ( 'NONE',  ( -1.000000000000000000, 0.000000000000000000, 0.000000000000000000 ) ) ;
#2537 = DIRECTION ( 'NONE',  ( -1.000000000000000000, 0.000000000000000000, 0.000000000000000000 ) ) ;
#2538 = PRESENTATION_STYLE_ASSIGNMENT (( #7029 ) ) ;
#2539 = EDGE_LOOP ( 'NONE', ( #5515, #6756, #4656 ) ) ;
#2540 = DIRECTION ( 'NONE',  ( 0.000000000000000000, 0.000000000000000000, -1.000000000000000000 ) ) ;
#2541 = FILL_AREA_STYLE ('',( #3946 ) ) ;
#2542 = EDGE_LOOP ( 'NONE', ( #7774, #1906 ) ) ;
#2543 = DIRECTION ( 'NONE',  ( 0.000000000000000000, -1.000000000000000000, 0.000000000000000000 ) ) ;
#2544 = ORIENTED_EDGE ( 'NONE', *, *, #8225, .T. ) ;
#2545 = SURFACE_STYLE_USAGE ( .BOTH. , #1831 ) ;
#2546 = COLOUR_RGB ( '',0.8941176470588234615, 0.9137254901960784048, 0.9294117647058823817 ) ;
#2547 = DIRECTION ( 'NONE',  ( 0.000000000000000000, -1.000000000000000000, 0.000000000000000000 ) ) ;
#2548 = VERTEX_POINT ( 'NONE', #2712 ) ;
#2549 = DIRECTION ( 'NONE',  ( -0.000000000000000000, -0.000000000000000000, -1.000000000000000000 ) ) ;
#2550 = EDGE_LOOP ( 'NONE', ( #1171, #5589, #8585 ) ) ;
#2551 = SPHERICAL_SURFACE ( 'NONE', #6787, 0.2250000000000000888 ) ;
#2552 = ORIENTED_EDGE ( 'NONE', *, *, #6317, .F. ) ;
#2553 = CIRCLE ( 'NONE', #5770, 0.1870828693386971664 ) ;
#2554 = CARTESIAN_POINT ( 'NONE',  ( 2.312917130661303222, 0.000000000000000000, -1.000000000000000000 ) ) ;
#2555 = AXIS2_PLACEMENT_3D ( 'NONE', #3155, #3776, #3872 ) ;
#2556 = DIRECTION ( 'NONE',  ( 0.000000000000000000, 0.000000000000000000, 1.000000000000000000 ) ) ;
#2557 = DIRECTION ( 'NONE',  ( 0.000000000000000000, -1.000000000000000000, 0.000000000000000000 ) ) ;
#2558 = UNCERTAINTY_MEASURE_WITH_UNIT (LENGTH_MEASURE( 1.000000000000000082E-05 ), #8252, 'distance_accuracy_value', 'NONE');
#2559 = PRESENTATION_STYLE_ASSIGNMENT (( #3047 ) ) ;
#2560 = DIRECTION ( 'NONE',  ( -0.000000000000000000, -0.000000000000000000, -1.000000000000000000 ) ) ;
#2561 = CARTESIAN_POINT ( 'NONE',  ( 3.500000000000000444, -0.1250000000000000000, 1.000000000000000888 ) ) ;
#2562 = VERTEX_POINT ( 'NONE', #4399 ) ;
#2563 = LINE ( 'NONE', #7634, #5628 ) ;
#2564 = CARTESIAN_POINT ( 'NONE',  ( 3.500000000000000444, -0.1250000000000000000, -1.000000000000000000 ) ) ;
#2565 = DIRECTION ( 'NONE',  ( 0.000000000000000000, 0.000000000000000000, -1.000000000000000000 ) ) ;
#2566 = CARTESIAN_POINT ( 'NONE',  ( -0.4999999999999995559, 0.000000000000000000, 2.999999999999999112 ) ) ;
#2567 = AXIS2_PLACEMENT_3D ( 'NONE', #4578, #8833, #8706 ) ;
#2568 = SURFACE_STYLE_USAGE ( .BOTH. , #9300 ) ;
#2569 = DIRECTION ( 'NONE',  ( 1.000000000000000000, 0.000000000000000000, 0.000000000000000000 ) ) ;
#2570 = VERTEX_POINT ( 'NONE', #5029 ) ;
#2571 = ORIENTED_EDGE ( 'NONE', *, *, #6317, .T. ) ;
#2572 = SURFACE_STYLE_FILL_AREA ( #1770 ) ;
#2573 = DIRECTION ( 'NONE',  ( -1.000000000000000000, 0.000000000000000000, 0.000000000000000000 ) ) ;
#2574 = UNCERTAINTY_MEASURE_WITH_UNIT (LENGTH_MEASURE( 1.000000000000000082E-05 ), #2319, 'distance_accuracy_value', 'NONE');
#2575 = FILL_AREA_STYLE_COLOUR ( '', #8884 ) ;
#2576 = CARTESIAN_POINT ( 'NONE',  ( 1.500000000000000444, -0.1250000000000000000, 5.000000000000000888 ) ) ;
#2577 = DIRECTION ( 'NONE',  ( 0.000000000000000000, -1.000000000000000000, 0.000000000000000000 ) ) ;
#2578 = CARTESIAN_POINT ( 'NONE',  ( 3.500000000000000444, 0.000000000000000000, 2.000000000000000000 ) ) ;
#2579 = EDGE_CURVE ( 'NONE', #9040, #8419, #1003, .T. ) ;
#2580 = ORIENTED_EDGE ( 'NONE', *, *, #4404, .F. ) ;
#2581 = SURFACE_SIDE_STYLE ('',( #9116 ) ) ;
#2582 = FILL_AREA_STYLE_COLOUR ( '', #7655 ) ;
#2583 = SURFACE_SIDE_STYLE ('',( #4196 ) ) ;
#2584 =( NAMED_UNIT ( * ) SI_UNIT ( $, .STERADIAN. ) SOLID_ANGLE_UNIT ( ) );
#2585 = EDGE_LOOP ( 'NONE', ( #9122, #2709 ) ) ;
#2586 = SURFACE_SIDE_STYLE ('',( #7799 ) ) ;
#2587 = DIRECTION ( 'NONE',  ( -1.000000000000000000, 0.000000000000000000, 0.000000000000000000 ) ) ;
#2588 = DIRECTION ( 'NONE',  ( -0.000000000000000000, 1.000000000000000000, -0.000000000000000000 ) ) ;
#2589 = ORIENTED_EDGE ( 'NONE', *, *, #1029, .T. ) ;
#2590 = CARTESIAN_POINT ( 'NONE',  ( -1.499999999999999556, 0.000000000000000000, 1.000000000000000888 ) ) ;
#2591 = EDGE_CURVE ( 'NONE', #2433, #5334, #7908, .T. ) ;
#2592 = AXIS2_PLACEMENT_3D ( 'NONE', #7925, #5874, #8729 ) ;
#2593 = ADVANCED_FACE ( 'NONE', ( #7203 ), #1998, .T. ) ;
#2594 = ORIENTED_EDGE ( 'NONE', *, *, #5756, .F. ) ;
#2595 = ORIENTED_EDGE ( 'NONE', *, *, #8939, .F. ) ;
#2596 =( NAMED_UNIT ( * ) PLANE_ANGLE_UNIT ( ) SI_UNIT ( $, .RADIAN. ) );
#2597 =( NAMED_UNIT ( * ) PLANE_ANGLE_UNIT ( ) SI_UNIT ( $, .RADIAN. ) );
#2598 = PRESENTATION_LAYER_ASSIGNMENT (  '', '', ( #63 ) ) ;
#2599 = AXIS2_PLACEMENT_3D ( 'NONE', #956, #8144, #3870 ) ;
#2600 =( GEOMETRIC_REPRESENTATION_CONTEXT ( 3 ) GLOBAL_UNCERTAINTY_ASSIGNED_CONTEXT ( ( #790 ) ) GLOBAL_UNIT_ASSIGNED_CONTEXT ( ( #8076, #974, #7526 ) ) REPRESENTATION_CONTEXT ( 'NONE', 'WORKASPACE' ) );
#2601 = EDGE_LOOP ( 'NONE', ( #2617, #8265, #1896 ) ) ;
#2602 = FACE_OUTER_BOUND ( 'NONE', #1066, .T. ) ;
#2603 = ORIENTED_EDGE ( 'NONE', *, *, #3300, .T. ) ;
#2604 = ORIENTED_EDGE ( 'NONE', *, *, #6681, .T. ) ;
#2605 = EDGE_CURVE ( 'NONE', #5619, #1606, #4995, .T. ) ;
#2606 = CARTESIAN_POINT ( 'NONE',  ( 0.3129171306613032777, 0.000000000000000000, 2.000000000000000000 ) ) ;
#2607 = AXIS2_PLACEMENT_3D ( 'NONE', #3698, #3063, #7382 ) ;
#2609 = AXIS2_PLACEMENT_3D ( 'NONE', #4364, #4459, #8810 ) ;
#2608 = CARTESIAN_POINT ( 'NONE',  ( 2.500000000000000444, -0.1250000000000000000, 2.999999999999999112 ) ) ;
#2610 = PRESENTATION_STYLE_ASSIGNMENT (( #599 ) ) ;
#2611 =( LENGTH_UNIT ( ) NAMED_UNIT ( * ) SI_UNIT ( .MILLI., .METRE. ) );
#2612 = DIRECTION ( 'NONE',  ( 0.000000000000000000, 1.000000000000000000, 0.000000000000000000 ) ) ;
#2613 = DIRECTION ( 'NONE',  ( 0.000000000000000000, -1.000000000000000000, 0.000000000000000000 ) ) ;
#2614 = CIRCLE ( 'NONE', #7652, 0.2250000000000000611 ) ;
#2615 = DIRECTION ( 'NONE',  ( 1.000000000000000000, 0.000000000000000000, 0.000000000000000000 ) ) ;
#2616 = CIRCLE ( 'NONE', #3219, 0.2250000000000001443 ) ;
#2617 = ORIENTED_EDGE ( 'NONE', *, *, #5416, .F. ) ;
#2618 = DIRECTION ( 'NONE',  ( 0.000000000000000000, -1.000000000000000000, 0.000000000000000000 ) ) ;
#2619 = AXIS2_PLACEMENT_3D ( 'NONE', #8368, #2054, #1331 ) ;
#2620 = FACE_OUTER_BOUND ( 'NONE', #1427, .T. ) ;
#2621 = FACE_BOUND ( 'NONE', #6309, .T. ) ;
#2622 = FILL_AREA_STYLE_COLOUR ( '', #2357 ) ;
#2623 = FILL_AREA_STYLE ('',( #3537 ) ) ;
#2624 = CIRCLE ( 'NONE', #2038, 0.1870828693386963892 ) ;
#2625 = EDGE_CURVE ( 'NONE', #8272, #3620, #4521, .T. ) ;
#2626 = UNCERTAINTY_MEASURE_WITH_UNIT (LENGTH_MEASURE( 1.000000000000000082E-05 ), #2914, 'distance_accuracy_value', 'NONE');
#2627 = AXIS2_PLACEMENT_3D ( 'NONE', #5794, #4387, #7302 ) ;
#2628 = DIRECTION ( 'NONE',  ( 0.000000000000000000, -1.000000000000000000, 0.000000000000000000 ) ) ;
#2629 = VERTEX_POINT ( 'NONE', #7993 ) ;
#2630 = FACE_OUTER_BOUND ( 'NONE', #7705, .T. ) ;
#2631 = ORIENTED_EDGE ( 'NONE', *, *, #6846, .F. ) ;
#2632 = CARTESIAN_POINT ( 'NONE',  ( -2.499999999999999556, -0.1250000000000000000, -1.000000000000000000 ) ) ;
#2633 = DIRECTION ( 'NONE',  ( -1.224646799147353207E-16, 0.000000000000000000, 1.000000000000000000 ) ) ;
#2634 = PRESENTATION_LAYER_ASSIGNMENT (  '', '', ( #235 ) ) ;
#2635 = AXIS2_PLACEMENT_3D ( 'NONE', #7051, #8564, #1272 ) ;
#2636 = CARTESIAN_POINT ( 'NONE',  ( -6.800000000000002487, -0.02500000000000000139, -8.799999999999995381 ) ) ;
#2637 = DIRECTION ( 'NONE',  ( -1.224646799147353207E-16, 0.000000000000000000, 1.000000000000000000 ) ) ;
#2638 = ORIENTED_EDGE ( 'NONE', *, *, #7621, .F. ) ;
#2639 = UNCERTAINTY_MEASURE_WITH_UNIT (LENGTH_MEASURE( 1.000000000000000082E-05 ), #9034, 'distance_accuracy_value', 'NONE');
#2640 = CIRCLE ( 'NONE', #4797, 0.2249999999999999500 ) ;
#2641 = COLOUR_RGB ( '',0.2980392156862745057, 0.2980392156862745057, 0.2980392156862745057 ) ;
#2642 = FILL_AREA_STYLE_COLOUR ( '', #5582 ) ;
#2643 = PRESENTATION_STYLE_ASSIGNMENT (( #3302 ) ) ;
#2644 = ORIENTED_EDGE ( 'NONE', *, *, #6848, .F. ) ;
#2645 = FILL_AREA_STYLE ('',( #8516 ) ) ;
#2646 = VERTEX_POINT ( 'NONE', #6554 ) ;
#2647 = AXIS2_PLACEMENT_3D ( 'NONE', #1629, #9016, #3744 ) ;
#2648 = CIRCLE ( 'NONE', #7977, 0.1870828693386972497 ) ;
#2649 = ORIENTED_EDGE ( 'NONE', *, *, #4899, .T. ) ;
#2650 = DIRECTION ( 'NONE',  ( 0.000000000000000000, 0.000000000000000000, -1.000000000000000000 ) ) ;
#2651 = UNCERTAINTY_MEASURE_WITH_UNIT (LENGTH_MEASURE( 1.000000000000000082E-05 ), #2906, 'distance_accuracy_value', 'NONE');
#2652 = FACE_OUTER_BOUND ( 'NONE', #964, .T. ) ;
#2653 = ORIENTED_EDGE ( 'NONE', *, *, #2956, .F. ) ;
#2654 = EDGE_CURVE ( 'NONE', #354, #1606, #6797, .T. ) ;
#2655 = DIRECTION ( 'NONE',  ( 0.000000000000000000, 0.000000000000000000, 1.000000000000000000 ) ) ;
#2656 = ORIENTED_EDGE ( 'NONE', *, *, #2253, .T. ) ;
#2657 = DIRECTION ( 'NONE',  ( -1.000000000000000000, 0.000000000000000000, 0.000000000000000000 ) ) ;
#2658 = VERTEX_POINT ( 'NONE', #3662 ) ;
#2659 = PRESENTATION_LAYER_ASSIGNMENT (  '', '', ( #261 ) ) ;
#2660 = ORIENTED_EDGE ( 'NONE', *, *, #5817, .T. ) ;
#2661 = DIRECTION ( 'NONE',  ( 0.000000000000000000, -1.000000000000000000, 0.000000000000000000 ) ) ;
#2662 = DIRECTION ( 'NONE',  ( 0.000000000000000000, -1.000000000000000000, 0.000000000000000000 ) ) ;
#2664 = ADVANCED_FACE ( 'NONE', ( #4923 ), #4528, .T. ) ;
#2663 = STYLED_ITEM ( 'NONE', ( #751 ), #2905 ) ;
#2665 = COLOUR_RGB ( '',0.8941176470588234615, 0.9137254901960784048, 0.9294117647058823817 ) ;
#2666 =( NAMED_UNIT ( * ) SI_UNIT ( $, .STERADIAN. ) SOLID_ANGLE_UNIT ( ) );
#2667 = DIRECTION ( 'NONE',  ( 0.000000000000000000, -1.000000000000000000, 0.000000000000000000 ) ) ;
#2668 =( NAMED_UNIT ( * ) PLANE_ANGLE_UNIT ( ) SI_UNIT ( $, .RADIAN. ) );
#2669 = ORIENTED_EDGE ( 'NONE', *, *, #7222, .F. ) ;
#2670 = DIRECTION ( 'NONE',  ( 0.000000000000000000, 0.000000000000000000, -1.000000000000000000 ) ) ;
#2671 = DIRECTION ( 'NONE',  ( -1.224646799147353207E-16, 0.000000000000000000, 1.000000000000000000 ) ) ;
#2672 = SPHERICAL_SURFACE ( 'NONE', #269, 0.2250000000000000888 ) ;
#2673 = SURFACE_SIDE_STYLE ('',( #8245 ) ) ;
#2674 = AXIS2_PLACEMENT_3D ( 'NONE', #6192, #2772, #5691 ) ;
#2675 =( GEOMETRIC_REPRESENTATION_CONTEXT ( 3 ) GLOBAL_UNCERTAINTY_ASSIGNED_CONTEXT ( ( #4751 ) ) GLOBAL_UNIT_ASSIGNED_CONTEXT ( ( #5459, #5314, #7507 ) ) REPRESENTATION_CONTEXT ( 'NONE', 'WORKASPACE' ) );
#2676 = CARTESIAN_POINT ( 'NONE',  ( -7.000000000000001776, 0.000000000000000000, -8.999999999999998224 ) ) ;
#2677 = VERTEX_POINT ( 'NONE', #7860 ) ;
#2678 = AXIS2_PLACEMENT_3D ( 'NONE', #1627, #5890, #7468 ) ;
#2679 = ORIENTED_EDGE ( 'NONE', *, *, #7098, .T. ) ;
#2680 = STYLED_ITEM ( 'NONE', ( #7514 ), #1185 ) ;
#2681 = SURFACE_STYLE_USAGE ( .BOTH. , #6347 ) ;
#2682 = UNCERTAINTY_MEASURE_WITH_UNIT (LENGTH_MEASURE( 1.000000000000000082E-05 ), #4490, 'distance_accuracy_value', 'NONE');
#2683 =( NAMED_UNIT ( * ) SI_UNIT ( $, .STERADIAN. ) SOLID_ANGLE_UNIT ( ) );
#2684 = CARTESIAN_POINT ( 'NONE',  ( -2.499999999999999556, -0.1250000000000000000, -2.000000000000000000 ) ) ;
#2685 = ADVANCED_FACE ( 'NONE', ( #8928 ), #7348, .T. ) ;
#2686 = FACE_OUTER_BOUND ( 'NONE', #7182, .T. ) ;
#2687 = CARTESIAN_POINT ( 'NONE',  ( -2.687082869338696778, 0.000000000000000000, 1.000000000000000888 ) ) ;
#2688 = AXIS2_PLACEMENT_3D ( 'NONE', #507, #5402, #3279 ) ;
#2690 =( GEOMETRIC_REPRESENTATION_CONTEXT ( 3 ) GLOBAL_UNCERTAINTY_ASSIGNED_CONTEXT ( ( #1875 ) ) GLOBAL_UNIT_ASSIGNED_CONTEXT ( ( #183, #3812, #6627 ) ) REPRESENTATION_CONTEXT ( 'NONE', 'WORKASPACE' ) );
#2689 = COLOUR_RGB ( '',0.8941176470588234615, 0.9137254901960784048, 0.9294117647058823817 ) ;
#2691 = AXIS2_PLACEMENT_3D ( 'NONE', #6162, #3212, #4674 ) ;
#2692 = ORIENTED_EDGE ( 'NONE', *, *, #5130, .F. ) ;
#2693 = FILL_AREA_STYLE_COLOUR ( '', #7651 ) ;
#2694 =( NAMED_UNIT ( * ) SI_UNIT ( $, .STERADIAN. ) SOLID_ANGLE_UNIT ( ) );
#2695 = MECHANICAL_DESIGN_GEOMETRIC_PRESENTATION_REPRESENTATION (  '', ( #594 ), #870 ) ;
#2696 = FILL_AREA_STYLE ('',( #6159 ) ) ;
#2697 = DIRECTION ( 'NONE',  ( 0.000000000000000000, -1.000000000000000000, 0.000000000000000000 ) ) ;
#2698 = EDGE_LOOP ( 'NONE', ( #3420, #7250 ) ) ;
#2699 = CARTESIAN_POINT ( 'NONE',  ( 3.500000000000000444, 0.000000000000000000, 2.000000000000000000 ) ) ;
#2700 = DIRECTION ( 'NONE',  ( 0.000000000000000000, -1.000000000000000000, 0.000000000000000000 ) ) ;
#2701 = DIRECTION ( 'NONE',  ( -1.000000000000000000, 0.000000000000000000, 0.000000000000000000 ) ) ;
#2702 = CARTESIAN_POINT ( 'NONE',  ( 2.500000000000000444, -0.1250000000000000000, 2.000000000000000000 ) ) ;
#2703 = CARTESIAN_POINT ( 'NONE',  ( -4.312917130661302778, 0.000000000000000000, -7.000000000000000000 ) ) ;
#2704 = ORIENTED_EDGE ( 'NONE', *, *, #3057, .T. ) ;
#2705 = FILL_AREA_STYLE ('',( #9233 ) ) ;
#2706 = PRESENTATION_STYLE_ASSIGNMENT (( #1993 ) ) ;
#2707 = CARTESIAN_POINT ( 'NONE',  ( -7.000000000000001776, 0.9100000000000000311, 9.000000000000000000 ) ) ;
#2708 = AXIS2_PLACEMENT_3D ( 'NONE', #4506, #1907, #5601 ) ;
#2709 = ORIENTED_EDGE ( 'NONE', *, *, #7790, .F. ) ;
#2710 = PRESENTATION_STYLE_ASSIGNMENT (( #1837 ) ) ;
#2711 = EDGE_LOOP ( 'NONE', ( #7685, #2679, #1796 ) ) ;
#2712 = CARTESIAN_POINT ( 'NONE',  ( -0.3129171306613024450, 0.000000000000000000, -4.000000000000000000 ) ) ;
#2713 = ORIENTED_EDGE ( 'NONE', *, *, #5087, .T. ) ;
#2714 =( LENGTH_UNIT ( ) NAMED_UNIT ( * ) SI_UNIT ( .MILLI., .METRE. ) );
#2715 = ORIENTED_EDGE ( 'NONE', *, *, #5370, .T. ) ;
#2716 = FILL_AREA_STYLE_COLOUR ( '', #5376 ) ;
#2717 = AXIS2_PLACEMENT_3D ( 'NONE', #3426, #1134, #5456 ) ;
#2718 = EDGE_CURVE ( 'NONE', #1606, #354, #8916, .T. ) ;
#2719 = FILL_AREA_STYLE ('',( #4780 ) ) ;
#2720 = AXIS2_PLACEMENT_3D ( 'NONE', #3808, #221, #5540 ) ;
#2721 = CARTESIAN_POINT ( 'NONE',  ( -1.499999999999999556, 0.000000000000000000, -4.000000000000000000 ) ) ;
#2722 = DIRECTION ( 'NONE',  ( 0.000000000000000000, 0.000000000000000000, 1.000000000000000000 ) ) ;
#2723 = ORIENTED_EDGE ( 'NONE', *, *, #3826, .T. ) ;
#2724 = SPHERICAL_SURFACE ( 'NONE', #884, 0.2250000000000000888 ) ;
#2725 = AXIS2_PLACEMENT_3D ( 'NONE', #9378, #2933, #5059 ) ;
#2726 = DIRECTION ( 'NONE',  ( 0.000000000000000000, 0.000000000000000000, -1.000000000000000000 ) ) ;
#2727 = EDGE_CURVE ( 'NONE', #6751, #2808, #5156, .T. ) ;
#2728 = SURFACE_STYLE_USAGE ( .BOTH. , #4944 ) ;
#2729 = EDGE_CURVE ( 'NONE', #7818, #42, #6014, .T. ) ;
#2730 = CIRCLE ( 'NONE', #474, 0.2250000000000000611 ) ;
#2731 = EDGE_CURVE ( 'NONE', #6725, #4641, #8751, .T. ) ;
#2732 = UNCERTAINTY_MEASURE_WITH_UNIT (LENGTH_MEASURE( 1.000000000000000082E-05 ), #2862, 'distance_accuracy_value', 'NONE');
#2733 = AXIS2_PLACEMENT_3D ( 'NONE', #4083, #3288, #5615 ) ;
#2734 = DIRECTION ( 'NONE',  ( 0.000000000000000000, 0.000000000000000000, -1.000000000000000000 ) ) ;
#2735 = ORIENTED_EDGE ( 'NONE', *, *, #6246, .F. ) ;
#2736 = DIRECTION ( 'NONE',  ( 0.000000000000000000, -1.000000000000000000, 0.000000000000000000 ) ) ;
#2737 = EDGE_LOOP ( 'NONE', ( #658, #3184, #9291, #1165 ) ) ;
#2738 = FILL_AREA_STYLE ('',( #1869 ) ) ;
#2739 = DIRECTION ( 'NONE',  ( 0.000000000000000000, 0.000000000000000000, 1.000000000000000000 ) ) ;
#2740 =( NAMED_UNIT ( * ) SI_UNIT ( $, .STERADIAN. ) SOLID_ANGLE_UNIT ( ) );
#2741 = DIRECTION ( 'NONE',  ( 0.000000000000000000, 0.000000000000000000, 1.000000000000000000 ) ) ;
#2742 = CARTESIAN_POINT ( 'NONE',  ( -3.499999999999999556, -0.3500000000000000333, 8.000000000000000000 ) ) ;
#2743 = SPHERICAL_SURFACE ( 'NONE', #5356, 0.2250000000000000888 ) ;
#2744 = VERTEX_POINT ( 'NONE', #8795 ) ;
#2746 = AXIS2_PLACEMENT_3D ( 'NONE', #3027, #1542, #5238 ) ;
#2745 = FILL_AREA_STYLE_COLOUR ( '', #2013 ) ;
#2747 = DIRECTION ( 'NONE',  ( 0.000000000000000000, 0.000000000000000000, -1.000000000000000000 ) ) ;
#2748 = FILL_AREA_STYLE_COLOUR ( '', #3135 ) ;
#2749 =( LENGTH_UNIT ( ) NAMED_UNIT ( * ) SI_UNIT ( .MILLI., .METRE. ) );
#2750 = ORIENTED_EDGE ( 'NONE', *, *, #2387, .F. ) ;
#2751 =( LENGTH_UNIT ( ) NAMED_UNIT ( * ) SI_UNIT ( .MILLI., .METRE. ) );
#2752 = CARTESIAN_POINT ( 'NONE',  ( -3.499999999999999556, -0.1250000000000000000, 2.999999999999999112 ) ) ;
#2753 = DIRECTION ( 'NONE',  ( 0.000000000000000000, -1.000000000000000000, 0.000000000000000000 ) ) ;
#2754 = ORIENTED_EDGE ( 'NONE', *, *, #7296, .T. ) ;
#2755 = EDGE_CURVE ( 'NONE', #7396, #3679, #4236, .T. ) ;
#2756 = DIRECTION ( 'NONE',  ( 0.000000000000000000, 0.000000000000000000, 1.000000000000000000 ) ) ;
#2757 = PRESENTATION_STYLE_ASSIGNMENT (( #6315 ) ) ;
#2758 = ORIENTED_EDGE ( 'NONE', *, *, #5401, .T. ) ;
#2759 = DIRECTION ( 'NONE',  ( -1.000000000000000000, 0.000000000000000000, 0.000000000000000000 ) ) ;
#2760 = VERTEX_POINT ( 'NONE', #5246 ) ;
#2761 = ORIENTED_EDGE ( 'NONE', *, *, #1383, .T. ) ;
#2762 = CARTESIAN_POINT ( 'NONE',  ( -1.499999999999999556, -0.1250000000000000000, -2.000000000000000000 ) ) ;
#2763 = ORIENTED_EDGE ( 'NONE', *, *, #160, .T. ) ;
#2764 = DIRECTION ( 'NONE',  ( -1.000000000000000000, 0.000000000000000000, 0.000000000000000000 ) ) ;
#2765 = VECTOR ( 'NONE', #9303, 1000.000000000000000 ) ;
#2766 = PRESENTATION_LAYER_ASSIGNMENT (  '', '', ( #8542 ) ) ;
#2767 = UNCERTAINTY_MEASURE_WITH_UNIT (LENGTH_MEASURE( 1.000000000000000082E-05 ), #7218, 'distance_accuracy_value', 'NONE');
#2768 =( NAMED_UNIT ( * ) PLANE_ANGLE_UNIT ( ) SI_UNIT ( $, .RADIAN. ) );
#2769 = SURFACE_STYLE_FILL_AREA ( #1182 ) ;
#2770 = ORIENTED_EDGE ( 'NONE', *, *, #5140, .T. ) ;
#2771 = FILL_AREA_STYLE ('',( #5690 ) ) ;
#2772 = DIRECTION ( 'NONE',  ( 0.000000000000000000, 0.000000000000000000, 1.000000000000000000 ) ) ;
#2773 = PRESENTATION_LAYER_ASSIGNMENT (  '', '', ( #6867 ) ) ;
#2774 = PRESENTATION_LAYER_ASSIGNMENT (  '', '', ( #9147 ) ) ;
#2775 = DIRECTION ( 'NONE',  ( 0.000000000000000000, 0.000000000000000000, 1.000000000000000000 ) ) ;
#2776 = CARTESIAN_POINT ( 'NONE',  ( -5.100000000000002309, 0.9100000000000000311, -7.349999999999997868 ) ) ;
#2777 = ORIENTED_EDGE ( 'NONE', *, *, #3490, .T. ) ;
#2778 = ORIENTED_EDGE ( 'NONE', *, *, #3901, .F. ) ;
#2779 = DIRECTION ( 'NONE',  ( 0.000000000000000000, -1.000000000000000000, 0.000000000000000000 ) ) ;
#2780 = CIRCLE ( 'NONE', #3842, 0.1870828693386963892 ) ;
#2781 = AXIS2_PLACEMENT_3D ( 'NONE', #8723, #1482, #6528 ) ;
#2782 = ORIENTED_EDGE ( 'NONE', *, *, #5359, .T. ) ;
#2783 = FILL_AREA_STYLE ('',( #8638 ) ) ;
#2784 = UNCERTAINTY_MEASURE_WITH_UNIT (LENGTH_MEASURE( 1.000000000000000082E-05 ), #4878, 'distance_accuracy_value', 'NONE');
#2785 = EDGE_CURVE ( 'NONE', #4262, #6358, #292, .T. ) ;
#2786 = CARTESIAN_POINT ( 'NONE',  ( 0.5000000000000004441, -0.1250000000000000000, 2.000000000000000000 ) ) ;
#2787 = SURFACE_SIDE_STYLE ('',( #8547 ) ) ;
#2788 = CARTESIAN_POINT ( 'NONE',  ( -2.499999999999999556, -0.3500000000000000333, 1.000000000000000888 ) ) ;
#2789 = CIRCLE ( 'NONE', #9010, 0.2250000000000000611 ) ;
#2790 = STYLED_ITEM ( 'NONE', ( #388 ), #6757 ) ;
#2791 = CIRCLE ( 'NONE', #1856, 0.2249999999999999500 ) ;
#2792 = CARTESIAN_POINT ( 'NONE',  ( -2.312917130661302334, 0.000000000000000000, 5.000000000000000888 ) ) ;
#2793 = SURFACE_STYLE_FILL_AREA ( #7297 ) ;
#2794 = CARTESIAN_POINT ( 'NONE',  ( 3.312917130661303222, 0.000000000000000000, 1.000000000000000888 ) ) ;
#2795 = COLOUR_RGB ( '',0.8941176470588234615, 0.9137254901960784048, 0.9294117647058823817 ) ;
#2796 = COLOUR_RGB ( '',0.8941176470588234615, 0.9137254901960784048, 0.9294117647058823817 ) ;
#2797 = EDGE_CURVE ( 'NONE', #9372, #6120, #8620, .T. ) ;
#2798 = DIRECTION ( 'NONE',  ( -1.224646799147353207E-16, 0.000000000000000000, 1.000000000000000000 ) ) ;
#2799 = CIRCLE ( 'NONE', #9345, 0.2500000000000002220 ) ;
#2800 = DIRECTION ( 'NONE',  ( -1.000000000000000000, 0.000000000000000000, 0.000000000000000000 ) ) ;
#2801 = DIRECTION ( 'NONE',  ( 0.000000000000000000, 0.000000000000000000, -1.000000000000000000 ) ) ;
#2802 = SPHERICAL_SURFACE ( 'NONE', #6707, 0.2250000000000000888 ) ;
#2803 = PRESENTATION_LAYER_ASSIGNMENT (  '', '', ( #543 ) ) ;
#2804 = VERTEX_POINT ( 'NONE', #4098 ) ;
#2805 = SPHERICAL_SURFACE ( 'NONE', #4958, 0.2250000000000000888 ) ;
#2806 = ORIENTED_EDGE ( 'NONE', *, *, #6843, .T. ) ;
#2807 = COLOUR_RGB ( '',0.8941176470588234615, 0.9137254901960784048, 0.9294117647058823817 ) ;
#2808 = VERTEX_POINT ( 'NONE', #1022 ) ;
#2809 = DIRECTION ( 'NONE',  ( 0.000000000000000000, 0.000000000000000000, -1.000000000000000000 ) ) ;
#2810 = STYLED_ITEM ( 'NONE', ( #6183 ), #6373 ) ;
#2811 = ORIENTED_EDGE ( 'NONE', *, *, #1602, .F. ) ;
#2812 = ADVANCED_FACE ( 'NONE', ( #5519 ), #4811, .T. ) ;
#2813 = VERTEX_POINT ( 'NONE', #303 ) ;
#2814 = CARTESIAN_POINT ( 'NONE',  ( -3.499999999999999556, 0.000000000000000000, 8.000000000000000000 ) ) ;
#2815 = CIRCLE ( 'NONE', #4969, 0.1870828693386963892 ) ;
#2816 = DIRECTION ( 'NONE',  ( -1.224646799147353207E-16, 0.000000000000000000, 1.000000000000000000 ) ) ;
#2817 = SPHERICAL_SURFACE ( 'NONE', #2864, 0.2250000000000000888 ) ;
#2818 = ORIENTED_EDGE ( 'NONE', *, *, #589, .F. ) ;
#2819 = FACE_BOUND ( 'NONE', #4156, .T. ) ;
#2820 = COLOUR_RGB ( '',0.8941176470588234615, 0.9137254901960784048, 0.9294117647058823817 ) ;
#2821 = DIRECTION ( 'NONE',  ( 1.000000000000000000, 0.000000000000000000, 1.224646799147353947E-16 ) ) ;
#2822 = UNCERTAINTY_MEASURE_WITH_UNIT (LENGTH_MEASURE( 1.000000000000000082E-05 ), #6099, 'distance_accuracy_value', 'NONE');
#2823 = CARTESIAN_POINT ( 'NONE',  ( 0.5000000000000004441, -0.3500000000000000333, -2.000000000000000000 ) ) ;
#2824 = DIRECTION ( 'NONE',  ( 0.000000000000000000, 0.000000000000000000, 1.000000000000000000 ) ) ;
#2825 = SURFACE_STYLE_FILL_AREA ( #831 ) ;
#2826 =( NAMED_UNIT ( * ) PLANE_ANGLE_UNIT ( ) SI_UNIT ( $, .RADIAN. ) );
#2827 = SURFACE_SIDE_STYLE ('',( #8592 ) ) ;
#2828 = SPHERICAL_SURFACE ( 'NONE', #8048, 0.2250000000000000888 ) ;
#2829 = COLOUR_RGB ( '',0.8941176470588234615, 0.9137254901960784048, 0.9294117647058823817 ) ;
#2830 = PRESENTATION_STYLE_ASSIGNMENT (( #5143 ) ) ;
#2831 = FILL_AREA_STYLE_COLOUR ( '', #9162 ) ;
#2832 = FACE_OUTER_BOUND ( 'NONE', #4230, .T. ) ;
#2833 = CIRCLE ( 'NONE', #6479, 0.2250000000000000611 ) ;
#2834 = AXIS2_PLACEMENT_3D ( 'NONE', #8599, #2130, #5149 ) ;
#2835 = ADVANCED_FACE ( 'NONE', ( #7661 ), #1163, .F. ) ;
#2836 = EDGE_CURVE ( 'NONE', #6909, #5633, #3147, .T. ) ;
#2837 = ORIENTED_EDGE ( 'NONE', *, *, #3956, .T. ) ;
#2838 =( GEOMETRIC_REPRESENTATION_CONTEXT ( 3 ) GLOBAL_UNCERTAINTY_ASSIGNED_CONTEXT ( ( #5717 ) ) GLOBAL_UNIT_ASSIGNED_CONTEXT ( ( #3958, #5487, #497 ) ) REPRESENTATION_CONTEXT ( 'NONE', 'WORKASPACE' ) );
#2839 = DIRECTION ( 'NONE',  ( -1.224646799147353207E-16, 0.000000000000000000, 1.000000000000000000 ) ) ;
#2840 = CARTESIAN_POINT ( 'NONE',  ( -2.499999999999999556, -0.3500000000000000333, -5.000000000000000000 ) ) ;
#2841 = SURFACE_STYLE_FILL_AREA ( #7934 ) ;
#2842 = VERTEX_POINT ( 'NONE', #4758 ) ;
#2843 = SURFACE_STYLE_FILL_AREA ( #2133 ) ;
#2844 = CARTESIAN_POINT ( 'NONE',  ( 1.500000000000000444, -0.1250000000000000000, 0.000000000000000000 ) ) ;
#2845 = STYLED_ITEM ( 'NONE', ( #3663 ), #8129 ) ;
#2846 =( GEOMETRIC_REPRESENTATION_CONTEXT ( 3 ) GLOBAL_UNCERTAINTY_ASSIGNED_CONTEXT ( ( #201 ) ) GLOBAL_UNIT_ASSIGNED_CONTEXT ( ( #2128, #5889, #3600 ) ) REPRESENTATION_CONTEXT ( 'NONE', 'WORKASPACE' ) );
#2847 = FACE_OUTER_BOUND ( 'NONE', #1930, .T. ) ;
#2848 = AXIS2_PLACEMENT_3D ( 'NONE', #8210, #4623, #2948 ) ;
#2849 = FILL_AREA_STYLE_COLOUR ( '', #8228 ) ;
#2850 = ADVANCED_FACE ( 'NONE', ( #7610 ), #54, .T. ) ;
#2851 = FACE_OUTER_BOUND ( 'NONE', #8635, .T. ) ;
#2852 = AXIS2_PLACEMENT_3D ( 'NONE', #3080, #890, #6694 ) ;
#2854 = AXIS2_PLACEMENT_3D ( 'NONE', #6582, #2877, #6390 ) ;
#2853 = PRESENTATION_LAYER_ASSIGNMENT (  '', '', ( #3144 ) ) ;
#2855 = PRESENTATION_STYLE_ASSIGNMENT (( #5900 ) ) ;
#2856 = ORIENTED_EDGE ( 'NONE', *, *, #5412, .T. ) ;
#2858 = ORIENTED_EDGE ( 'NONE', *, *, #3202, .T. ) ;
#2857 =( LENGTH_UNIT ( ) NAMED_UNIT ( * ) SI_UNIT ( .MILLI., .METRE. ) );
#2859 = CIRCLE ( 'NONE', #5908, 0.1870828693386972497 ) ;
#2860 =( GEOMETRIC_REPRESENTATION_CONTEXT ( 3 ) GLOBAL_UNCERTAINTY_ASSIGNED_CONTEXT ( ( #4693 ) ) GLOBAL_UNIT_ASSIGNED_CONTEXT ( ( #131, #1782, #8804 ) ) REPRESENTATION_CONTEXT ( 'NONE', 'WORKASPACE' ) );
#2861 = ORIENTED_EDGE ( 'NONE', *, *, #2289, .T. ) ;
#2862 =( LENGTH_UNIT ( ) NAMED_UNIT ( * ) SI_UNIT ( .MILLI., .METRE. ) );
#2863 = SURFACE_SIDE_STYLE ('',( #3576 ) ) ;
#2864 = AXIS2_PLACEMENT_3D ( 'NONE', #8622, #8670, #4310 ) ;
#2865 = SPHERICAL_SURFACE ( 'NONE', #8619, 0.2250000000000000888 ) ;
#2866 = SURFACE_SIDE_STYLE ('',( #8839 ) ) ;
#2867 = ORIENTED_EDGE ( 'NONE', *, *, #8766, .F. ) ;
#2868 = DIRECTION ( 'NONE',  ( 0.000000000000000000, 0.000000000000000000, 1.000000000000000000 ) ) ;
#2869 = FACE_BOUND ( 'NONE', #8901, .T. ) ;
#2870 = CIRCLE ( 'NONE', #6049, 0.2250000000000000611 ) ;
#2871 = DIRECTION ( 'NONE',  ( 0.000000000000000000, 1.000000000000000000, 0.000000000000000000 ) ) ;
#2872 = FACE_OUTER_BOUND ( 'NONE', #8411, .T. ) ;
#2873 = COLOUR_RGB ( '',0.8941176470588234615, 0.9137254901960784048, 0.9294117647058823817 ) ;
#2874 = SURFACE_STYLE_USAGE ( .BOTH. , #6483 ) ;
#2875 =( GEOMETRIC_REPRESENTATION_CONTEXT ( 3 ) GLOBAL_UNCERTAINTY_ASSIGNED_CONTEXT ( ( #8190 ) ) GLOBAL_UNIT_ASSIGNED_CONTEXT ( ( #7337, #60, #6596 ) ) REPRESENTATION_CONTEXT ( 'NONE', 'WORKASPACE' ) );
#2876 = ORIENTED_EDGE ( 'NONE', *, *, #6959, .F. ) ;
#2877 = DIRECTION ( 'NONE',  ( 0.000000000000000000, -1.000000000000000000, 0.000000000000000000 ) ) ;
#2878 = DIRECTION ( 'NONE',  ( -1.000000000000000000, 0.000000000000000000, 0.000000000000000000 ) ) ;
#2879 = DIRECTION ( 'NONE',  ( -0.000000000000000000, -0.000000000000000000, -1.000000000000000000 ) ) ;
#2880 = UNCERTAINTY_MEASURE_WITH_UNIT (LENGTH_MEASURE( 1.000000000000000082E-05 ), #1710, 'distance_accuracy_value', 'NONE');
#2881 = SURFACE_STYLE_USAGE ( .BOTH. , #2827 ) ;
#2882 = DIRECTION ( 'NONE',  ( 1.000000000000000000, 0.000000000000000000, 0.000000000000000000 ) ) ;
#2883 =( GEOMETRIC_REPRESENTATION_CONTEXT ( 3 ) GLOBAL_UNCERTAINTY_ASSIGNED_CONTEXT ( ( #9128 ) ) GLOBAL_UNIT_ASSIGNED_CONTEXT ( ( #6820, #3777, #7591 ) ) REPRESENTATION_CONTEXT ( 'NONE', 'WORKASPACE' ) );
#2884 = CARTESIAN_POINT ( 'NONE',  ( 3.500000000000000444, -0.3500000000000000333, 0.000000000000000000 ) ) ;
#2885 = CARTESIAN_POINT ( 'NONE',  ( -3.687082869338696778, 0.000000000000000000, 5.000000000000000888 ) ) ;
#2886 = COLOUR_RGB ( '',0.8941176470588234615, 0.9137254901960784048, 0.9294117647058823817 ) ;
#2887 = AXIS2_PLACEMENT_3D ( 'NONE', #5943, #7394, #1596 ) ;
#2888 = CARTESIAN_POINT ( 'NONE',  ( 1.312917130661303222, 0.000000000000000000, -1.000000000000000000 ) ) ;
#2889 = PRESENTATION_STYLE_ASSIGNMENT (( #5663 ) ) ;
#2890 = EDGE_LOOP ( 'NONE', ( #1057, #4952, #921 ) ) ;
#2891 =( LENGTH_UNIT ( ) NAMED_UNIT ( * ) SI_UNIT ( .MILLI., .METRE. ) );
#2892 =( NAMED_UNIT ( * ) SI_UNIT ( $, .STERADIAN. ) SOLID_ANGLE_UNIT ( ) );
#2893 = EDGE_CURVE ( 'NONE', #6990, #5127, #4666, .T. ) ;
#2894 = CIRCLE ( 'NONE', #1197, 0.2250000000000000611 ) ;
#2895 = CARTESIAN_POINT ( 'NONE',  ( -4.312917130661302778, 0.000000000000000000, 8.000000000000000000 ) ) ;
#2896 = EDGE_LOOP ( 'NONE', ( #7616, #3435, #2735 ) ) ;
#2897 = FILL_AREA_STYLE ('',( #3615 ) ) ;
#2898 = EDGE_LOOP ( 'NONE', ( #8608, #5180, #8658 ) ) ;
#2899 = SURFACE_STYLE_FILL_AREA ( #8040 ) ;
#2900 = ADVANCED_FACE ( 'NONE', ( #5184 ), #7371, .T. ) ;
#2901 = EDGE_LOOP ( 'NONE', ( #4585, #3003, #217 ) ) ;
#2902 = DIRECTION ( 'NONE',  ( 0.000000000000000000, -1.000000000000000000, 0.000000000000000000 ) ) ;
#2904 = ORIENTED_EDGE ( 'NONE', *, *, #5055, .F. ) ;
#2903 = SURFACE_STYLE_FILL_AREA ( #166 ) ;
#2905 = ADVANCED_FACE ( 'NONE', ( #3737 ), #7329, .T. ) ;
#2906 =( LENGTH_UNIT ( ) NAMED_UNIT ( * ) SI_UNIT ( .MILLI., .METRE. ) );
#2907 = SURFACE_SIDE_STYLE ('',( #36 ) ) ;
#2908 = DIRECTION ( 'NONE',  ( 1.000000000000000000, 0.000000000000000000, 1.224646799147353207E-16 ) ) ;
#2909 = EDGE_CURVE ( 'NONE', #5764, #3805, #4984, .T. ) ;
#2910 = EDGE_LOOP ( 'NONE', ( #6137, #2778 ) ) ;
#2911 = SURFACE_SIDE_STYLE ('',( #2240 ) ) ;
#2912 = FACE_BOUND ( 'NONE', #6996, .T. ) ;
#2913 =( LENGTH_UNIT ( ) NAMED_UNIT ( * ) SI_UNIT ( .MILLI., .METRE. ) );
#2914 =( LENGTH_UNIT ( ) NAMED_UNIT ( * ) SI_UNIT ( .MILLI., .METRE. ) );
#2915 = COLOUR_RGB ( '',0.8941176470588234615, 0.9137254901960784048, 0.9294117647058823817 ) ;
#2916 = DIRECTION ( 'NONE',  ( 0.000000000000000000, 0.000000000000000000, 1.000000000000000000 ) ) ;
#2917 = PRESENTATION_STYLE_ASSIGNMENT (( #6625 ) ) ;
#2918 = ORIENTED_EDGE ( 'NONE', *, *, #2836, .F. ) ;
#2919 =( LENGTH_UNIT ( ) NAMED_UNIT ( * ) SI_UNIT ( .MILLI., .METRE. ) );
#2920 = CARTESIAN_POINT ( 'NONE',  ( -1.499999999999999556, -0.3500000000000000333, -2.000000000000000000 ) ) ;
#2921 = AXIS2_PLACEMENT_3D ( 'NONE', #6491, #6590, #7975 ) ;
#2922 = AXIS2_PLACEMENT_3D ( 'NONE', #3699, #6503, #625 ) ;
#2923 = DIRECTION ( 'NONE',  ( 0.000000000000000000, 0.000000000000000000, 1.000000000000000000 ) ) ;
#2924 =( LENGTH_UNIT ( ) NAMED_UNIT ( * ) SI_UNIT ( .MILLI., .METRE. ) );
#2925 = DIRECTION ( 'NONE',  ( 0.000000000000000000, 0.000000000000000000, 1.000000000000000000 ) ) ;
#2926 = SPHERICAL_SURFACE ( 'NONE', #8247, 0.2250000000000000888 ) ;
#2927 = CIRCLE ( 'NONE', #8835, 0.2250000000000001443 ) ;
#2928 = AXIS2_PLACEMENT_3D ( 'NONE', #7710, #8979, #2438 ) ;
#2929 = CIRCLE ( 'NONE', #8238, 0.2249999999999999500 ) ;
#2930 = ORIENTED_EDGE ( 'NONE', *, *, #5933, .T. ) ;
#2931 = DIRECTION ( 'NONE',  ( 0.000000000000000000, -1.000000000000000000, 0.000000000000000000 ) ) ;
#2932 = CARTESIAN_POINT ( 'NONE',  ( -0.4999999999999995559, 0.000000000000000000, -5.000000000000000000 ) ) ;
#2933 = DIRECTION ( 'NONE',  ( -0.000000000000000000, -0.000000000000000000, -1.000000000000000000 ) ) ;
#2934 = VERTEX_POINT ( 'NONE', #1667 ) ;
#2935 =( NAMED_UNIT ( * ) SI_UNIT ( $, .STERADIAN. ) SOLID_ANGLE_UNIT ( ) );
#2936 = STYLED_ITEM ( 'NONE', ( #8509 ), #5039 ) ;
#2937 = SURFACE_SIDE_STYLE ('',( #2134 ) ) ;
#2938 = MECHANICAL_DESIGN_GEOMETRIC_PRESENTATION_REPRESENTATION (  '', ( #6422 ), #3072 ) ;
#2939 = AXIS2_PLACEMENT_3D ( 'NONE', #8404, #1106, #2537 ) ;
#2940 = STYLED_ITEM ( 'NONE', ( #407 ), #5607 ) ;
#2941 = SURFACE_STYLE_FILL_AREA ( #8117 ) ;
#2942 = UNCERTAINTY_MEASURE_WITH_UNIT (LENGTH_MEASURE( 1.000000000000000082E-05 ), #2924, 'distance_accuracy_value', 'NONE');
#2943 = AXIS2_PLACEMENT_3D ( 'NONE', #8195, #1043, #6047 ) ;
#2944 = CIRCLE ( 'NONE', #5698, 0.2249999999999999500 ) ;
#2945 = FACE_OUTER_BOUND ( 'NONE', #3766, .T. ) ;
#2946 = DIRECTION ( 'NONE',  ( -1.000000000000000000, 0.000000000000000000, 0.000000000000000000 ) ) ;
#2947 = VERTEX_POINT ( 'NONE', #189 ) ;
#2948 = DIRECTION ( 'NONE',  ( 0.000000000000000000, 0.000000000000000000, -1.000000000000000000 ) ) ;
#2950 = ORIENTED_EDGE ( 'NONE', *, *, #8089, .F. ) ;
#2949 = DIRECTION ( 'NONE',  ( -1.000000000000000000, 0.000000000000000000, 0.000000000000000000 ) ) ;
#2951 = CARTESIAN_POINT ( 'NONE',  ( 3.687082869338697666, 0.000000000000000000, 4.000000000000000000 ) ) ;
#2952 = AXIS2_PLACEMENT_3D ( 'NONE', #6367, #2655, #6225 ) ;
#2953 = STYLED_ITEM ( 'NONE', ( #7410 ), #6152 ) ;
#2954 = SURFACE_STYLE_USAGE ( .BOTH. , #6230 ) ;
#2955 = FACE_OUTER_BOUND ( 'NONE', #384, .T. ) ;
#2956 = EDGE_CURVE ( 'NONE', #3986, #5912, #5964, .T. ) ;
#2957 = AXIS2_PLACEMENT_3D ( 'NONE', #6839, #6121, #3795 ) ;
#2958 = CIRCLE ( 'NONE', #8734, 0.2249999999999999500 ) ;
#2959 = PRESENTATION_STYLE_ASSIGNMENT (( #5079 ) ) ;
#2960 = CARTESIAN_POINT ( 'NONE',  ( -2.499999999999999556, -0.1250000000000000000, 5.000000000000000888 ) ) ;
#2961 = EDGE_LOOP ( 'NONE', ( #7480, #2383, #5731 ) ) ;
#2962 =( NAMED_UNIT ( * ) SI_UNIT ( $, .STERADIAN. ) SOLID_ANGLE_UNIT ( ) );
#2963 = FACE_BOUND ( 'NONE', #5675, .T. ) ;
#2964 = SURFACE_STYLE_FILL_AREA ( #4414 ) ;
#2965 = CIRCLE ( 'NONE', #7248, 0.1870828693386971664 ) ;
#2966 = SURFACE_STYLE_USAGE ( .BOTH. , #7406 ) ;
#2967 = ADVANCED_FACE ( 'NONE', ( #6717 ), #2336, .T. ) ;
#2968 = SURFACE_SIDE_STYLE ('',( #1636 ) ) ;
#2969 = ORIENTED_EDGE ( 'NONE', *, *, #2625, .T. ) ;
#2970 = CARTESIAN_POINT ( 'NONE',  ( 0.3129171306613032777, 0.000000000000000000, 0.000000000000000000 ) ) ;
#2971 = CARTESIAN_POINT ( 'NONE',  ( 3.500000000000000444, -0.1250000000000000000, 5.000000000000000888 ) ) ;
#2972 = STYLED_ITEM ( 'NONE', ( #1922 ), #7904 ) ;
#2973 = PRODUCT_DEFINITION_CONTEXT ( 'detailed design', #1024, 'design' ) ;
#2974 = SPHERICAL_SURFACE ( 'NONE', #1744, 0.2250000000000000888 ) ;
#2975 = CARTESIAN_POINT ( 'NONE',  ( -2.499999999999999556, -0.1250000000000000000, 4.000000000000000000 ) ) ;
#2976 = DIRECTION ( 'NONE',  ( -1.000000000000000000, 0.000000000000000000, 0.000000000000000000 ) ) ;
#2977 =( NAMED_UNIT ( * ) SI_UNIT ( $, .STERADIAN. ) SOLID_ANGLE_UNIT ( ) );
#2978 = AXIS2_PLACEMENT_3D ( 'NONE', #4507, #3873, #8904 ) ;
#2979 = SURFACE_STYLE_USAGE ( .BOTH. , #2294 ) ;
#2980 = DIRECTION ( 'NONE',  ( 0.000000000000000000, -1.000000000000000000, 0.000000000000000000 ) ) ;
#2981 = SURFACE_SIDE_STYLE ('',( #5110 ) ) ;
#2982 = PRESENTATION_STYLE_ASSIGNMENT (( #7425 ) ) ;
#2983 = DIRECTION ( 'NONE',  ( -1.000000000000000000, 0.000000000000000000, 0.000000000000000000 ) ) ;
#2984 = ORIENTED_EDGE ( 'NONE', *, *, #7098, .F. ) ;
#2985 = PRESENTATION_LAYER_ASSIGNMENT (  '', '', ( #5434 ) ) ;
#2986 = COLOUR_RGB ( '',0.8941176470588234615, 0.9137254901960784048, 0.9294117647058823817 ) ;
#2987 =( NAMED_UNIT ( * ) PLANE_ANGLE_UNIT ( ) SI_UNIT ( $, .RADIAN. ) );
#2988 =( NAMED_UNIT ( * ) PLANE_ANGLE_UNIT ( ) SI_UNIT ( $, .RADIAN. ) );
#2989 = MECHANICAL_DESIGN_GEOMETRIC_PRESENTATION_REPRESENTATION (  '', ( #2845 ), #4232 ) ;
#2990 = EDGE_LOOP ( 'NONE', ( #5299, #3141 ) ) ;
#2991 = CARTESIAN_POINT ( 'NONE',  ( 2.500000000000000444, 0.000000000000000000, 4.000000000000000000 ) ) ;
#2992 =( NAMED_UNIT ( * ) PLANE_ANGLE_UNIT ( ) SI_UNIT ( $, .RADIAN. ) );
#2994 = VERTEX_POINT ( 'NONE', #7505 ) ;
#2993 = CARTESIAN_POINT ( 'NONE',  ( -2.499999999999999556, -0.1250000000000000000, 2.999999999999999112 ) ) ;
#2995 = MECHANICAL_DESIGN_GEOMETRIC_PRESENTATION_REPRESENTATION (  '', ( #2518 ), #4072 ) ;
#2996 = DIRECTION ( 'NONE',  ( -1.224646799147353207E-16, 0.000000000000000000, 1.000000000000000000 ) ) ;
#2997 = SURFACE_STYLE_FILL_AREA ( #4532 ) ;
#2998 =( NAMED_UNIT ( * ) SI_UNIT ( $, .STERADIAN. ) SOLID_ANGLE_UNIT ( ) );
#2999 = CIRCLE ( 'NONE', #2235, 0.1870828693386972497 ) ;
#3000 = CARTESIAN_POINT ( 'NONE',  ( -7.000000000000001776, 0.9100000000000000311, -8.999999999999998224 ) ) ;
#3001 = AXIS2_PLACEMENT_3D ( 'NONE', #8854, #1616, #1041 ) ;
#3002 = EDGE_LOOP ( 'NONE', ( #8523, #1820, #4996 ) ) ;
#3003 = ORIENTED_EDGE ( 'NONE', *, *, #6913, .T. ) ;
#3004 = FACE_BOUND ( 'NONE', #5653, .T. ) ;
#3005 = EDGE_CURVE ( 'NONE', #3991, #9218, #5728, .T. ) ;
#3006 = EDGE_CURVE ( 'NONE', #2570, #4684, #850, .T. ) ;
#3007 = SURFACE_STYLE_FILL_AREA ( #5132 ) ;
#3008 = CIRCLE ( 'NONE', #5167, 0.1870828693386972497 ) ;
#3009 = CARTESIAN_POINT ( 'NONE',  ( 4.500000000000001776, -0.1250000000000000000, -7.000000000000000000 ) ) ;
#3010 = DIRECTION ( 'NONE',  ( -1.000000000000000000, 0.000000000000000000, 0.000000000000000000 ) ) ;
#3011 = CIRCLE ( 'NONE', #3166, 0.2250000000000000611 ) ;
#3012 = EDGE_CURVE ( 'NONE', #7813, #6358, #9385, .T. ) ;
#3013 = CARTESIAN_POINT ( 'NONE',  ( 0.5000000000000004441, -0.1250000000000000000, 2.000000000000000000 ) ) ;
#3014 = SURFACE_STYLE_FILL_AREA ( #1262 ) ;
#3015 = CARTESIAN_POINT ( 'NONE',  ( 0.5000000000000004441, -0.1250000000000000000, -2.000000000000000000 ) ) ;
#3016 = ADVANCED_FACE ( 'NONE', ( #1001 ), #9258, .T. ) ;
#3017 =( NAMED_UNIT ( * ) SI_UNIT ( $, .STERADIAN. ) SOLID_ANGLE_UNIT ( ) );
#3018 = ADVANCED_FACE ( 'NONE', ( #5312 ), #4941, .T. ) ;
#3019 = DIRECTION ( 'NONE',  ( 0.000000000000000000, -1.000000000000000000, 0.000000000000000000 ) ) ;
#3020 = AXIS2_PLACEMENT_3D ( 'NONE', #5891, #662, #8067 ) ;
#3021 = CIRCLE ( 'NONE', #7451, 0.2250000000000001443 ) ;
#3022 = CARTESIAN_POINT ( 'NONE',  ( 1.500000000000000444, -0.1250000000000000000, -1.000000000000000000 ) ) ;
#3023 = COLOUR_RGB ( '',0.8941176470588234615, 0.9137254901960784048, 0.9294117647058823817 ) ;
#3024 = CARTESIAN_POINT ( 'NONE',  ( -0.6870828693386967778, 0.000000000000000000, -3.000000000000000000 ) ) ;
#3025 =( NAMED_UNIT ( * ) SI_UNIT ( $, .STERADIAN. ) SOLID_ANGLE_UNIT ( ) );
#3026 = STYLED_ITEM ( 'NONE', ( #5403 ), #3536 ) ;
#3027 = CARTESIAN_POINT ( 'NONE',  ( -1.499999999999999556, 0.000000000000000000, 4.000000000000000000 ) ) ;
#3028 = UNCERTAINTY_MEASURE_WITH_UNIT (LENGTH_MEASURE( 1.000000000000000082E-05 ), #148, 'distance_accuracy_value', 'NONE');
#3029 = MECHANICAL_DESIGN_GEOMETRIC_PRESENTATION_REPRESENTATION (  '', ( #8346 ), #1802 ) ;
#3030 =( NAMED_UNIT ( * ) SI_UNIT ( $, .STERADIAN. ) SOLID_ANGLE_UNIT ( ) );
#3031 = SURFACE_STYLE_USAGE ( .BOTH. , #4671 ) ;
#3032 = EDGE_LOOP ( 'NONE', ( #1175, #8279 ) ) ;
#3033 = DIRECTION ( 'NONE',  ( -0.000000000000000000, -0.000000000000000000, -1.000000000000000000 ) ) ;
#3035 = ORIENTED_EDGE ( 'NONE', *, *, #4708, .F. ) ;
#3034 = SPHERICAL_SURFACE ( 'NONE', #2370, 0.2250000000000000888 ) ;
#3036 = STYLED_ITEM ( 'NONE', ( #8269 ), #3815 ) ;
#3037 = CARTESIAN_POINT ( 'NONE',  ( -1.499999999999999556, -0.1250000000000000000, 2.999999999999999112 ) ) ;
#3038 = FACE_OUTER_BOUND ( 'NONE', #8223, .T. ) ;
#3039 = DIRECTION ( 'NONE',  ( 0.000000000000000000, 0.000000000000000000, 1.000000000000000000 ) ) ;
#3040 = DIRECTION ( 'NONE',  ( -1.000000000000000000, 0.000000000000000000, 0.000000000000000000 ) ) ;
#3041 = FILL_AREA_STYLE_COLOUR ( '', #5102 ) ;
#3042 = ORIENTED_EDGE ( 'NONE', *, *, #933, .F. ) ;
#3043 = ORIENTED_EDGE ( 'NONE', *, *, #3707, .T. ) ;
#3044 = DIRECTION ( 'NONE',  ( -1.000000000000000000, 0.000000000000000000, 0.000000000000000000 ) ) ;
#3045 = CARTESIAN_POINT ( 'NONE',  ( 1.500000000000000444, 0.000000000000000000, 1.000000000000000888 ) ) ;
#3046 = DIRECTION ( 'NONE',  ( 0.000000000000000000, 0.000000000000000000, 1.000000000000000000 ) ) ;
#3047 = SURFACE_STYLE_USAGE ( .BOTH. , #1575 ) ;
#3048 = CARTESIAN_POINT ( 'NONE',  ( 2.500000000000000444, -0.3500000000000000333, -4.000000000000000000 ) ) ;
#3049 = DIRECTION ( 'NONE',  ( 0.000000000000000000, 0.000000000000000000, 1.000000000000000000 ) ) ;
#3050 = SURFACE_STYLE_FILL_AREA ( #8199 ) ;
#3051 = COLOUR_RGB ( '',0.8941176470588234615, 0.9137254901960784048, 0.9294117647058823817 ) ;
#3052 = FILL_AREA_STYLE_COLOUR ( '', #7105 ) ;
#3053 =( LENGTH_UNIT ( ) NAMED_UNIT ( * ) SI_UNIT ( .MILLI., .METRE. ) );
#3054 = CARTESIAN_POINT ( 'NONE',  ( -3.499999999999999556, -0.1250000000000000000, 2.000000000000000000 ) ) ;
#3055 = STYLED_ITEM ( 'NONE', ( #2210 ), #5141 ) ;
#3056 =( GEOMETRIC_REPRESENTATION_CONTEXT ( 3 ) GLOBAL_UNCERTAINTY_ASSIGNED_CONTEXT ( ( #1436 ) ) GLOBAL_UNIT_ASSIGNED_CONTEXT ( ( #5895, #8790, #1457 ) ) REPRESENTATION_CONTEXT ( 'NONE', 'WORKASPACE' ) );
#3057 = EDGE_CURVE ( 'NONE', #7402, #5287, #3131, .T. ) ;
#3058 = SURFACE_STYLE_USAGE ( .BOTH. , #5413 ) ;
#3059 = CARTESIAN_POINT ( 'NONE',  ( -1.499999999999999556, -0.1250000000000000000, 2.999999999999999112 ) ) ;
#3060 = FILL_AREA_STYLE_COLOUR ( '', #8951 ) ;
#3061 = SPHERICAL_SURFACE ( 'NONE', #6002, 0.2250000000000000888 ) ;
#3062 =( NAMED_UNIT ( * ) SI_UNIT ( $, .STERADIAN. ) SOLID_ANGLE_UNIT ( ) );
#3063 = DIRECTION ( 'NONE',  ( -0.000000000000000000, -0.000000000000000000, -1.000000000000000000 ) ) ;
#3064 = AXIS2_PLACEMENT_3D ( 'NONE', #4381, #4336, #7334 ) ;
#3065 = VECTOR ( 'NONE', #5576, 1000.000000000000000 ) ;
#3066 = CIRCLE ( 'NONE', #9002, 0.2250000000000000611 ) ;
#3067 =( NAMED_UNIT ( * ) SI_UNIT ( $, .STERADIAN. ) SOLID_ANGLE_UNIT ( ) );
#3068 = EDGE_CURVE ( 'NONE', #2441, #2934, #5273, .T. ) ;
#3069 = ADVANCED_FACE ( 'NONE', ( #7636 ), #3280, .T. ) ;
#3070 = MECHANICAL_DESIGN_GEOMETRIC_PRESENTATION_REPRESENTATION (  '', ( #7206 ), #1236 ) ;
#3071 = DIRECTION ( 'NONE',  ( 0.000000000000000000, 0.000000000000000000, 1.000000000000000000 ) ) ;
#3072 =( GEOMETRIC_REPRESENTATION_CONTEXT ( 3 ) GLOBAL_UNCERTAINTY_ASSIGNED_CONTEXT ( ( #2342 ) ) GLOBAL_UNIT_ASSIGNED_CONTEXT ( ( #7746, #9, #2977 ) ) REPRESENTATION_CONTEXT ( 'NONE', 'WORKASPACE' ) );
#3073 = COLOUR_RGB ( '',0.8941176470588234615, 0.9137254901960784048, 0.9294117647058823817 ) ;
#3074 = PRESENTATION_LAYER_ASSIGNMENT (  '', '', ( #8712 ) ) ;
#3075 = EDGE_LOOP ( 'NONE', ( #6228, #1336, #9008 ) ) ;
#3076 = DIRECTION ( 'NONE',  ( -1.000000000000000000, 0.000000000000000000, 0.000000000000000000 ) ) ;
#3077 = CIRCLE ( 'NONE', #8400, 0.1870828693386972497 ) ;
#3078 = AXIS2_PLACEMENT_3D ( 'NONE', #5341, #1694, #4633 ) ;
#3079 =( NAMED_UNIT ( * ) SI_UNIT ( $, .STERADIAN. ) SOLID_ANGLE_UNIT ( ) );
#3081 = ORIENTED_EDGE ( 'NONE', *, *, #8322, .T. ) ;
#3080 = CARTESIAN_POINT ( 'NONE',  ( -7.000000000000001776, -22.54350850198275680, -8.999999999999998224 ) ) ;
#3082 = DIRECTION ( 'NONE',  ( 1.000000000000000000, 0.000000000000000000, 0.000000000000000000 ) ) ;
#3083 = AXIS2_PLACEMENT_3D ( 'NONE', #4889, #8581, #564 ) ;
#3084 = CIRCLE ( 'NONE', #8406, 0.2249999999999999500 ) ;
#3085 = CIRCLE ( 'NONE', #8407, 0.1870828693386972497 ) ;
#3086 =( NAMED_UNIT ( * ) PLANE_ANGLE_UNIT ( ) SI_UNIT ( $, .RADIAN. ) );
#3087 = SPHERICAL_SURFACE ( 'NONE', #3407, 0.2250000000000000888 ) ;
#3088 = DIRECTION ( 'NONE',  ( -0.000000000000000000, -0.000000000000000000, -1.000000000000000000 ) ) ;
#3089 = SPHERICAL_SURFACE ( 'NONE', #8866, 0.2250000000000000888 ) ;
#3090 = STYLED_ITEM ( 'NONE', ( #2243 ), #4667 ) ;
#3091 = ORIENTED_EDGE ( 'NONE', *, *, #4549, .F. ) ;
#3092 = ADVANCED_FACE ( 'NONE', ( #1858, #9298, #4789, #9143, #2621, #5552, #8628, #825, #3730, #3579, #7957, #643, #7362, #2819, #92, #4412, #2912, #7323, #8676, #5128, #745, #6480, #5173, #4991, #4315, #1338, #5042, #784, #7272, #6617, #1481, #2197, #6527, #4275, #1428, #9413, #4455, #2152, #692, #2963, #2061, #5082, #3532, #7168, #136, #44, #8579, #2869, #2111, #2242, #4360, #3671, #5776, #5823, #3633, #6431, #6572, #8721, #5863, #1521, #3004, #8008, #9355, #8764, #8054, #7220, #7921, #7875, #5733, #1378, #7489, #2277, #901, #6852, #945, #3861, #6759, #4642, #7584, #6086, #271, #2325, #7541, #4588, #4688, #8224, #8944, #3142, #1569, #5301, #6704, #1752, #6001, #5260, #8184, #991, #358, #179, #8892, #7405, #4499 ), #6045, .T. ) ;
#3093 = DIRECTION ( 'NONE',  ( 0.000000000000000000, 0.000000000000000000, 1.000000000000000000 ) ) ;
#3094 = CIRCLE ( 'NONE', #7224, 0.1870828693386971664 ) ;
#3095 = EDGE_LOOP ( 'NONE', ( #5470, #3357 ) ) ;
#3096 = FILL_AREA_STYLE_COLOUR ( '', #5390 ) ;
#3097 = DIRECTION ( 'NONE',  ( 0.000000000000000000, -1.000000000000000000, 0.000000000000000000 ) ) ;
#3098 = PRESENTATION_LAYER_ASSIGNMENT (  '', '', ( #8261 ) ) ;
#3099 = PRESENTATION_LAYER_ASSIGNMENT (  '', '', ( #4492 ) ) ;
#3100 = CARTESIAN_POINT ( 'NONE',  ( -1.312917130661302334, 0.000000000000000000, 2.291104371109379525E-17 ) ) ;
#3101 = FACE_OUTER_BOUND ( 'NONE', #4795, .T. ) ;
#3102 = FILL_AREA_STYLE ('',( #4553 ) ) ;
#3103 = DIRECTION ( 'NONE',  ( 0.000000000000000000, -1.000000000000000000, 0.000000000000000000 ) ) ;
#3104 = SURFACE_SIDE_STYLE ('',( #7548 ) ) ;
#3105 = FILL_AREA_STYLE_COLOUR ( '', #6155 ) ;
#3106 = SURFACE_STYLE_USAGE ( .BOTH. , #2337 ) ;
#3107 = CIRCLE ( 'NONE', #8429, 0.2249999999999999500 ) ;
#3108 = DIRECTION ( 'NONE',  ( 0.000000000000000000, 0.000000000000000000, 1.000000000000000000 ) ) ;
#3109 = DIRECTION ( 'NONE',  ( -1.224646799147353207E-16, 0.000000000000000000, 1.000000000000000000 ) ) ;
#3110 = UNCERTAINTY_MEASURE_WITH_UNIT (LENGTH_MEASURE( 1.000000000000000082E-05 ), #331, 'distance_accuracy_value', 'NONE');
#3111 = CARTESIAN_POINT ( 'NONE',  ( 1.500000000000000444, -0.1250000000000000000, -4.000000000000000000 ) ) ;
#3112 = CIRCLE ( 'NONE', #2647, 0.1870828693386963892 ) ;
#3113 = SURFACE_STYLE_FILL_AREA ( #4606 ) ;
#3114 = DIRECTION ( 'NONE',  ( 0.000000000000000000, -0.000000000000000000, 1.000000000000000000 ) ) ;
#3115 = DIRECTION ( 'NONE',  ( 0.000000000000000000, 0.000000000000000000, -1.000000000000000000 ) ) ;
#3116 = FACE_OUTER_BOUND ( 'NONE', #123, .T. ) ;
#3117 = DIRECTION ( 'NONE',  ( -1.000000000000000000, 0.000000000000000000, 0.000000000000000000 ) ) ;
#3118 = AXIS2_PLACEMENT_3D ( 'NONE', #4607, #2633, #8394 ) ;
#3119 = ADVANCED_FACE ( 'NONE', ( #3186 ), #4547, .T. ) ;
#3120 = EDGE_CURVE ( 'NONE', #8927, #7664, #3021, .T. ) ;
#3121 = UNCERTAINTY_MEASURE_WITH_UNIT (LENGTH_MEASURE( 1.000000000000000082E-05 ), #9047, 'distance_accuracy_value', 'NONE');
#3122 = PRESENTATION_LAYER_ASSIGNMENT (  '', '', ( #2518 ) ) ;
#3123 = EDGE_CURVE ( 'NONE', #4684, #2570, #3319, .T. ) ;
#3124 = CARTESIAN_POINT ( 'NONE',  ( 3.500000000000000444, -0.1250000000000000000, 2.999999999999999112 ) ) ;
#3125 = CARTESIAN_POINT ( 'NONE',  ( -1.499999999999999556, -0.1250000000000000000, -4.000000000000000000 ) ) ;
#3126 = ORIENTED_EDGE ( 'NONE', *, *, #3826, .F. ) ;
#3127 = FILL_AREA_STYLE_COLOUR ( '', #7830 ) ;
#3128 = PRESENTATION_LAYER_ASSIGNMENT (  '', '', ( #6492 ) ) ;
#3129 = EDGE_LOOP ( 'NONE', ( #9107, #5473 ) ) ;
#3130 = EDGE_CURVE ( 'NONE', #6173, #4300, #9269, .T. ) ;
#3132 = EDGE_CURVE ( 'NONE', #6404, #5393, #8045, .T. ) ;
#3131 = CIRCLE ( 'NONE', #2215, 0.1870828693386972497 ) ;
#3133 = AXIS2_PLACEMENT_3D ( 'NONE', #7828, #2775, #5692 ) ;
#3134 = ORIENTED_EDGE ( 'NONE', *, *, #8660, .T. ) ;
#3135 = COLOUR_RGB ( '',0.8941176470588234615, 0.9137254901960784048, 0.9294117647058823817 ) ;
#3136 = CIRCLE ( 'NONE', #3596, 0.2250000000000003664 ) ;
#3137 = SURFACE_STYLE_FILL_AREA ( #263 ) ;
#3138 = STYLED_ITEM ( 'NONE', ( #355 ), #2471 ) ;
#3139 = SPHERICAL_SURFACE ( 'NONE', #8113, 0.2250000000000000888 ) ;
#3140 = EDGE_LOOP ( 'NONE', ( #7455, #6397, #7672, #6249 ) ) ;
#3141 = ORIENTED_EDGE ( 'NONE', *, *, #9090, .F. ) ;
#3142 = FACE_BOUND ( 'NONE', #2585, .T. ) ;
#3143 = CIRCLE ( 'NONE', #430, 0.2250000000000001443 ) ;
#3145 = CIRCLE ( 'NONE', #3624, 0.2250000000000003664 ) ;
#3144 = STYLED_ITEM ( 'NONE', ( #5064 ), #9050 ) ;
#3146 =( LENGTH_UNIT ( ) NAMED_UNIT ( * ) SI_UNIT ( .MILLI., .METRE. ) );
#3147 = CIRCLE ( 'NONE', #5606, 0.2250000000000001443 ) ;
#3148 = CARTESIAN_POINT ( 'NONE',  ( 6.999999999999998224, 0.9100000000000000311, -8.999999999999998224 ) ) ;
#3149 = MECHANICAL_DESIGN_GEOMETRIC_PRESENTATION_REPRESENTATION (  '', ( #6178 ), #1932 ) ;
#3151 = MECHANICAL_DESIGN_GEOMETRIC_PRESENTATION_REPRESENTATION (  '', ( #1167 ), #4088 ) ;
#3150 = MECHANICAL_DESIGN_GEOMETRIC_PRESENTATION_REPRESENTATION (  '', ( #6492 ), #6017 ) ;
#3152 = CARTESIAN_POINT ( 'NONE',  ( -1.499999999999999556, -0.1250000000000000000, -1.000000000000000000 ) ) ;
#3153 = DIRECTION ( 'NONE',  ( -1.000000000000000000, 0.000000000000000000, 0.000000000000000000 ) ) ;
#3154 = ORIENTED_EDGE ( 'NONE', *, *, #7793, .F. ) ;
#3155 = CARTESIAN_POINT ( 'NONE',  ( -2.499999999999999556, 0.000000000000000000, -4.000000000000000000 ) ) ;
#3156 = SURFACE_SIDE_STYLE ('',( #9003 ) ) ;
#3157 = DIRECTION ( 'NONE',  ( -1.000000000000000000, 0.000000000000000000, 0.000000000000000000 ) ) ;
#3158 = CIRCLE ( 'NONE', #2102, 0.2250000000000003664 ) ;
#3159 =( NAMED_UNIT ( * ) SI_UNIT ( $, .STERADIAN. ) SOLID_ANGLE_UNIT ( ) );
#3160 = AXIS2_PLACEMENT_3D ( 'NONE', #3168, #7846, #8556 ) ;
#3161 = ORIENTED_EDGE ( 'NONE', *, *, #674, .T. ) ;
#3162 =( NAMED_UNIT ( * ) SI_UNIT ( $, .STERADIAN. ) SOLID_ANGLE_UNIT ( ) );
#3163 = DIRECTION ( 'NONE',  ( 0.000000000000000000, -1.000000000000000000, 0.000000000000000000 ) ) ;
#3164 = DIRECTION ( 'NONE',  ( -1.000000000000000000, 0.000000000000000000, 0.000000000000000000 ) ) ;
#3165 = CARTESIAN_POINT ( 'NONE',  ( 1.500000000000000444, 0.000000000000000000, -1.000000000000000000 ) ) ;
#3166 = AXIS2_PLACEMENT_3D ( 'NONE', #7825, #9097, #6860 ) ;
#3167 = SPHERICAL_SURFACE ( 'NONE', #468, 0.2250000000000000888 ) ;
#3168 = CARTESIAN_POINT ( 'NONE',  ( -3.499999999999999556, -0.1250000000000000000, 5.000000000000000888 ) ) ;
#3169 = EDGE_CURVE ( 'NONE', #1943, #5950, #5178, .T. ) ;
#3170 = AXIS2_PLACEMENT_3D ( 'NONE', #881, #2426, #5363 ) ;
#3171 = VERTEX_POINT ( 'NONE', #1842 ) ;
#3172 =( LENGTH_UNIT ( ) NAMED_UNIT ( * ) SI_UNIT ( .MILLI., .METRE. ) );
#3173 = SURFACE_STYLE_USAGE ( .BOTH. , #1110 ) ;
#3174 = EDGE_LOOP ( 'NONE', ( #7204, #6793, #6363 ) ) ;
#3175 = DIRECTION ( 'NONE',  ( -1.000000000000000000, 0.000000000000000000, 0.000000000000000000 ) ) ;
#3176 = AXIS2_PLACEMENT_3D ( 'NONE', #5878, #8780, #7233 ) ;
#3177 = EDGE_LOOP ( 'NONE', ( #1306, #9170, #90 ) ) ;
#3178 = STYLED_ITEM ( 'NONE', ( #7230 ), #2032 ) ;
#3179 = VERTEX_POINT ( 'NONE', #1173 ) ;
#3180 = SURFACE_STYLE_USAGE ( .BOTH. , #4536 ) ;
#3181 =( LENGTH_UNIT ( ) NAMED_UNIT ( * ) SI_UNIT ( .MILLI., .METRE. ) );
#3182 = CIRCLE ( 'NONE', #903, 0.1870828693386972497 ) ;
#3183 = ADVANCED_FACE ( 'NONE', ( #3360 ), #4824, .T. ) ;
#3184 = ORIENTED_EDGE ( 'NONE', *, *, #2956, .T. ) ;
#3185 = VERTEX_POINT ( 'NONE', #2554 ) ;
#3186 = FACE_OUTER_BOUND ( 'NONE', #4971, .T. ) ;
#3187 = SURFACE_STYLE_USAGE ( .BOTH. , #8226 ) ;
#3188 = FILL_AREA_STYLE ('',( #5086 ) ) ;
#3189 = SPHERICAL_SURFACE ( 'NONE', #368, 0.2250000000000000888 ) ;
#3190 = EDGE_CURVE ( 'NONE', #3494, #8616, #5919, .T. ) ;
#3191 = DIRECTION ( 'NONE',  ( 0.000000000000000000, 0.000000000000000000, -1.000000000000000000 ) ) ;
#3192 = DIRECTION ( 'NONE',  ( 0.000000000000000000, 0.000000000000000000, -1.000000000000000000 ) ) ;
#3193 = FACE_OUTER_BOUND ( 'NONE', #7239, .T. ) ;
#3194 = EDGE_LOOP ( 'NONE', ( #7624, #1565 ) ) ;
#3195 = DIRECTION ( 'NONE',  ( 1.000000000000000000, 0.000000000000000000, 0.000000000000000000 ) ) ;
#3196 = EDGE_LOOP ( 'NONE', ( #1519, #4821, #8971 ) ) ;
#3197 = CARTESIAN_POINT ( 'NONE',  ( 2.500000000000000444, 0.000000000000000000, 4.000000000000000000 ) ) ;
#3198 = COLOUR_RGB ( '',0.8941176470588234615, 0.9137254901960784048, 0.9294117647058823817 ) ;
#3199 = DIRECTION ( 'NONE',  ( -1.000000000000000000, 0.000000000000000000, 0.000000000000000000 ) ) ;
#3200 = FILL_AREA_STYLE_COLOUR ( '', #108 ) ;
#3201 = FILL_AREA_STYLE_COLOUR ( '', #953 ) ;
#3202 = EDGE_CURVE ( 'NONE', #2104, #1293, #2553, .T. ) ;
#3203 =( LENGTH_UNIT ( ) NAMED_UNIT ( * ) SI_UNIT ( .MILLI., .METRE. ) );
#3204 = STYLED_ITEM ( 'NONE', ( #8643 ), #540 ) ;
#3205 = ORIENTED_EDGE ( 'NONE', *, *, #4269, .F. ) ;
#3206 = UNCERTAINTY_MEASURE_WITH_UNIT (LENGTH_MEASURE( 1.000000000000000082E-05 ), #8130, 'distance_accuracy_value', 'NONE');
#3207 = CARTESIAN_POINT ( 'NONE',  ( 0.5000000000000004441, 0.000000000000000000, 0.000000000000000000 ) ) ;
#3208 = DIRECTION ( 'NONE',  ( 1.000000000000000000, 0.000000000000000000, 0.000000000000000000 ) ) ;
#3209 = ORIENTED_EDGE ( 'NONE', *, *, #5765, .F. ) ;
#3210 = DIRECTION ( 'NONE',  ( 1.000000000000000000, 0.000000000000000000, 0.000000000000000000 ) ) ;
#3211 = AXIS2_PLACEMENT_3D ( 'NONE', #6261, #6307, #7190 ) ;
#3212 = DIRECTION ( 'NONE',  ( 0.000000000000000000, 0.000000000000000000, 1.000000000000000000 ) ) ;
#3213 = STYLED_ITEM ( 'NONE', ( #2135 ), #6601 ) ;
#3215 = ORIENTED_EDGE ( 'NONE', *, *, #1670, .T. ) ;
#3214 = CARTESIAN_POINT ( 'NONE',  ( -0.6870828693386967778, 0.000000000000000000, 4.000000000000000000 ) ) ;
#3216 = CARTESIAN_POINT ( 'NONE',  ( 6.999999999999998224, 0.9100000000000000311, 9.000000000000000000 ) ) ;
#3218 =( NAMED_UNIT ( * ) SI_UNIT ( $, .STERADIAN. ) SOLID_ANGLE_UNIT ( ) );
#3217 = PRESENTATION_LAYER_ASSIGNMENT (  '', '', ( #4161 ) ) ;
#3219 = AXIS2_PLACEMENT_3D ( 'NONE', #7470, #1632, #7601 ) ;
#3220 = SURFACE_STYLE_USAGE ( .BOTH. , #7580 ) ;
#3221 =( GEOMETRIC_REPRESENTATION_CONTEXT ( 3 ) GLOBAL_UNCERTAINTY_ASSIGNED_CONTEXT ( ( #8249 ) ) GLOBAL_UNIT_ASSIGNED_CONTEXT ( ( #786, #5044, #3676 ) ) REPRESENTATION_CONTEXT ( 'NONE', 'WORKASPACE' ) );
#3222 = DIRECTION ( 'NONE',  ( 0.000000000000000000, -1.000000000000000000, 0.000000000000000000 ) ) ;
#3223 = ORIENTED_EDGE ( 'NONE', *, *, #8273, .T. ) ;
#3224 = FILL_AREA_STYLE_COLOUR ( '', #2506 ) ;
#3225 = ORIENTED_EDGE ( 'NONE', *, *, #3349, .F. ) ;
#3226 = SURFACE_STYLE_USAGE ( .BOTH. , #6946 ) ;
#3227 = COLOUR_RGB ( '',0.8941176470588234615, 0.9137254901960784048, 0.9294117647058823817 ) ;
#3228 = CARTESIAN_POINT ( 'NONE',  ( 1.312917130661303222, 0.000000000000000000, -2.000000000000000000 ) ) ;
#3229 = EDGE_CURVE ( 'NONE', #56, #3237, #8943, .T. ) ;
#3230 = CARTESIAN_POINT ( 'NONE',  ( -3.499999999999999556, -0.3500000000000000333, -3.000000000000000000 ) ) ;
#3231 = AXIS2_PLACEMENT_3D ( 'NONE', #5953, #1610, #5349 ) ;
#3232 = STYLED_ITEM ( 'NONE', ( #5772 ), #7102 ) ;
#3233 = PRESENTATION_LAYER_ASSIGNMENT (  '', '', ( #7816 ) ) ;
#3234 = DIRECTION ( 'NONE',  ( 0.000000000000000000, -1.000000000000000000, 0.000000000000000000 ) ) ;
#3235 = DIRECTION ( 'NONE',  ( -1.000000000000000000, 0.000000000000000000, 0.000000000000000000 ) ) ;
#3236 = DIRECTION ( 'NONE',  ( -0.000000000000000000, -0.000000000000000000, -1.000000000000000000 ) ) ;
#3237 = VERTEX_POINT ( 'NONE', #3940 ) ;
#3238 = DIRECTION ( 'NONE',  ( 0.000000000000000000, 0.000000000000000000, -1.000000000000000000 ) ) ;
#3239 = FACE_OUTER_BOUND ( 'NONE', #6758, .T. ) ;
#3240 = PRESENTATION_STYLE_ASSIGNMENT (( #234 ) ) ;
#3241 = CIRCLE ( 'NONE', #962, 0.2249999999999999500 ) ;
#3242 = EDGE_CURVE ( 'NONE', #1146, #4815, #7314, .T. ) ;
#3243 = AXIS2_PLACEMENT_3D ( 'NONE', #5871, #8771, #5136 ) ;
#3244 =( NAMED_UNIT ( * ) SI_UNIT ( $, .STERADIAN. ) SOLID_ANGLE_UNIT ( ) );
#3245 = VERTEX_POINT ( 'NONE', #7605 ) ;
#3246 = LINE ( 'NONE', #6150, #5154 ) ;
#3247 =( GEOMETRIC_REPRESENTATION_CONTEXT ( 3 ) GLOBAL_UNCERTAINTY_ASSIGNED_CONTEXT ( ( #7176 ) ) GLOBAL_UNIT_ASSIGNED_CONTEXT ( ( #3172, #4673, #8829 ) ) REPRESENTATION_CONTEXT ( 'NONE', 'WORKASPACE' ) );
#3248 = MECHANICAL_DESIGN_GEOMETRIC_PRESENTATION_REPRESENTATION (  '', ( #2050 ), #695 ) ;
#3249 = UNCERTAINTY_MEASURE_WITH_UNIT (LENGTH_MEASURE( 1.000000000000000082E-05 ), #62, 'distance_accuracy_value', 'NONE');
#3250 = FILL_AREA_STYLE ('',( #4746 ) ) ;
#3251 = FILL_AREA_STYLE_COLOUR ( '', #7207 ) ;
#3252 = PRESENTATION_LAYER_ASSIGNMENT (  '', '', ( #4501 ) ) ;
#3253 = ORIENTED_EDGE ( 'NONE', *, *, #3719, .T. ) ;
#3254 = EDGE_CURVE ( 'NONE', #1804, #8419, #7744, .T. ) ;
#3255 = DIRECTION ( 'NONE',  ( 0.000000000000000000, -1.000000000000000000, 0.000000000000000000 ) ) ;
#3256 = DIRECTION ( 'NONE',  ( -0.000000000000000000, -0.000000000000000000, -1.000000000000000000 ) ) ;
#3257 = DIRECTION ( 'NONE',  ( 0.000000000000000000, 0.000000000000000000, 1.000000000000000000 ) ) ;
#3258 = ORIENTED_EDGE ( 'NONE', *, *, #7473, .T. ) ;
#3259 = LINE ( 'NONE', #4756, #5714 ) ;
#3260 = CIRCLE ( 'NONE', #5123, 0.1870828693386972497 ) ;
#3261 = EDGE_LOOP ( 'NONE', ( #9026, #1830, #5853 ) ) ;
#3262 = CARTESIAN_POINT ( 'NONE',  ( 1.312917130661303222, 0.000000000000000000, 1.000000000000000888 ) ) ;
#3263 = SURFACE_SIDE_STYLE ('',( #4816 ) ) ;
#3264 = FACE_OUTER_BOUND ( 'NONE', #1172, .T. ) ;
#3265 = CARTESIAN_POINT ( 'NONE',  ( 1.500000000000000444, 0.000000000000000000, -4.000000000000000000 ) ) ;
#3266 = ORIENTED_EDGE ( 'NONE', *, *, #8939, .T. ) ;
#3267 = DIRECTION ( 'NONE',  ( -1.224646799147353207E-16, 0.000000000000000000, 1.000000000000000000 ) ) ;
#3268 = ORIENTED_EDGE ( 'NONE', *, *, #3971, .T. ) ;
#3269 = MECHANICAL_DESIGN_GEOMETRIC_PRESENTATION_REPRESENTATION (  '', ( #4378 ), #4992 ) ;
#3270 = AXIS2_PLACEMENT_3D ( 'NONE', #4056, #6850, #7768 ) ;
#3271 = CARTESIAN_POINT ( 'NONE',  ( -3.312917130661302334, 0.000000000000000000, 2.999999999999999112 ) ) ;
#3272 = CARTESIAN_POINT ( 'NONE',  ( 2.500000000000000444, -0.1250000000000000000, 2.000000000000000000 ) ) ;
#3273 = CARTESIAN_POINT ( 'NONE',  ( 1.500000000000000444, -0.3500000000000000333, 5.000000000000000888 ) ) ;
#3274 = DIRECTION ( 'NONE',  ( -0.000000000000000000, -0.000000000000000000, -1.000000000000000000 ) ) ;
#3275 = MECHANICAL_DESIGN_GEOMETRIC_PRESENTATION_REPRESENTATION (  '', ( #9067 ), #8911 ) ;
#3276 = CARTESIAN_POINT ( 'NONE',  ( -3.499999999999999556, 0.000000000000000000, 4.000000000000000000 ) ) ;
#3277 = ADVANCED_FACE ( 'NONE', ( #5423 ), #6069, .T. ) ;
#3278 = PRESENTATION_LAYER_ASSIGNMENT (  '', '', ( #2227 ) ) ;
#3279 = DIRECTION ( 'NONE',  ( 0.000000000000000000, 0.000000000000000000, -1.000000000000000000 ) ) ;
#3280 = SPHERICAL_SURFACE ( 'NONE', #2674, 0.2250000000000000888 ) ;
#3281 = SURFACE_STYLE_USAGE ( .BOTH. , #4355 ) ;
#3282 = FILL_AREA_STYLE_COLOUR ( '', #7347 ) ;
#3283 = AXIS2_PLACEMENT_3D ( 'NONE', #7038, #3402, #6215 ) ;
#3284 = CIRCLE ( 'NONE', #6493, 0.2250000000000000611 ) ;
#3285 = DIRECTION ( 'NONE',  ( -1.000000000000000000, 0.000000000000000000, 0.000000000000000000 ) ) ;
#3286 = PRESENTATION_STYLE_ASSIGNMENT (( #6242 ) ) ;
#3287 = EDGE_CURVE ( 'NONE', #1700, #5906, #1346, .T. ) ;
#3288 = DIRECTION ( 'NONE',  ( 0.000000000000000000, 0.000000000000000000, 1.000000000000000000 ) ) ;
#3289 = ADVANCED_FACE ( 'NONE', ( #5242 ), #3167, .T. ) ;
#3290 = FILL_AREA_STYLE_COLOUR ( '', #5411 ) ;
#3291 = PRESENTATION_LAYER_ASSIGNMENT (  '', '', ( #6184 ) ) ;
#3292 = AXIS2_PLACEMENT_3D ( 'NONE', #2721, #40, #5642 ) ;
#3293 = PRESENTATION_STYLE_ASSIGNMENT (( #6975 ) ) ;
#3294 = EDGE_LOOP ( 'NONE', ( #8511, #7137 ) ) ;
#3295 = UNCERTAINTY_MEASURE_WITH_UNIT (LENGTH_MEASURE( 1.000000000000000082E-05 ), #8341, 'distance_accuracy_value', 'NONE');
#3296 = STYLED_ITEM ( 'NONE', ( #4451 ), #8800 ) ;
#3297 =( NAMED_UNIT ( * ) PLANE_ANGLE_UNIT ( ) SI_UNIT ( $, .RADIAN. ) );
#3298 = MANIFOLD_SOLID_BREP ( 'Cut-Extrude1', #4175 ) ;
#3299 = SPHERICAL_SURFACE ( 'NONE', #2939, 0.2250000000000000888 ) ;
#3300 = EDGE_CURVE ( 'NONE', #8478, #6898, #5630, .T. ) ;
#3301 = CARTESIAN_POINT ( 'NONE',  ( 0.5000000000000004441, -0.1250000000000000000, 1.000000000000000888 ) ) ;
#3302 = SURFACE_STYLE_USAGE ( .BOTH. , #5013 ) ;
#3303 = ORIENTED_EDGE ( 'NONE', *, *, #3130, .F. ) ;
#3304 = SURFACE_SIDE_STYLE ('',( #1939 ) ) ;
#3305 = SURFACE_STYLE_FILL_AREA ( #9173 ) ;
#3307 = VERTEX_POINT ( 'NONE', #9313 ) ;
#3306 = CARTESIAN_POINT ( 'NONE',  ( 1.500000000000000444, 0.000000000000000000, 5.000000000000000888 ) ) ;
#3308 = AXIS2_PLACEMENT_3D ( 'NONE', #4883, #6335, #5645 ) ;
#3309 = CARTESIAN_POINT ( 'NONE',  ( -5.100000000000002309, 0.8099999999999999423, -7.349999999999997868 ) ) ;
#3310 = EDGE_CURVE ( 'NONE', #1804, #9040, #1498, .T. ) ;
#3311 = CARTESIAN_POINT ( 'NONE',  ( 2.500000000000000444, -0.1250000000000000000, 0.000000000000000000 ) ) ;
#3312 = UNCERTAINTY_MEASURE_WITH_UNIT (LENGTH_MEASURE( 1.000000000000000082E-05 ), #2025, 'distance_accuracy_value', 'NONE');
#3313 = SPHERICAL_SURFACE ( 'NONE', #513, 0.2250000000000000888 ) ;
#3314 = SURFACE_STYLE_FILL_AREA ( #7716 ) ;
#3315 = EDGE_LOOP ( 'NONE', ( #6768, #8840, #2649 ) ) ;
#3316 = VERTEX_POINT ( 'NONE', #9159 ) ;
#3317 = PRESENTATION_STYLE_ASSIGNMENT (( #9135 ) ) ;
#3318 = ORIENTED_EDGE ( 'NONE', *, *, #7306, .F. ) ;
#3319 = CIRCLE ( 'NONE', #2720, 0.1870828693386972497 ) ;
#3320 =( NAMED_UNIT ( * ) PLANE_ANGLE_UNIT ( ) SI_UNIT ( $, .RADIAN. ) );
#3321 = EDGE_CURVE ( 'NONE', #6987, #4823, #3489, .T. ) ;
#3322 = AXIS2_PLACEMENT_3D ( 'NONE', #7835, #1149, #6295 ) ;
#3323 = SURFACE_STYLE_FILL_AREA ( #4060 ) ;
#3324 = CYLINDRICAL_SURFACE ( 'NONE', #6723, 0.2500000000000002220 ) ;
#3325 =( NAMED_UNIT ( * ) PLANE_ANGLE_UNIT ( ) SI_UNIT ( $, .RADIAN. ) );
#3326 = DIRECTION ( 'NONE',  ( 0.000000000000000000, -1.000000000000000000, 0.000000000000000000 ) ) ;
#3327 = FACE_OUTER_BOUND ( 'NONE', #8519, .T. ) ;
#3328 = EDGE_LOOP ( 'NONE', ( #6808, #2143, #9390, #7482 ) ) ;
#3329 = DIRECTION ( 'NONE',  ( 0.000000000000000000, 0.000000000000000000, -1.000000000000000000 ) ) ;
#3330 =( NAMED_UNIT ( * ) SI_UNIT ( $, .STERADIAN. ) SOLID_ANGLE_UNIT ( ) );
#3331 = DIRECTION ( 'NONE',  ( 1.000000000000000000, 0.000000000000000000, 0.000000000000000000 ) ) ;
#3332 = ORIENTED_EDGE ( 'NONE', *, *, #7502, .T. ) ;
#3333 = ORIENTED_EDGE ( 'NONE', *, *, #5032, .T. ) ;
#3334 = SURFACE_SIDE_STYLE ('',( #6969 ) ) ;
#3335 = FILL_AREA_STYLE_COLOUR ( '', #3023 ) ;
#3336 = UNCERTAINTY_MEASURE_WITH_UNIT (LENGTH_MEASURE( 1.000000000000000082E-05 ), #8278, 'distance_accuracy_value', 'NONE');
#3337 = CARTESIAN_POINT ( 'NONE',  ( 1.500000000000000444, 0.000000000000000000, 2.999999999999999112 ) ) ;
#3338 = DIRECTION ( 'NONE',  ( -0.000000000000000000, -0.000000000000000000, -1.000000000000000000 ) ) ;
#3339 = SURFACE_STYLE_FILL_AREA ( #7694 ) ;
#3340 = SURFACE_STYLE_FILL_AREA ( #7080 ) ;
#3341 = EDGE_CURVE ( 'NONE', #6358, #4262, #6978, .T. ) ;
#3342 = ORIENTED_EDGE ( 'NONE', *, *, #3123, .F. ) ;
#3343 = DIRECTION ( 'NONE',  ( 0.000000000000000000, 0.000000000000000000, 1.000000000000000000 ) ) ;
#3344 = CARTESIAN_POINT ( 'NONE',  ( -3.499999999999999556, -0.1250000000000000000, 2.999999999999999112 ) ) ;
#3345 = EDGE_LOOP ( 'NONE', ( #7905, #6651 ) ) ;
#3346 = SURFACE_STYLE_FILL_AREA ( #2541 ) ;
#3347 = EDGE_LOOP ( 'NONE', ( #3449, #763, #6416 ) ) ;
#3348 = FACE_OUTER_BOUND ( 'NONE', #1204, .T. ) ;
#3349 = EDGE_CURVE ( 'NONE', #8563, #1273, #7598, .T. ) ;
#3350 = VERTEX_POINT ( 'NONE', #5004 ) ;
#3351 = PRESENTATION_STYLE_ASSIGNMENT (( #1947 ) ) ;
#3352 =( LENGTH_UNIT ( ) NAMED_UNIT ( * ) SI_UNIT ( .MILLI., .METRE. ) );
#3353 = STYLED_ITEM ( 'NONE', ( #5145 ), #5194 ) ;
#3354 = DIRECTION ( 'NONE',  ( -1.224646799147353207E-16, 0.000000000000000000, 1.000000000000000000 ) ) ;
#3355 = ORIENTED_EDGE ( 'NONE', *, *, #3971, .F. ) ;
#3356 = CARTESIAN_POINT ( 'NONE',  ( 0.5000000000000004441, -0.1250000000000000000, -5.000000000000000000 ) ) ;
#3357 = ORIENTED_EDGE ( 'NONE', *, *, #5707, .F. ) ;
#3358 = DIRECTION ( 'NONE',  ( 0.000000000000000000, 0.000000000000000000, -1.000000000000000000 ) ) ;
#3359 = ORIENTED_EDGE ( 'NONE', *, *, #8499, .F. ) ;
#3360 = FACE_OUTER_BOUND ( 'NONE', #5577, .T. ) ;
#3361 = SPHERICAL_SURFACE ( 'NONE', #4781, 0.2250000000000000888 ) ;
#3362 = STYLED_ITEM ( 'NONE', ( #9275 ), #1028 ) ;
#3363 = CIRCLE ( 'NONE', #3988, 0.2250000000000000611 ) ;
#3364 = EDGE_LOOP ( 'NONE', ( #6344, #6323 ) ) ;
#3366 = COLOUR_RGB ( '',0.8941176470588234615, 0.9137254901960784048, 0.9294117647058823817 ) ;
#3365 = CARTESIAN_POINT ( 'NONE',  ( -3.499999999999999556, 0.000000000000000000, -8.000000000000000000 ) ) ;
#3367 = EDGE_CURVE ( 'NONE', #1647, #1302, #6920, .T. ) ;
#3368 = FILL_AREA_STYLE_COLOUR ( '', #5011 ) ;
#3369 = SURFACE_STYLE_FILL_AREA ( #5598 ) ;
#3370 = CARTESIAN_POINT ( 'NONE',  ( 4.500000000000001776, -0.1250000000000000000, 8.000000000000000000 ) ) ;
#3371 = STYLED_ITEM ( 'NONE', ( #9317 ), #5077 ) ;
#3372 = COLOUR_RGB ( '',0.8941176470588234615, 0.9137254901960784048, 0.9294117647058823817 ) ;
#3373 = CIRCLE ( 'NONE', #946, 0.2500000000000002220 ) ;
#3374 = ORIENTED_EDGE ( 'NONE', *, *, #6441, .F. ) ;
#3375 = CARTESIAN_POINT ( 'NONE',  ( 1.500000000000000444, 0.000000000000000000, 1.000000000000000888 ) ) ;
#3376 = SURFACE_STYLE_FILL_AREA ( #1909 ) ;
#3377 =( LENGTH_UNIT ( ) NAMED_UNIT ( * ) SI_UNIT ( .MILLI., .METRE. ) );
#3378 =( NAMED_UNIT ( * ) PLANE_ANGLE_UNIT ( ) SI_UNIT ( $, .RADIAN. ) );
#3379 = CARTESIAN_POINT ( 'NONE',  ( 2.312917130661303222, 0.000000000000000000, 4.000000000000000000 ) ) ;
#3380 = AXIS2_PLACEMENT_3D ( 'NONE', #9005, #2425, #2472 ) ;
#3381 = AXIS2_PLACEMENT_3D ( 'NONE', #8005, #5819, #4452 ) ;
#3382 = UNCERTAINTY_MEASURE_WITH_UNIT (LENGTH_MEASURE( 1.000000000000000082E-05 ), #4945, 'distance_accuracy_value', 'NONE');
#3383 = EDGE_LOOP ( 'NONE', ( #8354, #4761 ) ) ;
#3384 = DIRECTION ( 'NONE',  ( -1.224646799147353207E-16, 0.000000000000000000, 1.000000000000000000 ) ) ;
#3385 = VERTEX_POINT ( 'NONE', #427 ) ;
#3386 =( LENGTH_UNIT ( ) NAMED_UNIT ( * ) SI_UNIT ( .MILLI., .METRE. ) );
#3387 =( NAMED_UNIT ( * ) SI_UNIT ( $, .STERADIAN. ) SOLID_ANGLE_UNIT ( ) );
#3388 = DIRECTION ( 'NONE',  ( 0.000000000000000000, 0.000000000000000000, -1.000000000000000000 ) ) ;
#3389 = CIRCLE ( 'NONE', #8260, 0.2249999999999999500 ) ;
#3390 = MECHANICAL_DESIGN_GEOMETRIC_PRESENTATION_REPRESENTATION (  '', ( #543 ), #236 ) ;
#3391 = CIRCLE ( 'NONE', #6445, 0.1870828693386972497 ) ;
#3392 = SURFACE_SIDE_STYLE ('',( #3500 ) ) ;
#3393 = ORIENTED_EDGE ( 'NONE', *, *, #810, .T. ) ;
#3394 = CIRCLE ( 'NONE', #9031, 0.1870828693386972497 ) ;
#3395 =( LENGTH_UNIT ( ) NAMED_UNIT ( * ) SI_UNIT ( .MILLI., .METRE. ) );
#3396 =( LENGTH_UNIT ( ) NAMED_UNIT ( * ) SI_UNIT ( .MILLI., .METRE. ) );
#3397 = DIRECTION ( 'NONE',  ( -1.000000000000000000, 0.000000000000000000, 0.000000000000000000 ) ) ;
#3398 = ORIENTED_EDGE ( 'NONE', *, *, #2087, .T. ) ;
#3399 =( NAMED_UNIT ( * ) PLANE_ANGLE_UNIT ( ) SI_UNIT ( $, .RADIAN. ) );
#3400 = DIRECTION ( 'NONE',  ( -1.224646799147353207E-16, 0.000000000000000000, 1.000000000000000000 ) ) ;
#3401 =( LENGTH_UNIT ( ) NAMED_UNIT ( * ) SI_UNIT ( .MILLI., .METRE. ) );
#3403 = ORIENTED_EDGE ( 'NONE', *, *, #1848, .F. ) ;
#3402 = DIRECTION ( 'NONE',  ( -0.000000000000000000, -0.000000000000000000, -1.000000000000000000 ) ) ;
#3404 = EDGE_CURVE ( 'NONE', #2744, #7992, #8948, .T. ) ;
#3405 = CARTESIAN_POINT ( 'NONE',  ( 2.687082869338697666, 0.000000000000000000, -1.000000000000000000 ) ) ;
#3406 = CIRCLE ( 'NONE', #7391, 0.1870828693386972497 ) ;
#3407 = AXIS2_PLACEMENT_3D ( 'NONE', #1793, #3039, #7484 ) ;
#3408 = ORIENTED_EDGE ( 'NONE', *, *, #3725, .F. ) ;
#3409 = DIRECTION ( 'NONE',  ( 0.000000000000000000, 0.000000000000000000, 1.000000000000000000 ) ) ;
#3410 = DIRECTION ( 'NONE',  ( -1.224646799147353207E-16, 0.000000000000000000, 1.000000000000000000 ) ) ;
#3411 = MECHANICAL_DESIGN_GEOMETRIC_PRESENTATION_REPRESENTATION (  '', ( #5858 ), #406 ) ;
#3412 = FILL_AREA_STYLE_COLOUR ( '', #5007 ) ;
#3413 = ADVANCED_FACE ( 'NONE', ( #4901 ), #2828, .T. ) ;
#3414 = DIRECTION ( 'NONE',  ( -0.000000000000000000, -0.000000000000000000, -1.000000000000000000 ) ) ;
#3415 = EDGE_CURVE ( 'NONE', #3517, #6419, #2260, .T. ) ;
#3416 = ORIENTED_EDGE ( 'NONE', *, *, #7502, .F. ) ;
#3417 = SPHERICAL_SURFACE ( 'NONE', #130, 0.2250000000000000888 ) ;
#3418 = ORIENTED_EDGE ( 'NONE', *, *, #7509, .T. ) ;
#3419 = STYLED_ITEM ( 'NONE', ( #5963 ), #8026 ) ;
#3420 = ORIENTED_EDGE ( 'NONE', *, *, #33, .F. ) ;
#3421 = DIRECTION ( 'NONE',  ( 0.000000000000000000, 0.000000000000000000, 1.000000000000000000 ) ) ;
#3422 = SURFACE_STYLE_FILL_AREA ( #2719 ) ;
#3423 = STYLED_ITEM ( 'NONE', ( #1807 ), #3069 ) ;
#3424 = DIRECTION ( 'NONE',  ( 0.000000000000000000, -1.000000000000000000, 0.000000000000000000 ) ) ;
#3425 = ORIENTED_EDGE ( 'NONE', *, *, #4434, .F. ) ;
#3426 = CARTESIAN_POINT ( 'NONE',  ( 2.500000000000000444, -0.1250000000000000000, 5.000000000000000888 ) ) ;
#3427 = AXIS2_PLACEMENT_3D ( 'NONE', #8577, #7730, #1183 ) ;
#3428 = DIRECTION ( 'NONE',  ( -1.000000000000000000, 0.000000000000000000, 0.000000000000000000 ) ) ;
#3429 = DIRECTION ( 'NONE',  ( 0.000000000000000000, 0.000000000000000000, 1.000000000000000000 ) ) ;
#3430 = AXIS2_PLACEMENT_3D ( 'NONE', #7186, #661, #9377 ) ;
#3431 =( LENGTH_UNIT ( ) NAMED_UNIT ( * ) SI_UNIT ( .MILLI., .METRE. ) );
#3432 = SURFACE_STYLE_FILL_AREA ( #7684 ) ;
#3433 = AXIS2_PLACEMENT_3D ( 'NONE', #1623, #1765, #6680 ) ;
#3434 = DIRECTION ( 'NONE',  ( 0.000000000000000000, -1.000000000000000000, 0.000000000000000000 ) ) ;
#3435 = ORIENTED_EDGE ( 'NONE', *, *, #8178, .F. ) ;
#3436 = CARTESIAN_POINT ( 'NONE',  ( -2.499999999999999556, -0.3500000000000000333, 0.000000000000000000 ) ) ;
#3437 = CIRCLE ( 'NONE', #6481, 0.2250000000000001443 ) ;
#3438 = VERTEX_POINT ( 'NONE', #9367 ) ;
#3439 =( GEOMETRIC_REPRESENTATION_CONTEXT ( 3 ) GLOBAL_UNCERTAINTY_ASSIGNED_CONTEXT ( ( #479 ) ) GLOBAL_UNIT_ASSIGNED_CONTEXT ( ( #8066, #3933, #3162 ) ) REPRESENTATION_CONTEXT ( 'NONE', 'WORKASPACE' ) );
#3440 =( NAMED_UNIT ( * ) SI_UNIT ( $, .STERADIAN. ) SOLID_ANGLE_UNIT ( ) );
#3441 = FACE_OUTER_BOUND ( 'NONE', #5070, .T. ) ;
#3442 = UNCERTAINTY_MEASURE_WITH_UNIT (LENGTH_MEASURE( 1.000000000000000082E-05 ), #7496, 'distance_accuracy_value', 'NONE');
#3443 = PRESENTATION_STYLE_ASSIGNMENT (( #2482 ) ) ;
#3444 = FILL_AREA_STYLE_COLOUR ( '', #4866 ) ;
#3445 = DIRECTION ( 'NONE',  ( 0.000000000000000000, 0.000000000000000000, 1.000000000000000000 ) ) ;
#3447 = PRESENTATION_LAYER_ASSIGNMENT (  '', '', ( #3608 ) ) ;
#3446 = STYLED_ITEM ( 'NONE', ( #2757 ), #8933 ) ;
#3448 = MECHANICAL_DESIGN_GEOMETRIC_PRESENTATION_REPRESENTATION (  '', ( #1313 ), #3756 ) ;
#3449 = ORIENTED_EDGE ( 'NONE', *, *, #4286, .F. ) ;
#3450 =( NAMED_UNIT ( * ) SI_UNIT ( $, .STERADIAN. ) SOLID_ANGLE_UNIT ( ) );
#3451 =( LENGTH_UNIT ( ) NAMED_UNIT ( * ) SI_UNIT ( .MILLI., .METRE. ) );
#3452 = COLOUR_RGB ( '',0.8941176470588234615, 0.9137254901960784048, 0.9294117647058823817 ) ;
#3453 = SURFACE_SIDE_STYLE ('',( #7892 ) ) ;
#3454 = CARTESIAN_POINT ( 'NONE',  ( -2.499999999999999556, 0.000000000000000000, -3.000000000000000000 ) ) ;
#3455 = AXIS2_PLACEMENT_3D ( 'NONE', #2960, #3257, #3764 ) ;
#3456 = EDGE_LOOP ( 'NONE', ( #7159, #7569 ) ) ;
#3457 = FILL_AREA_STYLE_COLOUR ( '', #2191 ) ;
#3458 = CARTESIAN_POINT ( 'NONE',  ( 1.312917130661303222, 0.000000000000000000, 2.999999999999999112 ) ) ;
#3459 = SURFACE_STYLE_FILL_AREA ( #8603 ) ;
#3460 = ORIENTED_EDGE ( 'NONE', *, *, #4436, .F. ) ;
#3461 = AXIS2_PLACEMENT_3D ( 'NONE', #410, #9295, #3478 ) ;
#3462 = UNCERTAINTY_MEASURE_WITH_UNIT (LENGTH_MEASURE( 1.000000000000000082E-05 ), #9302, 'distance_accuracy_value', 'NONE');
#3463 = CARTESIAN_POINT ( 'NONE',  ( -1.499999999999999556, -0.1250000000000000000, 5.000000000000000888 ) ) ;
#3464 = DIRECTION ( 'NONE',  ( 1.000000000000000000, 0.000000000000000000, 0.000000000000000000 ) ) ;
#3465 = CIRCLE ( 'NONE', #2112, 0.1870828693386972497 ) ;
#3466 = SURFACE_STYLE_FILL_AREA ( #4110 ) ;
#3467 = ORIENTED_EDGE ( 'NONE', *, *, #7463, .F. ) ;
#3468 =( NAMED_UNIT ( * ) PLANE_ANGLE_UNIT ( ) SI_UNIT ( $, .RADIAN. ) );
#3469 = VERTEX_POINT ( 'NONE', #3647 ) ;
#3470 = ADVANCED_FACE ( 'NONE', ( #3685 ), #8, .T. ) ;
#3471 = FACE_OUTER_BOUND ( 'NONE', #2132, .T. ) ;
#3472 = ORIENTED_EDGE ( 'NONE', *, *, #7025, .T. ) ;
#3473 = PRESENTATION_STYLE_ASSIGNMENT (( #4930 ) ) ;
#3474 = CIRCLE ( 'NONE', #1186, 0.1870828693386972497 ) ;
#3475 = EDGE_CURVE ( 'NONE', #8215, #6419, #2730, .T. ) ;
#3476 = EDGE_CURVE ( 'NONE', #4772, #1166, #5045, .T. ) ;
#3477 = CARTESIAN_POINT ( 'NONE',  ( -0.4999999999999995559, -0.1250000000000000000, -4.000000000000000000 ) ) ;
#3478 = DIRECTION ( 'NONE',  ( -1.000000000000000000, 0.000000000000000000, 0.000000000000000000 ) ) ;
#3479 = AXIS2_PLACEMENT_3D ( 'NONE', #1923, #3338, #4238 ) ;
#3480 =( LENGTH_UNIT ( ) NAMED_UNIT ( * ) SI_UNIT ( .MILLI., .METRE. ) );
#3481 =( NAMED_UNIT ( * ) PLANE_ANGLE_UNIT ( ) SI_UNIT ( $, .RADIAN. ) );
#3482 = DIRECTION ( 'NONE',  ( 0.000000000000000000, 0.000000000000000000, 1.000000000000000000 ) ) ;
#3483 = VERTEX_POINT ( 'NONE', #1345 ) ;
#3484 =( NAMED_UNIT ( * ) PLANE_ANGLE_UNIT ( ) SI_UNIT ( $, .RADIAN. ) );
#3485 = CIRCLE ( 'NONE', #5638, 0.1870828693386971664 ) ;
#3486 = SPHERICAL_SURFACE ( 'NONE', #3133, 0.2250000000000000888 ) ;
#3487 =( NAMED_UNIT ( * ) PLANE_ANGLE_UNIT ( ) SI_UNIT ( $, .RADIAN. ) );
#3488 = DIRECTION ( 'NONE',  ( -1.224646799147353207E-16, 0.000000000000000000, 1.000000000000000000 ) ) ;
#3489 = CIRCLE ( 'NONE', #6830, 0.2250000000000001443 ) ;
#3490 = EDGE_CURVE ( 'NONE', #9132, #345, #8343, .T. ) ;
#3491 = AXIS2_PLACEMENT_3D ( 'NONE', #4697, #5923, #3010 ) ;
#3492 = ORIENTED_EDGE ( 'NONE', *, *, #2526, .F. ) ;
#3493 = CARTESIAN_POINT ( 'NONE',  ( -1.499999999999999556, -0.1250000000000000000, 1.000000000000000888 ) ) ;
#3494 = VERTEX_POINT ( 'NONE', #7330 ) ;
#3495 = DIRECTION ( 'NONE',  ( -1.224646799147353207E-16, 0.000000000000000000, 1.000000000000000000 ) ) ;
#3496 = CARTESIAN_POINT ( 'NONE',  ( 3.500000000000000444, -0.1250000000000000000, 5.000000000000000888 ) ) ;
#3497 = COLOUR_RGB ( '',0.8941176470588234615, 0.9137254901960784048, 0.9294117647058823817 ) ;
#3498 = DIRECTION ( 'NONE',  ( -1.000000000000000000, 0.000000000000000000, 0.000000000000000000 ) ) ;
#3499 = DIRECTION ( 'NONE',  ( -1.000000000000000000, 0.000000000000000000, 0.000000000000000000 ) ) ;
#3500 = SURFACE_STYLE_FILL_AREA ( #1981 ) ;
#3501 = ORIENTED_EDGE ( 'NONE', *, *, #3123, .T. ) ;
#3502 = CARTESIAN_POINT ( 'NONE',  ( -1.687082869338696778, 0.000000000000000000, 1.000000000000000888 ) ) ;
#3503 = DIRECTION ( 'NONE',  ( 0.000000000000000000, 1.000000000000000000, 0.000000000000000000 ) ) ;
#3504 = ADVANCED_FACE ( 'NONE', ( #2250 ), #1002, .T. ) ;
#3505 = DIRECTION ( 'NONE',  ( 0.000000000000000000, 0.000000000000000000, -1.000000000000000000 ) ) ;
#3506 = ORIENTED_EDGE ( 'NONE', *, *, #9262, .T. ) ;
#3507 = SURFACE_STYLE_USAGE ( .BOTH. , #622 ) ;
#3508 = SURFACE_STYLE_USAGE ( .BOTH. , #623 ) ;
#3509 =( NAMED_UNIT ( * ) PLANE_ANGLE_UNIT ( ) SI_UNIT ( $, .RADIAN. ) );
#3510 =( NAMED_UNIT ( * ) PLANE_ANGLE_UNIT ( ) SI_UNIT ( $, .RADIAN. ) );
#3511 = VERTEX_POINT ( 'NONE', #705 ) ;
#3512 = UNCERTAINTY_MEASURE_WITH_UNIT (LENGTH_MEASURE( 1.000000000000000082E-05 ), #4586, 'distance_accuracy_value', 'NONE');
#3513 = SPHERICAL_SURFACE ( 'NONE', #5610, 0.2250000000000000888 ) ;
#3514 = CIRCLE ( 'NONE', #4742, 0.2250000000000000611 ) ;
#3515 = EDGE_LOOP ( 'NONE', ( #748, #1487 ) ) ;
#3516 = CARTESIAN_POINT ( 'NONE',  ( -1.499999999999999556, -0.1250000000000000000, 1.000000000000000888 ) ) ;
#3517 = VERTEX_POINT ( 'NONE', #8291 ) ;
#3518 = SURFACE_SIDE_STYLE ('',( #4261 ) ) ;
#3519 = ORIENTED_EDGE ( 'NONE', *, *, #3886, .T. ) ;
#3520 = VERTEX_POINT ( 'NONE', #3816 ) ;
#3521 = CARTESIAN_POINT ( 'NONE',  ( 0.5000000000000004441, 0.000000000000000000, 2.999999999999999112 ) ) ;
#3522 = PRESENTATION_LAYER_ASSIGNMENT (  '', '', ( #8830 ) ) ;
#3523 =( GEOMETRIC_REPRESENTATION_CONTEXT ( 3 ) GLOBAL_UNCERTAINTY_ASSIGNED_CONTEXT ( ( #7286 ) ) GLOBAL_UNIT_ASSIGNED_CONTEXT ( ( #6269, #2597, #4916 ) ) REPRESENTATION_CONTEXT ( 'NONE', 'WORKASPACE' ) );
#3524 =( NAMED_UNIT ( * ) PLANE_ANGLE_UNIT ( ) SI_UNIT ( $, .RADIAN. ) );
#3525 = SURFACE_STYLE_FILL_AREA ( #6474 ) ;
#3526 =( NAMED_UNIT ( * ) SI_UNIT ( $, .STERADIAN. ) SOLID_ANGLE_UNIT ( ) );
#3527 = CARTESIAN_POINT ( 'NONE',  ( -1.499999999999999556, 0.000000000000000000, -5.000000000000000000 ) ) ;
#3528 = PRESENTATION_STYLE_ASSIGNMENT (( #1132 ) ) ;
#3529 = VERTEX_POINT ( 'NONE', #3928 ) ;
#3530 = DIRECTION ( 'NONE',  ( -1.000000000000000000, 0.000000000000000000, 0.000000000000000000 ) ) ;
#3531 = MECHANICAL_DESIGN_GEOMETRIC_PRESENTATION_REPRESENTATION (  '', ( #3362 ), #7196 ) ;
#3532 = FACE_BOUND ( 'NONE', #4410, .T. ) ;
#3533 = COLOUR_RGB ( '',0.8941176470588234615, 0.9137254901960784048, 0.9294117647058823817 ) ;
#3534 = AXIS2_PLACEMENT_3D ( 'NONE', #5177, #46, #5133 ) ;
#3535 = EDGE_CURVE ( 'NONE', #5020, #5253, #6522, .T. ) ;
#3536 = ADVANCED_FACE ( 'NONE', ( #3239 ), #1668, .T. ) ;
#3537 = FILL_AREA_STYLE_COLOUR ( '', #3366 ) ;
#3538 = COLOUR_RGB ( '',0.8941176470588234615, 0.9137254901960784048, 0.9294117647058823817 ) ;
#3539 = AXIS2_PLACEMENT_3D ( 'NONE', #8757, #3625, #4980 ) ;
#3540 = FACE_OUTER_BOUND ( 'NONE', #3140, .T. ) ;
#3541 = STYLED_ITEM ( 'NONE', ( #4664 ), #4211 ) ;
#3542 = ORIENTED_EDGE ( 'NONE', *, *, #5400, .F. ) ;
#3543 = SURFACE_STYLE_FILL_AREA ( #2783 ) ;
#3544 = STYLED_ITEM ( 'NONE', ( #3351 ), #140 ) ;
#3545 = DIRECTION ( 'NONE',  ( -0.000000000000000000, -0.000000000000000000, -1.000000000000000000 ) ) ;
#3546 = UNCERTAINTY_MEASURE_WITH_UNIT (LENGTH_MEASURE( 1.000000000000000082E-05 ), #5684, 'distance_accuracy_value', 'NONE');
#3547 =( NAMED_UNIT ( * ) PLANE_ANGLE_UNIT ( ) SI_UNIT ( $, .RADIAN. ) );
#3548 = DIRECTION ( 'NONE',  ( 0.000000000000000000, 0.000000000000000000, 1.000000000000000000 ) ) ;
#3549 = ADVANCED_FACE ( 'NONE', ( #1047 ), #6140, .T. ) ;
#3550 = FILL_AREA_STYLE_COLOUR ( '', #2665 ) ;
#3551 = STYLED_ITEM ( 'NONE', ( #330 ), #4495 ) ;
#3552 =( GEOMETRIC_REPRESENTATION_CONTEXT ( 3 ) GLOBAL_UNCERTAINTY_ASSIGNED_CONTEXT ( ( #5743 ) ) GLOBAL_UNIT_ASSIGNED_CONTEXT ( ( #3396, #6158, #2694 ) ) REPRESENTATION_CONTEXT ( 'NONE', 'WORKASPACE' ) );
#3553 = MECHANICAL_DESIGN_GEOMETRIC_PRESENTATION_REPRESENTATION (  '', ( #7816 ), #91 ) ;
#3554 = DIRECTION ( 'NONE',  ( 0.000000000000000000, 0.000000000000000000, -1.000000000000000000 ) ) ;
#3555 = FACE_OUTER_BOUND ( 'NONE', #1466, .T. ) ;
#3556 = AXIS2_PLACEMENT_3D ( 'NONE', #1905, #7872, #1960 ) ;
#3557 = CARTESIAN_POINT ( 'NONE',  ( -0.6870828693386967778, 0.000000000000000000, -2.000000000000000000 ) ) ;
#3558 = CIRCLE ( 'NONE', #6126, 0.1870828693386972497 ) ;
#3559 = CARTESIAN_POINT ( 'NONE',  ( 3.500000000000000444, -0.1250000000000000000, 0.000000000000000000 ) ) ;
#3560 = ORIENTED_EDGE ( 'NONE', *, *, #5587, .F. ) ;
#3561 = DIRECTION ( 'NONE',  ( -1.000000000000000000, 0.000000000000000000, 0.000000000000000000 ) ) ;
#3562 = CARTESIAN_POINT ( 'NONE',  ( 0.5000000000000004441, -0.1250000000000000000, -3.000000000000000000 ) ) ;
#3563 = FACE_OUTER_BOUND ( 'NONE', #5008, .T. ) ;
#3564 = STYLED_ITEM ( 'NONE', ( #2710 ), #7353 ) ;
#3565 = ORIENTED_EDGE ( 'NONE', *, *, #8322, .F. ) ;
#3566 = AXIS2_PLACEMENT_3D ( 'NONE', #7517, #8156, #7599 ) ;
#3567 = FILL_AREA_STYLE_COLOUR ( '', #8559 ) ;
#3568 = ORIENTED_EDGE ( 'NONE', *, *, #7613, .F. ) ;
#3569 = SURFACE_STYLE_USAGE ( .BOTH. , #1549 ) ;
#3570 = EDGE_LOOP ( 'NONE', ( #1226, #2493, #6226 ) ) ;
#3571 = CIRCLE ( 'NONE', #1425, 0.2249999999999999500 ) ;
#3572 = EDGE_LOOP ( 'NONE', ( #2876, #4630 ) ) ;
#3573 = DIRECTION ( 'NONE',  ( 0.000000000000000000, 0.000000000000000000, 1.000000000000000000 ) ) ;
#3574 = ORIENTED_EDGE ( 'NONE', *, *, #7473, .F. ) ;
#3575 = AXIS2_PLACEMENT_3D ( 'NONE', #5892, #2256, #6597 ) ;
#3576 = SURFACE_STYLE_FILL_AREA ( #7212 ) ;
#3577 = CARTESIAN_POINT ( 'NONE',  ( 0.5000000000000004441, -0.1250000000000000000, -2.000000000000000000 ) ) ;
#3578 = ORIENTED_EDGE ( 'NONE', *, *, #8044, .T. ) ;
#3579 = FACE_BOUND ( 'NONE', #8081, .T. ) ;
#3580 = DIRECTION ( 'NONE',  ( 0.000000000000000000, 0.000000000000000000, -1.000000000000000000 ) ) ;
#3581 = SPHERICAL_SURFACE ( 'NONE', #6433, 0.2250000000000000888 ) ;
#3582 = DIRECTION ( 'NONE',  ( -1.000000000000000000, 0.000000000000000000, 0.000000000000000000 ) ) ;
#3583 = FILL_AREA_STYLE ('',( #1386 ) ) ;
#3584 = EDGE_CURVE ( 'NONE', #2423, #8168, #8518, .T. ) ;
#3585 = EDGE_LOOP ( 'NONE', ( #2223, #670, #6604 ) ) ;
#3586 = FILL_AREA_STYLE_COLOUR ( '', #1070 ) ;
#3587 = MECHANICAL_DESIGN_GEOMETRIC_PRESENTATION_REPRESENTATION (  '', ( #9217 ), #2221 ) ;
#3588 = CARTESIAN_POINT ( 'NONE',  ( -2.499999999999999556, -0.1250000000000000000, -1.000000000000000000 ) ) ;
#3589 = SURFACE_STYLE_USAGE ( .BOTH. , #791 ) ;
#3590 = SURFACE_SIDE_STYLE ('',( #8061 ) ) ;
#3591 = PRESENTATION_LAYER_ASSIGNMENT (  '', '', ( #2072 ) ) ;
#3592 = MECHANICAL_DESIGN_GEOMETRIC_PRESENTATION_REPRESENTATION (  '', ( #4517 ), #8141 ) ;
#3593 = DIRECTION ( 'NONE',  ( -1.000000000000000000, 0.000000000000000000, 0.000000000000000000 ) ) ;
#3594 = FACE_OUTER_BOUND ( 'NONE', #2550, .T. ) ;
#3595 = AXIS2_PLACEMENT_3D ( 'NONE', #7607, #6880, #7656 ) ;
#3596 = AXIS2_PLACEMENT_3D ( 'NONE', #7422, #5503, #8445 ) ;
#3597 = EDGE_CURVE ( 'NONE', #3845, #1293, #2894, .T. ) ;
#3598 = CIRCLE ( 'NONE', #585, 0.1870828693386972497 ) ;
#3599 = EDGE_CURVE ( 'NONE', #5584, #6161, #3651, .T. ) ;
#3600 =( NAMED_UNIT ( * ) SI_UNIT ( $, .STERADIAN. ) SOLID_ANGLE_UNIT ( ) );
#3601 =( NAMED_UNIT ( * ) SI_UNIT ( $, .STERADIAN. ) SOLID_ANGLE_UNIT ( ) );
#3602 =( NAMED_UNIT ( * ) PLANE_ANGLE_UNIT ( ) SI_UNIT ( $, .RADIAN. ) );
#3603 = EDGE_LOOP ( 'NONE', ( #1722, #888, #8770 ) ) ;
#3604 = FILL_AREA_STYLE ('',( #7660 ) ) ;
#3605 = DIRECTION ( 'NONE',  ( 0.000000000000000000, 0.000000000000000000, -1.000000000000000000 ) ) ;
#3606 = COLOUR_RGB ( '',0.8941176470588234615, 0.9137254901960784048, 0.9294117647058823817 ) ;
#3608 = STYLED_ITEM ( 'NONE', ( #5703 ), #1322 ) ;
#3607 = AXIS2_PLACEMENT_3D ( 'NONE', #2446, #3222, #6127 ) ;
#3609 =( NAMED_UNIT ( * ) PLANE_ANGLE_UNIT ( ) SI_UNIT ( $, .RADIAN. ) );
#3610 = AXIS2_PLACEMENT_3D ( 'NONE', #1062, #2588, #5475 ) ;
#3611 = SURFACE_STYLE_USAGE ( .BOTH. , #5981 ) ;
#3612 = UNCERTAINTY_MEASURE_WITH_UNIT (LENGTH_MEASURE( 1.000000000000000082E-05 ), #442, 'distance_accuracy_value', 'NONE');
#3613 = EDGE_CURVE ( 'NONE', #4480, #469, #624, .T. ) ;
#3614 = FILL_AREA_STYLE_COLOUR ( '', #4749 ) ;
#3615 = FILL_AREA_STYLE_COLOUR ( '', #1138 ) ;
#3616 = ORIENTED_EDGE ( 'NONE', *, *, #3321, .T. ) ;
#3617 = SPHERICAL_SURFACE ( 'NONE', #6132, 0.2250000000000000888 ) ;
#3618 = VERTEX_POINT ( 'NONE', #7258 ) ;
#3619 =( NAMED_UNIT ( * ) PLANE_ANGLE_UNIT ( ) SI_UNIT ( $, .RADIAN. ) );
#3620 = VERTEX_POINT ( 'NONE', #5646 ) ;
#3621 =( NAMED_UNIT ( * ) SI_UNIT ( $, .STERADIAN. ) SOLID_ANGLE_UNIT ( ) );
#3622 = CARTESIAN_POINT ( 'NONE',  ( -7.000000000000001776, -22.54350850198275680, -8.999999999999998224 ) ) ;
#3623 =( GEOMETRIC_REPRESENTATION_CONTEXT ( 3 ) GLOBAL_UNCERTAINTY_ASSIGNED_CONTEXT ( ( #52 ) ) GLOBAL_UNIT_ASSIGNED_CONTEXT ( ( #1291, #6389, #6293 ) ) REPRESENTATION_CONTEXT ( 'NONE', 'WORKASPACE' ) );
#3624 = AXIS2_PLACEMENT_3D ( 'NONE', #4694, #1959, #9139 ) ;
#3625 = DIRECTION ( 'NONE',  ( 0.000000000000000000, -1.000000000000000000, 0.000000000000000000 ) ) ;
#3626 = FILL_AREA_STYLE ('',( #7262 ) ) ;
#3627 = CARTESIAN_POINT ( 'NONE',  ( -3.499999999999999556, 0.000000000000000000, -4.000000000000000000 ) ) ;
#3628 = DIRECTION ( 'NONE',  ( 0.000000000000000000, 0.000000000000000000, 1.000000000000000000 ) ) ;
#3629 = FILL_AREA_STYLE_COLOUR ( '', #8718 ) ;
#3630 = ORIENTED_EDGE ( 'NONE', *, *, #3190, .F. ) ;
#3631 = EDGE_CURVE ( 'NONE', #6030, #6325, #8959, .T. ) ;
#3632 = SURFACE_SIDE_STYLE ('',( #4411 ) ) ;
#3633 = FACE_BOUND ( 'NONE', #7531, .T. ) ;
#3634 = AXIS2_PLACEMENT_3D ( 'NONE', #8052, #4359, #642 ) ;
#3635 = DIRECTION ( 'NONE',  ( 0.000000000000000000, 0.000000000000000000, -1.000000000000000000 ) ) ;
#3636 = DIRECTION ( 'NONE',  ( 0.000000000000000000, 1.000000000000000000, 0.000000000000000000 ) ) ;
#3637 = COLOUR_RGB ( '',0.8941176470588234615, 0.9137254901960784048, 0.9294117647058823817 ) ;
#3638 = VERTEX_POINT ( 'NONE', #7682 ) ;
#3639 = DIRECTION ( 'NONE',  ( 0.000000000000000000, -1.000000000000000000, 0.000000000000000000 ) ) ;
#3640 = MECHANICAL_DESIGN_GEOMETRIC_PRESENTATION_REPRESENTATION (  '', ( #7747 ), #8047 ) ;
#3641 = VERTEX_POINT ( 'NONE', #509 ) ;
#3642 = DIRECTION ( 'NONE',  ( -0.000000000000000000, -0.000000000000000000, -1.000000000000000000 ) ) ;
#3643 =( NAMED_UNIT ( * ) PLANE_ANGLE_UNIT ( ) SI_UNIT ( $, .RADIAN. ) );
#3644 = UNCERTAINTY_MEASURE_WITH_UNIT (LENGTH_MEASURE( 1.000000000000000082E-05 ), #8432, 'distance_accuracy_value', 'NONE');
#3645 = DIRECTION ( 'NONE',  ( -1.000000000000000000, 0.000000000000000000, 0.000000000000000000 ) ) ;
#3646 =( NAMED_UNIT ( * ) PLANE_ANGLE_UNIT ( ) SI_UNIT ( $, .RADIAN. ) );
#3647 = CARTESIAN_POINT ( 'NONE',  ( 3.312917130661303222, 0.000000000000000000, -8.000000000000000000 ) ) ;
#3648 = STYLED_ITEM ( 'NONE', ( #6011 ), #3549 ) ;
#3649 = FILL_AREA_STYLE ('',( #5789 ) ) ;
#3650 = STYLED_ITEM ( 'NONE', ( #8543 ), #2019 ) ;
#3651 = CIRCLE ( 'NONE', #1360, 0.1870828693386972497 ) ;
#3652 = PRESENTATION_STYLE_ASSIGNMENT (( #709 ) ) ;
#3653 = CARTESIAN_POINT ( 'NONE',  ( 2.500000000000000444, -0.1250000000000000000, 4.000000000000000000 ) ) ;
#3654 = SPHERICAL_SURFACE ( 'NONE', #3748, 0.2250000000000000888 ) ;
#3655 = VERTEX_POINT ( 'NONE', #5553 ) ;
#3656 = DIRECTION ( 'NONE',  ( -1.224646799147353207E-16, 0.000000000000000000, 1.000000000000000000 ) ) ;
#3657 = VECTOR ( 'NONE', #2494, 1000.000000000000000 ) ;
#3658 = ADVANCED_FACE ( 'NONE', ( #417 ), #4841, .T. ) ;
#3659 = DIRECTION ( 'NONE',  ( 0.000000000000000000, 0.000000000000000000, -1.000000000000000000 ) ) ;
#3660 = ORIENTED_EDGE ( 'NONE', *, *, #8136, .T. ) ;
#3661 = EDGE_LOOP ( 'NONE', ( #4572, #7555, #7612 ) ) ;
#3662 = CARTESIAN_POINT ( 'NONE',  ( 2.687082869338697666, 0.000000000000000000, 2.000000000000000000 ) ) ;
#3664 = EDGE_LOOP ( 'NONE', ( #7811, #7445, #5625 ) ) ;
#3663 = PRESENTATION_STYLE_ASSIGNMENT (( #5119 ) ) ;
#3665 = DIRECTION ( 'NONE',  ( 0.000000000000000000, -1.000000000000000000, 0.000000000000000000 ) ) ;
#3666 = EDGE_CURVE ( 'NONE', #5369, #2804, #5050, .T. ) ;
#3667 = DIRECTION ( 'NONE',  ( 0.000000000000000000, -1.000000000000000000, 0.000000000000000000 ) ) ;
#3668 = DIRECTION ( 'NONE',  ( 0.000000000000000000, 0.000000000000000000, 1.000000000000000000 ) ) ;
#3669 = ORIENTED_EDGE ( 'NONE', *, *, #6082, .T. ) ;
#3670 = SPHERICAL_SURFACE ( 'NONE', #6967, 0.2250000000000000888 ) ;
#3671 = FACE_BOUND ( 'NONE', #9203, .T. ) ;
#3672 = SPHERICAL_SURFACE ( 'NONE', #7094, 0.2250000000000000888 ) ;
#3673 = CARTESIAN_POINT ( 'NONE',  ( -3.499999999999999556, -0.1250000000000000000, 8.000000000000000000 ) ) ;
#3674 = CIRCLE ( 'NONE', #2002, 0.1870828693386972497 ) ;
#3675 = COLOUR_RGB ( '',0.8941176470588234615, 0.9137254901960784048, 0.9294117647058823817 ) ;
#3676 =( NAMED_UNIT ( * ) SI_UNIT ( $, .STERADIAN. ) SOLID_ANGLE_UNIT ( ) );
#3677 = EDGE_CURVE ( 'NONE', #3845, #2104, #8668, .T. ) ;
#3678 = FACE_OUTER_BOUND ( 'NONE', #2737, .T. ) ;
#3679 = VERTEX_POINT ( 'NONE', #4942 ) ;
#3680 =( NAMED_UNIT ( * ) SI_UNIT ( $, .STERADIAN. ) SOLID_ANGLE_UNIT ( ) );
#3681 = AXIS2_PLACEMENT_3D ( 'NONE', #7574, #4046, #6933 ) ;
#3682 = PRESENTATION_LAYER_ASSIGNMENT (  '', '', ( #4307 ) ) ;
#3683 =( GEOMETRIC_REPRESENTATION_CONTEXT ( 3 ) GLOBAL_UNCERTAINTY_ASSIGNED_CONTEXT ( ( #425 ) ) GLOBAL_UNIT_ASSIGNED_CONTEXT ( ( #7343, #27, #1461 ) ) REPRESENTATION_CONTEXT ( 'NONE', 'WORKASPACE' ) );
#3684 = SPHERICAL_SURFACE ( 'NONE', #1448, 0.2250000000000000888 ) ;
#3685 = FACE_OUTER_BOUND ( 'NONE', #4409, .T. ) ;
#3686 = FILL_AREA_STYLE ('',( #6446 ) ) ;
#3687 = CARTESIAN_POINT ( 'NONE',  ( 1.500000000000000444, -0.1250000000000000000, 5.000000000000000888 ) ) ;
#3688 = DIRECTION ( 'NONE',  ( -1.224646799147353207E-16, 0.000000000000000000, 1.000000000000000000 ) ) ;
#3689 = PRESENTATION_LAYER_ASSIGNMENT (  '', '', ( #934 ) ) ;
#3690 = CIRCLE ( 'NONE', #8999, 0.1870828693386972497 ) ;
#3691 = FILL_AREA_STYLE_COLOUR ( '', #6170 ) ;
#3692 = CARTESIAN_POINT ( 'NONE',  ( -7.000000000000001776, 0.000000000000000000, 9.000000000000000000 ) ) ;
#3693 = DIRECTION ( 'NONE',  ( 0.000000000000000000, 0.000000000000000000, -1.000000000000000000 ) ) ;
#3694 = COLOUR_RGB ( '',0.8941176470588234615, 0.9137254901960784048, 0.9294117647058823817 ) ;
#3695 = FILL_AREA_STYLE ('',( #5190 ) ) ;
#3696 = STYLED_ITEM ( 'NONE', ( #794 ), #6912 ) ;
#3697 = PRESENTATION_LAYER_ASSIGNMENT (  '', '', ( #7653 ) ) ;
#3698 = CARTESIAN_POINT ( 'NONE',  ( 3.500000000000000444, -0.1250000000000000000, -3.000000000000000000 ) ) ;
#3699 = CARTESIAN_POINT ( 'NONE',  ( 0.5000000000000004441, 0.000000000000000000, 4.000000000000000000 ) ) ;
#3700 = DIRECTION ( 'NONE',  ( -1.000000000000000000, 0.000000000000000000, 0.000000000000000000 ) ) ;
#3701 = UNCERTAINTY_MEASURE_WITH_UNIT (LENGTH_MEASURE( 1.000000000000000082E-05 ), #3806, 'distance_accuracy_value', 'NONE');
#3702 = AXIS2_PLACEMENT_3D ( 'NONE', #706, #2208, #5144 ) ;
#3703 =( GEOMETRIC_REPRESENTATION_CONTEXT ( 3 ) GLOBAL_UNCERTAINTY_ASSIGNED_CONTEXT ( ( #8591 ) ) GLOBAL_UNIT_ASSIGNED_CONTEXT ( ( #3869, #1849, #6814 ) ) REPRESENTATION_CONTEXT ( 'NONE', 'WORKASPACE' ) );
#3704 = AXIS2_PLACEMENT_3D ( 'NONE', #581, #8409, #7896 ) ;
#3705 = PRESENTATION_STYLE_ASSIGNMENT (( #8036 ) ) ;
#3706 = DIRECTION ( 'NONE',  ( 0.000000000000000000, 0.000000000000000000, 1.000000000000000000 ) ) ;
#3707 = EDGE_CURVE ( 'NONE', #6120, #9372, #1048, .T. ) ;
#3708 = VERTEX_POINT ( 'NONE', #9144 ) ;
#3709 = EDGE_CURVE ( 'NONE', #2081, #4300, #4876, .T. ) ;
#3710 = DIRECTION ( 'NONE',  ( 0.000000000000000000, -1.000000000000000000, 0.000000000000000000 ) ) ;
#3711 = CARTESIAN_POINT ( 'NONE',  ( 1.500000000000000444, -0.1250000000000000000, 2.000000000000000000 ) ) ;
#3713 = ORIENTED_EDGE ( 'NONE', *, *, #6209, .T. ) ;
#3712 = FILL_AREA_STYLE_COLOUR ( '', #3606 ) ;
#3714 = AXIS2_PLACEMENT_3D ( 'NONE', #6894, #3267, #6174 ) ;
#3715 =( GEOMETRIC_REPRESENTATION_CONTEXT ( 3 ) GLOBAL_UNCERTAINTY_ASSIGNED_CONTEXT ( ( #1007 ) ) GLOBAL_UNIT_ASSIGNED_CONTEXT ( ( #4663, #2428, #8966 ) ) REPRESENTATION_CONTEXT ( 'NONE', 'WORKASPACE' ) );
#3716 = ORIENTED_EDGE ( 'NONE', *, *, #4660, .T. ) ;
#3717 = PRESENTATION_STYLE_ASSIGNMENT (( #8135 ) ) ;
#3718 = EDGE_CURVE ( 'NONE', #2450, #9379, #4735, .T. ) ;
#3719 = EDGE_CURVE ( 'NONE', #6614, #3679, #775, .T. ) ;
#3720 = FACE_OUTER_BOUND ( 'NONE', #6101, .T. ) ;
#3721 = MECHANICAL_DESIGN_GEOMETRIC_PRESENTATION_REPRESENTATION (  '', ( #5254 ), #3247 ) ;
#3722 = EDGE_CURVE ( 'NONE', #617, #6130, #182, .T. ) ;
#3723 = AXIS2_PLACEMENT_3D ( 'NONE', #2107, #6520, #7915 ) ;
#3724 = DIRECTION ( 'NONE',  ( -1.000000000000000000, 0.000000000000000000, 0.000000000000000000 ) ) ;
#3725 = EDGE_CURVE ( 'NONE', #3708, #5393, #7161, .T. ) ;
#3726 = DIRECTION ( 'NONE',  ( 0.000000000000000000, 0.000000000000000000, 1.000000000000000000 ) ) ;
#3727 = DIRECTION ( 'NONE',  ( 0.000000000000000000, 0.000000000000000000, -1.000000000000000000 ) ) ;
#3728 = ORIENTED_EDGE ( 'NONE', *, *, #8949, .F. ) ;
#3729 = ORIENTED_EDGE ( 'NONE', *, *, #2288, .F. ) ;
#3730 = FACE_BOUND ( 'NONE', #4929, .T. ) ;
#3731 = FILL_AREA_STYLE_COLOUR ( '', #6624 ) ;
#3732 = STYLED_ITEM ( 'NONE', ( #5753 ), #7675 ) ;
#3733 = CARTESIAN_POINT ( 'NONE',  ( -1.499999999999999556, -0.1250000000000000000, -3.000000000000000000 ) ) ;
#3734 = CARTESIAN_POINT ( 'NONE',  ( -1.499999999999999556, -0.1250000000000000000, 2.999999999999999112 ) ) ;
#3735 = VECTOR ( 'NONE', #3115, 1000.000000000000000 ) ;
#3736 = DIRECTION ( 'NONE',  ( -1.000000000000000000, 0.000000000000000000, 0.000000000000000000 ) ) ;
#3737 = FACE_OUTER_BOUND ( 'NONE', #8133, .T. ) ;
#3738 = SURFACE_STYLE_FILL_AREA ( #4465 ) ;
#3739 = DIRECTION ( 'NONE',  ( 1.000000000000000000, 0.000000000000000000, 0.000000000000000000 ) ) ;
#3740 = COLOUR_RGB ( '',0.8941176470588234615, 0.9137254901960784048, 0.9294117647058823817 ) ;
#3741 = DIRECTION ( 'NONE',  ( 0.000000000000000000, -1.000000000000000000, 0.000000000000000000 ) ) ;
#3742 =( GEOMETRIC_REPRESENTATION_CONTEXT ( 3 ) GLOBAL_UNCERTAINTY_ASSIGNED_CONTEXT ( ( #4854 ) ) GLOBAL_UNIT_ASSIGNED_CONTEXT ( ( #8438, #3378, #1090 ) ) REPRESENTATION_CONTEXT ( 'NONE', 'WORKASPACE' ) );
#3743 = CARTESIAN_POINT ( 'NONE',  ( 0.5000000000000004441, -0.1250000000000000000, -5.000000000000000000 ) ) ;
#3744 = DIRECTION ( 'NONE',  ( 0.000000000000000000, 0.000000000000000000, -1.000000000000000000 ) ) ;
#3745 = CARTESIAN_POINT ( 'NONE',  ( 2.500000000000000444, -0.1250000000000000000, -2.000000000000000000 ) ) ;
#3746 = ADVANCED_FACE ( 'NONE', ( #6749 ), #8131, .T. ) ;
#3747 = CARTESIAN_POINT ( 'NONE',  ( -0.3129171306613024450, 0.000000000000000000, -1.000000000000000000 ) ) ;
#3748 = AXIS2_PLACEMENT_3D ( 'NONE', #8555, #6453, #1400 ) ;
#3749 = ORIENTED_EDGE ( 'NONE', *, *, #3341, .T. ) ;
#3750 = PRESENTATION_LAYER_ASSIGNMENT (  '', '', ( #8003 ) ) ;
#3751 = SURFACE_STYLE_FILL_AREA ( #5243 ) ;
#3752 = AXIS2_PLACEMENT_3D ( 'NONE', #1974, #6200, #4894 ) ;
#3753 = ORIENTED_EDGE ( 'NONE', *, *, #1572, .T. ) ;
#3754 = DIRECTION ( 'NONE',  ( 0.000000000000000000, 0.000000000000000000, -1.000000000000000000 ) ) ;
#3755 = ORIENTED_EDGE ( 'NONE', *, *, #9124, .F. ) ;
#3756 =( GEOMETRIC_REPRESENTATION_CONTEXT ( 3 ) GLOBAL_UNCERTAINTY_ASSIGNED_CONTEXT ( ( #8075 ) ) GLOBAL_UNIT_ASSIGNED_CONTEXT ( ( #1550, #2266, #5198 ) ) REPRESENTATION_CONTEXT ( 'NONE', 'WORKASPACE' ) );
#3757 = SURFACE_STYLE_FILL_AREA ( #849 ) ;
#3758 = DIRECTION ( 'NONE',  ( -1.224646799147353207E-16, 0.000000000000000000, 1.000000000000000000 ) ) ;
#3760 = PRESENTATION_LAYER_ASSIGNMENT (  '', '', ( #2524 ) ) ;
#3759 = CIRCLE ( 'NONE', #9072, 0.1870828693386972497 ) ;
#3761 = ORIENTED_EDGE ( 'NONE', *, *, #6117, .T. ) ;
#3762 = FILL_AREA_STYLE ('',( #6039 ) ) ;
#3763 = PRESENTATION_STYLE_ASSIGNMENT (( #8714 ) ) ;
#3764 = DIRECTION ( 'NONE',  ( -1.000000000000000000, 0.000000000000000000, 0.000000000000000000 ) ) ;
#3765 =( NAMED_UNIT ( * ) PLANE_ANGLE_UNIT ( ) SI_UNIT ( $, .RADIAN. ) );
#3766 = EDGE_LOOP ( 'NONE', ( #4514, #7056, #1771 ) ) ;
#3767 =( NAMED_UNIT ( * ) PLANE_ANGLE_UNIT ( ) SI_UNIT ( $, .RADIAN. ) );
#3768 = EDGE_LOOP ( 'NONE', ( #8557, #1285, #5549 ) ) ;
#3769 = PRESENTATION_LAYER_ASSIGNMENT (  '', '', ( #1167 ) ) ;
#3770 = SURFACE_SIDE_STYLE ('',( #8140 ) ) ;
#3771 = DIRECTION ( 'NONE',  ( -0.000000000000000000, -0.000000000000000000, -1.000000000000000000 ) ) ;
#3772 = EDGE_CURVE ( 'NONE', #4764, #1376, #3182, .T. ) ;
#3773 = MECHANICAL_DESIGN_GEOMETRIC_PRESENTATION_REPRESENTATION (  '', ( #3296 ), #8310 ) ;
#3774 = CARTESIAN_POINT ( 'NONE',  ( 2.500000000000000444, -0.3500000000000000333, 0.000000000000000000 ) ) ;
#3775 = LINE ( 'NONE', #8058, #6644 ) ;
#3776 = DIRECTION ( 'NONE',  ( 0.000000000000000000, -1.000000000000000000, 0.000000000000000000 ) ) ;
#3777 =( NAMED_UNIT ( * ) PLANE_ANGLE_UNIT ( ) SI_UNIT ( $, .RADIAN. ) );
#3778 = FACE_OUTER_BOUND ( 'NONE', #7754, .T. ) ;
#3779 = PRODUCT_DEFINITION ( 'UNKNOWN', '', #8000, #2973 ) ;
#3780 = EDGE_CURVE ( 'NONE', #8889, #5572, #8811, .T. ) ;
#3781 = PRESENTATION_LAYER_ASSIGNMENT (  '', '', ( #7747 ) ) ;
#3782 = STYLED_ITEM ( 'NONE', ( #3839 ), #3289 ) ;
#3783 = DIRECTION ( 'NONE',  ( 0.000000000000000000, 0.000000000000000000, 1.000000000000000000 ) ) ;
#3784 = CARTESIAN_POINT ( 'NONE',  ( -0.4999999999999995559, 0.000000000000000000, 2.999999999999999112 ) ) ;
#3785 = PRESENTATION_LAYER_ASSIGNMENT (  '', '', ( #7150 ) ) ;
#3786 = PRESENTATION_STYLE_ASSIGNMENT (( #19 ) ) ;
#3787 = ORIENTED_EDGE ( 'NONE', *, *, #72, .T. ) ;
#3788 = SURFACE_STYLE_FILL_AREA ( #2224 ) ;
#3789 = UNCERTAINTY_MEASURE_WITH_UNIT (LENGTH_MEASURE( 1.000000000000000082E-05 ), #6506, 'distance_accuracy_value', 'NONE');
#3790 = ADVANCED_FACE ( 'NONE', ( #1515 ), #5166, .T. ) ;
#3791 = DIRECTION ( 'NONE',  ( -1.224646799147353207E-16, 0.000000000000000000, 1.000000000000000000 ) ) ;
#3792 =( LENGTH_UNIT ( ) NAMED_UNIT ( * ) SI_UNIT ( .MILLI., .METRE. ) );
#3793 = CARTESIAN_POINT ( 'NONE',  ( 2.500000000000000444, -0.1250000000000000000, 1.000000000000000888 ) ) ;
#3794 = ORIENTED_EDGE ( 'NONE', *, *, #7676, .F. ) ;
#3795 = DIRECTION ( 'NONE',  ( -1.000000000000000000, 0.000000000000000000, 0.000000000000000000 ) ) ;
#3796 = DIRECTION ( 'NONE',  ( 0.000000000000000000, 0.000000000000000000, -1.000000000000000000 ) ) ;
#3798 = VERTEX_POINT ( 'NONE', #7352 ) ;
#3797 = DIRECTION ( 'NONE',  ( 1.000000000000000000, 0.000000000000000000, 0.000000000000000000 ) ) ;
#3799 = CARTESIAN_POINT ( 'NONE',  ( -0.4999999999999995559, -0.1250000000000000000, 1.000000000000000888 ) ) ;
#3800 = SURFACE_STYLE_USAGE ( .BOTH. , #257 ) ;
#3801 = SPHERICAL_SURFACE ( 'NONE', #8369, 0.2250000000000000888 ) ;
#3802 =( LENGTH_UNIT ( ) NAMED_UNIT ( * ) SI_UNIT ( .MILLI., .METRE. ) );
#3803 =( NAMED_UNIT ( * ) SI_UNIT ( $, .STERADIAN. ) SOLID_ANGLE_UNIT ( ) );
#3804 =( NAMED_UNIT ( * ) SI_UNIT ( $, .STERADIAN. ) SOLID_ANGLE_UNIT ( ) );
#3805 = VERTEX_POINT ( 'NONE', #812 ) ;
#3806 =( LENGTH_UNIT ( ) NAMED_UNIT ( * ) SI_UNIT ( .MILLI., .METRE. ) );
#3807 = ORIENTED_EDGE ( 'NONE', *, *, #4074, .T. ) ;
#3808 = CARTESIAN_POINT ( 'NONE',  ( -2.499999999999999556, 0.000000000000000000, -5.000000000000000000 ) ) ;
#3809 = CARTESIAN_POINT ( 'NONE',  ( 3.687082869338697666, 0.000000000000000000, -5.000000000000000000 ) ) ;
#3810 = SPHERICAL_SURFACE ( 'NONE', #7210, 0.2250000000000000888 ) ;
#3811 = DIRECTION ( 'NONE',  ( 0.000000000000000000, 0.000000000000000000, -1.000000000000000000 ) ) ;
#3812 =( NAMED_UNIT ( * ) PLANE_ANGLE_UNIT ( ) SI_UNIT ( $, .RADIAN. ) );
#3813 = FILL_AREA_STYLE ('',( #3966 ) ) ;
#3814 = ORIENTED_EDGE ( 'NONE', *, *, #6696, .F. ) ;
#3815 = ADVANCED_FACE ( 'NONE', ( #209 ), #1027, .T. ) ;
#3816 = CARTESIAN_POINT ( 'NONE',  ( 0.3129171306613032777, 0.000000000000000000, -5.000000000000000000 ) ) ;
#3817 = STYLED_ITEM ( 'NONE', ( #5266 ), #637 ) ;
#3818 = SURFACE_SIDE_STYLE ('',( #5405 ) ) ;
#3819 = PRESENTATION_STYLE_ASSIGNMENT (( #7641 ) ) ;
#3820 = SURFACE_STYLE_USAGE ( .BOTH. , #4655 ) ;
#3821 = ORIENTED_EDGE ( 'NONE', *, *, #3367, .F. ) ;
#3822 = DIRECTION ( 'NONE',  ( 0.000000000000000000, 0.000000000000000000, 1.000000000000000000 ) ) ;
#3823 = AXIS2_PLACEMENT_3D ( 'NONE', #9007, #7464, #3972 ) ;
#3824 = PRESENTATION_LAYER_ASSIGNMENT (  '', '', ( #6564 ) ) ;
#3825 = COLOUR_RGB ( '',0.8941176470588234615, 0.9137254901960784048, 0.9294117647058823817 ) ;
#3826 = EDGE_CURVE ( 'NONE', #2813, #3438, #7764, .T. ) ;
#3827 = EDGE_CURVE ( 'NONE', #2195, #6334, #9030, .T. ) ;
#3828 = FILL_AREA_STYLE_COLOUR ( '', #7707 ) ;
#3829 = SURFACE_STYLE_FILL_AREA ( #3881 ) ;
#3830 = LINE ( 'NONE', #157, #3735 ) ;
#3831 = DIRECTION ( 'NONE',  ( -1.224646799147353207E-16, 0.000000000000000000, 1.000000000000000000 ) ) ;
#3832 = DIRECTION ( 'NONE',  ( -0.000000000000000000, -0.000000000000000000, -1.000000000000000000 ) ) ;
#3833 = MECHANICAL_DESIGN_GEOMETRIC_PRESENTATION_REPRESENTATION (  '', ( #5517 ), #8558 ) ;
#3834 = AXIS2_PLACEMENT_3D ( 'NONE', #3673, #2154, #45 ) ;
#3835 = AXIS2_PLACEMENT_3D ( 'NONE', #1536, #8033, #7247 ) ;
#3836 = COLOUR_RGB ( '',0.8941176470588234615, 0.9137254901960784048, 0.9294117647058823817 ) ;
#3837 = DIRECTION ( 'NONE',  ( 0.000000000000000000, 0.000000000000000000, 1.000000000000000000 ) ) ;
#3838 = ORIENTED_EDGE ( 'NONE', *, *, #1539, .T. ) ;
#3839 = PRESENTATION_STYLE_ASSIGNMENT (( #922 ) ) ;
#3840 = STYLED_ITEM ( 'NONE', ( #7158 ), #4829 ) ;
#3841 = SPHERICAL_SURFACE ( 'NONE', #4777, 0.2250000000000000888 ) ;
#3842 = AXIS2_PLACEMENT_3D ( 'NONE', #4240, #9316, #6353 ) ;
#3843 = AXIS2_PLACEMENT_3D ( 'NONE', #7979, #8553, #7335 ) ;
#3844 = CIRCLE ( 'NONE', #4174, 0.2250000000000000611 ) ;
#3845 = VERTEX_POINT ( 'NONE', #3897 ) ;
#3846 = DIRECTION ( 'NONE',  ( 0.000000000000000000, 0.000000000000000000, -1.000000000000000000 ) ) ;
#3847 = CARTESIAN_POINT ( 'NONE',  ( -2.499999999999999556, 0.000000000000000000, 2.999999999999999112 ) ) ;
#3848 = ORIENTED_EDGE ( 'NONE', *, *, #6871, .T. ) ;
#3849 = SURFACE_SIDE_STYLE ('',( #2997 ) ) ;
#3850 = CARTESIAN_POINT ( 'NONE',  ( -5.100000000000002309, 0.8099999999999999423, -7.099999999999997868 ) ) ;
#3851 = AXIS2_PLACEMENT_3D ( 'NONE', #1669, #3970, #287 ) ;
#3852 = CIRCLE ( 'NONE', #7055, 0.2249999999999999500 ) ;
#3853 = ORIENTED_EDGE ( 'NONE', *, *, #4602, .T. ) ;
#3854 = CARTESIAN_POINT ( 'NONE',  ( -0.4999999999999995559, -0.3500000000000000333, -3.000000000000000000 ) ) ;
#3855 = PRESENTATION_STYLE_ASSIGNMENT (( #6805 ) ) ;
#3856 = DIRECTION ( 'NONE',  ( -1.000000000000000000, 0.000000000000000000, 0.000000000000000000 ) ) ;
#3857 = COLOUR_RGB ( '',0.8941176470588234615, 0.9137254901960784048, 0.9294117647058823817 ) ;
#3858 = ORIENTED_EDGE ( 'NONE', *, *, #7761, .T. ) ;
#3859 = CARTESIAN_POINT ( 'NONE',  ( 3.500000000000000444, -0.1250000000000000000, -8.000000000000000000 ) ) ;
#3860 = EDGE_LOOP ( 'NONE', ( #2950, #6915, #3398 ) ) ;
#3861 = FACE_BOUND ( 'NONE', #308, .T. ) ;
#3862 = CARTESIAN_POINT ( 'NONE',  ( -0.4999999999999995559, 0.000000000000000000, 2.000000000000000000 ) ) ;
#3863 = DIRECTION ( 'NONE',  ( 0.000000000000000000, -1.000000000000000000, 0.000000000000000000 ) ) ;
#3864 = STYLED_ITEM ( 'NONE', ( #9340 ), #7388 ) ;
#3865 = CIRCLE ( 'NONE', #9358, 0.2249999999999999500 ) ;
#3866 = CARTESIAN_POINT ( 'NONE',  ( -2.499999999999999556, 0.000000000000000000, 1.000000000000000888 ) ) ;
#3867 = SURFACE_SIDE_STYLE ('',( #954 ) ) ;
#3868 = DIRECTION ( 'NONE',  ( 0.000000000000000000, 0.000000000000000000, 1.000000000000000000 ) ) ;
#3869 =( LENGTH_UNIT ( ) NAMED_UNIT ( * ) SI_UNIT ( .MILLI., .METRE. ) );
#3870 = DIRECTION ( 'NONE',  ( -1.000000000000000000, 0.000000000000000000, 0.000000000000000000 ) ) ;
#3871 = VERTEX_POINT ( 'NONE', #3262 ) ;
#3872 = DIRECTION ( 'NONE',  ( 0.000000000000000000, 0.000000000000000000, -1.000000000000000000 ) ) ;
#3873 = DIRECTION ( 'NONE',  ( 0.000000000000000000, -1.000000000000000000, 0.000000000000000000 ) ) ;
#3874 = DIRECTION ( 'NONE',  ( 0.000000000000000000, 0.000000000000000000, 1.000000000000000000 ) ) ;
#3875 = PRESENTATION_LAYER_ASSIGNMENT (  '', '', ( #7976 ) ) ;
#3876 = MECHANICAL_DESIGN_GEOMETRIC_PRESENTATION_REPRESENTATION (  '', ( #2201 ), #8739 ) ;
#3877 = FILL_AREA_STYLE_COLOUR ( '', #8717 ) ;
#3878 = EDGE_CURVE ( 'NONE', #463, #8051, #4887, .T. ) ;
#3879 = DIRECTION ( 'NONE',  ( 0.000000000000000000, -1.000000000000000000, 0.000000000000000000 ) ) ;
#3880 = PRESENTATION_STYLE_ASSIGNMENT (( #6105 ) ) ;
#3881 = FILL_AREA_STYLE ('',( #5321 ) ) ;
#3882 =( LENGTH_UNIT ( ) NAMED_UNIT ( * ) SI_UNIT ( .MILLI., .METRE. ) );
#3883 = EDGE_CURVE ( 'NONE', #4793, #8674, #6076, .T. ) ;
#3884 = SPHERICAL_SURFACE ( 'NONE', #7524, 0.2250000000000000888 ) ;
#3885 = SURFACE_STYLE_USAGE ( .BOTH. , #6782 ) ;
#3886 = EDGE_CURVE ( 'NONE', #7002, #6325, #6535, .T. ) ;
#3887 = EDGE_CURVE ( 'NONE', #9105, #6833, #2417, .T. ) ;
#3888 = ORIENTED_EDGE ( 'NONE', *, *, #4716, .T. ) ;
#3889 = CARTESIAN_POINT ( 'NONE',  ( -4.500000000000000000, -0.1250000000000000000, -7.000000000000000000 ) ) ;
#3890 = PRESENTATION_STYLE_ASSIGNMENT (( #5333 ) ) ;
#3891 = EDGE_LOOP ( 'NONE', ( #4103, #2350 ) ) ;
#3892 = CARTESIAN_POINT ( 'NONE',  ( -2.312917130661302334, 0.000000000000000000, 2.291104371109379525E-17 ) ) ;
#3893 = FILL_AREA_STYLE ('',( #2230 ) ) ;
#3894 = COLOUR_RGB ( '',0.8941176470588234615, 0.9137254901960784048, 0.9294117647058823817 ) ;
#3896 = ORIENTED_EDGE ( 'NONE', *, *, #2034, .F. ) ;
#3895 = DIRECTION ( 'NONE',  ( 0.000000000000000000, 0.000000000000000000, 1.000000000000000000 ) ) ;
#3897 = CARTESIAN_POINT ( 'NONE',  ( 0.5000000000000004441, -0.3500000000000000333, 0.000000000000000000 ) ) ;
#3898 = MECHANICAL_DESIGN_GEOMETRIC_PRESENTATION_REPRESENTATION (  '', ( #274 ), #615 ) ;
#3899 = STYLED_ITEM ( 'NONE', ( #5158 ), #195 ) ;
#3900 = CARTESIAN_POINT ( 'NONE',  ( -3.687082869338696778, 0.000000000000000000, 1.000000000000000888 ) ) ;
#3901 = EDGE_CURVE ( 'NONE', #178, #1023, #4613, .T. ) ;
#3902 = ORIENTED_EDGE ( 'NONE', *, *, #1195, .F. ) ;
#3903 = CARTESIAN_POINT ( 'NONE',  ( 2.312917130661303222, 0.000000000000000000, 1.000000000000000888 ) ) ;
#3904 =( LENGTH_UNIT ( ) NAMED_UNIT ( * ) SI_UNIT ( .MILLI., .METRE. ) );
#3905 = PRESENTATION_LAYER_ASSIGNMENT (  '', '', ( #6930 ) ) ;
#3906 = SPHERICAL_SURFACE ( 'NONE', #587, 0.2250000000000000888 ) ;
#3907 = COLOUR_RGB ( '',0.8941176470588234615, 0.9137254901960784048, 0.9294117647058823817 ) ;
#3908 = FILL_AREA_STYLE ('',( #1699 ) ) ;
#3909 = EDGE_LOOP ( 'NONE', ( #6273, #1509, #5701 ) ) ;
#3910 = SURFACE_STYLE_USAGE ( .BOTH. , #7403 ) ;
#3911 = ORIENTED_EDGE ( 'NONE', *, *, #2605, .F. ) ;
#3912 = PRESENTATION_STYLE_ASSIGNMENT (( #5915 ) ) ;
#3913 = AXIS2_PLACEMENT_3D ( 'NONE', #5431, #8127, #7530 ) ;
#3914 = COLOUR_RGB ( '',0.8941176470588234615, 0.9137254901960784048, 0.9294117647058823817 ) ;
#3915 = FILL_AREA_STYLE ('',( #3096 ) ) ;
#3916 = SURFACE_SIDE_STYLE ('',( #4591 ) ) ;
#3917 = PRESENTATION_LAYER_ASSIGNMENT (  '', '', ( #7868 ) ) ;
#3918 = AXIS2_PLACEMENT_3D ( 'NONE', #3111, #2389, #8296 ) ;
#3919 = EDGE_CURVE ( 'NONE', #824, #8415, #8389, .T. ) ;
#3920 = DIRECTION ( 'NONE',  ( 0.000000000000000000, -1.000000000000000000, -0.000000000000000000 ) ) ;
#3921 = CIRCLE ( 'NONE', #1328, 0.2500000000000002220 ) ;
#3922 =( LENGTH_UNIT ( ) NAMED_UNIT ( * ) SI_UNIT ( .MILLI., .METRE. ) );
#3923 = DIRECTION ( 'NONE',  ( 1.000000000000000000, 0.000000000000000000, 0.000000000000000000 ) ) ;
#3924 =( NAMED_UNIT ( * ) PLANE_ANGLE_UNIT ( ) SI_UNIT ( $, .RADIAN. ) );
#3925 = FILL_AREA_STYLE_COLOUR ( '', #2263 ) ;
#3926 = PRESENTATION_STYLE_ASSIGNMENT (( #7635 ) ) ;
#3927 = CARTESIAN_POINT ( 'NONE',  ( -5.100000000000002309, 0.8099999999999999423, -7.349999999999997868 ) ) ;
#3928 = CARTESIAN_POINT ( 'NONE',  ( 1.687082869338697666, 0.000000000000000000, 2.000000000000000000 ) ) ;
#3929 = DIRECTION ( 'NONE',  ( -0.000000000000000000, -0.000000000000000000, -1.000000000000000000 ) ) ;
#3930 = FACE_OUTER_BOUND ( 'NONE', #6998, .T. ) ;
#3931 = CIRCLE ( 'NONE', #3001, 0.2250000000000001443 ) ;
#3932 = PRESENTATION_LAYER_ASSIGNMENT (  '', '', ( #6354 ) ) ;
#3933 =( NAMED_UNIT ( * ) PLANE_ANGLE_UNIT ( ) SI_UNIT ( $, .RADIAN. ) );
#3934 = CARTESIAN_POINT ( 'NONE',  ( -3.499999999999999556, 0.000000000000000000, 1.000000000000000888 ) ) ;
#3935 = PLANE ( 'NONE',  #4784 ) ;
#3936 = SURFACE_STYLE_USAGE ( .BOTH. , #1678 ) ;
#3937 = MECHANICAL_DESIGN_GEOMETRIC_PRESENTATION_REPRESENTATION (  '', ( #6519 ), #2875 ) ;
#3938 = SURFACE_SIDE_STYLE ('',( #244 ) ) ;
#3939 = MECHANICAL_DESIGN_GEOMETRIC_PRESENTATION_REPRESENTATION (  '', ( #4270 ), #6824 ) ;
#3940 = CARTESIAN_POINT ( 'NONE',  ( 2.687082869338697666, 0.000000000000000000, 1.000000000000000888 ) ) ;
#3941 = DIRECTION ( 'NONE',  ( 1.000000000000000000, 0.000000000000000000, -0.000000000000000000 ) ) ;
#3942 = PRESENTATION_STYLE_ASSIGNMENT (( #3031 ) ) ;
#3943 = STYLED_ITEM ( 'NONE', ( #3975 ), #1915 ) ;
#3944 = ORIENTED_EDGE ( 'NONE', *, *, #7295, .F. ) ;
#3945 = CARTESIAN_POINT ( 'NONE',  ( 3.500000000000000444, -0.1250000000000000000, -1.000000000000000000 ) ) ;
#3946 = FILL_AREA_STYLE_COLOUR ( '', #6638 ) ;
#3947 = VERTEX_POINT ( 'NONE', #4813 ) ;
#3948 = EDGE_CURVE ( 'NONE', #8930, #3871, #8236, .T. ) ;
#3949 = CARTESIAN_POINT ( 'NONE',  ( 2.500000000000000444, 0.000000000000000000, 0.000000000000000000 ) ) ;
#3950 = AXIS2_PLACEMENT_3D ( 'NONE', #7788, #1393, #7289 ) ;
#3951 = ORIENTED_EDGE ( 'NONE', *, *, #757, .F. ) ;
#3952 = SURFACE_STYLE_USAGE ( .BOTH. , #3263 ) ;
#3953 =( NAMED_UNIT ( * ) SI_UNIT ( $, .STERADIAN. ) SOLID_ANGLE_UNIT ( ) );
#3954 = MECHANICAL_DESIGN_GEOMETRIC_PRESENTATION_REPRESENTATION (  '', ( #1809 ), #31 ) ;
#3955 = SURFACE_STYLE_USAGE ( .BOTH. , #265 ) ;
#3956 = EDGE_CURVE ( 'NONE', #1689, #2804, #3363, .T. ) ;
#3957 = ORIENTED_EDGE ( 'NONE', *, *, #1826, .F. ) ;
#3958 =( LENGTH_UNIT ( ) NAMED_UNIT ( * ) SI_UNIT ( .MILLI., .METRE. ) );
#3959 = ORIENTED_EDGE ( 'NONE', *, *, #7906, .T. ) ;
#3960 = DIRECTION ( 'NONE',  ( -1.000000000000000000, 0.000000000000000000, 0.000000000000000000 ) ) ;
#3961 = PRESENTATION_STYLE_ASSIGNMENT (( #3187 ) ) ;
#3962 = CARTESIAN_POINT ( 'NONE',  ( 0.5000000000000004441, -0.1250000000000000000, 2.999999999999999112 ) ) ;
#3963 = UNCERTAINTY_MEASURE_WITH_UNIT (LENGTH_MEASURE( 1.000000000000000082E-05 ), #7338, 'distance_accuracy_value', 'NONE');
#3964 =( NAMED_UNIT ( * ) PLANE_ANGLE_UNIT ( ) SI_UNIT ( $, .RADIAN. ) );
#3965 = LINE ( 'NONE', #3692, #1708 ) ;
#3966 = FILL_AREA_STYLE_COLOUR ( '', #3051 ) ;
#3967 = ORIENTED_EDGE ( 'NONE', *, *, #3254, .F. ) ;
#3968 = PRESENTATION_STYLE_ASSIGNMENT (( #6008 ) ) ;
#3969 = SURFACE_STYLE_USAGE ( .BOTH. , #2386 ) ;
#3970 = DIRECTION ( 'NONE',  ( 0.000000000000000000, 0.000000000000000000, 1.000000000000000000 ) ) ;
#3971 = EDGE_CURVE ( 'NONE', #4597, #3245, #7646, .T. ) ;
#3972 = DIRECTION ( 'NONE',  ( 1.000000000000000000, 0.000000000000000000, 0.000000000000000000 ) ) ;
#3973 =( LENGTH_UNIT ( ) NAMED_UNIT ( * ) SI_UNIT ( .MILLI., .METRE. ) );
#3974 =( NAMED_UNIT ( * ) PLANE_ANGLE_UNIT ( ) SI_UNIT ( $, .RADIAN. ) );
#3975 = PRESENTATION_STYLE_ASSIGNMENT (( #6686 ) ) ;
#3976 = FACE_OUTER_BOUND ( 'NONE', #5443, .T. ) ;
#3977 = PRESENTATION_STYLE_ASSIGNMENT (( #5417 ) ) ;
#3978 = FILL_AREA_STYLE ('',( #3251 ) ) ;
#3979 = MECHANICAL_DESIGN_GEOMETRIC_PRESENTATION_REPRESENTATION (  '', ( #8542 ), #2291 ) ;
#3980 = AXIS2_PLACEMENT_3D ( 'NONE', #627, #5195, #1733 ) ;
#3981 = ORIENTED_EDGE ( 'NONE', *, *, #9311, .T. ) ;
#3982 =( NAMED_UNIT ( * ) SI_UNIT ( $, .STERADIAN. ) SOLID_ANGLE_UNIT ( ) );
#3983 = SURFACE_STYLE_FILL_AREA ( #1205 ) ;
#3984 =( NAMED_UNIT ( * ) PLANE_ANGLE_UNIT ( ) SI_UNIT ( $, .RADIAN. ) );
#3985 =( NAMED_UNIT ( * ) PLANE_ANGLE_UNIT ( ) SI_UNIT ( $, .RADIAN. ) );
#3986 = VERTEX_POINT ( 'NONE', #3309 ) ;
#3987 = DIRECTION ( 'NONE',  ( 0.000000000000000000, 0.000000000000000000, -1.000000000000000000 ) ) ;
#3988 = AXIS2_PLACEMENT_3D ( 'NONE', #4717, #9123, #3175 ) ;
#3989 = MECHANICAL_DESIGN_GEOMETRIC_PRESENTATION_REPRESENTATION (  '', ( #9147 ), #3523 ) ;
#3991 = VERTEX_POINT ( 'NONE', #6217 ) ;
#3990 =( NAMED_UNIT ( * ) PLANE_ANGLE_UNIT ( ) SI_UNIT ( $, .RADIAN. ) );
#3992 = DIRECTION ( 'NONE',  ( 0.000000000000000000, 0.000000000000000000, -1.000000000000000000 ) ) ;
#3993 = ORIENTED_EDGE ( 'NONE', *, *, #7962, .T. ) ;
#3994 = STYLED_ITEM ( 'NONE', ( #4194 ), #972 ) ;
#3995 = ORIENTED_EDGE ( 'NONE', *, *, #4306, .T. ) ;
#3996 = CIRCLE ( 'NONE', #1704, 0.1870828693386972497 ) ;
#3997 = CIRCLE ( 'NONE', #1547, 0.1870828693386972497 ) ;
#3998 = EDGE_CURVE ( 'NONE', #4154, #987, #8988, .T. ) ;
#3999 = EDGE_CURVE ( 'NONE', #8221, #7992, #1537, .T. ) ;
#4000 =( GEOMETRIC_REPRESENTATION_CONTEXT ( 3 ) GLOBAL_UNCERTAINTY_ASSIGNED_CONTEXT ( ( #1588 ) ) GLOBAL_UNIT_ASSIGNED_CONTEXT ( ( #1992, #4296, #1408 ) ) REPRESENTATION_CONTEXT ( 'NONE', 'WORKASPACE' ) );
#4001 = SURFACE_STYLE_FILL_AREA ( #4108 ) ;
#4002 = ORIENTED_EDGE ( 'NONE', *, *, #4425, .F. ) ;
#4003 = DIRECTION ( 'NONE',  ( 0.000000000000000000, 0.000000000000000000, 1.000000000000000000 ) ) ;
#4004 = VERTEX_POINT ( 'NONE', #5381 ) ;
#4005 = FACE_OUTER_BOUND ( 'NONE', #2539, .T. ) ;
#4006 = ORIENTED_EDGE ( 'NONE', *, *, #5248, .F. ) ;
#4007 = CARTESIAN_POINT ( 'NONE',  ( 1.500000000000000444, 0.000000000000000000, -4.000000000000000000 ) ) ;
#4008 = AXIS2_PLACEMENT_3D ( 'NONE', #419, #6194, #9102 ) ;
#4009 = VECTOR ( 'NONE', #4856, 1000.000000000000000 ) ;
#4010 = STYLED_ITEM ( 'NONE', ( #5856 ), #5857 ) ;
#4011 = SPHERICAL_SURFACE ( 'NONE', #5227, 0.2250000000000000888 ) ;
#4012 = EDGE_CURVE ( 'NONE', #1619, #1323, #4316, .T. ) ;
#4013 = ADVANCED_FACE ( 'NONE', ( #3348 ), #9382, .T. ) ;
#4014 = DIRECTION ( 'NONE',  ( -1.224646799147353207E-16, 0.000000000000000000, 1.000000000000000000 ) ) ;
#4015 = STYLED_ITEM ( 'NONE', ( #7625 ), #4779 ) ;
#4016 = CIRCLE ( 'NONE', #7219, 0.2249999999999999500 ) ;
#4017 =( NAMED_UNIT ( * ) PLANE_ANGLE_UNIT ( ) SI_UNIT ( $, .RADIAN. ) );
#4018 = CARTESIAN_POINT ( 'NONE',  ( -5.100000000000002309, 0.9100000000000000311, -7.099999999999997868 ) ) ;
#4019 = DIRECTION ( 'NONE',  ( -1.000000000000000000, 0.000000000000000000, 0.000000000000000000 ) ) ;
#4020 = ORIENTED_EDGE ( 'NONE', *, *, #239, .F. ) ;
#4021 = DIRECTION ( 'NONE',  ( 0.000000000000000000, 1.000000000000000000, 0.000000000000000000 ) ) ;
#4022 = SURFACE_STYLE_FILL_AREA ( #9259 ) ;
#4023 = FILL_AREA_STYLE_COLOUR ( '', #529 ) ;
#4024 = CIRCLE ( 'NONE', #3714, 0.2250000000000001443 ) ;
#4025 =( GEOMETRIC_REPRESENTATION_CONTEXT ( 3 ) GLOBAL_UNCERTAINTY_ASSIGNED_CONTEXT ( ( #6148 ) ) GLOBAL_UNIT_ASSIGNED_CONTEXT ( ( #747, #1485, #7226 ) ) REPRESENTATION_CONTEXT ( 'NONE', 'WORKASPACE' ) );
#4026 = DIRECTION ( 'NONE',  ( 0.000000000000000000, 0.000000000000000000, -1.000000000000000000 ) ) ;
#4027 = ORIENTED_EDGE ( 'NONE', *, *, #2330, .F. ) ;
#4028 = PRESENTATION_STYLE_ASSIGNMENT (( #1051 ) ) ;
#4029 = CARTESIAN_POINT ( 'NONE',  ( 0.6870828693386975550, 0.000000000000000000, 2.000000000000000000 ) ) ;
#4030 = AXIS2_PLACEMENT_3D ( 'NONE', #6652, #1641, #5428 ) ;
#4031 = AXIS2_PLACEMENT_3D ( 'NONE', #128, #7318, #8802 ) ;
#4032 = UNCERTAINTY_MEASURE_WITH_UNIT (LENGTH_MEASURE( 1.000000000000000082E-05 ), #6412, 'distance_accuracy_value', 'NONE');
#4033 = FACE_OUTER_BOUND ( 'NONE', #4100, .T. ) ;
#4034 = SURFACE_STYLE_USAGE ( .BOTH. , #7884 ) ;
#4035 = ORIENTED_EDGE ( 'NONE', *, *, #4318, .F. ) ;
#4036 = CARTESIAN_POINT ( 'NONE',  ( 3.500000000000000444, -0.1250000000000000000, -5.000000000000000000 ) ) ;
#4037 = FILL_AREA_STYLE ('',( #2642 ) ) ;
#4038 = EDGE_CURVE ( 'NONE', #3655, #5572, #7355, .T. ) ;
#4039 = SURFACE_SIDE_STYLE ('',( #7893 ) ) ;
#4040 = ORIENTED_EDGE ( 'NONE', *, *, #83, .T. ) ;
#4041 = CARTESIAN_POINT ( 'NONE',  ( -2.499999999999999556, -0.1250000000000000000, 0.000000000000000000 ) ) ;
#4042 = AXIS2_PLACEMENT_3D ( 'NONE', #3022, #5935, #8821 ) ;
#4043 = SURFACE_STYLE_FILL_AREA ( #9027 ) ;
#4045 = VERTEX_POINT ( 'NONE', #6988 ) ;
#4044 = SURFACE_STYLE_USAGE ( .BOTH. , #8410 ) ;
#4046 = DIRECTION ( 'NONE',  ( -0.000000000000000000, -0.000000000000000000, -1.000000000000000000 ) ) ;
#4047 = VERTEX_POINT ( 'NONE', #4252 ) ;
#4048 = VERTEX_POINT ( 'NONE', #9230 ) ;
#4049 = DIRECTION ( 'NONE',  ( 0.000000000000000000, 0.000000000000000000, 1.000000000000000000 ) ) ;
#4050 = MECHANICAL_DESIGN_GEOMETRIC_PRESENTATION_REPRESENTATION (  '', ( #1456 ), #8002 ) ;
#4051 = DIRECTION ( 'NONE',  ( -1.000000000000000000, 0.000000000000000000, 0.000000000000000000 ) ) ;
#4052 = VERTEX_POINT ( 'NONE', #3405 ) ;
#4053 = CARTESIAN_POINT ( 'NONE',  ( -1.499999999999999556, 0.000000000000000000, 5.000000000000000888 ) ) ;
#4054 =( GEOMETRIC_REPRESENTATION_CONTEXT ( 3 ) GLOBAL_UNCERTAINTY_ASSIGNED_CONTEXT ( ( #2091 ) ) GLOBAL_UNIT_ASSIGNED_CONTEXT ( ( #4840, #7010, #3330 ) ) REPRESENTATION_CONTEXT ( 'NONE', 'WORKASPACE' ) );
#4055 = EDGE_LOOP ( 'NONE', ( #6666, #8454 ) ) ;
#4056 = CARTESIAN_POINT ( 'NONE',  ( 0.000000000000000000, 0.2599999999999998979, 0.000000000000000000 ) ) ;
#4057 = STYLED_ITEM ( 'NONE', ( #6619 ), #362 ) ;
#4058 = ORIENTED_EDGE ( 'NONE', *, *, #6843, .F. ) ;
#4059 = CARTESIAN_POINT ( 'NONE',  ( 1.500000000000000444, -0.1250000000000000000, 2.999999999999999112 ) ) ;
#4060 = FILL_AREA_STYLE ('',( #1843 ) ) ;
#4061 = PRESENTATION_LAYER_ASSIGNMENT (  '', '', ( #5430 ) ) ;
#4062 = FACE_OUTER_BOUND ( 'NONE', #650, .T. ) ;
#4063 = FILL_AREA_STYLE ('',( #2004 ) ) ;
#4064 = SURFACE_STYLE_FILL_AREA ( #6185 ) ;
#4065 =( NAMED_UNIT ( * ) PLANE_ANGLE_UNIT ( ) SI_UNIT ( $, .RADIAN. ) );
#4066 =( GEOMETRIC_REPRESENTATION_CONTEXT ( 3 ) GLOBAL_UNCERTAINTY_ASSIGNED_CONTEXT ( ( #7430 ) ) GLOBAL_UNIT_ASSIGNED_CONTEXT ( ( #5193, #2987, #3067 ) ) REPRESENTATION_CONTEXT ( 'NONE', 'WORKASPACE' ) );
#4067 =( NAMED_UNIT ( * ) PLANE_ANGLE_UNIT ( ) SI_UNIT ( $, .RADIAN. ) );
#4068 = ORIENTED_EDGE ( 'NONE', *, *, #6199, .F. ) ;
#4070 = STYLED_ITEM ( 'NONE', ( #109 ), #1139 ) ;
#4069 = AXIS2_PLACEMENT_3D ( 'NONE', #1994, #4723, #4051 ) ;
#4071 = CARTESIAN_POINT ( 'NONE',  ( -2.499999999999999556, -0.1250000000000000000, 2.000000000000000000 ) ) ;
#4072 =( GEOMETRIC_REPRESENTATION_CONTEXT ( 3 ) GLOBAL_UNCERTAINTY_ASSIGNED_CONTEXT ( ( #5528 ) ) GLOBAL_UNIT_ASSIGNED_CONTEXT ( ( #6073, #6214, #6985 ) ) REPRESENTATION_CONTEXT ( 'NONE', 'WORKASPACE' ) );
#4073 = DIRECTION ( 'NONE',  ( -1.000000000000000000, 0.000000000000000000, 0.000000000000000000 ) ) ;
#4074 = EDGE_CURVE ( 'NONE', #4181, #6557, #6413, .T. ) ;
#4075 = CARTESIAN_POINT ( 'NONE',  ( 4.500000000000001776, -0.1250000000000000000, -7.000000000000000000 ) ) ;
#4076 = PRESENTATION_LAYER_ASSIGNMENT (  '', '', ( #594 ) ) ;
#4078 =( GEOMETRIC_REPRESENTATION_CONTEXT ( 3 ) GLOBAL_UNCERTAINTY_ASSIGNED_CONTEXT ( ( #5510 ) ) GLOBAL_UNIT_ASSIGNED_CONTEXT ( ( #2919, #2069, #4233 ) ) REPRESENTATION_CONTEXT ( 'NONE', 'WORKASPACE' ) );
#4077 = STYLED_ITEM ( 'NONE', ( #3890 ), #9064 ) ;
#4079 = VERTEX_POINT ( 'NONE', #2085 ) ;
#4080 = SPHERICAL_SURFACE ( 'NONE', #436, 0.2250000000000000888 ) ;
#4081 = VERTEX_POINT ( 'NONE', #2703 ) ;
#4082 = FILL_AREA_STYLE_COLOUR ( '', #8903 ) ;
#4083 = CARTESIAN_POINT ( 'NONE',  ( 0.5000000000000004441, -0.1250000000000000000, 1.000000000000000888 ) ) ;
#4084 = SURFACE_STYLE_USAGE ( .BOTH. , #9109 ) ;
#4085 = EDGE_CURVE ( 'NONE', #771, #135, #1229, .T. ) ;
#4086 = EDGE_CURVE ( 'NONE', #3350, #5015, #669, .T. ) ;
#4087 = CIRCLE ( 'NONE', #4852, 0.1870828693386972497 ) ;
#4088 =( GEOMETRIC_REPRESENTATION_CONTEXT ( 3 ) GLOBAL_UNCERTAINTY_ASSIGNED_CONTEXT ( ( #6250 ) ) GLOBAL_UNIT_ASSIGNED_CONTEXT ( ( #3480, #8716, #3526 ) ) REPRESENTATION_CONTEXT ( 'NONE', 'WORKASPACE' ) );
#4089 = DIRECTION ( 'NONE',  ( -0.000000000000000000, -0.000000000000000000, -1.000000000000000000 ) ) ;
#4090 = SURFACE_STYLE_FILL_AREA ( #8932 ) ;
#4091 = VERTEX_POINT ( 'NONE', #7898 ) ;
#4092 = UNCERTAINTY_MEASURE_WITH_UNIT (LENGTH_MEASURE( 1.000000000000000082E-05 ), #7630, 'distance_accuracy_value', 'NONE');
#4093 = CARTESIAN_POINT ( 'NONE',  ( 0.5000000000000004441, 0.000000000000000000, 2.999999999999999112 ) ) ;
#4094 = SPHERICAL_SURFACE ( 'NONE', #743, 0.2250000000000000888 ) ;
#4095 = DIRECTION ( 'NONE',  ( 1.000000000000000000, 0.000000000000000000, 1.224646799147352961E-16 ) ) ;
#4096 = EDGE_LOOP ( 'NONE', ( #4354, #5117 ) ) ;
#4097 = FILL_AREA_STYLE ('',( #4145 ) ) ;
#4098 = CARTESIAN_POINT ( 'NONE',  ( -0.6870828693386967778, 0.000000000000000000, 5.000000000000000888 ) ) ;
#4100 = EDGE_LOOP ( 'NONE', ( #4279, #5445, #845 ) ) ;
#4099 = DIRECTION ( 'NONE',  ( 0.000000000000000000, 0.000000000000000000, -1.000000000000000000 ) ) ;
#4101 = AXIS2_PLACEMENT_3D ( 'NONE', #9204, #2618, #2514 ) ;
#4102 =( LENGTH_UNIT ( ) NAMED_UNIT ( * ) SI_UNIT ( .MILLI., .METRE. ) );
#4103 = ORIENTED_EDGE ( 'NONE', *, *, #9277, .F. ) ;
#4104 = EDGE_CURVE ( 'NONE', #2368, #7659, #1695, .T. ) ;
#4105 = PRESENTATION_LAYER_ASSIGNMENT (  '', '', ( #7900 ) ) ;
#4106 = UNCERTAINTY_MEASURE_WITH_UNIT (LENGTH_MEASURE( 1.000000000000000082E-05 ), #8906, 'distance_accuracy_value', 'NONE');
#4107 = AXIS2_PLACEMENT_3D ( 'NONE', #3559, #6541, #6454 ) ;
#4108 = FILL_AREA_STYLE ('',( #9238 ) ) ;
#4109 = VERTEX_POINT ( 'NONE', #6457 ) ;
#4110 = FILL_AREA_STYLE ('',( #8361 ) ) ;
#4111 = ORIENTED_EDGE ( 'NONE', *, *, #6246, .T. ) ;
#4112 = ORIENTED_EDGE ( 'NONE', *, *, #2408, .F. ) ;
#4113 = PRESENTATION_LAYER_ASSIGNMENT (  '', '', ( #3026 ) ) ;
#4114 = CARTESIAN_POINT ( 'NONE',  ( 1.500000000000000444, -0.1250000000000000000, 4.000000000000000000 ) ) ;
#4115 = AXIS2_PLACEMENT_3D ( 'NONE', #2281, #6714, #5310 ) ;
#4116 = CARTESIAN_POINT ( 'NONE',  ( 0.3129171306613032777, 0.000000000000000000, 1.000000000000000888 ) ) ;
#4117 = EDGE_LOOP ( 'NONE', ( #821, #5676, #3848 ) ) ;
#4118 = SURFACE_SIDE_STYLE ('',( #1176 ) ) ;
#4119 = AXIS2_PLACEMENT_3D ( 'NONE', #5605, #7777, #2726 ) ;
#4120 =( LENGTH_UNIT ( ) NAMED_UNIT ( * ) SI_UNIT ( .MILLI., .METRE. ) );
#4121 = CARTESIAN_POINT ( 'NONE',  ( -2.499999999999999556, -0.1250000000000000000, 5.000000000000000888 ) ) ;
#4122 = ORIENTED_EDGE ( 'NONE', *, *, #3878, .T. ) ;
#4123 = DIRECTION ( 'NONE',  ( -1.000000000000000000, 0.000000000000000000, 0.000000000000000000 ) ) ;
#4124 = AXIS2_PLACEMENT_3D ( 'NONE', #4676, #1113, #1827 ) ;
#4125 = SURFACE_STYLE_FILL_AREA ( #7123 ) ;
#4126 = PRESENTATION_STYLE_ASSIGNMENT (( #8535 ) ) ;
#4127 = CARTESIAN_POINT ( 'NONE',  ( 0.3129171306613032777, 0.000000000000000000, -4.000000000000000000 ) ) ;
#4128 = VERTEX_POINT ( 'NONE', #7850 ) ;
#4129 = CARTESIAN_POINT ( 'NONE',  ( -3.499999999999999556, 0.000000000000000000, -2.000000000000000000 ) ) ;
#4130 = ADVANCED_FACE ( 'NONE', ( #7759 ), #5111, .T. ) ;
#4131 = ORIENTED_EDGE ( 'NONE', *, *, #2248, .F. ) ;
#4132 = ADVANCED_FACE ( 'NONE', ( #2847 ), #4344, .T. ) ;
#4133 = SPHERICAL_SURFACE ( 'NONE', #4998, 0.2250000000000000888 ) ;
#4134 = SURFACE_STYLE_FILL_AREA ( #2738 ) ;
#4135 = UNCERTAINTY_MEASURE_WITH_UNIT (LENGTH_MEASURE( 1.000000000000000082E-05 ), #1215, 'distance_accuracy_value', 'NONE');
#4136 = DIRECTION ( 'NONE',  ( 0.000000000000000000, 0.000000000000000000, 1.000000000000000000 ) ) ;
#4137 = DIRECTION ( 'NONE',  ( -0.000000000000000000, -0.000000000000000000, -1.000000000000000000 ) ) ;
#4138 = SURFACE_STYLE_FILL_AREA ( #6245 ) ;
#4139 = CARTESIAN_POINT ( 'NONE',  ( 3.500000000000000444, -0.1250000000000000000, 2.000000000000000000 ) ) ;
#4140 = EDGE_LOOP ( 'NONE', ( #6388, #8182, #691 ) ) ;
#4141 = EDGE_CURVE ( 'NONE', #9132, #1214, #5083, .T. ) ;
#4142 = DIRECTION ( 'NONE',  ( 0.000000000000000000, 0.000000000000000000, 1.000000000000000000 ) ) ;
#4143 = CARTESIAN_POINT ( 'NONE',  ( -3.312917130661302334, 0.000000000000000000, -8.000000000000000000 ) ) ;
#4144 = ORIENTED_EDGE ( 'NONE', *, *, #9235, .T. ) ;
#4145 = FILL_AREA_STYLE_COLOUR ( '', #5262 ) ;
#4146 = CARTESIAN_POINT ( 'NONE',  ( -3.499999999999999556, -0.1250000000000000000, 1.000000000000000888 ) ) ;
#4148 = VERTEX_POINT ( 'NONE', #3747 ) ;
#4147 = CARTESIAN_POINT ( 'NONE',  ( 3.312917130661303222, 0.000000000000000000, 2.999999999999999112 ) ) ;
#4149 = MECHANICAL_DESIGN_GEOMETRIC_PRESENTATION_REPRESENTATION (  '', ( #4302 ), #5806 ) ;
#4150 = DIRECTION ( 'NONE',  ( -1.000000000000000000, 0.000000000000000000, 0.000000000000000000 ) ) ;
#4151 = CARTESIAN_POINT ( 'NONE',  ( -0.3129171306613024450, 0.000000000000000000, -3.000000000000000000 ) ) ;
#4152 =( GEOMETRIC_REPRESENTATION_CONTEXT ( 3 ) GLOBAL_UNCERTAINTY_ASSIGNED_CONTEXT ( ( #1969 ) ) GLOBAL_UNIT_ASSIGNED_CONTEXT ( ( #6146, #6015, #3244 ) ) REPRESENTATION_CONTEXT ( 'NONE', 'WORKASPACE' ) );
#4153 = COLOUR_RGB ( '',0.8941176470588234615, 0.9137254901960784048, 0.9294117647058823817 ) ;
#4154 = VERTEX_POINT ( 'NONE', #716 ) ;
#4155 = PRESENTATION_STYLE_ASSIGNMENT (( #6995 ) ) ;
#4156 = EDGE_LOOP ( 'NONE', ( #4530, #4875 ) ) ;
#4157 = CARTESIAN_POINT ( 'NONE',  ( 4.500000000000001776, 0.000000000000000000, -7.000000000000000000 ) ) ;
#4158 = ORIENTED_EDGE ( 'NONE', *, *, #3057, .F. ) ;
#4159 =( NAMED_UNIT ( * ) PLANE_ANGLE_UNIT ( ) SI_UNIT ( $, .RADIAN. ) );
#4160 = AXIS2_PLACEMENT_3D ( 'NONE', #7931, #9321, #1352 ) ;
#4161 = STYLED_ITEM ( 'NONE', ( #501 ), #4800 ) ;
#4162 = AXIS2_PLACEMENT_3D ( 'NONE', #5018, #2753, #8517 ) ;
#4163 = ORIENTED_EDGE ( 'NONE', *, *, #3780, .F. ) ;
#4164 =( LENGTH_UNIT ( ) NAMED_UNIT ( * ) SI_UNIT ( .MILLI., .METRE. ) );
#4165 = CARTESIAN_POINT ( 'NONE',  ( -0.4999999999999995559, -0.1250000000000000000, 0.000000000000000000 ) ) ;
#4166 =( NAMED_UNIT ( * ) SI_UNIT ( $, .STERADIAN. ) SOLID_ANGLE_UNIT ( ) );
#4167 = FILL_AREA_STYLE ('',( #1284 ) ) ;
#4168 = AXIS2_PLACEMENT_3D ( 'NONE', #2578, #5945, #931 ) ;
#4169 = SURFACE_SIDE_STYLE ('',( #5687 ) ) ;
#4170 = PRESENTATION_LAYER_ASSIGNMENT (  '', '', ( #6422 ) ) ;
#4171 = CIRCLE ( 'NONE', #522, 0.2249999999999999500 ) ;
#4172 = EDGE_LOOP ( 'NONE', ( #1032, #697 ) ) ;
#4173 = CARTESIAN_POINT ( 'NONE',  ( 2.500000000000000444, -0.3500000000000000333, 2.000000000000000000 ) ) ;
#4174 = AXIS2_PLACEMENT_3D ( 'NONE', #1846, #5491, #8573 ) ;
#4175 = CLOSED_SHELL ( 'NONE', ( #5800, #6672, #8298, #4685, #6088, #7974, #7587, #2835, #6373 ) ) ;
#4176 = DIRECTION ( 'NONE',  ( -1.000000000000000000, 0.000000000000000000, 0.000000000000000000 ) ) ;
#4177 = CARTESIAN_POINT ( 'NONE',  ( 3.687082869338697666, 0.000000000000000000, -3.000000000000000000 ) ) ;
#4178 = CARTESIAN_POINT ( 'NONE',  ( -4.500000000000000000, -0.1250000000000000000, 6.999999999999999112 ) ) ;
#4179 = AXIS2_PLACEMENT_3D ( 'NONE', #2078, #2462, #8232 ) ;
#4180 = UNCERTAINTY_MEASURE_WITH_UNIT (LENGTH_MEASURE( 1.000000000000000082E-05 ), #4164, 'distance_accuracy_value', 'NONE');
#4181 = VERTEX_POINT ( 'NONE', #3024 ) ;
#4182 = PRESENTATION_STYLE_ASSIGNMENT (( #2067 ) ) ;
#4183 = DIRECTION ( 'NONE',  ( 0.000000000000000000, -1.000000000000000000, 0.000000000000000000 ) ) ;
#4184 = SURFACE_STYLE_FILL_AREA ( #6297 ) ;
#4185 = FILL_AREA_STYLE ('',( #3444 ) ) ;
#4186 = AXIS2_PLACEMENT_3D ( 'NONE', #2456, #1706, #8946 ) ;
#4187 =( LENGTH_UNIT ( ) NAMED_UNIT ( * ) SI_UNIT ( .MILLI., .METRE. ) );
#4188 = FACE_OUTER_BOUND ( 'NONE', #5495, .T. ) ;
#4189 = SPHERICAL_SURFACE ( 'NONE', #2027, 0.2250000000000000888 ) ;
#4190 = ADVANCED_FACE ( 'NONE', ( #7428 ), #5846, .T. ) ;
#4191 = UNCERTAINTY_MEASURE_WITH_UNIT (LENGTH_MEASURE( 1.000000000000000082E-05 ), #7429, 'distance_accuracy_value', 'NONE');
#4192 = CIRCLE ( 'NONE', #8733, 0.1870828693386972497 ) ;
#4193 =( GEOMETRIC_REPRESENTATION_CONTEXT ( 3 ) GLOBAL_UNCERTAINTY_ASSIGNED_CONTEXT ( ( #4739 ) ) GLOBAL_UNIT_ASSIGNED_CONTEXT ( ( #1957, #3325, #4983 ) ) REPRESENTATION_CONTEXT ( 'NONE', 'WORKASPACE' ) );
#4194 = PRESENTATION_STYLE_ASSIGNMENT (( #8457 ) ) ;
#4195 = FILL_AREA_STYLE_COLOUR ( '', #2173 ) ;
#4196 = SURFACE_STYLE_FILL_AREA ( #4037 ) ;
#4197 = FILL_AREA_STYLE_COLOUR ( '', #2546 ) ;
#4198 = ORIENTED_EDGE ( 'NONE', *, *, #4512, .F. ) ;
#4199 = CARTESIAN_POINT ( 'NONE',  ( -3.499999999999999556, -0.1250000000000000000, -8.000000000000000000 ) ) ;
#4200 = DIRECTION ( 'NONE',  ( -0.000000000000000000, -0.000000000000000000, -1.000000000000000000 ) ) ;
#4201 = EDGE_CURVE ( 'NONE', #8093, #1740, #7198, .T. ) ;
#4202 = ORIENTED_EDGE ( 'NONE', *, *, #5992, .T. ) ;
#4203 =( NAMED_UNIT ( * ) SI_UNIT ( $, .STERADIAN. ) SOLID_ANGLE_UNIT ( ) );
#4204 = DIRECTION ( 'NONE',  ( 0.000000000000000000, 0.000000000000000000, 1.000000000000000000 ) ) ;
#4205 =( GEOMETRIC_REPRESENTATION_CONTEXT ( 3 ) GLOBAL_UNCERTAINTY_ASSIGNED_CONTEXT ( ( #702 ) ) GLOBAL_UNIT_ASSIGNED_CONTEXT ( ( #6973, #4900, #2683 ) ) REPRESENTATION_CONTEXT ( 'NONE', 'WORKASPACE' ) );
#4206 = CARTESIAN_POINT ( 'NONE',  ( 3.500000000000000444, -0.1250000000000000000, -5.000000000000000000 ) ) ;
#4207 = DIRECTION ( 'NONE',  ( -0.000000000000000000, -0.000000000000000000, -1.000000000000000000 ) ) ;
#4208 = ORIENTED_EDGE ( 'NONE', *, *, #5867, .F. ) ;
#4209 = DIRECTION ( 'NONE',  ( 0.000000000000000000, 0.000000000000000000, -1.000000000000000000 ) ) ;
#4210 = ORIENTED_EDGE ( 'NONE', *, *, #4783, .T. ) ;
#4211 = ADVANCED_FACE ( 'NONE', ( #9019 ), #1016, .T. ) ;
#4212 = FACE_OUTER_BOUND ( 'NONE', #7082, .T. ) ;
#4213 = MECHANICAL_DESIGN_GEOMETRIC_PRESENTATION_REPRESENTATION (  '', ( #3419 ), #5864 ) ;
#4214 = ORIENTED_EDGE ( 'NONE', *, *, #1966, .F. ) ;
#4215 = DIRECTION ( 'NONE',  ( -1.000000000000000000, 0.000000000000000000, 0.000000000000000000 ) ) ;
#4216 =( NAMED_UNIT ( * ) SI_UNIT ( $, .STERADIAN. ) SOLID_ANGLE_UNIT ( ) );
#4217 = PRESENTATION_LAYER_ASSIGNMENT (  '', '', ( #4515 ) ) ;
#4218 = MECHANICAL_DESIGN_GEOMETRIC_PRESENTATION_REPRESENTATION (  '', ( #4057 ), #571 ) ;
#4219 = DIRECTION ( 'NONE',  ( 0.000000000000000000, 0.000000000000000000, 1.000000000000000000 ) ) ;
#4220 =( NAMED_UNIT ( * ) SI_UNIT ( $, .STERADIAN. ) SOLID_ANGLE_UNIT ( ) );
#4221 = ORIENTED_EDGE ( 'NONE', *, *, #3415, .F. ) ;
#4222 = FILL_AREA_STYLE_COLOUR ( '', #9092 ) ;
#4223 = CARTESIAN_POINT ( 'NONE',  ( -0.4999999999999995559, -0.1250000000000000000, 2.000000000000000000 ) ) ;
#4224 =( GEOMETRIC_REPRESENTATION_CONTEXT ( 3 ) GLOBAL_UNCERTAINTY_ASSIGNED_CONTEXT ( ( #2466 ) ) GLOBAL_UNIT_ASSIGNED_CONTEXT ( ( #5792, #5711, #6402 ) ) REPRESENTATION_CONTEXT ( 'NONE', 'WORKASPACE' ) );
#4225 = CARTESIAN_POINT ( 'NONE',  ( -7.000000000000001776, 0.2599999999999997868, -8.999999999999998224 ) ) ;
#4226 =( NAMED_UNIT ( * ) PLANE_ANGLE_UNIT ( ) SI_UNIT ( $, .RADIAN. ) );
#4227 = AXIS2_PLACEMENT_3D ( 'NONE', #7550, #6012, #8243 ) ;
#4228 = DIRECTION ( 'NONE',  ( 0.000000000000000000, 0.000000000000000000, 1.000000000000000000 ) ) ;
#4229 = EDGE_CURVE ( 'NONE', #8883, #5906, #1248, .T. ) ;
#4230 = EDGE_LOOP ( 'NONE', ( #3814, #1653 ) ) ;
#4231 = DIRECTION ( 'NONE',  ( 0.000000000000000000, 0.000000000000000000, -1.000000000000000000 ) ) ;
#4232 =( GEOMETRIC_REPRESENTATION_CONTEXT ( 3 ) GLOBAL_UNCERTAINTY_ASSIGNED_CONTEXT ( ( #9267 ) ) GLOBAL_UNIT_ASSIGNED_CONTEXT ( ( #2857, #847, #8796 ) ) REPRESENTATION_CONTEXT ( 'NONE', 'WORKASPACE' ) );
#4233 =( NAMED_UNIT ( * ) SI_UNIT ( $, .STERADIAN. ) SOLID_ANGLE_UNIT ( ) );
#4234 = EDGE_CURVE ( 'NONE', #4325, #4496, #2616, .T. ) ;
#4235 = UNCERTAINTY_MEASURE_WITH_UNIT (LENGTH_MEASURE( 1.000000000000000082E-05 ), #5336, 'distance_accuracy_value', 'NONE');
#4236 = CIRCLE ( 'NONE', #7259, 0.1870828693386972497 ) ;
#4237 =( NAMED_UNIT ( * ) PLANE_ANGLE_UNIT ( ) SI_UNIT ( $, .RADIAN. ) );
#4238 = DIRECTION ( 'NONE',  ( -1.000000000000000000, 0.000000000000000000, 0.000000000000000000 ) ) ;
#4239 = FILL_AREA_STYLE_COLOUR ( '', #851 ) ;
#4240 = CARTESIAN_POINT ( 'NONE',  ( -4.500000000000000000, 0.000000000000000000, -8.000000000000000000 ) ) ;
#4241 = STYLED_ITEM ( 'NONE', ( #9121 ), #8359 ) ;
#4243 = AXIS2_PLACEMENT_3D ( 'NONE', #1488, #2824, #4282 ) ;
#4242 = AXIS2_PLACEMENT_3D ( 'NONE', #2410, #7485, #5948 ) ;
#4244 = ORIENTED_EDGE ( 'NONE', *, *, #4660, .F. ) ;
#4245 = DIRECTION ( 'NONE',  ( 0.000000000000000000, 0.000000000000000000, 1.000000000000000000 ) ) ;
#4246 = PRESENTATION_LAYER_ASSIGNMENT (  '', '', ( #8027 ) ) ;
#4247 = SURFACE_STYLE_USAGE ( .BOTH. , #3453 ) ;
#4248 = CARTESIAN_POINT ( 'NONE',  ( 2.500000000000000444, -0.3500000000000000333, -5.000000000000000000 ) ) ;
#4249 = STYLED_ITEM ( 'NONE', ( #9406 ), #1604 ) ;
#4250 = ORIENTED_EDGE ( 'NONE', *, *, #4141, .F. ) ;
#4251 = FACE_OUTER_BOUND ( 'NONE', #9342, .T. ) ;
#4252 = CARTESIAN_POINT ( 'NONE',  ( 2.687082869338697666, 0.000000000000000000, -3.000000000000000000 ) ) ;
#4253 = EDGE_LOOP ( 'NONE', ( #3902, #270, #1559 ) ) ;
#4254 = FACE_OUTER_BOUND ( 'NONE', #2890, .T. ) ;
#4255 =( NAMED_UNIT ( * ) PLANE_ANGLE_UNIT ( ) SI_UNIT ( $, .RADIAN. ) );
#4256 = CIRCLE ( 'NONE', #159, 0.1870828693386972497 ) ;
#4257 = ORIENTED_EDGE ( 'NONE', *, *, #1265, .F. ) ;
#4258 = EDGE_CURVE ( 'NONE', #7992, #8221, #370, .T. ) ;
#4259 =( NAMED_UNIT ( * ) PLANE_ANGLE_UNIT ( ) SI_UNIT ( $, .RADIAN. ) );
#4260 = ORIENTED_EDGE ( 'NONE', *, *, #2270, .T. ) ;
#4261 = SURFACE_STYLE_FILL_AREA ( #7154 ) ;
#4262 = VERTEX_POINT ( 'NONE', #6153 ) ;
#4263 = ORIENTED_EDGE ( 'NONE', *, *, #3475, .F. ) ;
#4264 = CARTESIAN_POINT ( 'NONE',  ( -2.499999999999999556, 0.000000000000000000, 4.000000000000000000 ) ) ;
#4265 = AXIS2_PLACEMENT_3D ( 'NONE', #6829, #7423, #5415 ) ;
#4266 = UNCERTAINTY_MEASURE_WITH_UNIT (LENGTH_MEASURE( 1.000000000000000082E-05 ), #9369, 'distance_accuracy_value', 'NONE');
#4267 = EDGE_CURVE ( 'NONE', #3618, #6886, #3996, .T. ) ;
#4268 = CARTESIAN_POINT ( 'NONE',  ( -5.100000000000002309, 0.8099999999999999423, -7.099999999999997868 ) ) ;
#4269 = EDGE_CURVE ( 'NONE', #8927, #1990, #6578, .T. ) ;
#4270 = STYLED_ITEM ( 'NONE', ( #404 ), #3183 ) ;
#4271 = FILL_AREA_STYLE ('',( #5771 ) ) ;
#4272 = SPHERICAL_SURFACE ( 'NONE', #5277, 0.2250000000000000888 ) ;
#4273 = VERTEX_POINT ( 'NONE', #5327 ) ;
#4274 = CARTESIAN_POINT ( 'NONE',  ( -4.500000000000000000, 0.000000000000000000, -7.000000000000000000 ) ) ;
#4275 = FACE_BOUND ( 'NONE', #8879, .T. ) ;
#4276 = SPHERICAL_SURFACE ( 'NONE', #3083, 0.2250000000000000888 ) ;
#4277 = AXIS2_PLACEMENT_3D ( 'NONE', #1718, #2517, #2469 ) ;
#4278 = UNCERTAINTY_MEASURE_WITH_UNIT (LENGTH_MEASURE( 1.000000000000000082E-05 ), #5394, 'distance_accuracy_value', 'NONE');
#4279 = ORIENTED_EDGE ( 'NONE', *, *, #6552, .F. ) ;
#4280 = DIRECTION ( 'NONE',  ( 0.000000000000000000, 0.000000000000000000, 1.000000000000000000 ) ) ;
#4281 = ORIENTED_EDGE ( 'NONE', *, *, #1444, .F. ) ;
#4282 = DIRECTION ( 'NONE',  ( -1.000000000000000000, 0.000000000000000000, 0.000000000000000000 ) ) ;
#4283 = CARTESIAN_POINT ( 'NONE',  ( 3.500000000000000444, -0.3500000000000000333, -4.000000000000000000 ) ) ;
#4284 = AXIS2_PLACEMENT_3D ( 'NONE', #2009, #1910, #1089 ) ;
#4285 = DIRECTION ( 'NONE',  ( 0.000000000000000000, -1.000000000000000000, 0.000000000000000000 ) ) ;
#4286 = EDGE_CURVE ( 'NONE', #7767, #3185, #5090, .T. ) ;
#4287 = CARTESIAN_POINT ( 'NONE',  ( -4.500000000000000000, 0.000000000000000000, -7.000000000000000000 ) ) ;
#4288 = DIRECTION ( 'NONE',  ( -0.000000000000000000, -0.000000000000000000, -1.000000000000000000 ) ) ;
#4289 = ORIENTED_EDGE ( 'NONE', *, *, #6351, .T. ) ;
#4290 = CARTESIAN_POINT ( 'NONE',  ( -3.312917130661302334, 0.000000000000000000, -4.000000000000000000 ) ) ;
#4291 = FILL_AREA_STYLE ('',( #2748 ) ) ;
#4292 = DIRECTION ( 'NONE',  ( -1.000000000000000000, 0.000000000000000000, 0.000000000000000000 ) ) ;
#4293 = EDGE_LOOP ( 'NONE', ( #5722, #7990, #1030 ) ) ;
#4294 = CARTESIAN_POINT ( 'NONE',  ( -5.100000000000002309, 0.9100000000000000311, -7.349999999999997868 ) ) ;
#4295 = ORIENTED_EDGE ( 'NONE', *, *, #1824, .T. ) ;
#4296 =( NAMED_UNIT ( * ) PLANE_ANGLE_UNIT ( ) SI_UNIT ( $, .RADIAN. ) );
#4297 =( NAMED_UNIT ( * ) SI_UNIT ( $, .STERADIAN. ) SOLID_ANGLE_UNIT ( ) );
#4298 = SURFACE_STYLE_FILL_AREA ( #628 ) ;
#4299 = STYLED_ITEM ( 'NONE', ( #8275 ), #868 ) ;
#4300 = VERTEX_POINT ( 'NONE', #8347 ) ;
#4301 = CARTESIAN_POINT ( 'NONE',  ( 3.500000000000000444, 0.000000000000000000, 5.000000000000000888 ) ) ;
#4302 = STYLED_ITEM ( 'NONE', ( #5182 ), #566 ) ;
#4304 = ORIENTED_EDGE ( 'NONE', *, *, #1265, .T. ) ;
#4303 = CARTESIAN_POINT ( 'NONE',  ( -0.3129171306613024450, 0.000000000000000000, 2.291104371109379525E-17 ) ) ;
#4305 = ORIENTED_EDGE ( 'NONE', *, *, #8255, .T. ) ;
#4306 = EDGE_CURVE ( 'NONE', #3316, #2994, #79, .T. ) ;
#4307 = STYLED_ITEM ( 'NONE', ( #4596 ), #646 ) ;
#4308 = AXIS2_PLACEMENT_3D ( 'NONE', #1508, #769, #5024 ) ;
#4309 = CARTESIAN_POINT ( 'NONE',  ( -2.499999999999999556, -0.3500000000000000333, -1.000000000000000000 ) ) ;
#4310 = DIRECTION ( 'NONE',  ( -1.000000000000000000, 0.000000000000000000, 0.000000000000000000 ) ) ;
#4311 = SURFACE_SIDE_STYLE ('',( #6476 ) ) ;
#4312 =( LENGTH_UNIT ( ) NAMED_UNIT ( * ) SI_UNIT ( .MILLI., .METRE. ) );
#4313 = ORIENTED_EDGE ( 'NONE', *, *, #8366, .F. ) ;
#4314 = MECHANICAL_DESIGN_GEOMETRIC_PRESENTATION_REPRESENTATION (  '', ( #3994 ), #2165 ) ;
#4315 = FACE_BOUND ( 'NONE', #2068, .T. ) ;
#4316 = CIRCLE ( 'NONE', #4917, 0.1870828693386972497 ) ;
#4317 = AXIS2_PLACEMENT_3D ( 'NONE', #6670, #5826, #5866 ) ;
#4318 = EDGE_CURVE ( 'NONE', #1315, #8272, #5373, .T. ) ;
#4319 = CARTESIAN_POINT ( 'NONE',  ( 2.500000000000000444, -0.1250000000000000000, -2.000000000000000000 ) ) ;
#4320 = ADVANCED_FACE ( 'NONE', ( #8968 ), #7789, .T. ) ;
#4321 = ORIENTED_EDGE ( 'NONE', *, *, #5898, .T. ) ;
#4322 = MECHANICAL_DESIGN_GEOMETRIC_PRESENTATION_REPRESENTATION (  '', ( #3541 ), #1404 ) ;
#4323 = AXIS2_PLACEMENT_3D ( 'NONE', #3653, #4245, #4337 ) ;
#4324 = AXIS2_PLACEMENT_3D ( 'NONE', #6278, #6327, #597 ) ;
#4325 = VERTEX_POINT ( 'NONE', #6021 ) ;
#4326 = SURFACE_STYLE_FILL_AREA ( #4999 ) ;
#4327 = CIRCLE ( 'NONE', #1857, 0.2250000000000003664 ) ;
#4328 = FACE_OUTER_BOUND ( 'NONE', #4625, .T. ) ;
#4329 = ADVANCED_BREP_SHAPE_REPRESENTATION ( 'Swissbit SFEM256GB1ED1TB-A-VG-311-STD', ( #3298, #408, #6601, #3427 ), #126 ) ;
#4330 = DIRECTION ( 'NONE',  ( -0.000000000000000000, -0.000000000000000000, -1.000000000000000000 ) ) ;
#4331 = UNCERTAINTY_MEASURE_WITH_UNIT (LENGTH_MEASURE( 1.000000000000000082E-05 ), #3882, 'distance_accuracy_value', 'NONE');
#4332 = SURFACE_STYLE_USAGE ( .BOTH. , #1443 ) ;
#4333 = EDGE_CURVE ( 'NONE', #2015, #9372, #5228, .T. ) ;
#4334 = CIRCLE ( 'NONE', #227, 0.1870828693386972497 ) ;
#4335 = FILL_AREA_STYLE_COLOUR ( '', #6247 ) ;
#4336 = DIRECTION ( 'NONE',  ( 0.000000000000000000, 0.000000000000000000, 1.000000000000000000 ) ) ;
#4337 = DIRECTION ( 'NONE',  ( -1.000000000000000000, 0.000000000000000000, 0.000000000000000000 ) ) ;
#4338 = CIRCLE ( 'NONE', #818, 0.1870828693386971386 ) ;
#4339 = VECTOR ( 'NONE', #4551, 1000.000000000000000 ) ;
#4340 = DIRECTION ( 'NONE',  ( 0.000000000000000000, 0.000000000000000000, -1.000000000000000000 ) ) ;
#4341 = VERTEX_POINT ( 'NONE', #2687 ) ;
#4342 = CARTESIAN_POINT ( 'NONE',  ( -3.499999999999999556, -0.1250000000000000000, 5.000000000000000888 ) ) ;
#4343 = DIRECTION ( 'NONE',  ( 0.000000000000000000, 0.000000000000000000, -1.000000000000000000 ) ) ;
#4344 = SPHERICAL_SURFACE ( 'NONE', #3835, 0.2250000000000000888 ) ;
#4345 = PRESENTATION_LAYER_ASSIGNMENT (  '', '', ( #3564 ) ) ;
#4346 = PRESENTATION_LAYER_ASSIGNMENT (  '', '', ( #2810 ) ) ;
#4347 = DIRECTION ( 'NONE',  ( -0.000000000000000000, -0.000000000000000000, -1.000000000000000000 ) ) ;
#4348 =( NAMED_UNIT ( * ) SI_UNIT ( $, .STERADIAN. ) SOLID_ANGLE_UNIT ( ) );
#4349 = ORIENTED_EDGE ( 'NONE', *, *, #2591, .T. ) ;
#4350 = AXIS2_PLACEMENT_3D ( 'NONE', #5903, #5245, #1737 ) ;
#4351 = EDGE_LOOP ( 'NONE', ( #5629, #7572, #5673 ) ) ;
#4352 = DIRECTION ( 'NONE',  ( -0.000000000000000000, -0.000000000000000000, -1.000000000000000000 ) ) ;
#4353 = CIRCLE ( 'NONE', #247, 0.2250000000000001443 ) ;
#4354 = ORIENTED_EDGE ( 'NONE', *, *, #4716, .F. ) ;
#4355 = SURFACE_SIDE_STYLE ('',( #4022 ) ) ;
#4356 = DIRECTION ( 'NONE',  ( 0.000000000000000000, -1.000000000000000000, 0.000000000000000000 ) ) ;
#4357 = SURFACE_STYLE_USAGE ( .BOTH. , #8758 ) ;
#4358 = ORIENTED_EDGE ( 'NONE', *, *, #9006, .T. ) ;
#4359 = DIRECTION ( 'NONE',  ( 0.000000000000000000, -1.000000000000000000, 0.000000000000000000 ) ) ;
#4360 = FACE_BOUND ( 'NONE', #8666, .T. ) ;
#4361 =( GEOMETRIC_REPRESENTATION_CONTEXT ( 3 ) GLOBAL_UNCERTAINTY_ASSIGNED_CONTEXT ( ( #4331 ) ) GLOBAL_UNIT_ASSIGNED_CONTEXT ( ( #3882, #6641, #969 ) ) REPRESENTATION_CONTEXT ( 'NONE', 'WORKASPACE' ) );
#4362 = SURFACE_STYLE_USAGE ( .BOTH. , #5084 ) ;
#4363 = PRESENTATION_STYLE_ASSIGNMENT (( #5176 ) ) ;
#4364 = CARTESIAN_POINT ( 'NONE',  ( 0.5000000000000004441, -0.1250000000000000000, -1.000000000000000000 ) ) ;
#4365 = COLOUR_RGB ( '',0.8941176470588234615, 0.9137254901960784048, 0.9294117647058823817 ) ;
#4366 = AXIS2_PLACEMENT_3D ( 'NONE', #7745, #9270, #7839 ) ;
#4367 = SPHERICAL_SURFACE ( 'NONE', #3243, 0.2250000000000000888 ) ;
#4368 = VERTEX_POINT ( 'NONE', #2742 ) ;
#4369 = SURFACE_STYLE_FILL_AREA ( #5873 ) ;
#4370 = AXIS2_PLACEMENT_3D ( 'NONE', #724, #3706, #4440 ) ;
#4371 = ADVANCED_FACE ( 'NONE', ( #4188 ), #7886, .T. ) ;
#4372 = DIRECTION ( 'NONE',  ( -1.000000000000000000, 0.000000000000000000, 0.000000000000000000 ) ) ;
#4373 = PRESENTATION_STYLE_ASSIGNMENT (( #4332 ) ) ;
#4374 = AXIS2_PLACEMENT_3D ( 'NONE', #7826, #508, #1286 ) ;
#4375 = CIRCLE ( 'NONE', #3433, 0.1870828693386971664 ) ;
#4376 = SURFACE_STYLE_USAGE ( .BOTH. , #6586 ) ;
#4377 = FILL_AREA_STYLE ('',( #1447 ) ) ;
#4378 = STYLED_ITEM ( 'NONE', ( #839 ), #9314 ) ;
#4379 = COLOUR_RGB ( '',0.8941176470588234615, 0.9137254901960784048, 0.9294117647058823817 ) ;
#4380 = CIRCLE ( 'NONE', #9395, 0.2249999999999999500 ) ;
#4381 = CARTESIAN_POINT ( 'NONE',  ( 1.500000000000000444, -0.1250000000000000000, 1.000000000000000888 ) ) ;
#4382 =( NAMED_UNIT ( * ) PLANE_ANGLE_UNIT ( ) SI_UNIT ( $, .RADIAN. ) );
#4383 = EDGE_CURVE ( 'NONE', #2562, #5317, #2780, .T. ) ;
#4384 = CARTESIAN_POINT ( 'NONE',  ( -2.499999999999999556, -0.3500000000000000333, -2.000000000000000000 ) ) ;
#4385 = ORIENTED_EDGE ( 'NONE', *, *, #2526, .T. ) ;
#4386 = SURFACE_SIDE_STYLE ('',( #2843 ) ) ;
#4387 = DIRECTION ( 'NONE',  ( 0.000000000000000000, -1.000000000000000000, 0.000000000000000000 ) ) ;
#4388 = AXIS2_PLACEMENT_3D ( 'NONE', #6911, #9099, #4839 ) ;
#4390 = AXIS2_PLACEMENT_3D ( 'NONE', #517, #4183, #377 ) ;
#4389 = CIRCLE ( 'NONE', #6792, 0.2250000000000000611 ) ;
#4391 = AXIS2_PLACEMENT_3D ( 'NONE', #205, #2311, #121 ) ;
#4392 = FILL_AREA_STYLE_COLOUR ( '', #7450 ) ;
#4393 = MECHANICAL_DESIGN_GEOMETRIC_PRESENTATION_REPRESENTATION (  '', ( #4680 ), #5897 ) ;
#4395 = PRESENTATION_LAYER_ASSIGNMENT (  '', '', ( #2530 ) ) ;
#4394 = PRESENTATION_LAYER_ASSIGNMENT (  '', '', ( #4077 ) ) ;
#4396 =( NAMED_UNIT ( * ) PLANE_ANGLE_UNIT ( ) SI_UNIT ( $, .RADIAN. ) );
#4397 = VERTEX_POINT ( 'NONE', #2788 ) ;
#4398 = DIRECTION ( 'NONE',  ( 0.000000000000000000, 0.000000000000000000, -1.000000000000000000 ) ) ;
#4399 = CARTESIAN_POINT ( 'NONE',  ( -4.312917130661302778, 0.000000000000000000, -8.000000000000000000 ) ) ;
#4401 = ORIENTED_EDGE ( 'NONE', *, *, #7449, .T. ) ;
#4400 = DIRECTION ( 'NONE',  ( 0.000000000000000000, 0.000000000000000000, 1.000000000000000000 ) ) ;
#4402 = PRESENTATION_STYLE_ASSIGNMENT (( #7997 ) ) ;
#4403 = AXIS2_PLACEMENT_3D ( 'NONE', #5737, #3384, #9212 ) ;
#4404 = EDGE_CURVE ( 'NONE', #2450, #1813, #1347, .T. ) ;
#4405 = CIRCLE ( 'NONE', #3160, 0.2249999999999999500 ) ;
#4406 =( NAMED_UNIT ( * ) PLANE_ANGLE_UNIT ( ) SI_UNIT ( $, .RADIAN. ) );
#4407 = SURFACE_STYLE_USAGE ( .BOTH. , #35 ) ;
#4408 = CARTESIAN_POINT ( 'NONE',  ( 1.687082869338697666, 0.000000000000000000, 2.999999999999999112 ) ) ;
#4409 = EDGE_LOOP ( 'NONE', ( #4703, #9334, #4295 ) ) ;
#4410 = EDGE_LOOP ( 'NONE', ( #8807, #8662 ) ) ;
#4411 = SURFACE_STYLE_FILL_AREA ( #4990 ) ;
#4412 = FACE_BOUND ( 'NONE', #6859, .T. ) ;
#4413 = CIRCLE ( 'NONE', #4101, 0.1870828693386972497 ) ;
#4414 = FILL_AREA_STYLE ('',( #3731 ) ) ;
#4415 = CARTESIAN_POINT ( 'NONE',  ( -6.800000000000002487, -0.02500000000000000139, -8.299999999999995381 ) ) ;
#4416 = FILL_AREA_STYLE ('',( #6621 ) ) ;
#4417 =( GEOMETRIC_REPRESENTATION_CONTEXT ( 3 ) GLOBAL_UNCERTAINTY_ASSIGNED_CONTEXT ( ( #1317 ) ) GLOBAL_UNIT_ASSIGNED_CONTEXT ( ( #6244, #7131, #2740 ) ) REPRESENTATION_CONTEXT ( 'NONE', 'WORKASPACE' ) );
#4418 = ORIENTED_EDGE ( 'NONE', *, *, #428, .F. ) ;
#4419 = CARTESIAN_POINT ( 'NONE',  ( -3.687082869338696778, 0.000000000000000000, 2.000000000000000000 ) ) ;
#4420 = CARTESIAN_POINT ( 'NONE',  ( 3.500000000000000444, -0.1250000000000000000, -8.000000000000000000 ) ) ;
#4421 = DIRECTION ( 'NONE',  ( -1.000000000000000000, 0.000000000000000000, 0.000000000000000000 ) ) ;
#4422 = UNCERTAINTY_MEASURE_WITH_UNIT (LENGTH_MEASURE( 1.000000000000000082E-05 ), #4312, 'distance_accuracy_value', 'NONE');
#4423 = DIRECTION ( 'NONE',  ( -1.224646799147353207E-16, 0.000000000000000000, 1.000000000000000000 ) ) ;
#4424 = SURFACE_SIDE_STYLE ('',( #8452 ) ) ;
#4425 = EDGE_CURVE ( 'NONE', #4081, #4128, #4617, .T. ) ;
#4426 = ADVANCED_FACE ( 'NONE', ( #6447 ), #2926, .T. ) ;
#4427 = FILL_AREA_STYLE ('',( #2213 ) ) ;
#4428 = CARTESIAN_POINT ( 'NONE',  ( 0.6870828693386975550, 0.000000000000000000, -5.000000000000000000 ) ) ;
#4429 =( NAMED_UNIT ( * ) SI_UNIT ( $, .STERADIAN. ) SOLID_ANGLE_UNIT ( ) );
#4430 = SURFACE_STYLE_USAGE ( .BOTH. , #7188 ) ;
#4431 = SURFACE_STYLE_FILL_AREA ( #7142 ) ;
#4432 = CARTESIAN_POINT ( 'NONE',  ( -1.499999999999999556, -0.1250000000000000000, 2.000000000000000000 ) ) ;
#4433 = EDGE_CURVE ( 'NONE', #5950, #5852, #3690, .T. ) ;
#4434 = EDGE_CURVE ( 'NONE', #8551, #4148, #4928, .T. ) ;
#4435 = DIRECTION ( 'NONE',  ( 1.000000000000000000, 0.000000000000000000, 0.000000000000000000 ) ) ;
#4436 = EDGE_CURVE ( 'NONE', #3641, #4823, #5977, .T. ) ;
#4437 = ADVANCED_FACE ( 'NONE', ( #6538 ), #7332, .F. ) ;
#4438 = CIRCLE ( 'NONE', #1363, 0.2249999999999999500 ) ;
#4439 = CARTESIAN_POINT ( 'NONE',  ( 4.500000000000001776, -0.1250000000000000000, -8.000000000000000000 ) ) ;
#4440 = DIRECTION ( 'NONE',  ( -1.000000000000000000, 0.000000000000000000, 0.000000000000000000 ) ) ;
#4441 = ORIENTED_EDGE ( 'NONE', *, *, #3827, .F. ) ;
#4442 = CARTESIAN_POINT ( 'NONE',  ( -2.312917130661302334, 0.000000000000000000, 2.000000000000000000 ) ) ;
#4444 = ORIENTED_EDGE ( 'NONE', *, *, #6053, .T. ) ;
#4443 = DIRECTION ( 'NONE',  ( -1.000000000000000000, 0.000000000000000000, 0.000000000000000000 ) ) ;
#4445 = DIRECTION ( 'NONE',  ( 0.000000000000000000, 0.000000000000000000, 1.000000000000000000 ) ) ;
#4446 = DIRECTION ( 'NONE',  ( 0.000000000000000000, 0.000000000000000000, -1.000000000000000000 ) ) ;
#4447 = VERTEX_POINT ( 'NONE', #8783 ) ;
#4448 = DIRECTION ( 'NONE',  ( -1.224646799147353207E-16, 0.000000000000000000, 1.000000000000000000 ) ) ;
#4449 =( GEOMETRIC_REPRESENTATION_CONTEXT ( 3 ) GLOBAL_UNCERTAINTY_ASSIGNED_CONTEXT ( ( #8350 ) ) GLOBAL_UNIT_ASSIGNED_CONTEXT ( ( #336, #9020, #6387 ) ) REPRESENTATION_CONTEXT ( 'NONE', 'WORKASPACE' ) );
#4450 = DIRECTION ( 'NONE',  ( 0.000000000000000000, 0.000000000000000000, 1.000000000000000000 ) ) ;
#4451 = PRESENTATION_STYLE_ASSIGNMENT (( #9352 ) ) ;
#4452 = DIRECTION ( 'NONE',  ( -1.000000000000000000, 0.000000000000000000, 0.000000000000000000 ) ) ;
#4453 = ORIENTED_EDGE ( 'NONE', *, *, #239, .T. ) ;
#4454 = SURFACE_SIDE_STYLE ('',( #6615 ) ) ;
#4455 = FACE_BOUND ( 'NONE', #1241, .T. ) ;
#4456 = CARTESIAN_POINT ( 'NONE',  ( 0.6870828693386975550, 0.000000000000000000, 5.000000000000000888 ) ) ;
#4457 =( GEOMETRIC_REPRESENTATION_CONTEXT ( 3 ) GLOBAL_UNCERTAINTY_ASSIGNED_CONTEXT ( ( #2822 ) ) GLOBAL_UNIT_ASSIGNED_CONTEXT ( ( #6099, #6914, #3159 ) ) REPRESENTATION_CONTEXT ( 'NONE', 'WORKASPACE' ) );
#4458 = PRESENTATION_LAYER_ASSIGNMENT (  '', '', ( #7639 ) ) ;
#4459 = DIRECTION ( 'NONE',  ( 0.000000000000000000, 0.000000000000000000, 1.000000000000000000 ) ) ;
#4460 = FILL_AREA_STYLE ('',( #3 ) ) ;
#4461 = EDGE_CURVE ( 'NONE', #2548, #9140, #672, .T. ) ;
#4462 =( LENGTH_UNIT ( ) NAMED_UNIT ( * ) SI_UNIT ( .MILLI., .METRE. ) );
#4463 = COLOUR_RGB ( '',0.3411764705882353033, 0.8392156862745098200, 0.4117647058823529216 ) ;
#4464 = DIRECTION ( 'NONE',  ( -1.000000000000000000, 0.000000000000000000, 0.000000000000000000 ) ) ;
#4465 = FILL_AREA_STYLE ('',( #3550 ) ) ;
#4466 = DIRECTION ( 'NONE',  ( -1.000000000000000000, 0.000000000000000000, 0.000000000000000000 ) ) ;
#4467 = MECHANICAL_DESIGN_GEOMETRIC_PRESENTATION_REPRESENTATION (  '', ( #3840 ), #9161 ) ;
#4468 =( GEOMETRIC_REPRESENTATION_CONTEXT ( 3 ) GLOBAL_UNCERTAINTY_ASSIGNED_CONTEXT ( ( #7781 ) ) GLOBAL_UNIT_ASSIGNED_CONTEXT ( ( #3146, #8229, #8283 ) ) REPRESENTATION_CONTEXT ( 'NONE', 'WORKASPACE' ) );
#4469 = CIRCLE ( 'NONE', #373, 0.2250000000000000611 ) ;
#4470 = DIRECTION ( 'NONE',  ( 0.000000000000000000, -1.000000000000000000, 0.000000000000000000 ) ) ;
#4471 = PRESENTATION_STYLE_ASSIGNMENT (( #1534 ) ) ;
#4472 = CIRCLE ( 'NONE', #3380, 0.1870828693386971664 ) ;
#4473 =( GEOMETRIC_REPRESENTATION_CONTEXT ( 3 ) GLOBAL_UNCERTAINTY_ASSIGNED_CONTEXT ( ( #2732 ) ) GLOBAL_UNIT_ASSIGNED_CONTEXT ( ( #2862, #8667, #5073 ) ) REPRESENTATION_CONTEXT ( 'NONE', 'WORKASPACE' ) );
#4474 = CARTESIAN_POINT ( 'NONE',  ( -3.499999999999999556, -0.3500000000000000333, -1.000000000000000000 ) ) ;
#4475 = UNCERTAINTY_MEASURE_WITH_UNIT (LENGTH_MEASURE( 1.000000000000000082E-05 ), #1058, 'distance_accuracy_value', 'NONE');
#4476 =( GEOMETRIC_REPRESENTATION_CONTEXT ( 3 ) GLOBAL_UNCERTAINTY_ASSIGNED_CONTEXT ( ( #2626 ) ) GLOBAL_UNIT_ASSIGNED_CONTEXT ( ( #2914, #6620, #2278 ) ) REPRESENTATION_CONTEXT ( 'NONE', 'WORKASPACE' ) );
#4477 = PRESENTATION_LAYER_ASSIGNMENT (  '', '', ( #4629 ) ) ;
#4478 =( GEOMETRIC_REPRESENTATION_CONTEXT ( 3 ) GLOBAL_UNCERTAINTY_ASSIGNED_CONTEXT ( ( #4657 ) ) GLOBAL_UNIT_ASSIGNED_CONTEXT ( ( #1535, #1455, #2892 ) ) REPRESENTATION_CONTEXT ( 'NONE', 'WORKASPACE' ) );
#4479 = CARTESIAN_POINT ( 'NONE',  ( -6.300000000000001599, -0.02500000000000000139, -8.799999999999995381 ) ) ;
#4480 = VERTEX_POINT ( 'NONE', #2884 ) ;
#4481 = ADVANCED_FACE ( 'NONE', ( #3778 ), #8108, .T. ) ;
#4482 = CARTESIAN_POINT ( 'NONE',  ( -5.100000000000002309, 0.8099999999999999423, -6.849999999999997868 ) ) ;
#4484 = EDGE_LOOP ( 'NONE', ( #1217, #1680 ) ) ;
#4483 = CARTESIAN_POINT ( 'NONE',  ( 3.500000000000000444, -0.3500000000000000333, 2.999999999999999112 ) ) ;
#4485 = EDGE_CURVE ( 'NONE', #1986, #9140, #2789, .T. ) ;
#4486 = FILL_AREA_STYLE_COLOUR ( '', #3497 ) ;
#4487 = MECHANICAL_DESIGN_GEOMETRIC_PRESENTATION_REPRESENTATION (  '', ( #8114 ), #7061 ) ;
#4488 =( NAMED_UNIT ( * ) SI_UNIT ( $, .STERADIAN. ) SOLID_ANGLE_UNIT ( ) );
#4489 = DIRECTION ( 'NONE',  ( 0.000000000000000000, 0.000000000000000000, -1.000000000000000000 ) ) ;
#4490 =( LENGTH_UNIT ( ) NAMED_UNIT ( * ) SI_UNIT ( .MILLI., .METRE. ) );
#4491 =( GEOMETRIC_REPRESENTATION_CONTEXT ( 3 ) GLOBAL_UNCERTAINTY_ASSIGNED_CONTEXT ( ( #2121 ) ) GLOBAL_UNIT_ASSIGNED_CONTEXT ( ( #1784, #8313, #8876 ) ) REPRESENTATION_CONTEXT ( 'NONE', 'WORKASPACE' ) );
#4492 = STYLED_ITEM ( 'NONE', ( #2610 ), #6378 ) ;
#4493 = FILL_AREA_STYLE ('',( #4540 ) ) ;
#4494 = SPHERICAL_SURFACE ( 'NONE', #7728, 0.2250000000000000888 ) ;
#4495 = ADVANCED_FACE ( 'NONE', ( #5746 ), #2340, .T. ) ;
#4496 = VERTEX_POINT ( 'NONE', #2124 ) ;
#4497 =( NAMED_UNIT ( * ) SI_UNIT ( $, .STERADIAN. ) SOLID_ANGLE_UNIT ( ) );
#4498 = VERTEX_POINT ( 'NONE', #6145 ) ;
#4499 = FACE_BOUND ( 'NONE', #2896, .T. ) ;
#4500 = PRESENTATION_STYLE_ASSIGNMENT (( #6810 ) ) ;
#4501 = STYLED_ITEM ( 'NONE', ( #485 ), #7622 ) ;
#4502 = DIRECTION ( 'NONE',  ( 0.000000000000000000, -1.000000000000000000, 0.000000000000000000 ) ) ;
#4503 = ORIENTED_EDGE ( 'NONE', *, *, #6740, .F. ) ;
#4504 = DIRECTION ( 'NONE',  ( -1.000000000000000000, 0.000000000000000000, 0.000000000000000000 ) ) ;
#4505 = SURFACE_STYLE_FILL_AREA ( #2463 ) ;
#4506 = CARTESIAN_POINT ( 'NONE',  ( -1.499999999999999556, 0.000000000000000000, 0.000000000000000000 ) ) ;
#4507 = CARTESIAN_POINT ( 'NONE',  ( -3.499999999999999556, 0.000000000000000000, 2.000000000000000000 ) ) ;
#4508 =( NAMED_UNIT ( * ) PLANE_ANGLE_UNIT ( ) SI_UNIT ( $, .RADIAN. ) );
#4509 = FILL_AREA_STYLE ('',( #6677 ) ) ;
#4510 = CARTESIAN_POINT ( 'NONE',  ( 2.312917130661303222, 0.000000000000000000, -3.000000000000000000 ) ) ;
#4511 = SURFACE_STYLE_FILL_AREA ( #5788 ) ;
#4512 = EDGE_CURVE ( 'NONE', #6614, #7396, #226, .T. ) ;
#4513 = SURFACE_STYLE_USAGE ( .BOTH. , #6683 ) ;
#4514 = ORIENTED_EDGE ( 'NONE', *, *, #84, .F. ) ;
#4515 = STYLED_ITEM ( 'NONE', ( #2284 ), #2900 ) ;
#4516 = SPHERICAL_SURFACE ( 'NONE', #2678, 0.2250000000000000888 ) ;
#4517 = STYLED_ITEM ( 'NONE', ( #5565 ), #500 ) ;
#4518 = DIRECTION ( 'NONE',  ( 0.000000000000000000, 1.000000000000000000, 0.000000000000000000 ) ) ;
#4519 = CARTESIAN_POINT ( 'NONE',  ( -5.100000000000002309, 0.9100000000000000311, -7.099999999999997868 ) ) ;
#4520 = FILL_AREA_STYLE_COLOUR ( '', #6712 ) ;
#4521 = CIRCLE ( 'NONE', #1611, 0.1870828693386972497 ) ;
#4522 = PRESENTATION_STYLE_ASSIGNMENT (( #3611 ) ) ;
#4523 = AXIS2_PLACEMENT_3D ( 'NONE', #7311, #773, #6556 ) ;
#4525 = CIRCLE ( 'NONE', #3752, 0.1870828693386972497 ) ;
#4524 = AXIS2_PLACEMENT_3D ( 'NONE', #9286, #7049, #3464 ) ;
#4526 = ORIENTED_EDGE ( 'NONE', *, *, #7851, .T. ) ;
#4527 = FILL_AREA_STYLE ('',( #3127 ) ) ;
#4528 = SPHERICAL_SURFACE ( 'NONE', #7573, 0.2250000000000000888 ) ;
#4530 = ORIENTED_EDGE ( 'NONE', *, *, #8967, .F. ) ;
#4529 = PRESENTATION_STYLE_ASSIGNMENT (( #4624 ) ) ;
#4531 = MECHANICAL_DESIGN_GEOMETRIC_PRESENTATION_REPRESENTATION (  '', ( #9403 ), #5442 ) ;
#4532 = FILL_AREA_STYLE ('',( #6656 ) ) ;
#4533 = FACE_OUTER_BOUND ( 'NONE', #9192, .T. ) ;
#4534 =( GEOMETRIC_REPRESENTATION_CONTEXT ( 3 ) GLOBAL_UNCERTAINTY_ASSIGNED_CONTEXT ( ( #6971 ) ) GLOBAL_UNIT_ASSIGNED_CONTEXT ( ( #487, #8340, #7556 ) ) REPRESENTATION_CONTEXT ( 'NONE', 'WORKASPACE' ) );
#4535 = COLOUR_RGB ( '',0.8941176470588234615, 0.9137254901960784048, 0.9294117647058823817 ) ;
#4536 = SURFACE_SIDE_STYLE ('',( #938 ) ) ;
#4537 = EDGE_CURVE ( 'NONE', #2033, #5427, #813, .T. ) ;
#4538 = EDGE_CURVE ( 'NONE', #684, #469, #4472, .T. ) ;
#4539 =( NAMED_UNIT ( * ) SI_UNIT ( $, .STERADIAN. ) SOLID_ANGLE_UNIT ( ) );
#4540 = FILL_AREA_STYLE_COLOUR ( '', #3914 ) ;
#4541 = PRESENTATION_STYLE_ASSIGNMENT (( #5389 ) ) ;
#4542 = MECHANICAL_DESIGN_GEOMETRIC_PRESENTATION_REPRESENTATION (  '', ( #6184 ), #8163 ) ;
#4543 = ORIENTED_EDGE ( 'NONE', *, *, #4783, .F. ) ;
#4544 = FILL_AREA_STYLE ('',( #218 ) ) ;
#4545 = ORIENTED_EDGE ( 'NONE', *, *, #711, .F. ) ;
#4546 = PRESENTATION_LAYER_ASSIGNMENT (  '', '', ( #8634 ) ) ;
#4547 = SPHERICAL_SURFACE ( 'NONE', #2123, 0.2250000000000000888 ) ;
#4548 = ADVANCED_FACE ( 'NONE', ( #8150 ), #6013, .T. ) ;
#4549 = EDGE_CURVE ( 'NONE', #1302, #5015, #6720, .T. ) ;
#4550 = CIRCLE ( 'NONE', #6964, 0.2250000000000001443 ) ;
#4551 = DIRECTION ( 'NONE',  ( 1.000000000000000000, 0.000000000000000000, 0.000000000000000000 ) ) ;
#4552 = SURFACE_SIDE_STYLE ('',( #4595 ) ) ;
#4553 = FILL_AREA_STYLE_COLOUR ( '', #7492 ) ;
#4554 = VERTEX_POINT ( 'NONE', #7508 ) ;
#4555 = MECHANICAL_DESIGN_GEOMETRIC_PRESENTATION_REPRESENTATION (  '', ( #6354 ), #459 ) ;
#4556 = DIRECTION ( 'NONE',  ( 0.000000000000000000, 0.000000000000000000, -1.000000000000000000 ) ) ;
#4557 = DIRECTION ( 'NONE',  ( -1.224646799147353207E-16, 0.000000000000000000, 1.000000000000000000 ) ) ;
#4558 = DIRECTION ( 'NONE',  ( 1.000000000000000000, 0.000000000000000000, 0.000000000000000000 ) ) ;
#4559 = EDGE_LOOP ( 'NONE', ( #649, #6417, #2544 ) ) ;
#4560 = CARTESIAN_POINT ( 'NONE',  ( 1.500000000000000444, -0.1250000000000000000, 1.000000000000000888 ) ) ;
#4561 = CARTESIAN_POINT ( 'NONE',  ( -2.499999999999999556, -0.1250000000000000000, 1.000000000000000888 ) ) ;
#4562 = SURFACE_STYLE_USAGE ( .BOTH. , #1628 ) ;
#4563 =( GEOMETRIC_REPRESENTATION_CONTEXT ( 3 ) GLOBAL_UNCERTAINTY_ASSIGNED_CONTEXT ( ( #4475 ) ) GLOBAL_UNIT_ASSIGNED_CONTEXT ( ( #1058, #387, #250 ) ) REPRESENTATION_CONTEXT ( 'NONE', 'WORKASPACE' ) );
#4564 = DIRECTION ( 'NONE',  ( -1.000000000000000000, 0.000000000000000000, 0.000000000000000000 ) ) ;
#4565 = CIRCLE ( 'NONE', #5775, 0.1870828693386972497 ) ;
#4566 = DIRECTION ( 'NONE',  ( 0.000000000000000000, 0.000000000000000000, -1.000000000000000000 ) ) ;
#4567 = COLOUR_RGB ( '',0.8941176470588234615, 0.9137254901960784048, 0.9294117647058823817 ) ;
#4568 = ORIENTED_EDGE ( 'NONE', *, *, #7515, .T. ) ;
#4569 = UNCERTAINTY_MEASURE_WITH_UNIT (LENGTH_MEASURE( 1.000000000000000082E-05 ), #4462, 'distance_accuracy_value', 'NONE');
#4570 = SURFACE_STYLE_USAGE ( .BOTH. , #1637 ) ;
#4571 = CARTESIAN_POINT ( 'NONE',  ( -4.500000000000000000, -0.1250000000000000000, 6.999999999999999112 ) ) ;
#4572 = ORIENTED_EDGE ( 'NONE', *, *, #3613, .F. ) ;
#4573 = DIRECTION ( 'NONE',  ( -1.224646799147353207E-16, 0.000000000000000000, 1.000000000000000000 ) ) ;
#4574 = CARTESIAN_POINT ( 'NONE',  ( -0.4999999999999995559, -0.1250000000000000000, -5.000000000000000000 ) ) ;
#4576 = EDGE_LOOP ( 'NONE', ( #5583, #3838, #2413 ) ) ;
#4575 = PLANE ( 'NONE',  #2852 ) ;
#4577 = AXIS2_PLACEMENT_3D ( 'NONE', #4071, #7637, #4123 ) ;
#4578 = CARTESIAN_POINT ( 'NONE',  ( 2.500000000000000444, -0.1250000000000000000, 5.000000000000000888 ) ) ;
#4579 = CARTESIAN_POINT ( 'NONE',  ( 6.999999999999998224, 0.000000000000000000, -8.999999999999998224 ) ) ;
#4580 = VERTEX_POINT ( 'NONE', #960 ) ;
#4581 = CARTESIAN_POINT ( 'NONE',  ( -3.499999999999999556, -0.1250000000000000000, 4.000000000000000000 ) ) ;
#4582 = DIRECTION ( 'NONE',  ( -1.000000000000000000, 0.000000000000000000, 0.000000000000000000 ) ) ;
#4583 = DIRECTION ( 'NONE',  ( -1.000000000000000000, 0.000000000000000000, 0.000000000000000000 ) ) ;
#4584 = DIRECTION ( 'NONE',  ( -1.000000000000000000, 0.000000000000000000, 0.000000000000000000 ) ) ;
#4585 = ORIENTED_EDGE ( 'NONE', *, *, #70, .F. ) ;
#4586 =( LENGTH_UNIT ( ) NAMED_UNIT ( * ) SI_UNIT ( .MILLI., .METRE. ) );
#4587 = EDGE_LOOP ( 'NONE', ( #5808, #4526, #396 ) ) ;
#4588 = FACE_BOUND ( 'NONE', #5065, .T. ) ;
#4589 = ADVANCED_FACE ( 'NONE', ( #3930 ), #4276, .T. ) ;
#4590 = PLANE ( 'NONE',  #935 ) ;
#4591 = SURFACE_STYLE_FILL_AREA ( #3188 ) ;
#4592 = ADVANCED_FACE ( 'NONE', ( #4737 ), #6383, .T. ) ;
#4593 = DIRECTION ( 'NONE',  ( -1.000000000000000000, 0.000000000000000000, 0.000000000000000000 ) ) ;
#4594 = FILL_AREA_STYLE_COLOUR ( '', #1483 ) ;
#4595 = SURFACE_STYLE_FILL_AREA ( #8898 ) ;
#4596 = PRESENTATION_STYLE_ASSIGNMENT (( #5309 ) ) ;
#4597 = VERTEX_POINT ( 'NONE', #5693 ) ;
#4598 = UNCERTAINTY_MEASURE_WITH_UNIT (LENGTH_MEASURE( 1.000000000000000082E-05 ), #9323, 'distance_accuracy_value', 'NONE');
#4599 = SURFACE_STYLE_USAGE ( .BOTH. , #876 ) ;
#4600 = DIRECTION ( 'NONE',  ( 0.000000000000000000, 0.000000000000000000, 1.000000000000000000 ) ) ;
#4601 = EDGE_CURVE ( 'NONE', #402, #6274, #6878, .T. ) ;
#4602 = EDGE_CURVE ( 'NONE', #3947, #7402, #8101, .T. ) ;
#4603 = DIRECTION ( 'NONE',  ( -0.000000000000000000, -1.000000000000000000, -0.000000000000000000 ) ) ;
#4604 = CIRCLE ( 'NONE', #8989, 0.1870828693386971386 ) ;
#4605 =( GEOMETRIC_REPRESENTATION_CONTEXT ( 3 ) GLOBAL_UNCERTAINTY_ASSIGNED_CONTEXT ( ( #1054 ) ) GLOBAL_UNIT_ASSIGNED_CONTEXT ( ( #6992, #5532, #4767 ) ) REPRESENTATION_CONTEXT ( 'NONE', 'WORKASPACE' ) );
#4606 = FILL_AREA_STYLE ('',( #6059 ) ) ;
#4607 = CARTESIAN_POINT ( 'NONE',  ( 3.500000000000000444, -0.1250000000000000000, 2.000000000000000000 ) ) ;
#4608 = FILL_AREA_STYLE ('',( #5324 ) ) ;
#4609 = ADVANCED_FACE ( 'NONE', ( #5500 ), #1860, .F. ) ;
#4610 = CARTESIAN_POINT ( 'NONE',  ( 2.500000000000000444, -0.1250000000000000000, -1.000000000000000000 ) ) ;
#4611 = AXIS2_PLACEMENT_3D ( 'NONE', #7535, #2443, #172 ) ;
#4612 =( GEOMETRIC_REPRESENTATION_CONTEXT ( 3 ) GLOBAL_UNCERTAINTY_ASSIGNED_CONTEXT ( ( #7687 ) ) GLOBAL_UNIT_ASSIGNED_CONTEXT ( ( #7695, #894, #4488 ) ) REPRESENTATION_CONTEXT ( 'NONE', 'WORKASPACE' ) );
#4613 = CIRCLE ( 'NONE', #212, 0.1870828693386971664 ) ;
#4614 = SURFACE_STYLE_USAGE ( .BOTH. , #8258 ) ;
#4615 = ORIENTED_EDGE ( 'NONE', *, *, #6857, .F. ) ;
#4616 = SURFACE_SIDE_STYLE ('',( #8262 ) ) ;
#4617 = CIRCLE ( 'NONE', #7801, 0.1870828693386972497 ) ;
#4618 = AXIS2_PLACEMENT_3D ( 'NONE', #5621, #9222, #8307 ) ;
#4619 =( NAMED_UNIT ( * ) PLANE_ANGLE_UNIT ( ) SI_UNIT ( $, .RADIAN. ) );
#4620 = ORIENTED_EDGE ( 'NONE', *, *, #6144, .F. ) ;
#4621 = DIRECTION ( 'NONE',  ( -1.224646799147353207E-16, 0.000000000000000000, 1.000000000000000000 ) ) ;
#4622 = CLOSED_SHELL ( 'NONE', ( #4495, #2419, #8484, #7187, #541, #6262, #3658, #8359, #246, #8724, #9188, #7916, #914, #4548, #8800, #600, #3536, #47, #4770, #8713, #1430, #20, #2664, #1185, #277, #2366, #4800, #1494, #3183, #4829, #2685, #1139, #4132, #5194, #9057, #8881, #140, #2035, #7089, #9314, #8933, #7960, #1934, #918, #2418, #1591, #6504, #2905, #902, #6757, #7162, #9249, #1801, #3790, #6152, #4592, #3413, #8242, #6374, #8686, #1206, #7388, #9361, #1372, #8448, #7675, #7554, #7102, #6980, #1554, #868, #527, #2850, #6494, #248, #4013, #4190, #9113, #7135, #7735, #2967, #1604, #9049, #9387, #855, #6411, #5141, #7365, #4959, #3504, #6568, #1322, #6589, #6142, #1979, #4371, #9059, #3277, #8430, #5648, #8490, #6263, #4437, #3092, #1326, #4609, #5236, #8653, #8073, #2019, #5237, #6623, #5857, #6727, #8064, #972, #6207, #4320, #540, #4831, #1218, #1715, #5925, #7686, #4631, #7622, #7878, #5700, #195, #1192, #6452, #7353, #646, #8129, #8841, #1659, #4481, #9064, #7863, #4779, #3549, #500, #3815, #4130, #4211, #2032, #2900, #2534, #5077, #8026, #5972, #1681, #1099, #637, #3016, #9138, #1631, #820, #1836, #2593, #8779, #3470, #5479, #766, #1901, #6678, #5607, #2139, #8244, #306, #2812, #7785, #2471, #2407, #5944, #1028, #2145, #7904, #5537, #4426, #9125, #3069, #3746, #636, #6610, #6912, #5285, #8306, #362, #6876, #2190, #2355, #965, #151, #3018, #1311, #566, #4667, #9050, #5039, #3289, #7462, #4589, #6378, #7108, #3119, #7041, #2496 ) ) ;
#4623 = DIRECTION ( 'NONE',  ( 0.000000000000000000, -1.000000000000000000, 0.000000000000000000 ) ) ;
#4625 = EDGE_LOOP ( 'NONE', ( #2020, #305, #8537 ) ) ;
#4624 = SURFACE_STYLE_USAGE ( .BOTH. , #1739 ) ;
#4626 = DIRECTION ( 'NONE',  ( 0.000000000000000000, -1.000000000000000000, 0.000000000000000000 ) ) ;
#4627 = DIRECTION ( 'NONE',  ( 0.000000000000000000, 0.000000000000000000, 1.000000000000000000 ) ) ;
#4628 =( GEOMETRIC_REPRESENTATION_CONTEXT ( 3 ) GLOBAL_UNCERTAINTY_ASSIGNED_CONTEXT ( ( #1829 ) ) GLOBAL_UNIT_ASSIGNED_CONTEXT ( ( #3053, #6098, #1004 ) ) REPRESENTATION_CONTEXT ( 'NONE', 'WORKASPACE' ) );
#4629 = STYLED_ITEM ( 'NONE', ( #5206 ), #7108 ) ;
#4630 = ORIENTED_EDGE ( 'NONE', *, *, #5670, .F. ) ;
#4631 = ADVANCED_FACE ( 'NONE', ( #7274 ), #693, .T. ) ;
#4632 = AXIS2_PLACEMENT_3D ( 'NONE', #4199, #535, #3561 ) ;
#4633 = DIRECTION ( 'NONE',  ( 0.000000000000000000, 0.000000000000000000, -1.000000000000000000 ) ) ;
#4634 = DIRECTION ( 'NONE',  ( 1.000000000000000000, 0.000000000000000000, 0.000000000000000000 ) ) ;
#4635 = SURFACE_STYLE_FILL_AREA ( #3908 ) ;
#4636 = AXIS2_PLACEMENT_3D ( 'NONE', #4415, #785, #3635 ) ;
#4637 = AXIS2_PLACEMENT_3D ( 'NONE', #5674, #7101, #1996 ) ;
#4638 = EDGE_LOOP ( 'NONE', ( #7731, #17 ) ) ;
#4639 = FACE_OUTER_BOUND ( 'NONE', #561, .T. ) ;
#4640 = MECHANICAL_DESIGN_GEOMETRIC_PRESENTATION_REPRESENTATION (  '', ( #6595 ), #4025 ) ;
#4641 = VERTEX_POINT ( 'NONE', #2198 ) ;
#4642 = FACE_BOUND ( 'NONE', #9409, .T. ) ;
#4643 = FILL_AREA_STYLE ('',( #317 ) ) ;
#4644 = SPHERICAL_SURFACE ( 'NONE', #372, 0.2250000000000000888 ) ;
#4645 = PRESENTATION_LAYER_ASSIGNMENT (  '', '', ( #8270 ) ) ;
#4646 = CIRCLE ( 'NONE', #7071, 0.1870828693386971386 ) ;
#4647 = FACE_OUTER_BOUND ( 'NONE', #1552, .T. ) ;
#4648 = CARTESIAN_POINT ( 'NONE',  ( 2.500000000000000444, 0.000000000000000000, -3.000000000000000000 ) ) ;
#4649 =( NAMED_UNIT ( * ) PLANE_ANGLE_UNIT ( ) SI_UNIT ( $, .RADIAN. ) );
#4650 = VERTEX_POINT ( 'NONE', #4456 ) ;
#4651 = DIRECTION ( 'NONE',  ( -0.000000000000000000, 1.000000000000000000, 0.000000000000000000 ) ) ;
#4652 = MECHANICAL_DESIGN_GEOMETRIC_PRESENTATION_REPRESENTATION (  '', ( #3732 ), #2055 ) ;
#4653 = AXIS2_PLACEMENT_3D ( 'NONE', #9183, #4204, #7807 ) ;
#4654 = DIRECTION ( 'NONE',  ( 1.000000000000000000, 0.000000000000000000, 0.000000000000000000 ) ) ;
#4655 = SURFACE_SIDE_STYLE ('',( #2476 ) ) ;
#4656 = ORIENTED_EDGE ( 'NONE', *, *, #3772, .T. ) ;
#4657 = UNCERTAINTY_MEASURE_WITH_UNIT (LENGTH_MEASURE( 1.000000000000000082E-05 ), #1535, 'distance_accuracy_value', 'NONE');
#4658 = VERTEX_POINT ( 'NONE', #1431 ) ;
#4659 = PRESENTATION_STYLE_ASSIGNMENT (( #5360 ) ) ;
#4660 = EDGE_CURVE ( 'NONE', #1813, #6334, #8809, .T. ) ;
#4661 = FACE_OUTER_BOUND ( 'NONE', #4732, .T. ) ;
#4662 =( NAMED_UNIT ( * ) PLANE_ANGLE_UNIT ( ) SI_UNIT ( $, .RADIAN. ) );
#4663 =( LENGTH_UNIT ( ) NAMED_UNIT ( * ) SI_UNIT ( .MILLI., .METRE. ) );
#4664 = PRESENTATION_STYLE_ASSIGNMENT (( #3885 ) ) ;
#4665 = PRESENTATION_LAYER_ASSIGNMENT (  '', '', ( #3419 ) ) ;
#4667 = ADVANCED_FACE ( 'NONE', ( #5735 ), #3581, .T. ) ;
#4666 = CIRCLE ( 'NONE', #5868, 0.2250000000000001443 ) ;
#4668 = AXIS2_PLACEMENT_3D ( 'NONE', #7958, #8580, #5175 ) ;
#4669 = DIRECTION ( 'NONE',  ( -1.000000000000000000, 0.000000000000000000, 0.000000000000000000 ) ) ;
#4670 = CARTESIAN_POINT ( 'NONE',  ( -3.499999999999999556, -0.3500000000000000333, 2.000000000000000000 ) ) ;
#4671 = SURFACE_SIDE_STYLE ('',( #7387 ) ) ;
#4672 = EDGE_LOOP ( 'NONE', ( #3821, #4740, #8728, #3091 ) ) ;
#4673 =( NAMED_UNIT ( * ) PLANE_ANGLE_UNIT ( ) SI_UNIT ( $, .RADIAN. ) );
#4674 = DIRECTION ( 'NONE',  ( -1.000000000000000000, 0.000000000000000000, 0.000000000000000000 ) ) ;
#4675 = ORIENTED_EDGE ( 'NONE', *, *, #6970, .F. ) ;
#4676 = CARTESIAN_POINT ( 'NONE',  ( 3.500000000000000444, 0.000000000000000000, 4.000000000000000000 ) ) ;
#4677 = ORIENTED_EDGE ( 'NONE', *, *, #5414, .T. ) ;
#4678 = PRESENTATION_STYLE_ASSIGNMENT (( #3952 ) ) ;
#4679 = DIRECTION ( 'NONE',  ( 0.000000000000000000, 0.000000000000000000, 1.000000000000000000 ) ) ;
#4680 = STYLED_ITEM ( 'NONE', ( #4529 ), #8298 ) ;
#4681 = MECHANICAL_DESIGN_GEOMETRIC_PRESENTATION_REPRESENTATION (  '', ( #2680 ), #9402 ) ;
#4682 = DIRECTION ( 'NONE',  ( 0.000000000000000000, 0.000000000000000000, 1.000000000000000000 ) ) ;
#4683 = AXIS2_PLACEMENT_3D ( 'NONE', #134, #3093, #5209 ) ;
#4684 = VERTEX_POINT ( 'NONE', #1380 ) ;
#4685 = ADVANCED_FACE ( 'NONE', ( #8186 ), #4590, .T. ) ;
#4686 =( LENGTH_UNIT ( ) NAMED_UNIT ( * ) SI_UNIT ( .MILLI., .METRE. ) );
#4687 = ORIENTED_EDGE ( 'NONE', *, *, #3242, .T. ) ;
#4688 = FACE_BOUND ( 'NONE', #4096, .T. ) ;
#4689 = COLOUR_RGB ( '',0.2980392156862745057, 0.2980392156862745057, 0.2980392156862745057 ) ;
#4690 =( GEOMETRIC_REPRESENTATION_CONTEXT ( 3 ) GLOBAL_UNCERTAINTY_ASSIGNED_CONTEXT ( ( #3336 ) ) GLOBAL_UNIT_ASSIGNED_CONTEXT ( ( #8278, #215, #3803 ) ) REPRESENTATION_CONTEXT ( 'NONE', 'WORKASPACE' ) );
#4691 =( NAMED_UNIT ( * ) PLANE_ANGLE_UNIT ( ) SI_UNIT ( $, .RADIAN. ) );
#4692 = CARTESIAN_POINT ( 'NONE',  ( -3.499999999999999556, 0.000000000000000000, 5.000000000000000888 ) ) ;
#4693 = UNCERTAINTY_MEASURE_WITH_UNIT (LENGTH_MEASURE( 1.000000000000000082E-05 ), #131, 'distance_accuracy_value', 'NONE');
#4694 = CARTESIAN_POINT ( 'NONE',  ( -4.500000000000000000, -0.1250000000000000000, -8.000000000000000000 ) ) ;
#4695 = CARTESIAN_POINT ( 'NONE',  ( 2.500000000000000444, -0.1250000000000000000, -2.000000000000000000 ) ) ;
#4696 = ORIENTED_EDGE ( 'NONE', *, *, #8255, .F. ) ;
#4697 = CARTESIAN_POINT ( 'NONE',  ( 0.5000000000000004441, -0.1250000000000000000, 4.000000000000000000 ) ) ;
#4698 = SURFACE_STYLE_USAGE ( .BOTH. , #1806 ) ;
#4699 = FILL_AREA_STYLE_COLOUR ( '', #575 ) ;
#4700 = CARTESIAN_POINT ( 'NONE',  ( 4.500000000000001776, -0.1250000000000000000, 8.000000000000000000 ) ) ;
#4701 = ORIENTED_EDGE ( 'NONE', *, *, #186, .F. ) ;
#4702 = COLOUR_RGB ( '',0.8941176470588234615, 0.9137254901960784048, 0.9294117647058823817 ) ;
#4703 = ORIENTED_EDGE ( 'NONE', *, *, #8596, .F. ) ;
#4704 = FILL_AREA_STYLE ('',( #6728 ) ) ;
#4705 =( LENGTH_UNIT ( ) NAMED_UNIT ( * ) SI_UNIT ( .MILLI., .METRE. ) );
#4706 = UNCERTAINTY_MEASURE_WITH_UNIT (LENGTH_MEASURE( 1.000000000000000082E-05 ), #1698, 'distance_accuracy_value', 'NONE');
#4707 = DIRECTION ( 'NONE',  ( 0.000000000000000000, -1.000000000000000000, 0.000000000000000000 ) ) ;
#4708 = EDGE_CURVE ( 'NONE', #2629, #5317, #8109, .T. ) ;
#4709 = EDGE_CURVE ( 'NONE', #433, #3179, #3389, .T. ) ;
#4710 = ORIENTED_EDGE ( 'NONE', *, *, #5022, .T. ) ;
#4711 = PRESENTATION_LAYER_ASSIGNMENT (  '', '', ( #4270 ) ) ;
#4712 =( GEOMETRIC_REPRESENTATION_CONTEXT ( 3 ) GLOBAL_UNCERTAINTY_ASSIGNED_CONTEXT ( ( #7265 ) ) GLOBAL_UNIT_ASSIGNED_CONTEXT ( ( #1295, #1196, #612 ) ) REPRESENTATION_CONTEXT ( 'NONE', 'WORKASPACE' ) );
#4713 = ORIENTED_EDGE ( 'NONE', *, *, #2289, .F. ) ;
#4715 = ORIENTED_EDGE ( 'NONE', *, *, #3707, .F. ) ;
#4714 = SURFACE_STYLE_USAGE ( .BOTH. , #2492 ) ;
#4716 = EDGE_CURVE ( 'NONE', #6277, #2994, #4946, .T. ) ;
#4717 = CARTESIAN_POINT ( 'NONE',  ( -0.4999999999999995559, -0.1250000000000000000, 5.000000000000000888 ) ) ;
#4718 = EDGE_CURVE ( 'NONE', #1453, #5432, #2037, .T. ) ;
#4719 = EDGE_CURVE ( 'NONE', #5567, #3871, #4338, .T. ) ;
#4720 = ORIENTED_EDGE ( 'NONE', *, *, #8020, .F. ) ;
#4721 = EDGE_LOOP ( 'NONE', ( #2322, #9000, #8806 ) ) ;
#4722 = DIRECTION ( 'NONE',  ( -1.000000000000000000, 0.000000000000000000, 0.000000000000000000 ) ) ;
#4723 = DIRECTION ( 'NONE',  ( 0.000000000000000000, 0.000000000000000000, 1.000000000000000000 ) ) ;
#4724 = PRESENTATION_LAYER_ASSIGNMENT (  '', '', ( #3036 ) ) ;
#4725 = ORIENTED_EDGE ( 'NONE', *, *, #357, .T. ) ;
#4726 = ORIENTED_EDGE ( 'NONE', *, *, #7060, .T. ) ;
#4727 = SURFACE_STYLE_FILL_AREA ( #6229 ) ;
#4728 = CARTESIAN_POINT ( 'NONE',  ( 0.5000000000000004441, 0.000000000000000000, 1.000000000000000888 ) ) ;
#4729 = CARTESIAN_POINT ( 'NONE',  ( 0.000000000000000000, -0.02500000000000000139, 0.000000000000000000 ) ) ;
#4730 = CARTESIAN_POINT ( 'NONE',  ( -0.4999999999999995559, 0.000000000000000000, 5.000000000000000888 ) ) ;
#4731 = CARTESIAN_POINT ( 'NONE',  ( -2.687082869338696778, 0.000000000000000000, 2.999999999999999112 ) ) ;
#4732 = EDGE_LOOP ( 'NONE', ( #680, #6692 ) ) ;
#4733 = CARTESIAN_POINT ( 'NONE',  ( 1.500000000000000444, -0.1250000000000000000, 2.000000000000000000 ) ) ;
#4734 = DIRECTION ( 'NONE',  ( -0.000000000000000000, -0.000000000000000000, -1.000000000000000000 ) ) ;
#4735 = LINE ( 'NONE', #3622, #5484 ) ;
#4736 = CARTESIAN_POINT ( 'NONE',  ( -4.312917130661302778, 0.000000000000000000, 6.999999999999999112 ) ) ;
#4737 = FACE_OUTER_BOUND ( 'NONE', #8460, .T. ) ;
#4738 = ORIENTED_EDGE ( 'NONE', *, *, #6089, .F. ) ;
#4739 = UNCERTAINTY_MEASURE_WITH_UNIT (LENGTH_MEASURE( 1.000000000000000082E-05 ), #1957, 'distance_accuracy_value', 'NONE');
#4740 = ORIENTED_EDGE ( 'NONE', *, *, #7667, .T. ) ;
#4741 = CARTESIAN_POINT ( 'NONE',  ( 3.500000000000000444, -0.1250000000000000000, 2.000000000000000000 ) ) ;
#4742 = AXIS2_PLACEMENT_3D ( 'NONE', #6697, #4448, #4634 ) ;
#4743 = CARTESIAN_POINT ( 'NONE',  ( 3.312917130661303222, 0.000000000000000000, -3.000000000000000000 ) ) ;
#4744 =( LENGTH_UNIT ( ) NAMED_UNIT ( * ) SI_UNIT ( .MILLI., .METRE. ) );
#4745 = SURFACE_STYLE_FILL_AREA ( #7019 ) ;
#4746 = FILL_AREA_STYLE_COLOUR ( '', #9351 ) ;
#4747 = CARTESIAN_POINT ( 'NONE',  ( -1.499999999999999556, 0.000000000000000000, -3.000000000000000000 ) ) ;
#4748 = MECHANICAL_DESIGN_GEOMETRIC_PRESENTATION_REPRESENTATION (  '', ( #8830 ), #1828 ) ;
#4749 = COLOUR_RGB ( '',0.8941176470588234615, 0.9137254901960784048, 0.9294117647058823817 ) ;
#4750 = ORIENTED_EDGE ( 'NONE', *, *, #3666, .F. ) ;
#4751 = UNCERTAINTY_MEASURE_WITH_UNIT (LENGTH_MEASURE( 1.000000000000000082E-05 ), #5459, 'distance_accuracy_value', 'NONE');
#4752 = DIRECTION ( 'NONE',  ( 0.000000000000000000, 0.000000000000000000, -1.000000000000000000 ) ) ;
#4753 = PRESENTATION_STYLE_ASSIGNMENT (( #6303 ) ) ;
#4754 = SURFACE_STYLE_FILL_AREA ( #6119 ) ;
#4755 = ORIENTED_EDGE ( 'NONE', *, *, #8768, .F. ) ;
#4756 = CARTESIAN_POINT ( 'NONE',  ( 6.999999999999998224, 0.9100000000000000311, 9.000000000000000000 ) ) ;
#4757 = PRESENTATION_LAYER_ASSIGNMENT (  '', '', ( #937 ) ) ;
#4758 = CARTESIAN_POINT ( 'NONE',  ( 0.6870828693386975550, 0.000000000000000000, -3.000000000000000000 ) ) ;
#4760 = ORIENTED_EDGE ( 'NONE', *, *, #1435, .T. ) ;
#4759 = FACE_OUTER_BOUND ( 'NONE', #4587, .T. ) ;
#4761 = ORIENTED_EDGE ( 'NONE', *, *, #5053, .F. ) ;
#4762 = AXIS2_PLACEMENT_3D ( 'NONE', #5280, #3837, #6735 ) ;
#4764 = VERTEX_POINT ( 'NONE', #3228 ) ;
#4763 = AXIS2_PLACEMENT_3D ( 'NONE', #8707, #5811, #8046 ) ;
#4765 = UNCERTAINTY_MEASURE_WITH_UNIT (LENGTH_MEASURE( 1.000000000000000082E-05 ), #6139, 'distance_accuracy_value', 'NONE');
#4766 = MECHANICAL_DESIGN_GEOMETRIC_PRESENTATION_REPRESENTATION (  '', ( #4010 ), #823 ) ;
#4767 =( NAMED_UNIT ( * ) SI_UNIT ( $, .STERADIAN. ) SOLID_ANGLE_UNIT ( ) );
#4768 = DIRECTION ( 'NONE',  ( -1.000000000000000000, 0.000000000000000000, 0.000000000000000000 ) ) ;
#4769 = ORIENTED_EDGE ( 'NONE', *, *, #4318, .T. ) ;
#4770 = ADVANCED_FACE ( 'NONE', ( #8893 ), #6705, .T. ) ;
#4771 = CARTESIAN_POINT ( 'NONE',  ( 0.5000000000000004441, 0.000000000000000000, -3.000000000000000000 ) ) ;
#4772 = VERTEX_POINT ( 'NONE', #3809 ) ;
#4773 = DIRECTION ( 'NONE',  ( 0.000000000000000000, 0.000000000000000000, 1.000000000000000000 ) ) ;
#4774 = ORIENTED_EDGE ( 'NONE', *, *, #5779, .T. ) ;
#4775 = CARTESIAN_POINT ( 'NONE',  ( -1.499999999999999556, 0.000000000000000000, -2.000000000000000000 ) ) ;
#4776 = AXIS2_PLACEMENT_3D ( 'NONE', #5835, #8736, #792 ) ;
#4777 = AXIS2_PLACEMENT_3D ( 'NONE', #8791, #3071, #8827 ) ;
#4778 = DIRECTION ( 'NONE',  ( -0.000000000000000000, -0.000000000000000000, -1.000000000000000000 ) ) ;
#4779 = ADVANCED_FACE ( 'NONE', ( #3471 ), #3361, .T. ) ;
#4780 = FILL_AREA_STYLE_COLOUR ( '', #2641 ) ;
#4781 = AXIS2_PLACEMENT_3D ( 'NONE', #2762, #457, #554 ) ;
#4782 = STYLED_ITEM ( 'NONE', ( #6232 ), #7041 ) ;
#4783 = EDGE_CURVE ( 'NONE', #6928, #5127, #6571, .T. ) ;
#4784 = AXIS2_PLACEMENT_3D ( 'NONE', #2393, #6831, #6107 ) ;
#4785 =( NAMED_UNIT ( * ) PLANE_ANGLE_UNIT ( ) SI_UNIT ( $, .RADIAN. ) );
#4786 = DIRECTION ( 'NONE',  ( -1.000000000000000000, 0.000000000000000000, 0.000000000000000000 ) ) ;
#4787 = CARTESIAN_POINT ( 'NONE',  ( -1.499999999999999556, 0.000000000000000000, 5.000000000000000888 ) ) ;
#4788 = CARTESIAN_POINT ( 'NONE',  ( 0.5000000000000004441, -0.3500000000000000333, -5.000000000000000000 ) ) ;
#4789 = FACE_BOUND ( 'NONE', #1252, .T. ) ;
#4790 =( NAMED_UNIT ( * ) SI_UNIT ( $, .STERADIAN. ) SOLID_ANGLE_UNIT ( ) );
#4791 = AXIS2_PLACEMENT_3D ( 'NONE', #8983, #2365, #495 ) ;
#4792 = CARTESIAN_POINT ( 'NONE',  ( 3.500000000000000444, 0.000000000000000000, -3.000000000000000000 ) ) ;
#4793 = VERTEX_POINT ( 'NONE', #4116 ) ;
#4794 = VERTEX_POINT ( 'NONE', #2606 ) ;
#4795 = EDGE_LOOP ( 'NONE', ( #8832, #8613, #782 ) ) ;
#4796 = DIRECTION ( 'NONE',  ( 0.000000000000000000, 0.000000000000000000, 1.000000000000000000 ) ) ;
#4797 = AXIS2_PLACEMENT_3D ( 'NONE', #3945, #7609, #343 ) ;
#4798 = PRESENTATION_LAYER_ASSIGNMENT (  '', '', ( #241 ) ) ;
#4799 = UNCERTAINTY_MEASURE_WITH_UNIT (LENGTH_MEASURE( 1.000000000000000082E-05 ), #6818, 'distance_accuracy_value', 'NONE');
#4800 = ADVANCED_FACE ( 'NONE', ( #7001 ), #4011, .T. ) ;
#4801 = SPHERICAL_SURFACE ( 'NONE', #8449, 0.2250000000000000888 ) ;
#4802 =( NAMED_UNIT ( * ) SI_UNIT ( $, .STERADIAN. ) SOLID_ANGLE_UNIT ( ) );
#4803 = EDGE_LOOP ( 'NONE', ( #2644, #7739, #259 ) ) ;
#4804 = DIRECTION ( 'NONE',  ( -1.000000000000000000, 0.000000000000000000, 0.000000000000000000 ) ) ;
#4805 =( NAMED_UNIT ( * ) SI_UNIT ( $, .STERADIAN. ) SOLID_ANGLE_UNIT ( ) );
#4806 =( LENGTH_UNIT ( ) NAMED_UNIT ( * ) SI_UNIT ( .MILLI., .METRE. ) );
#4807 = ORIENTED_EDGE ( 'NONE', *, *, #389, .T. ) ;
#4808 = FACE_OUTER_BOUND ( 'NONE', #3328, .T. ) ;
#4809 = PRESENTATION_STYLE_ASSIGNMENT (( #3508 ) ) ;
#4810 = AXIS2_PLACEMENT_3D ( 'NONE', #7177, #2122, #3645 ) ;
#4811 = SPHERICAL_SURFACE ( 'NONE', #2691, 0.2250000000000000888 ) ;
#4812 = ORIENTED_EDGE ( 'NONE', *, *, #2193, .T. ) ;
#4813 = CARTESIAN_POINT ( 'NONE',  ( -3.499999999999999556, -0.3500000000000000333, -2.000000000000000000 ) ) ;
#4814 = PRESENTATION_LAYER_ASSIGNMENT (  '', '', ( #1313 ) ) ;
#4815 = VERTEX_POINT ( 'NONE', #1125 ) ;
#4816 = SURFACE_STYLE_FILL_AREA ( #6079 ) ;
#4817 = DIRECTION ( 'NONE',  ( 1.000000000000000000, 0.000000000000000000, 0.000000000000000000 ) ) ;
#4818 = ORIENTED_EDGE ( 'NONE', *, *, #8483, .T. ) ;
#4819 = CARTESIAN_POINT ( 'NONE',  ( -0.3129171306613024450, 0.000000000000000000, 1.000000000000000888 ) ) ;
#4820 =( GEOMETRIC_REPRESENTATION_CONTEXT ( 3 ) GLOBAL_UNCERTAINTY_ASSIGNED_CONTEXT ( ( #4765 ) ) GLOBAL_UNIT_ASSIGNED_CONTEXT ( ( #6139, #1763, #1046 ) ) REPRESENTATION_CONTEXT ( 'NONE', 'WORKASPACE' ) );
#4821 = ORIENTED_EDGE ( 'NONE', *, *, #6848, .T. ) ;
#4822 =( GEOMETRIC_REPRESENTATION_CONTEXT ( 3 ) GLOBAL_UNCERTAINTY_ASSIGNED_CONTEXT ( ( #3206 ) ) GLOBAL_UNIT_ASSIGNED_CONTEXT ( ( #8130, #811, #3621 ) ) REPRESENTATION_CONTEXT ( 'NONE', 'WORKASPACE' ) );
#4823 = VERTEX_POINT ( 'NONE', #7817 ) ;
#4824 = SPHERICAL_SURFACE ( 'NONE', #8799, 0.2250000000000000888 ) ;
#4825 = FILL_AREA_STYLE ('',( #9247 ) ) ;
#4826 = AXIS2_PLACEMENT_3D ( 'NONE', #3059, #1084, #4019 ) ;
#4827 = FILL_AREA_STYLE ('',( #6231 ) ) ;
#4828 = EDGE_CURVE ( 'NONE', #5464, #6130, #2614, .T. ) ;
#4829 = ADVANCED_FACE ( 'NONE', ( #4212 ), #5071, .T. ) ;
#4830 = CARTESIAN_POINT ( 'NONE',  ( 1.500000000000000444, -0.1250000000000000000, 5.000000000000000888 ) ) ;
#4831 = ADVANCED_FACE ( 'NONE', ( #7109 ), #2103, .T. ) ;
#4832 = DIRECTION ( 'NONE',  ( 0.000000000000000000, 0.000000000000000000, -1.000000000000000000 ) ) ;
#4833 =( NAMED_UNIT ( * ) SI_UNIT ( $, .STERADIAN. ) SOLID_ANGLE_UNIT ( ) );
#4834 = AXIS2_PLACEMENT_3D ( 'NONE', #6840, #3895, #392 ) ;
#4835 = EDGE_LOOP ( 'NONE', ( #7881, #4202, #979 ) ) ;
#4836 =( NAMED_UNIT ( * ) SI_UNIT ( $, .STERADIAN. ) SOLID_ANGLE_UNIT ( ) );
#4838 = AXIS2_PLACEMENT_3D ( 'NONE', #9362, #7174, #8776 ) ;
#4837 =( GEOMETRIC_REPRESENTATION_CONTEXT ( 3 ) GLOBAL_UNCERTAINTY_ASSIGNED_CONTEXT ( ( #8018 ) ) GLOBAL_UNIT_ASSIGNED_CONTEXT ( ( #9131, #5533, #6270 ) ) REPRESENTATION_CONTEXT ( 'NONE', 'WORKASPACE' ) );
#4839 = DIRECTION ( 'NONE',  ( 1.000000000000000000, 0.000000000000000000, 0.000000000000000000 ) ) ;
#4840 =( LENGTH_UNIT ( ) NAMED_UNIT ( * ) SI_UNIT ( .MILLI., .METRE. ) );
#4841 = SPHERICAL_SURFACE ( 'NONE', #7914, 0.2250000000000000888 ) ;
#4842 = AXIS2_PLACEMENT_3D ( 'NONE', #3847, #6746, #1884 ) ;
#4843 = SURFACE_SIDE_STYLE ('',( #6962 ) ) ;
#4844 = EDGE_CURVE ( 'NONE', #4300, #6173, #9326, .T. ) ;
#4845 = CARTESIAN_POINT ( 'NONE',  ( -7.000000000000001776, 0.9100000000000000311, 9.000000000000000000 ) ) ;
#4846 = PRESENTATION_LAYER_ASSIGNMENT (  '', '', ( #4241 ) ) ;
#4847 = UNCERTAINTY_MEASURE_WITH_UNIT (LENGTH_MEASURE( 1.000000000000000082E-05 ), #5766, 'distance_accuracy_value', 'NONE');
#4848 = PRESENTATION_LAYER_ASSIGNMENT (  '', '', ( #2092 ) ) ;
#4849 = DIRECTION ( 'NONE',  ( 0.000000000000000000, 0.000000000000000000, 1.000000000000000000 ) ) ;
#4850 = DIRECTION ( 'NONE',  ( -1.000000000000000000, 0.000000000000000000, 0.000000000000000000 ) ) ;
#4851 = DIRECTION ( 'NONE',  ( -1.000000000000000000, 0.000000000000000000, 0.000000000000000000 ) ) ;
#4852 = AXIS2_PLACEMENT_3D ( 'NONE', #9305, #2779, #8586 ) ;
#4853 = ORIENTED_EDGE ( 'NONE', *, *, #7390, .T. ) ;
#4854 = UNCERTAINTY_MEASURE_WITH_UNIT (LENGTH_MEASURE( 1.000000000000000082E-05 ), #8438, 'distance_accuracy_value', 'NONE');
#4855 = CARTESIAN_POINT ( 'NONE',  ( -1.499999999999999556, -0.1250000000000000000, -2.000000000000000000 ) ) ;
#4856 = DIRECTION ( 'NONE',  ( -0.000000000000000000, -0.000000000000000000, 1.000000000000000000 ) ) ;
#4857 = CARTESIAN_POINT ( 'NONE',  ( -3.499999999999999556, 0.000000000000000000, -3.000000000000000000 ) ) ;
#4858 = ORIENTED_EDGE ( 'NONE', *, *, #6552, .T. ) ;
#4859 = DIRECTION ( 'NONE',  ( 0.000000000000000000, -1.000000000000000000, 0.000000000000000000 ) ) ;
#4860 = SURFACE_STYLE_USAGE ( .BOTH. , #8462 ) ;
#4862 = ORIENTED_EDGE ( 'NONE', *, *, #5370, .F. ) ;
#4861 = DIRECTION ( 'NONE',  ( 0.000000000000000000, -1.000000000000000000, 0.000000000000000000 ) ) ;
#4863 = COLOUR_RGB ( '',0.8941176470588234615, 0.9137254901960784048, 0.9294117647058823817 ) ;
#4864 =( LENGTH_UNIT ( ) NAMED_UNIT ( * ) SI_UNIT ( .MILLI., .METRE. ) );
#4865 = ORIENTED_EDGE ( 'NONE', *, *, #3631, .F. ) ;
#4866 = COLOUR_RGB ( '',0.2980392156862745057, 0.2980392156862745057, 0.2980392156862745057 ) ;
#4867 =( LENGTH_UNIT ( ) NAMED_UNIT ( * ) SI_UNIT ( .MILLI., .METRE. ) );
#4868 = ORIENTED_EDGE ( 'NONE', *, *, #3005, .F. ) ;
#4869 = SPHERICAL_SURFACE ( 'NONE', #2952, 0.2250000000000000888 ) ;
#4870 = ORIENTED_EDGE ( 'NONE', *, *, #5412, .F. ) ;
#4871 = DIRECTION ( 'NONE',  ( -1.000000000000000000, 0.000000000000000000, 0.000000000000000000 ) ) ;
#4872 = EDGE_LOOP ( 'NONE', ( #2818, #4853, #8981 ) ) ;
#4873 = PRESENTATION_LAYER_ASSIGNMENT (  '', '', ( #3648 ) ) ;
#4874 = FILL_AREA_STYLE ('',( #595 ) ) ;
#4875 = ORIENTED_EDGE ( 'NONE', *, *, #8660, .F. ) ;
#4876 = CIRCLE ( 'NONE', #477, 0.2249999999999999500 ) ;
#4877 = UNCERTAINTY_MEASURE_WITH_UNIT (LENGTH_MEASURE( 1.000000000000000082E-05 ), #4705, 'distance_accuracy_value', 'NONE');
#4878 =( LENGTH_UNIT ( ) NAMED_UNIT ( * ) SI_UNIT ( .MILLI., .METRE. ) );
#4879 = DIRECTION ( 'NONE',  ( -1.224646799147353207E-16, 0.000000000000000000, 1.000000000000000000 ) ) ;
#4880 = DIRECTION ( 'NONE',  ( -1.224646799147353207E-16, 0.000000000000000000, 1.000000000000000000 ) ) ;
#4881 = DIRECTION ( 'NONE',  ( -1.000000000000000000, 0.000000000000000000, 0.000000000000000000 ) ) ;
#4882 = ORIENTED_EDGE ( 'NONE', *, *, #757, .T. ) ;
#4883 = CARTESIAN_POINT ( 'NONE',  ( 3.500000000000000444, -0.1250000000000000000, -5.000000000000000000 ) ) ;
#4884 = EDGE_CURVE ( 'NONE', #498, #9088, #5168, .T. ) ;
#4885 = SURFACE_SIDE_STYLE ('',( #1964 ) ) ;
#4886 = DIRECTION ( 'NONE',  ( 0.000000000000000000, -1.000000000000000000, 0.000000000000000000 ) ) ;
#4887 = CIRCLE ( 'NONE', #4124, 0.1870828693386972497 ) ;
#4888 =( NAMED_UNIT ( * ) PLANE_ANGLE_UNIT ( ) SI_UNIT ( $, .RADIAN. ) );
#4889 = CARTESIAN_POINT ( 'NONE',  ( 3.500000000000000444, -0.1250000000000000000, 5.000000000000000888 ) ) ;
#4890 = DIRECTION ( 'NONE',  ( 0.000000000000000000, -1.000000000000000000, 0.000000000000000000 ) ) ;
#4891 = ORIENTED_EDGE ( 'NONE', *, *, #9301, .F. ) ;
#4892 = CARTESIAN_POINT ( 'NONE',  ( 1.312917130661303222, 0.000000000000000000, 4.000000000000000000 ) ) ;
#4893 = VERTEX_POINT ( 'NONE', #683 ) ;
#4894 = DIRECTION ( 'NONE',  ( 0.000000000000000000, 0.000000000000000000, -1.000000000000000000 ) ) ;
#4895 = CARTESIAN_POINT ( 'NONE',  ( 0.5000000000000004441, -0.1250000000000000000, 2.000000000000000000 ) ) ;
#4896 = EDGE_CURVE ( 'NONE', #1214, #345, #2306, .T. ) ;
#4897 = DIRECTION ( 'NONE',  ( 0.000000000000000000, 0.000000000000000000, 1.000000000000000000 ) ) ;
#4898 = UNCERTAINTY_MEASURE_WITH_UNIT (LENGTH_MEASURE( 1.000000000000000082E-05 ), #8376, 'distance_accuracy_value', 'NONE');
#4899 = EDGE_CURVE ( 'NONE', #8515, #8168, #514, .T. ) ;
#4900 =( NAMED_UNIT ( * ) PLANE_ANGLE_UNIT ( ) SI_UNIT ( $, .RADIAN. ) );
#4901 = FACE_OUTER_BOUND ( 'NONE', #171, .T. ) ;
#4902 =( NAMED_UNIT ( * ) SI_UNIT ( $, .STERADIAN. ) SOLID_ANGLE_UNIT ( ) );
#4903 = ORIENTED_EDGE ( 'NONE', *, *, #703, .F. ) ;
#4904 = DIRECTION ( 'NONE',  ( -0.000000000000000000, -0.000000000000000000, -1.000000000000000000 ) ) ;
#4905 = CARTESIAN_POINT ( 'NONE',  ( -0.4999999999999995559, -0.1250000000000000000, 5.000000000000000888 ) ) ;
#4906 = EDGE_CURVE ( 'NONE', #4815, #6316, #6421, .T. ) ;
#4907 = DIRECTION ( 'NONE',  ( -1.000000000000000000, 0.000000000000000000, 0.000000000000000000 ) ) ;
#4908 = CARTESIAN_POINT ( 'NONE',  ( -1.499999999999999556, -0.1250000000000000000, 0.000000000000000000 ) ) ;
#4909 = VERTEX_POINT ( 'NONE', #5723 ) ;
#4910 = SURFACE_STYLE_USAGE ( .BOTH. , #7087 ) ;
#4911 = SURFACE_STYLE_FILL_AREA ( #1944 ) ;
#4912 = CIRCLE ( 'NONE', #510, 0.1870828693386972497 ) ;
#4913 = STYLED_ITEM ( 'NONE', ( #149 ), #527 ) ;
#4914 = ORIENTED_EDGE ( 'NONE', *, *, #1826, .T. ) ;
#4915 = CARTESIAN_POINT ( 'NONE',  ( 3.500000000000000444, -0.3500000000000000333, 5.000000000000000888 ) ) ;
#4916 =( NAMED_UNIT ( * ) SI_UNIT ( $, .STERADIAN. ) SOLID_ANGLE_UNIT ( ) );
#4917 = AXIS2_PLACEMENT_3D ( 'NONE', #6842, #1741, #5713 ) ;
#4918 = SURFACE_STYLE_FILL_AREA ( #8938 ) ;
#4919 = CIRCLE ( 'NONE', #5813, 0.2249999999999999500 ) ;
#4920 = ORIENTED_EDGE ( 'NONE', *, *, #5658, .T. ) ;
#4921 = FILL_AREA_STYLE_COLOUR ( '', #2807 ) ;
#4922 = ORIENTED_EDGE ( 'NONE', *, *, #6450, .F. ) ;
#4923 = FACE_OUTER_BOUND ( 'NONE', #3347, .T. ) ;
#4924 = EDGE_LOOP ( 'NONE', ( #2594, #1952, #4568 ) ) ;
#4925 = ADVANCED_FACE ( 'NONE', ( #7864 ), #6516, .T. ) ;
#4926 = PRESENTATION_LAYER_ASSIGNMENT (  '', '', ( #5226 ) ) ;
#4927 = CIRCLE ( 'NONE', #802, 0.2249999999999999500 ) ;
#4928 = CIRCLE ( 'NONE', #804, 0.2250000000000000611 ) ;
#4929 = EDGE_LOOP ( 'NONE', ( #7189, #1060 ) ) ;
#4931 = CIRCLE ( 'NONE', #8837, 0.2250000000000001443 ) ;
#4930 = SURFACE_STYLE_USAGE ( .BOTH. , #1220 ) ;
#4932 = PRESENTATION_STYLE_ASSIGNMENT (( #1903 ) ) ;
#4933 = SPHERICAL_SURFACE ( 'NONE', #2, 0.2250000000000000888 ) ;
#4934 = PRESENTATION_STYLE_ASSIGNMENT (( #7116 ) ) ;
#4935 = CIRCLE ( 'NONE', #6577, 0.2250000000000001443 ) ;
#4936 = DIRECTION ( 'NONE',  ( -1.224646799147353207E-16, 0.000000000000000000, 1.000000000000000000 ) ) ;
#4937 =( GEOMETRIC_REPRESENTATION_CONTEXT ( 3 ) GLOBAL_UNCERTAINTY_ASSIGNED_CONTEXT ( ( #6311 ) ) GLOBAL_UNIT_ASSIGNED_CONTEXT ( ( #754, #6634, #5224 ) ) REPRESENTATION_CONTEXT ( 'NONE', 'WORKASPACE' ) );
#4938 = VERTEX_POINT ( 'NONE', #8399 ) ;
#4939 = SURFACE_STYLE_USAGE ( .BOTH. , #464 ) ;
#4940 = MECHANICAL_DESIGN_GEOMETRIC_PRESENTATION_REPRESENTATION (  '', ( #2940 ), #7047 ) ;
#4941 = SPHERICAL_SURFACE ( 'NONE', #4374, 0.2250000000000000888 ) ;
#4942 = CARTESIAN_POINT ( 'NONE',  ( -2.687082869338696778, 0.000000000000000000, 2.000000000000000000 ) ) ;
#4943 = DIRECTION ( 'NONE',  ( -1.224646799147353207E-16, 0.000000000000000000, 1.000000000000000000 ) ) ;
#4944 = SURFACE_SIDE_STYLE ('',( #7876 ) ) ;
#4945 =( LENGTH_UNIT ( ) NAMED_UNIT ( * ) SI_UNIT ( .MILLI., .METRE. ) );
#4946 = CIRCLE ( 'NONE', #3231, 0.1870828693386972497 ) ;
#4947 = AXIS2_PLACEMENT_3D ( 'NONE', #5643, #7165, #640 ) ;
#4948 = UNCERTAINTY_MEASURE_WITH_UNIT (LENGTH_MEASURE( 1.000000000000000082E-05 ), #8722, 'distance_accuracy_value', 'NONE');
#4949 = CIRCLE ( 'NONE', #7519, 0.1870828693386972497 ) ;
#4950 = ORIENTED_EDGE ( 'NONE', *, *, #1486, .F. ) ;
#4951 = CARTESIAN_POINT ( 'NONE',  ( -0.3129171306613024450, 0.000000000000000000, -5.000000000000000000 ) ) ;
#4952 = ORIENTED_EDGE ( 'NONE', *, *, #5448, .T. ) ;
#4953 =( LENGTH_UNIT ( ) NAMED_UNIT ( * ) SI_UNIT ( .MILLI., .METRE. ) );
#4954 = PRESENTATION_STYLE_ASSIGNMENT (( #3589 ) ) ;
#4955 = COLOUR_RGB ( '',0.8941176470588234615, 0.9137254901960784048, 0.9294117647058823817 ) ;
#4956 = STYLED_ITEM ( 'NONE', ( #5780 ), #6207 ) ;
#4957 = DIRECTION ( 'NONE',  ( -1.000000000000000000, 0.000000000000000000, 0.000000000000000000 ) ) ;
#4958 = AXIS2_PLACEMENT_3D ( 'NONE', #5023, #722, #7986 ) ;
#4959 = ADVANCED_FACE ( 'NONE', ( #4533 ), #210, .T. ) ;
#4960 = VERTEX_POINT ( 'NONE', #852 ) ;
#4961 = CIRCLE ( 'NONE', #104, 0.2249999999999999500 ) ;
#4962 = MECHANICAL_DESIGN_GEOMETRIC_PRESENTATION_REPRESENTATION (  '', ( #2810 ), #4193 ) ;
#4963 = DIRECTION ( 'NONE',  ( -1.000000000000000000, 0.000000000000000000, 0.000000000000000000 ) ) ;
#4964 = SURFACE_STYLE_FILL_AREA ( #4291 ) ;
#4965 = ORIENTED_EDGE ( 'NONE', *, *, #7090, .F. ) ;
#4966 = DIRECTION ( 'NONE',  ( -1.000000000000000000, 0.000000000000000000, 0.000000000000000000 ) ) ;
#4967 = FACE_OUTER_BOUND ( 'NONE', #7257, .T. ) ;
#4968 = DIRECTION ( 'NONE',  ( -1.000000000000000000, 0.000000000000000000, 0.000000000000000000 ) ) ;
#4969 = AXIS2_PLACEMENT_3D ( 'NONE', #8355, #1454, #1307 ) ;
#4970 = EDGE_CURVE ( 'NONE', #2947, #4909, #5366, .T. ) ;
#4971 = EDGE_LOOP ( 'NONE', ( #49, #9126, #729 ) ) ;
#4972 = UNCERTAINTY_MEASURE_WITH_UNIT (LENGTH_MEASURE( 1.000000000000000082E-05 ), #1416, 'distance_accuracy_value', 'NONE');
#4973 = AXIS2_PLACEMENT_3D ( 'NONE', #3337, #4285, #9312 ) ;
#4974 = DIRECTION ( 'NONE',  ( 0.000000000000000000, 0.000000000000000000, 1.000000000000000000 ) ) ;
#4975 = EDGE_LOOP ( 'NONE', ( #5072, #2309 ) ) ;
#4976 = CARTESIAN_POINT ( 'NONE',  ( 1.500000000000000444, -0.1250000000000000000, -2.000000000000000000 ) ) ;
#4977 = ORIENTED_EDGE ( 'NONE', *, *, #1128, .T. ) ;
#4978 = CARTESIAN_POINT ( 'NONE',  ( -4.500000000000000000, 0.000000000000000000, 6.999999999999999112 ) ) ;
#4979 = ORIENTED_EDGE ( 'NONE', *, *, #2729, .F. ) ;
#4980 = DIRECTION ( 'NONE',  ( 0.000000000000000000, 0.000000000000000000, -1.000000000000000000 ) ) ;
#4981 = ORIENTED_EDGE ( 'NONE', *, *, #553, .T. ) ;
#4982 = DIRECTION ( 'NONE',  ( 0.000000000000000000, 0.000000000000000000, -1.000000000000000000 ) ) ;
#4983 =( NAMED_UNIT ( * ) SI_UNIT ( $, .STERADIAN. ) SOLID_ANGLE_UNIT ( ) );
#4984 = CIRCLE ( 'NONE', #8456, 0.1870828693386972497 ) ;
#4985 = EDGE_CURVE ( 'NONE', #1945, #4047, #4927, .T. ) ;
#4986 = DIRECTION ( 'NONE',  ( 0.000000000000000000, 0.000000000000000000, 1.000000000000000000 ) ) ;
#4987 = AXIS2_PLACEMENT_3D ( 'NONE', #776, #3665, #6559 ) ;
#4988 = SPHERICAL_SURFACE ( 'NONE', #4947, 0.2250000000000000888 ) ;
#4989 = VERTEX_POINT ( 'NONE', #3900 ) ;
#4990 = FILL_AREA_STYLE ('',( #4222 ) ) ;
#4991 = FACE_BOUND ( 'NONE', #7499, .T. ) ;
#4992 =( GEOMETRIC_REPRESENTATION_CONTEXT ( 3 ) GLOBAL_UNCERTAINTY_ASSIGNED_CONTEXT ( ( #8778 ) ) GLOBAL_UNIT_ASSIGNED_CONTEXT ( ( #5974, #2254, #4429 ) ) REPRESENTATION_CONTEXT ( 'NONE', 'WORKASPACE' ) );
#4993 = MECHANICAL_DESIGN_GEOMETRIC_PRESENTATION_REPRESENTATION (  '', ( #8003 ), #3742 ) ;
#4994 =( NAMED_UNIT ( * ) PLANE_ANGLE_UNIT ( ) SI_UNIT ( $, .RADIAN. ) );
#4995 = CIRCLE ( 'NONE', #859, 0.2250000000000003664 ) ;
#4996 = ORIENTED_EDGE ( 'NONE', *, *, #648, .T. ) ;
#4997 = ORIENTED_EDGE ( 'NONE', *, *, #674, .F. ) ;
#4998 = AXIS2_PLACEMENT_3D ( 'NONE', #9265, #5614, #8505 ) ;
#4999 = FILL_AREA_STYLE ('',( #1388 ) ) ;
#5000 = DIRECTION ( 'NONE',  ( 0.000000000000000000, 0.000000000000000000, 1.000000000000000000 ) ) ;
#5001 = UNCERTAINTY_MEASURE_WITH_UNIT (LENGTH_MEASURE( 1.000000000000000082E-05 ), #2751, 'distance_accuracy_value', 'NONE');
#5002 = COLOUR_RGB ( '',0.8941176470588234615, 0.9137254901960784048, 0.9294117647058823817 ) ;
#5003 = DIRECTION ( 'NONE',  ( 0.000000000000000000, -1.000000000000000000, 0.000000000000000000 ) ) ;
#5004 = CARTESIAN_POINT ( 'NONE',  ( 6.999999999999998224, 0.000000000000000000, 9.000000000000000000 ) ) ;
#5005 = FILL_AREA_STYLE ('',( #4239 ) ) ;
#5006 = FILL_AREA_STYLE_COLOUR ( '', #9009 ) ;
#5007 = COLOUR_RGB ( '',0.8941176470588234615, 0.9137254901960784048, 0.9294117647058823817 ) ;
#5008 = EDGE_LOOP ( 'NONE', ( #7765, #848, #5661 ) ) ;
#5009 =( NAMED_UNIT ( * ) SI_UNIT ( $, .STERADIAN. ) SOLID_ANGLE_UNIT ( ) );
#5010 = SURFACE_SIDE_STYLE ('',( #760 ) ) ;
#5011 = COLOUR_RGB ( '',0.8941176470588234615, 0.9137254901960784048, 0.9294117647058823817 ) ;
#5012 = FACE_OUTER_BOUND ( 'NONE', #5169, .T. ) ;
#5013 = SURFACE_SIDE_STYLE ('',( #6253 ) ) ;
#5014 = MECHANICAL_DESIGN_GEOMETRIC_PRESENTATION_REPRESENTATION (  '', ( #2530 ), #8786 ) ;
#5015 = VERTEX_POINT ( 'NONE', #4579 ) ;
#5016 = FACE_OUTER_BOUND ( 'NONE', #7709, .T. ) ;
#5017 = EDGE_CURVE ( 'NONE', #8697, #2051, #6109, .T. ) ;
#5018 = CARTESIAN_POINT ( 'NONE',  ( 2.500000000000000444, 0.000000000000000000, 5.000000000000000888 ) ) ;
#5019 = SURFACE_SIDE_STYLE ('',( #5796 ) ) ;
#5020 = VERTEX_POINT ( 'NONE', #5507 ) ;
#5021 = PRESENTATION_LAYER_ASSIGNMENT (  '', '', ( #2535 ) ) ;
#5022 = EDGE_CURVE ( 'NONE', #1777, #6161, #78, .T. ) ;
#5023 = CARTESIAN_POINT ( 'NONE',  ( 1.500000000000000444, -0.1250000000000000000, -4.000000000000000000 ) ) ;
#5024 = DIRECTION ( 'NONE',  ( -1.000000000000000000, 0.000000000000000000, 0.000000000000000000 ) ) ;
#5025 = ORIENTED_EDGE ( 'NONE', *, *, #3886, .F. ) ;
#5026 = DIRECTION ( 'NONE',  ( 0.000000000000000000, 0.000000000000000000, 1.000000000000000000 ) ) ;
#5027 = EDGE_CURVE ( 'NONE', #3171, #5480, #2451, .T. ) ;
#5028 = ORIENTED_EDGE ( 'NONE', *, *, #6384, .T. ) ;
#5029 = CARTESIAN_POINT ( 'NONE',  ( -2.687082869338696778, 0.000000000000000000, -5.000000000000000000 ) ) ;
#5031 = EDGE_LOOP ( 'NONE', ( #2715, #390, #3993, #7472 ) ) ;
#5030 = DIRECTION ( 'NONE',  ( -1.000000000000000000, 0.000000000000000000, 0.000000000000000000 ) ) ;
#5032 = EDGE_CURVE ( 'NONE', #8091, #6796, #5827, .T. ) ;
#5033 = ORIENTED_EDGE ( 'NONE', *, *, #5535, .T. ) ;
#5034 = AXIS2_PLACEMENT_3D ( 'NONE', #4908, #8459, #4095 ) ;
#5035 = SURFACE_SIDE_STYLE ('',( #3525 ) ) ;
#5036 = AXIS2_PLACEMENT_3D ( 'NONE', #4059, #8325, #499 ) ;
#5037 = CARTESIAN_POINT ( 'NONE',  ( -4.687082869338697222, 0.000000000000000000, 6.999999999999999112 ) ) ;
#5038 = SURFACE_STYLE_USAGE ( .BOTH. , #2866 ) ;
#5039 = ADVANCED_FACE ( 'NONE', ( #1202 ), #4189, .T. ) ;
#5040 = VERTEX_POINT ( 'NONE', #2792 ) ;
#5041 = PRESENTATION_STYLE_ASSIGNMENT (( #7120 ) ) ;
#5042 = FACE_BOUND ( 'NONE', #3891, .T. ) ;
#5043 = DIRECTION ( 'NONE',  ( 0.000000000000000000, -1.000000000000000000, 0.000000000000000000 ) ) ;
#5044 =( NAMED_UNIT ( * ) PLANE_ANGLE_UNIT ( ) SI_UNIT ( $, .RADIAN. ) );
#5045 = CIRCLE ( 'NONE', #3176, 0.1870828693386972497 ) ;
#5046 = FACE_OUTER_BOUND ( 'NONE', #3909, .T. ) ;
#5047 = ORIENTED_EDGE ( 'NONE', *, *, #5208, .F. ) ;
#5048 =( NAMED_UNIT ( * ) PLANE_ANGLE_UNIT ( ) SI_UNIT ( $, .RADIAN. ) );
#5049 = SURFACE_STYLE_FILL_AREA ( #8017 ) ;
#5050 = CIRCLE ( 'NONE', #5785, 0.1870828693386972497 ) ;
#5051 = CARTESIAN_POINT ( 'NONE',  ( 0.5000000000000004441, -0.1250000000000000000, 4.000000000000000000 ) ) ;
#5052 = FILL_AREA_STYLE ('',( #8644 ) ) ;
#5053 = EDGE_CURVE ( 'NONE', #6796, #3520, #1247, .T. ) ;
#5054 = CARTESIAN_POINT ( 'NONE',  ( -0.4999999999999995559, -0.1250000000000000000, -4.000000000000000000 ) ) ;
#5055 = EDGE_CURVE ( 'NONE', #608, #8616, #4935, .T. ) ;
#5056 = CARTESIAN_POINT ( 'NONE',  ( -0.4999999999999995559, -0.1250000000000000000, 0.000000000000000000 ) ) ;
#5057 = FILL_AREA_STYLE ('',( #5840 ) ) ;
#5058 = DIRECTION ( 'NONE',  ( 1.000000000000000000, 0.000000000000000000, 0.000000000000000000 ) ) ;
#5059 = DIRECTION ( 'NONE',  ( -1.000000000000000000, 0.000000000000000000, 0.000000000000000000 ) ) ;
#5060 = ORIENTED_EDGE ( 'NONE', *, *, #1429, .F. ) ;
#5061 = SPHERICAL_SURFACE ( 'NONE', #8111, 0.2250000000000000888 ) ;
#5062 =( LENGTH_UNIT ( ) NAMED_UNIT ( * ) SI_UNIT ( .MILLI., .METRE. ) );
#5063 = CARTESIAN_POINT ( 'NONE',  ( 2.500000000000000444, -0.1250000000000000000, 4.000000000000000000 ) ) ;
#5064 = PRESENTATION_STYLE_ASSIGNMENT (( #770 ) ) ;
#5065 = EDGE_LOOP ( 'NONE', ( #3560, #301 ) ) ;
#5066 = DIRECTION ( 'NONE',  ( 0.000000000000000000, -1.000000000000000000, 0.000000000000000000 ) ) ;
#5067 = EDGE_LOOP ( 'NONE', ( #7688, #7608, #4882 ) ) ;
#5068 = CARTESIAN_POINT ( 'NONE',  ( -4.500000000000000000, -0.1250000000000000000, 6.999999999999999112 ) ) ;
#5070 = EDGE_LOOP ( 'NONE', ( #2692, #7301, #5639 ) ) ;
#5069 = FILL_AREA_STYLE_COLOUR ( '', #6333 ) ;
#5071 = SPHERICAL_SURFACE ( 'NONE', #4763, 0.2250000000000000888 ) ;
#5072 = ORIENTED_EDGE ( 'NONE', *, *, #1018, .F. ) ;
#5073 =( NAMED_UNIT ( * ) SI_UNIT ( $, .STERADIAN. ) SOLID_ANGLE_UNIT ( ) );
#5074 = CIRCLE ( 'NONE', #1832, 0.2250000000000003664 ) ;
#5075 = AXIS2_PLACEMENT_3D ( 'NONE', #7304, #1361, #718 ) ;
#5076 = PRESENTATION_LAYER_ASSIGNMENT (  '', '', ( #653 ) ) ;
#5077 = ADVANCED_FACE ( 'NONE', ( #1926 ), #2743, .T. ) ;
#5078 =( NAMED_UNIT ( * ) SI_UNIT ( $, .STERADIAN. ) SOLID_ANGLE_UNIT ( ) );
#5079 = SURFACE_STYLE_USAGE ( .BOTH. , #5035 ) ;
#5080 = ORIENTED_EDGE ( 'NONE', *, *, #1018, .T. ) ;
#5081 = DIRECTION ( 'NONE',  ( -0.000000000000000000, -0.000000000000000000, -1.000000000000000000 ) ) ;
#5082 = FACE_BOUND ( 'NONE', #4484, .T. ) ;
#5083 = CIRCLE ( 'NONE', #2607, 0.2249999999999999500 ) ;
#5084 = SURFACE_SIDE_STYLE ('',( #2964 ) ) ;
#5085 = DIRECTION ( 'NONE',  ( -1.000000000000000000, 0.000000000000000000, 0.000000000000000000 ) ) ;
#5086 = FILL_AREA_STYLE_COLOUR ( '', #3836 ) ;
#5087 = EDGE_CURVE ( 'NONE', #526, #6886, #5508, .T. ) ;
#5088 = AXIS2_PLACEMENT_3D ( 'NONE', #5121, #3573, #7945 ) ;
#5089 = DIRECTION ( 'NONE',  ( 0.000000000000000000, 0.000000000000000000, -1.000000000000000000 ) ) ;
#5090 = CIRCLE ( 'NONE', #8096, 0.2249999999999999500 ) ;
#5091 = CIRCLE ( 'NONE', #7045, 0.2500000000000002220 ) ;
#5092 = COLOUR_RGB ( '',0.8941176470588234615, 0.9137254901960784048, 0.9294117647058823817 ) ;
#5093 = EDGE_LOOP ( 'NONE', ( #621, #936, #2110 ) ) ;
#5094 =( LENGTH_UNIT ( ) NAMED_UNIT ( * ) SI_UNIT ( .MILLI., .METRE. ) );
#5095 = STYLED_ITEM ( 'NONE', ( #5760 ), #47 ) ;
#5096 = SURFACE_SIDE_STYLE ('',( #2825 ) ) ;
#5097 = FACE_OUTER_BOUND ( 'NONE', #4721, .T. ) ;
#5098 = UNCERTAINTY_MEASURE_WITH_UNIT (LENGTH_MEASURE( 1.000000000000000082E-05 ), #5521, 'distance_accuracy_value', 'NONE');
#5099 = CARTESIAN_POINT ( 'NONE',  ( 3.500000000000000444, -0.1250000000000000000, -3.000000000000000000 ) ) ;
#5100 = CARTESIAN_POINT ( 'NONE',  ( -2.499999999999999556, -0.1250000000000000000, 5.000000000000000888 ) ) ;
#5101 = CARTESIAN_POINT ( 'NONE',  ( -0.4999999999999995559, -0.1250000000000000000, -1.000000000000000000 ) ) ;
#5102 = COLOUR_RGB ( '',0.8941176470588234615, 0.9137254901960784048, 0.9294117647058823817 ) ;
#5103 = AXIS2_PLACEMENT_3D ( 'NONE', #6543, #4707, #9017 ) ;
#5104 = FACE_OUTER_BOUND ( 'NONE', #5409, .T. ) ;
#5105 = CARTESIAN_POINT ( 'NONE',  ( 3.500000000000000444, 0.000000000000000000, -5.000000000000000000 ) ) ;
#5106 = CARTESIAN_POINT ( 'NONE',  ( -2.499999999999999556, -0.1250000000000000000, -3.000000000000000000 ) ) ;
#5107 = COLOUR_RGB ( '',0.2980392156862745057, 0.2980392156862745057, 0.2980392156862745057 ) ;
#5108 = ADVANCED_FACE ( 'NONE', ( #2832 ), #1395, .F. ) ;
#5109 = ORIENTED_EDGE ( 'NONE', *, *, #4269, .T. ) ;
#5110 = SURFACE_STYLE_FILL_AREA ( #3604 ) ;
#5111 = SPHERICAL_SURFACE ( 'NONE', #5672, 0.2250000000000000888 ) ;
#5112 = AXIS2_PLACEMENT_3D ( 'NONE', #6693, #3033, #3076 ) ;
#5113 = ORIENTED_EDGE ( 'NONE', *, *, #3718, .T. ) ;
#5114 = FILL_AREA_STYLE ('',( #6602 ) ) ;
#5115 = EDGE_LOOP ( 'NONE', ( #2552, #2861, #957 ) ) ;
#5116 = CARTESIAN_POINT ( 'NONE',  ( -1.499999999999999556, -0.1250000000000000000, 4.000000000000000000 ) ) ;
#5117 = ORIENTED_EDGE ( 'NONE', *, *, #2193, .F. ) ;
#5118 = COLOUR_RGB ( '',0.8941176470588234615, 0.9137254901960784048, 0.9294117647058823817 ) ;
#5120 = ORIENTED_EDGE ( 'NONE', *, *, #2579, .T. ) ;
#5119 = SURFACE_STYLE_USAGE ( .BOTH. , #8704 ) ;
#5121 = CARTESIAN_POINT ( 'NONE',  ( -3.499999999999999556, -0.1250000000000000000, 1.000000000000000888 ) ) ;
#5122 = SURFACE_STYLE_USAGE ( .BOTH. , #2907 ) ;
#5123 = AXIS2_PLACEMENT_3D ( 'NONE', #8545, #5003, #2024 ) ;
#5124 = CARTESIAN_POINT ( 'NONE',  ( 4.687082869338698998, 0.000000000000000000, -7.000000000000000000 ) ) ;
#5125 =( NAMED_UNIT ( * ) PLANE_ANGLE_UNIT ( ) SI_UNIT ( $, .RADIAN. ) );
#5126 = SPHERICAL_SURFACE ( 'NONE', #3381, 0.2250000000000000888 ) ;
#5127 = VERTEX_POINT ( 'NONE', #7376 ) ;
#5128 = FACE_BOUND ( 'NONE', #8384, .T. ) ;
#5129 = MECHANICAL_DESIGN_GEOMETRIC_PRESENTATION_REPRESENTATION (  '', ( #7252 ), #5419 ) ;
#5130 = EDGE_CURVE ( 'NONE', #5739, #4081, #5074, .T. ) ;
#5131 = EDGE_CURVE ( 'NONE', #7912, #290, #9145, .T. ) ;
#5132 = FILL_AREA_STYLE ('',( #8769 ) ) ;
#5133 = DIRECTION ( 'NONE',  ( -1.000000000000000000, 0.000000000000000000, 0.000000000000000000 ) ) ;
#5134 = AXIS2_PLACEMENT_3D ( 'NONE', #4223, #1136, #3428 ) ;
#5135 = AXIS2_PLACEMENT_3D ( 'NONE', #1200, #9315, #9160 ) ;
#5136 = DIRECTION ( 'NONE',  ( -1.000000000000000000, 0.000000000000000000, 0.000000000000000000 ) ) ;
#5137 = ORIENTED_EDGE ( 'NONE', *, *, #5492, .T. ) ;
#5138 = SPHERICAL_SURFACE ( 'NONE', #4243, 0.2250000000000000888 ) ;
#5139 = DIRECTION ( 'NONE',  ( -1.000000000000000000, 0.000000000000000000, 0.000000000000000000 ) ) ;
#5140 = EDGE_CURVE ( 'NONE', #3483, #5985, #9308, .T. ) ;
#5141 = ADVANCED_FACE ( 'NONE', ( #5104 ), #10, .T. ) ;
#5142 = MECHANICAL_DESIGN_GEOMETRIC_PRESENTATION_REPRESENTATION (  '', ( #3899 ), #7557 ) ;
#5143 = SURFACE_STYLE_USAGE ( .BOTH. , #2207 ) ;
#5144 = DIRECTION ( 'NONE',  ( 0.000000000000000000, 0.000000000000000000, -1.000000000000000000 ) ) ;
#5145 = PRESENTATION_STYLE_ASSIGNMENT (( #7333 ) ) ;
#5146 = AXIS2_PLACEMENT_3D ( 'NONE', #5721, #7104, #2141 ) ;
#5147 = DIRECTION ( 'NONE',  ( 0.000000000000000000, 0.000000000000000000, -1.000000000000000000 ) ) ;
#5148 = CARTESIAN_POINT ( 'NONE',  ( -6.300000000000001599, -0.02500000000000000139, -8.799999999999995381 ) ) ;
#5149 = DIRECTION ( 'NONE',  ( -1.000000000000000000, 0.000000000000000000, 0.000000000000000000 ) ) ;
#5150 = EDGE_LOOP ( 'NONE', ( #1009, #1854, #550 ) ) ;
#5151 = DIRECTION ( 'NONE',  ( 0.000000000000000000, 0.000000000000000000, -1.000000000000000000 ) ) ;
#5152 = DIRECTION ( 'NONE',  ( 0.000000000000000000, -1.000000000000000000, 0.000000000000000000 ) ) ;
#5154 = VECTOR ( 'NONE', #9058, 1000.000000000000000 ) ;
#5153 = CIRCLE ( 'NONE', #4524, 0.2249999999999999500 ) ;
#5155 = CARTESIAN_POINT ( 'NONE',  ( -2.499999999999999556, -0.1250000000000000000, 0.000000000000000000 ) ) ;
#5156 = CIRCLE ( 'NONE', #710, 0.2250000000000000611 ) ;
#5157 = SPHERICAL_SURFACE ( 'NONE', #1230, 0.2250000000000000888 ) ;
#5158 = PRESENTATION_STYLE_ASSIGNMENT (( #6646 ) ) ;
#5159 = UNCERTAINTY_MEASURE_WITH_UNIT (LENGTH_MEASURE( 1.000000000000000082E-05 ), #973, 'distance_accuracy_value', 'NONE');
#5160 = COLOUR_RGB ( '',0.8941176470588234615, 0.9137254901960784048, 0.9294117647058823817 ) ;
#5161 = SURFACE_STYLE_FILL_AREA ( #2225 ) ;
#5162 = EDGE_LOOP ( 'NONE', ( #7488, #9242 ) ) ;
#5163 = SURFACE_SIDE_STYLE ('',( #2899 ) ) ;
#5165 = EDGE_LOOP ( 'NONE', ( #4027, #4002 ) ) ;
#5164 = CARTESIAN_POINT ( 'NONE',  ( 2.500000000000000444, 0.000000000000000000, 5.000000000000000888 ) ) ;
#5166 = SPHERICAL_SURFACE ( 'NONE', #7602, 0.2250000000000000888 ) ;
#5167 = AXIS2_PLACEMENT_3D ( 'NONE', #6710, #6005, #3191 ) ;
#5168 = LINE ( 'NONE', #8571, #2170 ) ;
#5169 = EDGE_LOOP ( 'NONE', ( #5758, #7633, #1321 ) ) ;
#5170 = STYLED_ITEM ( 'NONE', ( #5774 ), #2366 ) ;
#5171 = FILL_AREA_STYLE ('',( #3629 ) ) ;
#5172 = ORIENTED_EDGE ( 'NONE', *, *, #5400, .T. ) ;
#5173 = FACE_BOUND ( 'NONE', #7769, .T. ) ;
#5174 = PRESENTATION_LAYER_ASSIGNMENT (  '', '', ( #3943 ) ) ;
#5175 = DIRECTION ( 'NONE',  ( 0.000000000000000000, 0.000000000000000000, -1.000000000000000000 ) ) ;
#5176 = SURFACE_STYLE_USAGE ( .BOTH. , #5917 ) ;
#5177 = CARTESIAN_POINT ( 'NONE',  ( 3.500000000000000444, -0.1250000000000000000, -4.000000000000000000 ) ) ;
#5178 = CIRCLE ( 'NONE', #5036, 0.2250000000000001443 ) ;
#5179 = CARTESIAN_POINT ( 'NONE',  ( -1.312917130661302334, 0.000000000000000000, 2.999999999999999112 ) ) ;
#5180 = ORIENTED_EDGE ( 'NONE', *, *, #5325, .T. ) ;
#5181 = CARTESIAN_POINT ( 'NONE',  ( 3.687082869338697666, 0.000000000000000000, 5.000000000000000888 ) ) ;
#5182 = PRESENTATION_STYLE_ASSIGNMENT (( #8682 ) ) ;
#5183 = DIRECTION ( 'NONE',  ( -1.000000000000000000, 0.000000000000000000, 0.000000000000000000 ) ) ;
#5184 = FACE_OUTER_BOUND ( 'NONE', #1120, .T. ) ;
#5185 = PRESENTATION_STYLE_ASSIGNMENT (( #1530 ) ) ;
#5186 = EDGE_CURVE ( 'NONE', #8168, #8515, #3674, .T. ) ;
#5187 = DIRECTION ( 'NONE',  ( -1.000000000000000000, 0.000000000000000000, 0.000000000000000000 ) ) ;
#5188 = CARTESIAN_POINT ( 'NONE',  ( 6.999999999999998224, 0.2599999999999929035, -8.999999999999998224 ) ) ;
#5189 = DIRECTION ( 'NONE',  ( 0.000000000000000000, 0.000000000000000000, -1.000000000000000000 ) ) ;
#5190 = FILL_AREA_STYLE_COLOUR ( '', #7657 ) ;
#5191 = CARTESIAN_POINT ( 'NONE',  ( 0.5000000000000004441, -0.1250000000000000000, 4.000000000000000000 ) ) ;
#5192 = EDGE_LOOP ( 'NONE', ( #5298, #4965 ) ) ;
#5193 =( LENGTH_UNIT ( ) NAMED_UNIT ( * ) SI_UNIT ( .MILLI., .METRE. ) );
#5194 = ADVANCED_FACE ( 'NONE', ( #3594 ), #6823, .T. ) ;
#5195 = DIRECTION ( 'NONE',  ( -1.224646799147353207E-16, 0.000000000000000000, 1.000000000000000000 ) ) ;
#5196 = VERTEX_POINT ( 'NONE', #2885 ) ;
#5197 = FILL_AREA_STYLE ('',( #8794 ) ) ;
#5198 =( NAMED_UNIT ( * ) SI_UNIT ( $, .STERADIAN. ) SOLID_ANGLE_UNIT ( ) );
#5200 = ORIENTED_EDGE ( 'NONE', *, *, #5140, .F. ) ;
#5199 = SURFACE_STYLE_FILL_AREA ( #2267 ) ;
#5201 = SURFACE_SIDE_STYLE ('',( #34 ) ) ;
#5202 = ORIENTED_EDGE ( 'NONE', *, *, #4970, .T. ) ;
#5203 = MECHANICAL_DESIGN_GEOMETRIC_PRESENTATION_REPRESENTATION (  '', ( #5660 ), #4449 ) ;
#5204 = PRESENTATION_STYLE_ASSIGNMENT (( #4357 ) ) ;
#5205 = CARTESIAN_POINT ( 'NONE',  ( 0.5000000000000004441, -0.1250000000000000000, -2.000000000000000000 ) ) ;
#5206 = PRESENTATION_STYLE_ASSIGNMENT (( #7359 ) ) ;
#5207 = ORIENTED_EDGE ( 'NONE', *, *, #363, .F. ) ;
#5208 = EDGE_CURVE ( 'NONE', #8524, #2808, #4912, .T. ) ;
#5209 = DIRECTION ( 'NONE',  ( -1.000000000000000000, 0.000000000000000000, 0.000000000000000000 ) ) ;
#5210 = VERTEX_POINT ( 'NONE', #6776 ) ;
#5211 = FILL_AREA_STYLE ('',( #7959 ) ) ;
#5212 = MECHANICAL_DESIGN_GEOMETRIC_PRESENTATION_REPRESENTATION (  '', ( #63 ), #6095 ) ;
#5213 = AXIS2_PLACEMENT_3D ( 'NONE', #3009, #3545, #1389 ) ;
#5214 = CARTESIAN_POINT ( 'NONE',  ( -5.100000000000002309, 0.8099999999999999423, -7.099999999999997868 ) ) ;
#5215 = UNCERTAINTY_MEASURE_WITH_UNIT (LENGTH_MEASURE( 1.000000000000000082E-05 ), #4102, 'distance_accuracy_value', 'NONE');
#5216 = CARTESIAN_POINT ( 'NONE',  ( 4.500000000000001776, 0.000000000000000000, -7.000000000000000000 ) ) ;
#5217 = FILL_AREA_STYLE_COLOUR ( '', #9073 ) ;
#5218 = SPHERICAL_SURFACE ( 'NONE', #2592, 0.2250000000000000888 ) ;
#5219 = COLOUR_RGB ( '',0.8941176470588234615, 0.9137254901960784048, 0.9294117647058823817 ) ;
#5220 = FILL_AREA_STYLE ('',( #3925 ) ) ;
#5221 = CIRCLE ( 'NONE', #1077, 0.2249999999999999500 ) ;
#5222 =( NAMED_UNIT ( * ) SI_UNIT ( $, .STERADIAN. ) SOLID_ANGLE_UNIT ( ) );
#5223 = CARTESIAN_POINT ( 'NONE',  ( -3.499999999999999556, -0.1250000000000000000, 0.000000000000000000 ) ) ;
#5224 =( NAMED_UNIT ( * ) SI_UNIT ( $, .STERADIAN. ) SOLID_ANGLE_UNIT ( ) );
#5225 =( NAMED_UNIT ( * ) PLANE_ANGLE_UNIT ( ) SI_UNIT ( $, .RADIAN. ) );
#5226 = STYLED_ITEM ( 'NONE', ( #2382 ), #965 ) ;
#5227 = AXIS2_PLACEMENT_3D ( 'NONE', #6950, #2556, #5490 ) ;
#5228 = CIRCLE ( 'NONE', #5529, 0.2249999999999999500 ) ;
#5229 = AXIS2_PLACEMENT_3D ( 'NONE', #1340, #4890, #9150 ) ;
#5230 = SPHERICAL_SURFACE ( 'NONE', #9264, 0.2250000000000000888 ) ;
#5231 = DIRECTION ( 'NONE',  ( -1.000000000000000000, 0.000000000000000000, 0.000000000000000000 ) ) ;
#5232 = DIRECTION ( 'NONE',  ( 0.000000000000000000, 0.000000000000000000, 1.000000000000000000 ) ) ;
#5233 = STYLED_ITEM ( 'NONE', ( #7779 ), #4592 ) ;
#5234 = AXIS2_PLACEMENT_3D ( 'NONE', #1931, #481, #1158 ) ;
#5235 = SURFACE_SIDE_STYLE ('',( #8745 ) ) ;
#5236 = ADVANCED_FACE ( 'NONE', ( #9103 ), #1861, .F. ) ;
#5237 = ADVANCED_FACE ( 'NONE', ( #1766 ), #8536, .T. ) ;
#5238 = DIRECTION ( 'NONE',  ( 0.000000000000000000, 0.000000000000000000, -1.000000000000000000 ) ) ;
#5239 = UNCERTAINTY_MEASURE_WITH_UNIT (LENGTH_MEASURE( 1.000000000000000082E-05 ), #7967, 'distance_accuracy_value', 'NONE');
#5240 = MECHANICAL_DESIGN_GEOMETRIC_PRESENTATION_REPRESENTATION (  '', ( #4015 ), #8861 ) ;
#5241 = MECHANICAL_DESIGN_GEOMETRIC_PRESENTATION_REPRESENTATION (  '', ( #7375 ), #8570 ) ;
#5242 = FACE_OUTER_BOUND ( 'NONE', #6703, .T. ) ;
#5243 = FILL_AREA_STYLE ('',( #886 ) ) ;
#5244 = ORIENTED_EDGE ( 'NONE', *, *, #4719, .T. ) ;
#5245 = DIRECTION ( 'NONE',  ( 0.000000000000000000, -1.000000000000000000, 0.000000000000000000 ) ) ;
#5246 = CARTESIAN_POINT ( 'NONE',  ( -3.312917130661302334, 0.000000000000000000, 5.000000000000000888 ) ) ;
#5247 = ORIENTED_EDGE ( 'NONE', *, *, #5815, .F. ) ;
#5248 = EDGE_CURVE ( 'NONE', #5015, #1835, #5462, .T. ) ;
#5249 =( NAMED_UNIT ( * ) SI_UNIT ( $, .STERADIAN. ) SOLID_ANGLE_UNIT ( ) );
#5250 = CIRCLE ( 'NONE', #4791, 0.2249999999999999500 ) ;
#5251 = EDGE_CURVE ( 'NONE', #345, #1214, #8078, .T. ) ;
#5252 = PRESENTATION_LAYER_ASSIGNMENT (  '', '', ( #6595 ) ) ;
#5253 = VERTEX_POINT ( 'NONE', #3379 ) ;
#5254 = STYLED_ITEM ( 'NONE', ( #6031 ), #7554 ) ;
#5255 = CARTESIAN_POINT ( 'NONE',  ( -2.499999999999999556, -0.1250000000000000000, 4.000000000000000000 ) ) ;
#5256 =( NAMED_UNIT ( * ) SI_UNIT ( $, .STERADIAN. ) SOLID_ANGLE_UNIT ( ) );
#5257 = ORIENTED_EDGE ( 'NONE', *, *, #3719, .F. ) ;
#5258 = SPHERICAL_SURFACE ( 'NONE', #4683, 0.2250000000000000888 ) ;
#5259 = ORIENTED_EDGE ( 'NONE', *, *, #6040, .F. ) ;
#5260 = FACE_BOUND ( 'NONE', #8526, .T. ) ;
#5261 = DIRECTION ( 'NONE',  ( 0.000000000000000000, -1.000000000000000000, 0.000000000000000000 ) ) ;
#5262 = COLOUR_RGB ( '',0.8941176470588234615, 0.9137254901960784048, 0.9294117647058823817 ) ;
#5263 =( NAMED_UNIT ( * ) SI_UNIT ( $, .STERADIAN. ) SOLID_ANGLE_UNIT ( ) );
#5264 = DIRECTION ( 'NONE',  ( -0.000000000000000000, -0.000000000000000000, -1.000000000000000000 ) ) ;
#5265 = FACE_OUTER_BOUND ( 'NONE', #2961, .T. ) ;
#5266 = PRESENTATION_STYLE_ASSIGNMENT (( #8329 ) ) ;
#5267 = UNCERTAINTY_MEASURE_WITH_UNIT (LENGTH_MEASURE( 1.000000000000000082E-05 ), #8122, 'distance_accuracy_value', 'NONE');
#5268 = CARTESIAN_POINT ( 'NONE',  ( -2.499999999999999556, -0.1250000000000000000, -4.000000000000000000 ) ) ;
#5269 = CARTESIAN_POINT ( 'NONE',  ( -1.499999999999999556, -0.1250000000000000000, -1.000000000000000000 ) ) ;
#5270 = SURFACE_STYLE_USAGE ( .BOTH. , #4424 ) ;
#5271 = ORIENTED_EDGE ( 'NONE', *, *, #1251, .F. ) ;
#5272 =( LENGTH_UNIT ( ) NAMED_UNIT ( * ) SI_UNIT ( .MILLI., .METRE. ) );
#5273 = CIRCLE ( 'NONE', #7552, 0.2249999999999999500 ) ;
#5274 = SPHERICAL_SURFACE ( 'NONE', #4826, 0.2250000000000000888 ) ;
#5275 = CARTESIAN_POINT ( 'NONE',  ( -0.4999999999999995559, 0.000000000000000000, 0.000000000000000000 ) ) ;
#5276 = CARTESIAN_POINT ( 'NONE',  ( -0.3129171306613024450, 0.000000000000000000, 2.999999999999999112 ) ) ;
#5277 = AXIS2_PLACEMENT_3D ( 'NONE', #1851, #3482, #4881 ) ;
#5278 =( LENGTH_UNIT ( ) NAMED_UNIT ( * ) SI_UNIT ( .MILLI., .METRE. ) );
#5279 = AXIS2_PLACEMENT_3D ( 'NONE', #3301, #578, #59 ) ;
#5280 = CARTESIAN_POINT ( 'NONE',  ( -0.4999999999999995559, -0.1250000000000000000, 5.000000000000000888 ) ) ;
#5281 = AXIS2_PLACEMENT_3D ( 'NONE', #6176, #8477, #3358 ) ;
#5282 = DIRECTION ( 'NONE',  ( -1.000000000000000000, 0.000000000000000000, 0.000000000000000000 ) ) ;
#5283 = CARTESIAN_POINT ( 'NONE',  ( -0.4999999999999995559, 0.000000000000000000, -4.000000000000000000 ) ) ;
#5284 = DIRECTION ( 'NONE',  ( 0.000000000000000000, 0.000000000000000000, -1.000000000000000000 ) ) ;
#5285 = ADVANCED_FACE ( 'NONE', ( #8584 ), #6291, .T. ) ;
#5286 = PRESENTATION_LAYER_ASSIGNMENT (  '', '', ( #5439 ) ) ;
#5287 = VERTEX_POINT ( 'NONE', #7169 ) ;
#5288 = CARTESIAN_POINT ( 'NONE',  ( -2.499999999999999556, -0.1250000000000000000, -1.000000000000000000 ) ) ;
#5289 = DIRECTION ( 'NONE',  ( -1.000000000000000000, 0.000000000000000000, 0.000000000000000000 ) ) ;
#5290 = ORIENTED_EDGE ( 'NONE', *, *, #6640, .T. ) ;
#5291 = PRESENTATION_LAYER_ASSIGNMENT (  '', '', ( #9403 ) ) ;
#5292 = SURFACE_STYLE_USAGE ( .BOTH. , #6560 ) ;
#5293 = COLOUR_RGB ( '',0.8941176470588234615, 0.9137254901960784048, 0.9294117647058823817 ) ;
#5294 = PRESENTATION_LAYER_ASSIGNMENT (  '', '', ( #9237 ) ) ;
#5295 = EDGE_CURVE ( 'NONE', #71, #6409, #5962, .T. ) ;
#5296 = EDGE_CURVE ( 'NONE', #8324, #8679, #3997, .T. ) ;
#5297 = CIRCLE ( 'NONE', #7439, 0.2249999999999999500 ) ;
#5298 = ORIENTED_EDGE ( 'NONE', *, *, #2484, .F. ) ;
#5299 = ORIENTED_EDGE ( 'NONE', *, *, #3599, .F. ) ;
#5300 = COLOUR_RGB ( '',0.8941176470588234615, 0.9137254901960784048, 0.9294117647058823817 ) ;
#5301 = FACE_BOUND ( 'NONE', #8626, .T. ) ;
#5302 = DIRECTION ( 'NONE',  ( 0.000000000000000000, 0.000000000000000000, 1.000000000000000000 ) ) ;
#5303 = CARTESIAN_POINT ( 'NONE',  ( -0.4999999999999995559, 0.000000000000000000, 2.000000000000000000 ) ) ;
#5304 = CARTESIAN_POINT ( 'NONE',  ( -3.312917130661302334, 0.000000000000000000, 2.291104371109379525E-17 ) ) ;
#5305 = EDGE_CURVE ( 'NONE', #1293, #2104, #2300, .T. ) ;
#5306 =( LENGTH_UNIT ( ) NAMED_UNIT ( * ) SI_UNIT ( .MILLI., .METRE. ) );
#5307 = CARTESIAN_POINT ( 'NONE',  ( 1.687082869338697666, 0.000000000000000000, -2.000000000000000000 ) ) ;
#5308 = DIRECTION ( 'NONE',  ( 0.000000000000000000, -1.000000000000000000, 0.000000000000000000 ) ) ;
#5309 = SURFACE_STYLE_USAGE ( .BOTH. , #6815 ) ;
#5310 = DIRECTION ( 'NONE',  ( -1.000000000000000000, 0.000000000000000000, 0.000000000000000000 ) ) ;
#5311 = CIRCLE ( 'NONE', #6659, 0.1870828693386972497 ) ;
#5312 = FACE_OUTER_BOUND ( 'NONE', #7873, .T. ) ;
#5313 = SURFACE_STYLE_FILL_AREA ( #4509 ) ;
#5314 =( NAMED_UNIT ( * ) PLANE_ANGLE_UNIT ( ) SI_UNIT ( $, .RADIAN. ) );
#5315 = DIRECTION ( 'NONE',  ( -1.000000000000000000, 0.000000000000000000, 0.000000000000000000 ) ) ;
#5316 = STYLED_ITEM ( 'NONE', ( #1296 ), #3298 ) ;
#5317 = VERTEX_POINT ( 'NONE', #7072 ) ;
#5318 = DIRECTION ( 'NONE',  ( 0.000000000000000000, 0.000000000000000000, -1.000000000000000000 ) ) ;
#5319 = SURFACE_SIDE_STYLE ('',( #5932 ) ) ;
#5320 = MECHANICAL_DESIGN_GEOMETRIC_PRESENTATION_REPRESENTATION (  '', ( #6060 ), #4066 ) ;
#5321 = FILL_AREA_STYLE_COLOUR ( '', #6669 ) ;
#5322 = AXIS2_PLACEMENT_3D ( 'NONE', #5616, #7742, #3388 ) ;
#5323 = DIRECTION ( 'NONE',  ( 1.000000000000000000, 0.000000000000000000, 0.000000000000000000 ) ) ;
#5324 = FILL_AREA_STYLE_COLOUR ( '', #2045 ) ;
#5325 = EDGE_CURVE ( 'NONE', #6664, #1323, #1087, .T. ) ;
#5326 = AXIS2_PLACEMENT_3D ( 'NONE', #652, #2923, #5139 ) ;
#5327 = CARTESIAN_POINT ( 'NONE',  ( -5.100000000000002309, 0.9100000000000000311, -6.849999999999997868 ) ) ;
#5328 = SURFACE_STYLE_USAGE ( .BOTH. , #3938 ) ;
#5329 = AXIS2_PLACEMENT_3D ( 'NONE', #467, #6338, #4176 ) ;
#5330 = UNCERTAINTY_MEASURE_WITH_UNIT (LENGTH_MEASURE( 1.000000000000000082E-05 ), #4187, 'distance_accuracy_value', 'NONE');
#5331 = FILL_AREA_STYLE ('',( #2399 ) ) ;
#5332 = FILL_AREA_STYLE_COLOUR ( '', #6868 ) ;
#5333 = SURFACE_STYLE_USAGE ( .BOTH. , #6837 ) ;
#5334 = VERTEX_POINT ( 'NONE', #2776 ) ;
#5335 =( LENGTH_UNIT ( ) NAMED_UNIT ( * ) SI_UNIT ( .MILLI., .METRE. ) );
#5337 = VERTEX_POINT ( 'NONE', #5694 ) ;
#5336 =( LENGTH_UNIT ( ) NAMED_UNIT ( * ) SI_UNIT ( .MILLI., .METRE. ) );
#5338 = AXIS2_PLACEMENT_3D ( 'NONE', #6887, #4626, #1788 ) ;
#5339 =( NAMED_UNIT ( * ) SI_UNIT ( $, .STERADIAN. ) SOLID_ANGLE_UNIT ( ) );
#5340 = DIRECTION ( 'NONE',  ( 0.000000000000000000, 1.000000000000000000, 0.000000000000000000 ) ) ;
#5341 = CARTESIAN_POINT ( 'NONE',  ( 0.5000000000000004441, 0.000000000000000000, -1.000000000000000000 ) ) ;
#5342 =( NAMED_UNIT ( * ) SI_UNIT ( $, .STERADIAN. ) SOLID_ANGLE_UNIT ( ) );
#5343 = CARTESIAN_POINT ( 'NONE',  ( -2.499999999999999556, -0.1250000000000000000, 0.000000000000000000 ) ) ;
#5344 = CARTESIAN_POINT ( 'NONE',  ( -0.6870828693386967778, 0.000000000000000000, 1.000000000000000888 ) ) ;
#5345 = SPHERICAL_SURFACE ( 'NONE', #2474, 0.2250000000000000888 ) ;
#5346 = ORIENTED_EDGE ( 'NONE', *, *, #2654, .F. ) ;
#5347 = ORIENTED_EDGE ( 'NONE', *, *, #1435, .F. ) ;
#5348 = FILL_AREA_STYLE ('',( #2452 ) ) ;
#5349 = DIRECTION ( 'NONE',  ( 0.000000000000000000, 0.000000000000000000, -1.000000000000000000 ) ) ;
#5350 = DIRECTION ( 'NONE',  ( 0.000000000000000000, 0.000000000000000000, -1.000000000000000000 ) ) ;
#5351 = EDGE_CURVE ( 'NONE', #1146, #6316, #5221, .T. ) ;
#5352 = DIRECTION ( 'NONE',  ( 0.000000000000000000, 0.000000000000000000, 1.000000000000000000 ) ) ;
#5353 =( LENGTH_UNIT ( ) NAMED_UNIT ( * ) SI_UNIT ( .MILLI., .METRE. ) );
#5354 = UNCERTAINTY_MEASURE_WITH_UNIT (LENGTH_MEASURE( 1.000000000000000082E-05 ), #6380, 'distance_accuracy_value', 'NONE');
#5355 = CARTESIAN_POINT ( 'NONE',  ( 0.000000000000000000, 0.9100000000000000311, 0.000000000000000000 ) ) ;
#5356 = AXIS2_PLACEMENT_3D ( 'NONE', #5054, #1250, #5659 ) ;
#5357 = CIRCLE ( 'NONE', #7486, 0.2249999999999999500 ) ;
#5358 = DIRECTION ( 'NONE',  ( 0.000000000000000000, 0.000000000000000000, 1.000000000000000000 ) ) ;
#5359 = EDGE_CURVE ( 'NONE', #8196, #8324, #6875, .T. ) ;
#5360 = SURFACE_STYLE_USAGE ( .BOTH. , #5410 ) ;
#5361 = AXIS2_PLACEMENT_3D ( 'NONE', #107, #3019, #8737 ) ;
#5362 = CARTESIAN_POINT ( 'NONE',  ( -3.499999999999999556, -0.3500000000000000333, 0.000000000000000000 ) ) ;
#5363 = DIRECTION ( 'NONE',  ( -1.000000000000000000, 0.000000000000000000, 0.000000000000000000 ) ) ;
#5364 = CARTESIAN_POINT ( 'NONE',  ( 1.500000000000000444, -0.1250000000000000000, -3.000000000000000000 ) ) ;
#5365 = AXIS2_PLACEMENT_3D ( 'NONE', #4855, #8403, #4804 ) ;
#5366 = CIRCLE ( 'NONE', #8998, 0.1870828693386972497 ) ;
#5367 = STYLED_ITEM ( 'NONE', ( #7091 ), #4130 ) ;
#5368 = CIRCLE ( 'NONE', #5683, 0.1870828693386972497 ) ;
#5369 = VERTEX_POINT ( 'NONE', #8440 ) ;
#5370 = EDGE_CURVE ( 'NONE', #7690, #2195, #1914, .T. ) ;
#5371 = DIRECTION ( 'NONE',  ( 1.000000000000000000, 0.000000000000000000, 0.000000000000000000 ) ) ;
#5372 = PRESENTATION_LAYER_ASSIGNMENT (  '', '', ( #2936 ) ) ;
#5373 = CIRCLE ( 'NONE', #9328, 0.2250000000000000611 ) ;
#5374 = AXIS2_PLACEMENT_3D ( 'NONE', #4093, #5569, #1059 ) ;
#5375 = FILL_AREA_STYLE ('',( #8974 ) ) ;
#5376 = COLOUR_RGB ( '',0.8941176470588234615, 0.9137254901960784048, 0.9294117647058823817 ) ;
#5377 = CARTESIAN_POINT ( 'NONE',  ( -7.000000000000001776, 0.2599999999999998979, 9.000000000000000000 ) ) ;
#5378 = VERTEX_POINT ( 'NONE', #4127 ) ;
#5380 = EDGE_LOOP ( 'NONE', ( #4545, #7269, #1109 ) ) ;
#5379 = DIRECTION ( 'NONE',  ( -1.224646799147353207E-16, 0.000000000000000000, 1.000000000000000000 ) ) ;
#5381 = CARTESIAN_POINT ( 'NONE',  ( 0.5000000000000004441, -0.3500000000000000333, 2.999999999999999112 ) ) ;
#5382 = PRESENTATION_LAYER_ASSIGNMENT (  '', '', ( #5836 ) ) ;
#5383 = MECHANICAL_DESIGN_GEOMETRIC_PRESENTATION_REPRESENTATION (  '', ( #5982 ), #8254 ) ;
#5384 = EDGE_LOOP ( 'NONE', ( #2100, #3578, #440 ) ) ;
#5385 = COLOUR_RGB ( '',0.8941176470588234615, 0.9137254901960784048, 0.9294117647058823817 ) ;
#5386 = FILL_AREA_STYLE_COLOUR ( '', #8401 ) ;
#5387 = FILL_AREA_STYLE_COLOUR ( '', #1433 ) ;
#5388 = SURFACE_STYLE_FILL_AREA ( #857 ) ;
#5389 = SURFACE_STYLE_USAGE ( .BOTH. , #1031 ) ;
#5390 = COLOUR_RGB ( '',0.8941176470588234615, 0.9137254901960784048, 0.9294117647058823817 ) ;
#5391 = ORIENTED_EDGE ( 'NONE', *, *, #3287, .T. ) ;
#5392 = FILL_AREA_STYLE_COLOUR ( '', #6632 ) ;
#5393 = VERTEX_POINT ( 'NONE', #565 ) ;
#5394 =( LENGTH_UNIT ( ) NAMED_UNIT ( * ) SI_UNIT ( .MILLI., .METRE. ) );
#5395 = UNCERTAINTY_MEASURE_WITH_UNIT (LENGTH_MEASURE( 1.000000000000000082E-05 ), #5062, 'distance_accuracy_value', 'NONE');
#5396 = PRESENTATION_LAYER_ASSIGNMENT (  '', '', ( #8425 ) ) ;
#5397 = FILL_AREA_STYLE ('',( #2461 ) ) ;
#5398 = CARTESIAN_POINT ( 'NONE',  ( 3.500000000000000444, -0.3500000000000000333, -2.000000000000000000 ) ) ;
#5399 = DIRECTION ( 'NONE',  ( 0.000000000000000000, -1.000000000000000000, 0.000000000000000000 ) ) ;
#5400 = EDGE_CURVE ( 'NONE', #1376, #4764, #7199, .T. ) ;
#5401 = EDGE_CURVE ( 'NONE', #8551, #3511, #6415, .T. ) ;
#5402 = DIRECTION ( 'NONE',  ( 0.000000000000000000, -1.000000000000000000, 0.000000000000000000 ) ) ;
#5403 = PRESENTATION_STYLE_ASSIGNMENT (( #3106 ) ) ;
#5404 = CIRCLE ( 'NONE', #1280, 0.2249999999999999500 ) ;
#5405 = SURFACE_STYLE_FILL_AREA ( #6821 ) ;
#5406 = PRESENTATION_STYLE_ASSIGNMENT (( #238 ) ) ;
#5407 = ORIENTED_EDGE ( 'NONE', *, *, #8826, .T. ) ;
#5408 = UNCERTAINTY_MEASURE_WITH_UNIT (LENGTH_MEASURE( 1.000000000000000082E-05 ), #1037, 'distance_accuracy_value', 'NONE');
#5409 = EDGE_LOOP ( 'NONE', ( #1276, #7791, #7119 ) ) ;
#5410 = SURFACE_SIDE_STYLE ('',( #2572 ) ) ;
#5411 = COLOUR_RGB ( '',0.8941176470588234615, 0.9137254901960784048, 0.9294117647058823817 ) ;
#5412 = EDGE_CURVE ( 'NONE', #219, #4047, #1398, .T. ) ;
#5413 = SURFACE_SIDE_STYLE ('',( #3113 ) ) ;
#5414 = EDGE_CURVE ( 'NONE', #28, #2195, #2202, .T. ) ;
#5415 = DIRECTION ( 'NONE',  ( -1.000000000000000000, 0.000000000000000000, 0.000000000000000000 ) ) ;
#5416 = EDGE_CURVE ( 'NONE', #6513, #4181, #3066, .T. ) ;
#5417 = SURFACE_STYLE_USAGE ( .BOTH. , #1728 ) ;
#5418 = SURFACE_STYLE_FILL_AREA ( #3978 ) ;
#5419 =( GEOMETRIC_REPRESENTATION_CONTEXT ( 3 ) GLOBAL_UNCERTAINTY_ASSIGNED_CONTEXT ( ( #8393 ) ) GLOBAL_UNIT_ASSIGNED_CONTEXT ( ( #188, #7457, #6584 ) ) REPRESENTATION_CONTEXT ( 'NONE', 'WORKASPACE' ) );
#5420 = UNCERTAINTY_MEASURE_WITH_UNIT (LENGTH_MEASURE( 1.000000000000000082E-05 ), #3395, 'distance_accuracy_value', 'NONE');
#5421 = COLOUR_RGB ( '',0.8941176470588234615, 0.9137254901960784048, 0.9294117647058823817 ) ;
#5422 = PRESENTATION_LAYER_ASSIGNMENT (  '', '', ( #7260 ) ) ;
#5423 = FACE_OUTER_BOUND ( 'NONE', #2089, .T. ) ;
#5424 = CARTESIAN_POINT ( 'NONE',  ( -7.000000000000001776, 0.000000000000000000, 9.000000000000000000 ) ) ;
#5425 =( NAMED_UNIT ( * ) PLANE_ANGLE_UNIT ( ) SI_UNIT ( $, .RADIAN. ) );
#5426 = FILL_AREA_STYLE ('',( #1518 ) ) ;
#5427 = VERTEX_POINT ( 'NONE', #1570 ) ;
#5428 = DIRECTION ( 'NONE',  ( 0.000000000000000000, 0.000000000000000000, -1.000000000000000000 ) ) ;
#5429 = SURFACE_SIDE_STYLE ('',( #4043 ) ) ;
#5430 = STYLED_ITEM ( 'NONE', ( #110 ), #9361 ) ;
#5432 = VERTEX_POINT ( 'NONE', #139 ) ;
#5431 = CARTESIAN_POINT ( 'NONE',  ( -0.4999999999999995559, -0.1250000000000000000, -3.000000000000000000 ) ) ;
#5433 = CARTESIAN_POINT ( 'NONE',  ( 3.500000000000000444, -0.1250000000000000000, -2.000000000000000000 ) ) ;
#5434 = STYLED_ITEM ( 'NONE', ( #6143 ), #248 ) ;
#5435 = PRESENTATION_LAYER_ASSIGNMENT (  '', '', ( #1304 ) ) ;
#5436 = ORIENTED_EDGE ( 'NONE', *, *, #9374, .F. ) ;
#5437 = ORIENTED_EDGE ( 'NONE', *, *, #6689, .F. ) ;
#5438 = AXIS2_PLACEMENT_3D ( 'NONE', #6093, #7009, #2949 ) ;
#5439 = STYLED_ITEM ( 'NONE', ( #3880 ), #1192 ) ;
#5440 =( NAMED_UNIT ( * ) SI_UNIT ( $, .STERADIAN. ) SOLID_ANGLE_UNIT ( ) );
#5441 = CARTESIAN_POINT ( 'NONE',  ( -1.499999999999999556, -0.3500000000000000333, -5.000000000000000000 ) ) ;
#5442 =( GEOMETRIC_REPRESENTATION_CONTEXT ( 3 ) GLOBAL_UNCERTAINTY_ASSIGNED_CONTEXT ( ( #3612 ) ) GLOBAL_UNIT_ASSIGNED_CONTEXT ( ( #442, #344, #7706 ) ) REPRESENTATION_CONTEXT ( 'NONE', 'WORKASPACE' ) );
#5443 = EDGE_LOOP ( 'NONE', ( #6505, #2138, #7894 ) ) ;
#5444 = FILL_AREA_STYLE ('',( #8323 ) ) ;
#5445 = ORIENTED_EDGE ( 'NONE', *, *, #3169, .T. ) ;
#5446 = DIRECTION ( 'NONE',  ( 0.000000000000000000, -1.000000000000000000, 0.000000000000000000 ) ) ;
#5447 = AXIS2_PLACEMENT_3D ( 'NONE', #6058, #3879, #5318 ) ;
#5448 = EDGE_CURVE ( 'NONE', #2033, #5558, #213, .T. ) ;
#5450 = AXIS2_PLACEMENT_3D ( 'NONE', #2380, #3868, #4504 ) ;
#5449 = VECTOR ( 'NONE', #399, 1000.000000000000000 ) ;
#5451 =( NAMED_UNIT ( * ) PLANE_ANGLE_UNIT ( ) SI_UNIT ( $, .RADIAN. ) );
#5452 =( GEOMETRIC_REPRESENTATION_CONTEXT ( 3 ) GLOBAL_UNCERTAINTY_ASSIGNED_CONTEXT ( ( #6182 ) ) GLOBAL_UNIT_ASSIGNED_CONTEXT ( ( #739, #2006, #6662 ) ) REPRESENTATION_CONTEXT ( 'NONE', 'WORKASPACE' ) );
#5453 = PRESENTATION_STYLE_ASSIGNMENT (( #2509 ) ) ;
#5454 = SURFACE_STYLE_FILL_AREA ( #3813 ) ;
#5455 = CARTESIAN_POINT ( 'NONE',  ( 0.6870828693386975550, 0.000000000000000000, 2.999999999999999112 ) ) ;
#5456 = DIRECTION ( 'NONE',  ( -1.000000000000000000, 0.000000000000000000, 0.000000000000000000 ) ) ;
#5457 = DIRECTION ( 'NONE',  ( 0.000000000000000000, 0.000000000000000000, 1.000000000000000000 ) ) ;
#5458 =( LENGTH_UNIT ( ) NAMED_UNIT ( * ) SI_UNIT ( .MILLI., .METRE. ) );
#5459 =( LENGTH_UNIT ( ) NAMED_UNIT ( * ) SI_UNIT ( .MILLI., .METRE. ) );
#5460 =( LENGTH_UNIT ( ) NAMED_UNIT ( * ) SI_UNIT ( .MILLI., .METRE. ) );
#5461 =( GEOMETRIC_REPRESENTATION_CONTEXT ( 3 ) GLOBAL_UNCERTAINTY_ASSIGNED_CONTEXT ( ( #6583 ) ) GLOBAL_UNIT_ASSIGNED_CONTEXT ( ( #5818, #1475, #6427 ) ) REPRESENTATION_CONTEXT ( 'NONE', 'WORKASPACE' ) );
#5462 = LINE ( 'NONE', #2676, #2765 ) ;
#5463 = VERTEX_POINT ( 'NONE', #181 ) ;
#5464 = VERTEX_POINT ( 'NONE', #8012 ) ;
#5465 = CIRCLE ( 'NONE', #1339, 0.1870828693386972497 ) ;
#5466 = CARTESIAN_POINT ( 'NONE',  ( -3.499999999999999556, -0.1250000000000000000, -8.000000000000000000 ) ) ;
#5467 = UNCERTAINTY_MEASURE_WITH_UNIT (LENGTH_MEASURE( 1.000000000000000082E-05 ), #8731, 'distance_accuracy_value', 'NONE');
#5468 = CIRCLE ( 'NONE', #3020, 0.2249999999999999500 ) ;
#5469 = EDGE_CURVE ( 'NONE', #2744, #8221, #4931, .T. ) ;
#5470 = ORIENTED_EDGE ( 'NONE', *, *, #7100, .F. ) ;
#5471 = PRESENTATION_STYLE_ASSIGNMENT (( #6160 ) ) ;
#5472 = CIRCLE ( 'NONE', #7903, 0.2250000000000003664 ) ;
#5473 = ORIENTED_EDGE ( 'NONE', *, *, #6857, .T. ) ;
#5474 = FACE_OUTER_BOUND ( 'NONE', #7737, .T. ) ;
#5475 = DIRECTION ( 'NONE',  ( 0.000000000000000000, 0.000000000000000000, 1.000000000000000000 ) ) ;
#5477 = ORIENTED_EDGE ( 'NONE', *, *, #4828, .F. ) ;
#5476 = DIRECTION ( 'NONE',  ( 0.000000000000000000, -1.000000000000000000, 0.000000000000000000 ) ) ;
#5478 = DIRECTION ( 'NONE',  ( 0.000000000000000000, -1.000000000000000000, 0.000000000000000000 ) ) ;
#5479 = ADVANCED_FACE ( 'NONE', ( #2872 ), #1522, .T. ) ;
#5480 = VERTEX_POINT ( 'NONE', #5778 ) ;
#5481 = FILL_AREA_STYLE ('',( #5612 ) ) ;
#5482 = CARTESIAN_POINT ( 'NONE',  ( 1.500000000000000444, -0.1250000000000000000, 2.999999999999999112 ) ) ;
#5483 = DIRECTION ( 'NONE',  ( 0.000000000000000000, 0.000000000000000000, -1.000000000000000000 ) ) ;
#5484 = VECTOR ( 'NONE', #6514, 1000.000000000000000 ) ;
#5485 = CARTESIAN_POINT ( 'NONE',  ( -4.500000000000000000, -0.1250000000000000000, 8.000000000000000000 ) ) ;
#5486 = ORIENTED_EDGE ( 'NONE', *, *, #83, .F. ) ;
#5487 =( NAMED_UNIT ( * ) PLANE_ANGLE_UNIT ( ) SI_UNIT ( $, .RADIAN. ) );
#5488 = ORIENTED_EDGE ( 'NONE', *, *, #1251, .T. ) ;
#5489 = DIRECTION ( 'NONE',  ( 0.000000000000000000, 0.000000000000000000, -1.000000000000000000 ) ) ;
#5490 = DIRECTION ( 'NONE',  ( -1.000000000000000000, 0.000000000000000000, 0.000000000000000000 ) ) ;
#5491 = DIRECTION ( 'NONE',  ( -1.224646799147353207E-16, 0.000000000000000000, 1.000000000000000000 ) ) ;
#5492 = EDGE_CURVE ( 'NONE', #3986, #6725, #7037, .T. ) ;
#5493 = SPHERICAL_SURFACE ( 'NONE', #3461, 0.2250000000000000888 ) ;
#5494 = SURFACE_SIDE_STYLE ('',( #2510 ) ) ;
#5495 = EDGE_LOOP ( 'NONE', ( #3318, #7476, #1742 ) ) ;
#5496 = DIRECTION ( 'NONE',  ( -1.224646799147353207E-16, 0.000000000000000000, 1.000000000000000000 ) ) ;
#5497 = FILL_AREA_STYLE_COLOUR ( '', #1292 ) ;
#5498 = DIRECTION ( 'NONE',  ( 0.000000000000000000, 0.000000000000000000, -1.000000000000000000 ) ) ;
#5499 = PRESENTATION_STYLE_ASSIGNMENT (( #2568 ) ) ;
#5500 = FACE_OUTER_BOUND ( 'NONE', #7910, .T. ) ;
#5501 = EDGE_LOOP ( 'NONE', ( #1598, #4715 ) ) ;
#5502 = DIRECTION ( 'NONE',  ( 0.000000000000000000, -1.000000000000000000, 0.000000000000000000 ) ) ;
#5503 = DIRECTION ( 'NONE',  ( -1.224646799147353207E-16, 0.000000000000000000, 1.000000000000000000 ) ) ;
#5504 = SURFACE_SIDE_STYLE ('',( #4134 ) ) ;
#5505 = DIRECTION ( 'NONE',  ( 1.000000000000000000, 0.000000000000000000, 0.000000000000000000 ) ) ;
#5506 = CARTESIAN_POINT ( 'NONE',  ( -1.499999999999999556, -0.1250000000000000000, -5.000000000000000000 ) ) ;
#5507 = CARTESIAN_POINT ( 'NONE',  ( 2.500000000000000444, -0.3500000000000000333, 4.000000000000000000 ) ) ;
#5508 = CIRCLE ( 'NONE', #1068, 0.2250000000000001443 ) ;
#5509 = AXIS2_PLACEMENT_3D ( 'NONE', #9333, #2176, #8605 ) ;
#5510 = UNCERTAINTY_MEASURE_WITH_UNIT (LENGTH_MEASURE( 1.000000000000000082E-05 ), #2919, 'distance_accuracy_value', 'NONE');
#5511 = DIRECTION ( 'NONE',  ( 0.000000000000000000, 0.000000000000000000, 1.000000000000000000 ) ) ;
#5512 = LINE ( 'NONE', #5424, #4009 ) ;
#5513 =( LENGTH_UNIT ( ) NAMED_UNIT ( * ) SI_UNIT ( .MILLI., .METRE. ) );
#5514 = SPHERICAL_SURFACE ( 'NONE', #298, 0.2250000000000000888 ) ;
#5515 = ORIENTED_EDGE ( 'NONE', *, *, #8607, .F. ) ;
#5516 = DIRECTION ( 'NONE',  ( -1.224646799147353207E-16, 0.000000000000000000, 1.000000000000000000 ) ) ;
#5517 = STYLED_ITEM ( 'NONE', ( #7046 ), #914 ) ;
#5518 = DIRECTION ( 'NONE',  ( 0.000000000000000000, 0.000000000000000000, -1.000000000000000000 ) ) ;
#5519 = FACE_OUTER_BOUND ( 'NONE', #6844, .T. ) ;
#5520 = AXIS2_PLACEMENT_3D ( 'NONE', #5736, #8631, #5557 ) ;
#5522 = ORIENTED_EDGE ( 'NONE', *, *, #3948, .T. ) ;
#5521 =( LENGTH_UNIT ( ) NAMED_UNIT ( * ) SI_UNIT ( .MILLI., .METRE. ) );
#5523 = EDGE_CURVE ( 'NONE', #5127, #6928, #2018, .T. ) ;
#5524 = EDGE_CURVE ( 'NONE', #6026, #1524, #1697, .T. ) ;
#5525 = DIRECTION ( 'NONE',  ( 0.000000000000000000, -1.000000000000000000, 0.000000000000000000 ) ) ;
#5526 = EDGE_LOOP ( 'NONE', ( #898, #6264 ) ) ;
#5527 = VERTEX_POINT ( 'NONE', #1382 ) ;
#5528 = UNCERTAINTY_MEASURE_WITH_UNIT (LENGTH_MEASURE( 1.000000000000000082E-05 ), #6073, 'distance_accuracy_value', 'NONE');
#5529 = AXIS2_PLACEMENT_3D ( 'NONE', #656, #4089, #3499 ) ;
#5530 = AXIS2_PLACEMENT_3D ( 'NONE', #6742, #251, #1254 ) ;
#5531 = COLOUR_RGB ( '',0.8941176470588234615, 0.9137254901960784048, 0.9294117647058823817 ) ;
#5532 =( NAMED_UNIT ( * ) PLANE_ANGLE_UNIT ( ) SI_UNIT ( $, .RADIAN. ) );
#5533 =( NAMED_UNIT ( * ) PLANE_ANGLE_UNIT ( ) SI_UNIT ( $, .RADIAN. ) );
#5534 = EDGE_LOOP ( 'NONE', ( #7013, #4358, #2144 ) ) ;
#5535 = EDGE_CURVE ( 'NONE', #1033, #7847, #2929, .T. ) ;
#5536 = SURFACE_STYLE_FILL_AREA ( #7766 ) ;
#5537 = ADVANCED_FACE ( 'NONE', ( #8678 ), #4644, .T. ) ;
#5538 = EDGE_LOOP ( 'NONE', ( #1369, #5047 ) ) ;
#5539 = EDGE_LOOP ( 'NONE', ( #2053, #4726, #2856 ) ) ;
#5540 = DIRECTION ( 'NONE',  ( 0.000000000000000000, 0.000000000000000000, -1.000000000000000000 ) ) ;
#5541 = AXIS2_PLACEMENT_3D ( 'NONE', #1394, #837, #8023 ) ;
#5542 = CIRCLE ( 'NONE', #1412, 0.2249999999999999500 ) ;
#5543 = SURFACE_SIDE_STYLE ('',( #6276 ) ) ;
#5544 = SPHERICAL_SURFACE ( 'NONE', #668, 0.2250000000000000888 ) ;
#5545 = MECHANICAL_DESIGN_GEOMETRIC_PRESENTATION_REPRESENTATION (  '', ( #8574 ), #2044 ) ;
#5546 = STYLED_ITEM ( 'NONE', ( #1756 ), #6262 ) ;
#5547 =( NAMED_UNIT ( * ) SI_UNIT ( $, .STERADIAN. ) SOLID_ANGLE_UNIT ( ) );
#5548 = SURFACE_STYLE_FILL_AREA ( #5397 ) ;
#5549 = ORIENTED_EDGE ( 'NONE', *, *, #1991, .T. ) ;
#5550 = SURFACE_STYLE_FILL_AREA ( #1962 ) ;
#5551 = SURFACE_SIDE_STYLE ('',( #6287 ) ) ;
#5552 = FACE_BOUND ( 'NONE', #1123, .T. ) ;
#5553 = CARTESIAN_POINT ( 'NONE',  ( 2.687082869338697666, 0.000000000000000000, 5.000000000000000888 ) ) ;
#5554 = FILL_AREA_STYLE ('',( #1912 ) ) ;
#5555 = COLOUR_RGB ( '',0.8941176470588234615, 0.9137254901960784048, 0.9294117647058823817 ) ;
#5556 = MECHANICAL_DESIGN_GEOMETRIC_PRESENTATION_REPRESENTATION (  '', ( #8425 ), #968 ) ;
#5557 = DIRECTION ( 'NONE',  ( -1.000000000000000000, 0.000000000000000000, 0.000000000000000000 ) ) ;
#5558 = VERTEX_POINT ( 'NONE', #2156 ) ;
#5559 = SPHERICAL_SURFACE ( 'NONE', #8924, 0.2250000000000000888 ) ;
#5560 = ORIENTED_EDGE ( 'NONE', *, *, #2727, .F. ) ;
#5561 = STYLED_ITEM ( 'NONE', ( #4155 ), #7365 ) ;
#5562 = PRESENTATION_LAYER_ASSIGNMENT (  '', '', ( #2201 ) ) ;
#5563 = UNCERTAINTY_MEASURE_WITH_UNIT (LENGTH_MEASURE( 1.000000000000000082E-05 ), #8239, 'distance_accuracy_value', 'NONE');
#5564 =( NAMED_UNIT ( * ) SI_UNIT ( $, .STERADIAN. ) SOLID_ANGLE_UNIT ( ) );
#5565 = PRESENTATION_STYLE_ASSIGNMENT (( #6352 ) ) ;
#5566 =( NAMED_UNIT ( * ) SI_UNIT ( $, .STERADIAN. ) SOLID_ANGLE_UNIT ( ) );
#5567 = VERTEX_POINT ( 'NONE', #1038 ) ;
#5568 = SPHERICAL_SURFACE ( 'NONE', #1082, 0.2250000000000000888 ) ;
#5569 = DIRECTION ( 'NONE',  ( 0.000000000000000000, -1.000000000000000000, 0.000000000000000000 ) ) ;
#5570 = PRESENTATION_STYLE_ASSIGNMENT (( #7703 ) ) ;
#5571 = CARTESIAN_POINT ( 'NONE',  ( -0.4999999999999995559, -0.3500000000000000333, 5.000000000000000888 ) ) ;
#5572 = VERTEX_POINT ( 'NONE', #7494 ) ;
#5573 = AXIS2_PLACEMENT_3D ( 'NONE', #2528, #1244, #6243 ) ;
#5574 = FILL_AREA_STYLE_COLOUR ( '', #8305 ) ;
#5575 = EDGE_LOOP ( 'NONE', ( #6827, #478, #7141 ) ) ;
#5576 = DIRECTION ( 'NONE',  ( 0.000000000000000000, 0.000000000000000000, -1.000000000000000000 ) ) ;
#5577 = EDGE_LOOP ( 'NONE', ( #8375, #8475, #1916 ) ) ;
#5578 = CARTESIAN_POINT ( 'NONE',  ( -3.312917130661302334, 0.000000000000000000, 1.000000000000000888 ) ) ;
#5579 = PRESENTATION_STYLE_ASSIGNMENT (( #3220 ) ) ;
#5580 = EDGE_CURVE ( 'NONE', #8415, #3385, #5368, .T. ) ;
#5581 = CARTESIAN_POINT ( 'NONE',  ( -3.499999999999999556, -0.1250000000000000000, 1.000000000000000888 ) ) ;
#5582 = COLOUR_RGB ( '',0.8941176470588234615, 0.9137254901960784048, 0.9294117647058823817 ) ;
#5583 = ORIENTED_EDGE ( 'NONE', *, *, #4709, .F. ) ;
#5584 = VERTEX_POINT ( 'NONE', #318 ) ;
#5585 = SURFACE_STYLE_FILL_AREA ( #5444 ) ;
#5586 = ORIENTED_EDGE ( 'NONE', *, *, #1198, .F. ) ;
#5587 = EDGE_CURVE ( 'NONE', #5196, #2760, #7369, .T. ) ;
#5588 =( NAMED_UNIT ( * ) SI_UNIT ( $, .STERADIAN. ) SOLID_ANGLE_UNIT ( ) );
#5589 = ORIENTED_EDGE ( 'NONE', *, *, #7793, .T. ) ;
#5590 = PRESENTATION_LAYER_ASSIGNMENT (  '', '', ( #7273 ) ) ;
#5591 = FILL_AREA_STYLE ('',( #2716 ) ) ;
#5592 = AXIS2_PLACEMENT_3D ( 'NONE', #5654, #4796, #4850 ) ;
#5593 = EDGE_CURVE ( 'NONE', #8674, #4793, #2174, .T. ) ;
#5594 =( GEOMETRIC_REPRESENTATION_CONTEXT ( 3 ) GLOBAL_UNCERTAINTY_ASSIGNED_CONTEXT ( ( #3701 ) ) GLOBAL_UNIT_ASSIGNED_CONTEXT ( ( #3806, #6665, #8890 ) ) REPRESENTATION_CONTEXT ( 'NONE', 'WORKASPACE' ) );
#5595 = EDGE_CURVE ( 'NONE', #8093, #7341, #6881, .T. ) ;
#5596 =( NAMED_UNIT ( * ) PLANE_ANGLE_UNIT ( ) SI_UNIT ( $, .RADIAN. ) );
#5597 = PRESENTATION_STYLE_ASSIGNMENT (( #7820 ) ) ;
#5598 = FILL_AREA_STYLE ('',( #504 ) ) ;
#5599 = CIRCLE ( 'NONE', #9234, 0.2250000000000003664 ) ;
#5600 = EDGE_LOOP ( 'NONE', ( #8402, #6448, #5696 ) ) ;
#5601 = DIRECTION ( 'NONE',  ( 0.000000000000000000, 0.000000000000000000, -1.000000000000000000 ) ) ;
#5603 = MECHANICAL_DESIGN_GEOMETRIC_PRESENTATION_REPRESENTATION (  '', ( #9237 ), #8159 ) ;
#5602 = AXIS2_PLACEMENT_3D ( 'NONE', #816, #2238, #3724 ) ;
#5604 = CARTESIAN_POINT ( 'NONE',  ( -3.499999999999999556, 0.000000000000000000, -2.000000000000000000 ) ) ;
#5605 = CARTESIAN_POINT ( 'NONE',  ( 3.500000000000000444, 0.000000000000000000, -2.000000000000000000 ) ) ;
#5606 = AXIS2_PLACEMENT_3D ( 'NONE', #8356, #1785, #6259 ) ;
#5607 = ADVANCED_FACE ( 'NONE', ( #6003 ), #3810, .T. ) ;
#5608 = AXIS2_PLACEMENT_3D ( 'NONE', #2702, #537, #1209 ) ;
#5609 = UNCERTAINTY_MEASURE_WITH_UNIT (LENGTH_MEASURE( 1.000000000000000082E-05 ), #5618, 'distance_accuracy_value', 'NONE');
#5611 = AXIS2_PLACEMENT_3D ( 'NONE', #9095, #6377, #7214 ) ;
#5610 = AXIS2_PLACEMENT_3D ( 'NONE', #5850, #1365, #6414 ) ;
#5612 = FILL_AREA_STYLE_COLOUR ( '', #2298 ) ;
#5613 = ORIENTED_EDGE ( 'NONE', *, *, #258, .F. ) ;
#5614 = DIRECTION ( 'NONE',  ( 0.000000000000000000, 0.000000000000000000, 1.000000000000000000 ) ) ;
#5615 = DIRECTION ( 'NONE',  ( -1.000000000000000000, 0.000000000000000000, 0.000000000000000000 ) ) ;
#5616 = CARTESIAN_POINT ( 'NONE',  ( -3.499999999999999556, 0.000000000000000000, 2.999999999999999112 ) ) ;
#5617 = CIRCLE ( 'NONE', #5034, 0.2250000000000001443 ) ;
#5618 =( LENGTH_UNIT ( ) NAMED_UNIT ( * ) SI_UNIT ( .MILLI., .METRE. ) );
#5619 = VERTEX_POINT ( 'NONE', #2373 ) ;
#5620 = SURFACE_SIDE_STYLE ('',( #9221 ) ) ;
#5621 = CARTESIAN_POINT ( 'NONE',  ( -4.500000000000000000, -0.1250000000000000000, -7.000000000000000000 ) ) ;
#5622 = SPHERICAL_SURFACE ( 'NONE', #2360, 0.2250000000000000888 ) ;
#5623 = EDGE_CURVE ( 'NONE', #5432, #1453, #7512, .T. ) ;
#5624 = DIRECTION ( 'NONE',  ( 0.000000000000000000, 0.000000000000000000, 1.000000000000000000 ) ) ;
#5625 = ORIENTED_EDGE ( 'NONE', *, *, #3005, .T. ) ;
#5626 =( NAMED_UNIT ( * ) SI_UNIT ( $, .STERADIAN. ) SOLID_ANGLE_UNIT ( ) );
#5627 =( NAMED_UNIT ( * ) PLANE_ANGLE_UNIT ( ) SI_UNIT ( $, .RADIAN. ) );
#5628 = VECTOR ( 'NONE', #4021, 1000.000000000000000 ) ;
#5629 = ORIENTED_EDGE ( 'NONE', *, *, #8554, .F. ) ;
#5630 = CIRCLE ( 'NONE', #3479, 0.2249999999999999500 ) ;
#5631 = CIRCLE ( 'NONE', #4107, 0.2249999999999999500 ) ;
#5632 = FILL_AREA_STYLE ('',( #3412 ) ) ;
#5633 = VERTEX_POINT ( 'NONE', #7057 ) ;
#5634 = VERTEX_POINT ( 'NONE', #7819 ) ;
#5635 = PRESENTATION_STYLE_ASSIGNMENT (( #9392 ) ) ;
#5636 = ORIENTED_EDGE ( 'NONE', *, *, #7231, .T. ) ;
#5637 = MECHANICAL_DESIGN_GEOMETRIC_PRESENTATION_REPRESENTATION (  '', ( #7460 ), #1351 ) ;
#5638 = AXIS2_PLACEMENT_3D ( 'NONE', #1097, #6918, #2022 ) ;
#5639 = ORIENTED_EDGE ( 'NONE', *, *, #2330, .T. ) ;
#5640 = CARTESIAN_POINT ( 'NONE',  ( 0.5000000000000004441, 0.000000000000000000, -4.000000000000000000 ) ) ;
#5641 = SURFACE_STYLE_USAGE ( .BOTH. , #8372 ) ;
#5642 = DIRECTION ( 'NONE',  ( 0.000000000000000000, 0.000000000000000000, -1.000000000000000000 ) ) ;
#5643 = CARTESIAN_POINT ( 'NONE',  ( 0.5000000000000004441, -0.1250000000000000000, 5.000000000000000888 ) ) ;
#5644 = ORIENTED_EDGE ( 'NONE', *, *, #3190, .T. ) ;
#5645 = DIRECTION ( 'NONE',  ( 1.000000000000000000, 0.000000000000000000, 0.000000000000000000 ) ) ;
#5646 = CARTESIAN_POINT ( 'NONE',  ( -0.3129171306613024450, 0.000000000000000000, 4.000000000000000000 ) ) ;
#5647 = CARTESIAN_POINT ( 'NONE',  ( 1.687082869338697666, 0.000000000000000000, -3.000000000000000000 ) ) ;
#5648 = ADVANCED_FACE ( 'NONE', ( #9091 ), #7003, .F. ) ;
#5649 = CARTESIAN_POINT ( 'NONE',  ( -3.499999999999999556, -0.1250000000000000000, -2.000000000000000000 ) ) ;
#5650 = DIRECTION ( 'NONE',  ( 0.000000000000000000, 0.000000000000000000, -1.000000000000000000 ) ) ;
#5651 = EDGE_LOOP ( 'NONE', ( #1117, #1362 ) ) ;
#5652 = DIRECTION ( 'NONE',  ( 0.000000000000000000, 0.000000000000000000, -1.000000000000000000 ) ) ;
#5653 = EDGE_LOOP ( 'NONE', ( #788, #7155 ) ) ;
#5654 = CARTESIAN_POINT ( 'NONE',  ( -1.499999999999999556, -0.1250000000000000000, 5.000000000000000888 ) ) ;
#5655 = CARTESIAN_POINT ( 'NONE',  ( 2.500000000000000444, -0.3500000000000000333, -3.000000000000000000 ) ) ;
#5656 = UNCERTAINTY_MEASURE_WITH_UNIT (LENGTH_MEASURE( 1.000000000000000082E-05 ), #9393, 'distance_accuracy_value', 'NONE');
#5657 = SURFACE_STYLE_USAGE ( .BOTH. , #6349 ) ;
#5658 = EDGE_CURVE ( 'NONE', #5378, #3307, #6268, .T. ) ;
#5659 = DIRECTION ( 'NONE',  ( -1.000000000000000000, 0.000000000000000000, 0.000000000000000000 ) ) ;
#5660 = STYLED_ITEM ( 'NONE', ( #8206 ), #855 ) ;
#5661 = ORIENTED_EDGE ( 'NONE', *, *, #5305, .T. ) ;
#5662 = DIRECTION ( 'NONE',  ( -1.224646799147353207E-16, 0.000000000000000000, 1.000000000000000000 ) ) ;
#5663 = SURFACE_STYLE_USAGE ( .BOTH. , #8648 ) ;
#5664 = EDGE_LOOP ( 'NONE', ( #2184, #2007, #3266 ) ) ;
#5665 =( LENGTH_UNIT ( ) NAMED_UNIT ( * ) SI_UNIT ( .MILLI., .METRE. ) );
#5666 = CARTESIAN_POINT ( 'NONE',  ( 3.500000000000000444, -0.3500000000000000333, -1.000000000000000000 ) ) ;
#5667 = COLOUR_RGB ( '',0.8941176470588234615, 0.9137254901960784048, 0.9294117647058823817 ) ;
#5668 =( GEOMETRIC_REPRESENTATION_CONTEXT ( 3 ) GLOBAL_UNCERTAINTY_ASSIGNED_CONTEXT ( ( #5239 ) ) GLOBAL_UNIT_ASSIGNED_CONTEXT ( ( #7967, #5832, #2120 ) ) REPRESENTATION_CONTEXT ( 'NONE', 'WORKASPACE' ) );
#5669 = ORIENTED_EDGE ( 'NONE', *, *, #1725, .T. ) ;
#5670 = EDGE_CURVE ( 'NONE', #8128, #2934, #947, .T. ) ;
#5671 = SURFACE_SIDE_STYLE ('',( #4001 ) ) ;
#5672 = AXIS2_PLACEMENT_3D ( 'NONE', #5795, #7984, #2258 ) ;
#5673 = ORIENTED_EDGE ( 'NONE', *, *, #5931, .T. ) ;
#5674 = CARTESIAN_POINT ( 'NONE',  ( 3.500000000000000444, -0.1250000000000000000, 4.000000000000000000 ) ) ;
#5675 = EDGE_LOOP ( 'NONE', ( #4221, #3951 ) ) ;
#5676 = ORIENTED_EDGE ( 'NONE', *, *, #4286, .T. ) ;
#5677 = SURFACE_STYLE_FILL_AREA ( #4825 ) ;
#5678 = AXIS2_PLACEMENT_3D ( 'NONE', #8216, #1560, #4489 ) ;
#5679 = COLOUR_RGB ( '',0.8941176470588234615, 0.9137254901960784048, 0.9294117647058823817 ) ;
#5680 = MECHANICAL_DESIGN_GEOMETRIC_PRESENTATION_REPRESENTATION (  '', ( #7804 ), #1085 ) ;
#5681 = ORIENTED_EDGE ( 'NONE', *, *, #2034, .T. ) ;
#5683 = AXIS2_PLACEMENT_3D ( 'NONE', #993, #7626, #8991 ) ;
#5682 = FACE_OUTER_BOUND ( 'NONE', #7327, .T. ) ;
#5684 =( LENGTH_UNIT ( ) NAMED_UNIT ( * ) SI_UNIT ( .MILLI., .METRE. ) );
#5685 =( NAMED_UNIT ( * ) PLANE_ANGLE_UNIT ( ) SI_UNIT ( $, .RADIAN. ) );
#5686 =( LENGTH_UNIT ( ) NAMED_UNIT ( * ) SI_UNIT ( .MILLI., .METRE. ) );
#5687 = SURFACE_STYLE_FILL_AREA ( #7117 ) ;
#5688 =( GEOMETRIC_REPRESENTATION_CONTEXT ( 3 ) GLOBAL_UNCERTAINTY_ASSIGNED_CONTEXT ( ( #3462 ) ) GLOBAL_UNIT_ASSIGNED_CONTEXT ( ( #9302, #3487, #6963 ) ) REPRESENTATION_CONTEXT ( 'NONE', 'WORKASPACE' ) );
#5689 = ORIENTED_EDGE ( 'NONE', *, *, #4512, .T. ) ;
#5690 = FILL_AREA_STYLE_COLOUR ( '', #4702 ) ;
#5691 = DIRECTION ( 'NONE',  ( -1.000000000000000000, 0.000000000000000000, 0.000000000000000000 ) ) ;
#5692 = DIRECTION ( 'NONE',  ( -1.000000000000000000, 0.000000000000000000, 0.000000000000000000 ) ) ;
#5693 = CARTESIAN_POINT ( 'NONE',  ( -2.687082869338696778, 0.000000000000000000, -1.000000000000000000 ) ) ;
#5694 = CARTESIAN_POINT ( 'NONE',  ( -3.687082869338696778, 0.000000000000000000, -4.000000000000000000 ) ) ;
#5696 = ORIENTED_EDGE ( 'NONE', *, *, #3599, .T. ) ;
#5695 = COLOUR_RGB ( '',0.8941176470588234615, 0.9137254901960784048, 0.9294117647058823817 ) ;
#5697 = AXIS2_PLACEMENT_3D ( 'NONE', #9096, #2560, #1712 ) ;
#5698 = AXIS2_PLACEMENT_3D ( 'NONE', #4146, #3400, #2043 ) ;
#5699 = ORIENTED_EDGE ( 'NONE', *, *, #418, .F. ) ;
#5700 = ADVANCED_FACE ( 'NONE', ( #5682 ), #5544, .T. ) ;
#5701 = ORIENTED_EDGE ( 'NONE', *, *, #8498, .T. ) ;
#5702 = EDGE_CURVE ( 'NONE', #5985, #3483, #523, .T. ) ;
#5703 = PRESENTATION_STYLE_ASSIGNMENT (( #2119 ) ) ;
#5704 = AXIS2_PLACEMENT_3D ( 'NONE', #5485, #9084, #6272 ) ;
#5705 = DIRECTION ( 'NONE',  ( 1.000000000000000000, 0.000000000000000000, 0.000000000000000000 ) ) ;
#5706 = PRESENTATION_LAYER_ASSIGNMENT (  '', '', ( #5254 ) ) ;
#5707 = EDGE_CURVE ( 'NONE', #1684, #3179, #2308, .T. ) ;
#5708 = CIRCLE ( 'NONE', #7385, 0.2250000000000000611 ) ;
#5709 = EDGE_CURVE ( 'NONE', #8616, #3494, #1406, .T. ) ;
#5710 = DIRECTION ( 'NONE',  ( 0.000000000000000000, 0.000000000000000000, 1.000000000000000000 ) ) ;
#5711 =( NAMED_UNIT ( * ) PLANE_ANGLE_UNIT ( ) SI_UNIT ( $, .RADIAN. ) );
#5712 = EDGE_LOOP ( 'NONE', ( #4738, #4997 ) ) ;
#5713 = DIRECTION ( 'NONE',  ( 0.000000000000000000, 0.000000000000000000, -1.000000000000000000 ) ) ;
#5714 = VECTOR ( 'NONE', #9075, 1000.000000000000000 ) ;
#5715 = ORIENTED_EDGE ( 'NONE', *, *, #4258, .T. ) ;
#5716 = FILL_AREA_STYLE ('',( #309 ) ) ;
#5717 = UNCERTAINTY_MEASURE_WITH_UNIT (LENGTH_MEASURE( 1.000000000000000082E-05 ), #3958, 'distance_accuracy_value', 'NONE');
#5718 = AXIS2_PLACEMENT_3D ( 'NONE', #3013, #3049, #4464 ) ;
#5719 = PRESENTATION_STYLE_ASSIGNMENT (( #8037 ) ) ;
#5720 = ORIENTED_EDGE ( 'NONE', *, *, #349, .T. ) ;
#5721 = CARTESIAN_POINT ( 'NONE',  ( -0.4999999999999995559, -0.1250000000000000000, -5.000000000000000000 ) ) ;
#5722 = ORIENTED_EDGE ( 'NONE', *, *, #350, .F. ) ;
#5723 = CARTESIAN_POINT ( 'NONE',  ( 0.3129171306613032777, 0.000000000000000000, -2.000000000000000000 ) ) ;
#5724 = EDGE_LOOP ( 'NONE', ( #7393, #5407, #1841 ) ) ;
#5725 = LINE ( 'NONE', #8617, #1597 ) ;
#5726 =( NAMED_UNIT ( * ) PLANE_ANGLE_UNIT ( ) SI_UNIT ( $, .RADIAN. ) );
#5727 = FILL_AREA_STYLE_COLOUR ( '', #8583 ) ;
#5728 = CIRCLE ( 'NONE', #8606, 0.1870828693386972497 ) ;
#5729 = DIRECTION ( 'NONE',  ( -1.000000000000000000, 0.000000000000000000, 0.000000000000000000 ) ) ;
#5730 = CARTESIAN_POINT ( 'NONE',  ( 3.312917130661303222, 0.000000000000000000, 8.000000000000000000 ) ) ;
#5731 = ORIENTED_EDGE ( 'NONE', *, *, #361, .T. ) ;
#5732 = DIRECTION ( 'NONE',  ( 0.000000000000000000, -1.000000000000000000, 0.000000000000000000 ) ) ;
#5733 = FACE_BOUND ( 'NONE', #8426, .T. ) ;
#5734 = AXIS2_PLACEMENT_3D ( 'NONE', #620, #2798, #5058 ) ;
#5735 = FACE_OUTER_BOUND ( 'NONE', #8743, .T. ) ;
#5736 = CARTESIAN_POINT ( 'NONE',  ( 3.500000000000000444, -0.1250000000000000000, 2.999999999999999112 ) ) ;
#5737 = CARTESIAN_POINT ( 'NONE',  ( -0.4999999999999995559, -0.1250000000000000000, 1.000000000000000888 ) ) ;
#5738 = VECTOR ( 'NONE', #5941, 1000.000000000000114 ) ;
#5739 = VERTEX_POINT ( 'NONE', #9294 ) ;
#5741 = PRESENTATION_LAYER_ASSIGNMENT (  '', '', ( #1762 ) ) ;
#5740 = STYLED_ITEM ( 'NONE', ( #450 ), #9049 ) ;
#5742 = FACE_OUTER_BOUND ( 'NONE', #6890, .T. ) ;
#5743 = UNCERTAINTY_MEASURE_WITH_UNIT (LENGTH_MEASURE( 1.000000000000000082E-05 ), #3396, 'distance_accuracy_value', 'NONE');
#5744 =( GEOMETRIC_REPRESENTATION_CONTEXT ( 3 ) GLOBAL_UNCERTAINTY_ASSIGNED_CONTEXT ( ( #6548 ) ) GLOBAL_UNIT_ASSIGNED_CONTEXT ( ( #5335, #2992, #3079 ) ) REPRESENTATION_CONTEXT ( 'NONE', 'WORKASPACE' ) );
#5745 = SURFACE_STYLE_FILL_AREA ( #6443 ) ;
#5746 = FACE_OUTER_BOUND ( 'NONE', #7200, .T. ) ;
#5747 =( NAMED_UNIT ( * ) SI_UNIT ( $, .STERADIAN. ) SOLID_ANGLE_UNIT ( ) );
#5748 = CIRCLE ( 'NONE', #588, 0.2250000000000001443 ) ;
#5749 = SURFACE_SIDE_STYLE ('',( #2793 ) ) ;
#5750 = CARTESIAN_POINT ( 'NONE',  ( -1.687082869338696778, 0.000000000000000000, 4.000000000000000000 ) ) ;
#5751 = STYLED_ITEM ( 'NONE', ( #8994 ), #8653 ) ;
#5752 = ORIENTED_EDGE ( 'NONE', *, *, #5867, .T. ) ;
#5753 = PRESENTATION_STYLE_ASSIGNMENT (( #8692 ) ) ;
#5754 = CARTESIAN_POINT ( 'NONE',  ( 1.500000000000000444, 0.000000000000000000, -3.000000000000000000 ) ) ;
#5755 = SURFACE_SIDE_STYLE ('',( #4911 ) ) ;
#5756 = EDGE_CURVE ( 'NONE', #8444, #5634, #5830, .T. ) ;
#5757 = SURFACE_STYLE_USAGE ( .BOTH. , #5019 ) ;
#5758 = ORIENTED_EDGE ( 'NONE', *, *, #2367, .F. ) ;
#5759 = PRESENTATION_LAYER_ASSIGNMENT (  '', '', ( #3296 ) ) ;
#5760 = PRESENTATION_STYLE_ASSIGNMENT (( #6460 ) ) ;
#5761 = SURFACE_STYLE_FILL_AREA ( #5114 ) ;
#5762 = FACE_OUTER_BOUND ( 'NONE', #3664, .T. ) ;
#5763 = ORIENTED_EDGE ( 'NONE', *, *, #3254, .T. ) ;
#5764 = VERTEX_POINT ( 'NONE', #1127 ) ;
#5765 = EDGE_CURVE ( 'NONE', #1413, #3307, #3844, .T. ) ;
#5766 =( LENGTH_UNIT ( ) NAMED_UNIT ( * ) SI_UNIT ( .MILLI., .METRE. ) );
#5767 = ORIENTED_EDGE ( 'NONE', *, *, #8178, .T. ) ;
#5768 = DIRECTION ( 'NONE',  ( 0.000000000000000000, 0.000000000000000000, 1.000000000000000000 ) ) ;
#5769 = DIRECTION ( 'NONE',  ( -1.224646799147353207E-16, 0.000000000000000000, 1.000000000000000000 ) ) ;
#5770 = AXIS2_PLACEMENT_3D ( 'NONE', #3207, #7525, #1780 ) ;
#5771 = FILL_AREA_STYLE_COLOUR ( '', #6954 ) ;
#5772 = PRESENTATION_STYLE_ASSIGNMENT (( #7268 ) ) ;
#5773 = ORIENTED_EDGE ( 'NONE', *, *, #8385, .T. ) ;
#5774 = PRESENTATION_STYLE_ASSIGNMENT (( #1377 ) ) ;
#5775 = AXIS2_PLACEMENT_3D ( 'NONE', #231, #3103, #8146 ) ;
#5776 = FACE_BOUND ( 'NONE', #9289, .T. ) ;
#5777 = CARTESIAN_POINT ( 'NONE',  ( 3.500000000000000444, -0.1250000000000000000, 0.000000000000000000 ) ) ;
#5778 = CARTESIAN_POINT ( 'NONE',  ( 3.687082869338697666, 0.000000000000000000, 2.000000000000000000 ) ) ;
#5779 = EDGE_CURVE ( 'NONE', #7002, #6030, #7806, .T. ) ;
#5780 = PRESENTATION_STYLE_ASSIGNMENT (( #2874 ) ) ;
#5781 = EDGE_LOOP ( 'NONE', ( #4035, #256, #6085 ) ) ;
#5782 = SURFACE_SIDE_STYLE ('',( #4369 ) ) ;
#5783 = FILL_AREA_STYLE_COLOUR ( '', #2915 ) ;
#5784 = DIRECTION ( 'NONE',  ( -1.000000000000000000, 0.000000000000000000, 0.000000000000000000 ) ) ;
#5785 = AXIS2_PLACEMENT_3D ( 'NONE', #8532, #4886, #5498 ) ;
#5786 = FACE_OUTER_BOUND ( 'NONE', #3570, .T. ) ;
#5787 = SURFACE_STYLE_USAGE ( .BOTH. , #3590 ) ;
#5788 = FILL_AREA_STYLE ('',( #150 ) ) ;
#5789 = FILL_AREA_STYLE_COLOUR ( '', #5667 ) ;
#5790 = DIRECTION ( 'NONE',  ( 0.000000000000000000, 0.000000000000000000, 1.000000000000000000 ) ) ;
#5791 = DIRECTION ( 'NONE',  ( 0.000000000000000000, -1.000000000000000000, 0.000000000000000000 ) ) ;
#5792 =( LENGTH_UNIT ( ) NAMED_UNIT ( * ) SI_UNIT ( .MILLI., .METRE. ) );
#5793 = EDGE_LOOP ( 'NONE', ( #484, #1787 ) ) ;
#5794 = CARTESIAN_POINT ( 'NONE',  ( -2.499999999999999556, 0.000000000000000000, 1.000000000000000888 ) ) ;
#5795 = CARTESIAN_POINT ( 'NONE',  ( -1.499999999999999556, -0.1250000000000000000, 2.000000000000000000 ) ) ;
#5796 = SURFACE_STYLE_FILL_AREA ( #6599 ) ;
#5797 = UNCERTAINTY_MEASURE_WITH_UNIT (LENGTH_MEASURE( 1.000000000000000082E-05 ), #5458, 'distance_accuracy_value', 'NONE');
#5798 = SURFACE_STYLE_USAGE ( .BOTH. , #6461 ) ;
#5799 = SURFACE_STYLE_USAGE ( .BOTH. , #6508 ) ;
#5800 = ADVANCED_FACE ( 'NONE', ( #4062 ), #3324, .F. ) ;
#5801 = EDGE_LOOP ( 'NONE', ( #2158, #2041, #8318 ) ) ;
#5802 = EDGE_CURVE ( 'NONE', #4048, #6233, #8848, .T. ) ;
#5803 =( NAMED_UNIT ( * ) SI_UNIT ( $, .STERADIAN. ) SOLID_ANGLE_UNIT ( ) );
#5804 = EDGE_LOOP ( 'NONE', ( #3403, #4769, #2969 ) ) ;
#5805 = DIRECTION ( 'NONE',  ( 0.000000000000000000, 0.000000000000000000, 1.000000000000000000 ) ) ;
#5806 =( GEOMETRIC_REPRESENTATION_CONTEXT ( 3 ) GLOBAL_UNCERTAINTY_ASSIGNED_CONTEXT ( ( #4569 ) ) GLOBAL_UNIT_ASSIGNED_CONTEXT ( ( #4462, #8639, #3680 ) ) REPRESENTATION_CONTEXT ( 'NONE', 'WORKASPACE' ) );
#5808 = ORIENTED_EDGE ( 'NONE', *, *, #8870, .F. ) ;
#5807 = PRESENTATION_STYLE_ASSIGNMENT (( #5905 ) ) ;
#5809 = DIRECTION ( 'NONE',  ( 1.000000000000000000, 0.000000000000000000, 0.000000000000000000 ) ) ;
#5810 = SURFACE_STYLE_FILL_AREA ( #2356 ) ;
#5811 = DIRECTION ( 'NONE',  ( 0.000000000000000000, 0.000000000000000000, 1.000000000000000000 ) ) ;
#5812 = DIRECTION ( 'NONE',  ( 0.000000000000000000, -1.000000000000000000, 0.000000000000000000 ) ) ;
#5813 = AXIS2_PLACEMENT_3D ( 'NONE', #2088, #1502, #4435 ) ;
#5814 = MECHANICAL_DESIGN_GEOMETRIC_PRESENTATION_REPRESENTATION (  '', ( #8087 ), #3683 ) ;
#5815 = EDGE_CURVE ( 'NONE', #6254, #4091, #2791, .T. ) ;
#5816 = FILL_AREA_STYLE_COLOUR ( '', #7236 ) ;
#5817 = EDGE_CURVE ( 'NONE', #6807, #5337, #8103, .T. ) ;
#5818 =( LENGTH_UNIT ( ) NAMED_UNIT ( * ) SI_UNIT ( .MILLI., .METRE. ) );
#5819 = DIRECTION ( 'NONE',  ( 0.000000000000000000, 0.000000000000000000, 1.000000000000000000 ) ) ;
#5820 = ORIENTED_EDGE ( 'NONE', *, *, #7667, .F. ) ;
#5821 = DIRECTION ( 'NONE',  ( 0.000000000000000000, -1.000000000000000000, 0.000000000000000000 ) ) ;
#5822 =( GEOMETRIC_REPRESENTATION_CONTEXT ( 3 ) GLOBAL_UNCERTAINTY_ASSIGNED_CONTEXT ( ( #4847 ) ) GLOBAL_UNIT_ASSIGNED_CONTEXT ( ( #5766, #8665, #2998 ) ) REPRESENTATION_CONTEXT ( 'NONE', 'WORKASPACE' ) );
#5823 = FACE_BOUND ( 'NONE', #9181, .T. ) ;
#5824 =( GEOMETRIC_REPRESENTATION_CONTEXT ( 3 ) GLOBAL_UNCERTAINTY_ASSIGNED_CONTEXT ( ( #1385 ) ) GLOBAL_UNIT_ASSIGNED_CONTEXT ( ( #5278, #3609, #6598 ) ) REPRESENTATION_CONTEXT ( 'NONE', 'WORKASPACE' ) );
#5825 = AXIS2_PLACEMENT_3D ( 'NONE', #6342, #6432, #7125 ) ;
#5826 = DIRECTION ( 'NONE',  ( 0.000000000000000000, -1.000000000000000000, 0.000000000000000000 ) ) ;
#5827 = CIRCLE ( 'NONE', #7043, 0.2250000000000000611 ) ;
#5828 = EDGE_LOOP ( 'NONE', ( #4263, #3393, #9347 ) ) ;
#5829 = STYLED_ITEM ( 'NONE', ( #6451 ), #6876 ) ;
#5830 = CIRCLE ( 'NONE', #9012, 0.2249999999999999500 ) ;
#5831 = ORIENTED_EDGE ( 'NONE', *, *, #1714, .F. ) ;
#5832 =( NAMED_UNIT ( * ) PLANE_ANGLE_UNIT ( ) SI_UNIT ( $, .RADIAN. ) );
#5833 = SPHERICAL_SURFACE ( 'NONE', #5920, 0.2250000000000000888 ) ;
#5834 = UNCERTAINTY_MEASURE_WITH_UNIT (LENGTH_MEASURE( 1.000000000000000082E-05 ), #6755, 'distance_accuracy_value', 'NONE');
#5835 = CARTESIAN_POINT ( 'NONE',  ( 1.500000000000000444, 0.000000000000000000, 5.000000000000000888 ) ) ;
#5836 = STYLED_ITEM ( 'NONE', ( #4126 ), #4589 ) ;
#5837 = CIRCLE ( 'NONE', #6124, 0.1870828693386972497 ) ;
#5838 = STYLED_ITEM ( 'NONE', ( #3977 ), #6088 ) ;
#5839 = FACE_OUTER_BOUND ( 'NONE', #1982, .T. ) ;
#5840 = FILL_AREA_STYLE_COLOUR ( '', #3073 ) ;
#5841 = MECHANICAL_DESIGN_GEOMETRIC_PRESENTATION_REPRESENTATION (  '', ( #235 ), #4476 ) ;
#5842 = CIRCLE ( 'NONE', #2635, 0.1870828693386972497 ) ;
#5843 =( GEOMETRIC_REPRESENTATION_CONTEXT ( 3 ) GLOBAL_UNCERTAINTY_ASSIGNED_CONTEXT ( ( #7594 ) ) GLOBAL_UNIT_ASSIGNED_CONTEXT ( ( #1574, #8726, #6673 ) ) REPRESENTATION_CONTEXT ( 'NONE', 'WORKASPACE' ) );
#5844 = ORIENTED_EDGE ( 'NONE', *, *, #7025, .F. ) ;
#5845 = CARTESIAN_POINT ( 'NONE',  ( -7.000000000000001776, 0.9100000000000000311, 9.000000000000000000 ) ) ;
#5846 = SPHERICAL_SURFACE ( 'NONE', #5960, 0.2250000000000000888 ) ;
#5847 = CIRCLE ( 'NONE', #6290, 0.2250000000000000611 ) ;
#5848 = CARTESIAN_POINT ( 'NONE',  ( 3.500000000000000444, -0.1250000000000000000, -4.000000000000000000 ) ) ;
#5849 = FILL_AREA_STYLE_COLOUR ( '', #4153 ) ;
#5850 = CARTESIAN_POINT ( 'NONE',  ( 3.500000000000000444, -0.1250000000000000000, 1.000000000000000888 ) ) ;
#5851 = ORIENTED_EDGE ( 'NONE', *, *, #6681, .F. ) ;
#5852 = VERTEX_POINT ( 'NONE', #4408 ) ;
#5853 = ORIENTED_EDGE ( 'NONE', *, *, #9023, .T. ) ;
#5854 = CARTESIAN_POINT ( 'NONE',  ( -2.499999999999999556, -0.1250000000000000000, 5.000000000000000888 ) ) ;
#5855 = CARTESIAN_POINT ( 'NONE',  ( 1.500000000000000444, 0.000000000000000000, 4.000000000000000000 ) ) ;
#5856 = PRESENTATION_STYLE_ASSIGNMENT (( #5122 ) ) ;
#5857 = ADVANCED_FACE ( 'NONE', ( #2955 ), #9172, .T. ) ;
#5858 = STYLED_ITEM ( 'NONE', ( #7969 ), #7960 ) ;
#5859 = CARTESIAN_POINT ( 'NONE',  ( 3.500000000000000444, -0.1250000000000000000, 1.000000000000000888 ) ) ;
#5860 = SURFACE_STYLE_FILL_AREA ( #129 ) ;
#5861 =( NAMED_UNIT ( * ) SI_UNIT ( $, .STERADIAN. ) SOLID_ANGLE_UNIT ( ) );
#5862 = EDGE_LOOP ( 'NONE', ( #8180, #6524, #3501 ) ) ;
#5863 = FACE_BOUND ( 'NONE', #9069, .T. ) ;
#5864 =( GEOMETRIC_REPRESENTATION_CONTEXT ( 3 ) GLOBAL_UNCERTAINTY_ASSIGNED_CONTEXT ( ( #5563 ) ) GLOBAL_UNIT_ASSIGNED_CONTEXT ( ( #8239, #8858, #1621 ) ) REPRESENTATION_CONTEXT ( 'NONE', 'WORKASPACE' ) );
#5865 = CARTESIAN_POINT ( 'NONE',  ( 6.999999999999998224, -22.54350850198275680, -8.999999999999998224 ) ) ;
#5866 = DIRECTION ( 'NONE',  ( 0.000000000000000000, 0.000000000000000000, -1.000000000000000000 ) ) ;
#5867 = EDGE_CURVE ( 'NONE', #4580, #9354, #3558, .T. ) ;
#5868 = AXIS2_PLACEMENT_3D ( 'NONE', #486, #8684, #4372 ) ;
#5869 = UNCERTAINTY_MEASURE_WITH_UNIT (LENGTH_MEASURE( 1.000000000000000082E-05 ), #1775, 'distance_accuracy_value', 'NONE');
#5870 = CIRCLE ( 'NONE', #4668, 0.1870828693386963892 ) ;
#5871 = CARTESIAN_POINT ( 'NONE',  ( -0.4999999999999995559, -0.1250000000000000000, 0.000000000000000000 ) ) ;
#5872 = ORIENTED_EDGE ( 'NONE', *, *, #8358, .T. ) ;
#5873 = FILL_AREA_STYLE ('',( #7328 ) ) ;
#5874 = DIRECTION ( 'NONE',  ( 0.000000000000000000, 0.000000000000000000, 1.000000000000000000 ) ) ;
#5875 = PRESENTATION_LAYER_ASSIGNMENT (  '', '', ( #573 ) ) ;
#5876 =( LENGTH_UNIT ( ) NAMED_UNIT ( * ) SI_UNIT ( .MILLI., .METRE. ) );
#5877 = CARTESIAN_POINT ( 'NONE',  ( -0.4999999999999995559, -0.1250000000000000000, -3.000000000000000000 ) ) ;
#5878 = CARTESIAN_POINT ( 'NONE',  ( 3.500000000000000444, 0.000000000000000000, -5.000000000000000000 ) ) ;
#5879 = COLOUR_RGB ( '',0.8941176470588234615, 0.9137254901960784048, 0.9294117647058823817 ) ;
#5880 = AXIS2_PLACEMENT_3D ( 'NONE', #75, #2902, #4209 ) ;
#5881 =( NAMED_UNIT ( * ) SI_UNIT ( $, .STERADIAN. ) SOLID_ANGLE_UNIT ( ) );
#5882 = DIRECTION ( 'NONE',  ( 1.000000000000000000, 0.000000000000000000, 0.000000000000000000 ) ) ;
#5883 = PRODUCT_RELATED_PRODUCT_CATEGORY ( 'part', '', ( #7699 ) ) ;
#5884 = EDGE_CURVE ( 'NONE', #4447, #74, #2944, .T. ) ;
#5885 = CARTESIAN_POINT ( 'NONE',  ( -5.100000000000002309, 0.8099999999999999423, -7.099999999999997868 ) ) ;
#5886 = AXIS2_PLACEMENT_3D ( 'NONE', #9142, #6191, #5030 ) ;
#5887 = MECHANICAL_DESIGN_GEOMETRIC_PRESENTATION_REPRESENTATION (  '', ( #2227 ), #8466 ) ;
#5888 = STYLED_ITEM ( 'NONE', ( #3317 ), #2534 ) ;
#5889 =( NAMED_UNIT ( * ) PLANE_ANGLE_UNIT ( ) SI_UNIT ( $, .RADIAN. ) );
#5890 = DIRECTION ( 'NONE',  ( 0.000000000000000000, 0.000000000000000000, 1.000000000000000000 ) ) ;
#5891 = CARTESIAN_POINT ( 'NONE',  ( -2.499999999999999556, -0.1250000000000000000, -4.000000000000000000 ) ) ;
#5892 = CARTESIAN_POINT ( 'NONE',  ( -1.499999999999999556, -0.1250000000000000000, 0.000000000000000000 ) ) ;
#5894 = CIRCLE ( 'NONE', #4390, 0.1870828693386972497 ) ;
#5893 = COLOUR_RGB ( '',0.8941176470588234615, 0.9137254901960784048, 0.9294117647058823817 ) ;
#5895 =( LENGTH_UNIT ( ) NAMED_UNIT ( * ) SI_UNIT ( .MILLI., .METRE. ) );
#5896 = CARTESIAN_POINT ( 'NONE',  ( 2.687082869338697666, 0.000000000000000000, 2.291104371109379525E-17 ) ) ;
#5897 =( GEOMETRIC_REPRESENTATION_CONTEXT ( 3 ) GLOBAL_UNCERTAINTY_ASSIGNED_CONTEXT ( ( #4235 ) ) GLOBAL_UNIT_ASSIGNED_CONTEXT ( ( #5336, #3990, #6074 ) ) REPRESENTATION_CONTEXT ( 'NONE', 'WORKASPACE' ) );
#5898 = EDGE_CURVE ( 'NONE', #7813, #4262, #2459, .T. ) ;
#5899 = AXIS2_PLACEMENT_3D ( 'NONE', #2057, #3628, #7952 ) ;
#5900 = SURFACE_STYLE_USAGE ( .BOTH. , #6549 ) ;
#5901 = FILL_AREA_STYLE ('',( #1638 ) ) ;
#5902 = VERTEX_POINT ( 'NONE', #5666 ) ;
#5903 = CARTESIAN_POINT ( 'NONE',  ( 1.500000000000000444, 0.000000000000000000, 2.000000000000000000 ) ) ;
#5904 = DIRECTION ( 'NONE',  ( -1.000000000000000000, 0.000000000000000000, 0.000000000000000000 ) ) ;
#5906 = VERTEX_POINT ( 'NONE', #1261 ) ;
#5905 = SURFACE_STYLE_USAGE ( .BOTH. , #6606 ) ;
#5907 = CARTESIAN_POINT ( 'NONE',  ( 0.5000000000000004441, -0.3500000000000000333, -1.000000000000000000 ) ) ;
#5908 = AXIS2_PLACEMENT_3D ( 'NONE', #4129, #2736, #5652 ) ;
#5909 =( GEOMETRIC_REPRESENTATION_CONTEXT ( 3 ) GLOBAL_UNCERTAINTY_ASSIGNED_CONTEXT ( ( #1505 ) ) GLOBAL_UNIT_ASSIGNED_CONTEXT ( ( #2151, #3484, #2962 ) ) REPRESENTATION_CONTEXT ( 'NONE', 'WORKASPACE' ) );
#5910 = SURFACE_SIDE_STYLE ('',( #5860 ) ) ;
#5911 = SPHERICAL_SURFACE ( 'NONE', #827, 0.2250000000000000888 ) ;
#5912 = VERTEX_POINT ( 'NONE', #4294 ) ;
#5913 = DIRECTION ( 'NONE',  ( -1.000000000000000000, 0.000000000000000000, 0.000000000000000000 ) ) ;
#5914 = EDGE_LOOP ( 'NONE', ( #4058, #7320, #3418 ) ) ;
#5915 = SURFACE_STYLE_USAGE ( .BOTH. , #5952 ) ;
#5916 = AXIS2_PLACEMENT_3D ( 'NONE', #4857, #2697, #6357 ) ;
#5917 = SURFACE_SIDE_STYLE ('',( #8630 ) ) ;
#5918 = DIRECTION ( 'NONE',  ( 0.000000000000000000, 1.000000000000000000, 0.000000000000000000 ) ) ;
#5919 = CIRCLE ( 'NONE', #1180, 0.1870828693386972497 ) ;
#5920 = AXIS2_PLACEMENT_3D ( 'NONE', #6440, #6534, #4421 ) ;
#5921 = CARTESIAN_POINT ( 'NONE',  ( 0.5000000000000004441, -0.1250000000000000000, -4.000000000000000000 ) ) ;
#5922 = DIRECTION ( 'NONE',  ( 0.000000000000000000, 0.000000000000000000, 1.000000000000000000 ) ) ;
#5923 = DIRECTION ( 'NONE',  ( 0.000000000000000000, 0.000000000000000000, 1.000000000000000000 ) ) ;
#5924 = UNCERTAINTY_MEASURE_WITH_UNIT (LENGTH_MEASURE( 1.000000000000000082E-05 ), #2307, 'distance_accuracy_value', 'NONE');
#5925 = ADVANCED_FACE ( 'NONE', ( #4967 ), #1308, .T. ) ;
#5926 = FILL_AREA_STYLE ('',( #835 ) ) ;
#5927 = VECTOR ( 'NONE', #7020, 1000.000000000000000 ) ;
#5928 = SURFACE_SIDE_STYLE ('',( #3738 ) ) ;
#5929 = MECHANICAL_DESIGN_GEOMETRIC_PRESENTATION_REPRESENTATION (  '', ( #8808 ), #1633 ) ;
#5930 =( GEOMETRIC_REPRESENTATION_CONTEXT ( 3 ) GLOBAL_UNCERTAINTY_ASSIGNED_CONTEXT ( ( #5215 ) ) GLOBAL_UNIT_ASSIGNED_CONTEXT ( ( #4102, #7614, #5339 ) ) REPRESENTATION_CONTEXT ( 'NONE', 'WORKASPACE' ) );
#5931 = EDGE_CURVE ( 'NONE', #8875, #7325, #7665, .T. ) ;
#5932 = SURFACE_STYLE_FILL_AREA ( #4704 ) ;
#5933 = EDGE_CURVE ( 'NONE', #2204, #9240, #1100, .T. ) ;
#5934 =( LENGTH_UNIT ( ) NAMED_UNIT ( * ) SI_UNIT ( .MILLI., .METRE. ) );
#5935 = DIRECTION ( 'NONE',  ( -1.224646799147353207E-16, 0.000000000000000000, 1.000000000000000000 ) ) ;
#5936 = DIRECTION ( 'NONE',  ( -1.000000000000000000, 0.000000000000000000, 0.000000000000000000 ) ) ;
#5937 = SURFACE_STYLE_FILL_AREA ( #8071 ) ;
#5938 = ORIENTED_EDGE ( 'NONE', *, *, #3012, .T. ) ;
#5939 = SURFACE_STYLE_USAGE ( .BOTH. , #6794 ) ;
#5940 = PRESENTATION_STYLE_ASSIGNMENT (( #6418 ) ) ;
#5942 = ORIENTED_EDGE ( 'NONE', *, *, #480, .T. ) ;
#5941 = DIRECTION ( 'NONE',  ( -0.7071067811865474617, 0.000000000000000000, 0.7071067811865474617 ) ) ;
#5943 = CARTESIAN_POINT ( 'NONE',  ( 2.500000000000000444, -0.1250000000000000000, -3.000000000000000000 ) ) ;
#5944 = ADVANCED_FACE ( 'NONE', ( #8602 ), #5061, .T. ) ;
#5945 = DIRECTION ( 'NONE',  ( 0.000000000000000000, -1.000000000000000000, 0.000000000000000000 ) ) ;
#5946 = FILL_AREA_STYLE_COLOUR ( '', #6873 ) ;
#5947 = PRESENTATION_STYLE_ASSIGNMENT (( #984 ) ) ;
#5948 = DIRECTION ( 'NONE',  ( -1.000000000000000000, 0.000000000000000000, 0.000000000000000000 ) ) ;
#5949 = FILL_AREA_STYLE ('',( #1564 ) ) ;
#5950 = VERTEX_POINT ( 'NONE', #3458 ) ;
#5951 = ORIENTED_EDGE ( 'NONE', *, *, #4258, .F. ) ;
#5952 = SURFACE_SIDE_STYLE ('',( #8139 ) ) ;
#5953 = CARTESIAN_POINT ( 'NONE',  ( -3.499999999999999556, 0.000000000000000000, 4.000000000000000000 ) ) ;
#5954 = PRESENTATION_LAYER_ASSIGNMENT (  '', '', ( #7022 ) ) ;
#5956 = CARTESIAN_POINT ( 'NONE',  ( 0.5000000000000004441, -0.1250000000000000000, 5.000000000000000888 ) ) ;
#5955 = PRESENTATION_LAYER_ASSIGNMENT (  '', '', ( #8087 ) ) ;
#5957 = UNCERTAINTY_MEASURE_WITH_UNIT (LENGTH_MEASURE( 1.000000000000000082E-05 ), #3203, 'distance_accuracy_value', 'NONE');
#5958 =( NAMED_UNIT ( * ) SI_UNIT ( $, .STERADIAN. ) SOLID_ANGLE_UNIT ( ) );
#5959 = DIRECTION ( 'NONE',  ( 1.000000000000000000, 0.000000000000000000, 0.000000000000000000 ) ) ;
#5960 = AXIS2_PLACEMENT_3D ( 'NONE', #5155, #114, #2983 ) ;
#5961 =( LENGTH_UNIT ( ) NAMED_UNIT ( * ) SI_UNIT ( .MILLI., .METRE. ) );
#5962 = CIRCLE ( 'NONE', #69, 0.2250000000000003664 ) ;
#5963 = PRESENTATION_STYLE_ASSIGNMENT (( #875 ) ) ;
#5964 = LINE ( 'NONE', #3927, #2500 ) ;
#5965 = DIRECTION ( 'NONE',  ( 0.000000000000000000, 0.000000000000000000, 1.000000000000000000 ) ) ;
#5966 = CARTESIAN_POINT ( 'NONE',  ( -2.499999999999999556, -0.1250000000000000000, -2.000000000000000000 ) ) ;
#5967 = DIRECTION ( 'NONE',  ( 0.000000000000000000, 0.000000000000000000, 1.000000000000000000 ) ) ;
#5968 = MECHANICAL_DESIGN_GEOMETRIC_PRESENTATION_REPRESENTATION (  '', ( #4161 ), #8234 ) ;
#5969 = COLOUR_RGB ( '',0.8941176470588234615, 0.9137254901960784048, 0.9294117647058823817 ) ;
#5970 = AXIS2_PLACEMENT_3D ( 'NONE', #9322, #2839, #1305 ) ;
#5971 = AXIS2_PLACEMENT_3D ( 'NONE', #5640, #2661, #635 ) ;
#5972 = ADVANCED_FACE ( 'NONE', ( #2171 ), #113, .T. ) ;
#5973 = PRESENTATION_LAYER_ASSIGNMENT (  '', '', ( #224 ) ) ;
#5974 =( LENGTH_UNIT ( ) NAMED_UNIT ( * ) SI_UNIT ( .MILLI., .METRE. ) );
#5975 = FILL_AREA_STYLE ('',( #3060 ) ) ;
#5976 = DIRECTION ( 'NONE',  ( 0.000000000000000000, 0.000000000000000000, 1.000000000000000000 ) ) ;
#5977 = CIRCLE ( 'NONE', #4776, 0.1870828693386972497 ) ;
#5978 = CIRCLE ( 'NONE', #5530, 0.2249999999999999500 ) ;
#5979 = EDGE_CURVE ( 'NONE', #6130, #617, #4949, .T. ) ;
#5980 = EDGE_CURVE ( 'NONE', #4989, #74, #532, .T. ) ;
#5981 = SURFACE_SIDE_STYLE ('',( #8824 ) ) ;
#5982 = STYLED_ITEM ( 'NONE', ( #9046 ), #6980 ) ;
#5983 =( GEOMETRIC_REPRESENTATION_CONTEXT ( 3 ) GLOBAL_UNCERTAINTY_ASSIGNED_CONTEXT ( ( #2522 ) ) GLOBAL_UNIT_ASSIGNED_CONTEXT ( ( #96, #3964, #5958 ) ) REPRESENTATION_CONTEXT ( 'NONE', 'WORKASPACE' ) );
#5984 = CARTESIAN_POINT ( 'NONE',  ( -4.500000000000000000, -0.1250000000000000000, 8.000000000000000000 ) ) ;
#5985 = VERTEX_POINT ( 'NONE', #840 ) ;
#5987 = ORIENTED_EDGE ( 'NONE', *, *, #8188, .T. ) ;
#5986 = FILL_AREA_STYLE_COLOUR ( '', #2521 ) ;
#5988 = SURFACE_SIDE_STYLE ('',( #3757 ) ) ;
#5989 = CIRCLE ( 'NONE', #4637, 0.2249999999999999500 ) ;
#5990 = CIRCLE ( 'NONE', #3723, 0.2249999999999999500 ) ;
#5991 = PRESENTATION_STYLE_ASSIGNMENT (( #3800 ) ) ;
#5992 = EDGE_CURVE ( 'NONE', #1033, #8321, #4016, .T. ) ;
#5993 = ORIENTED_EDGE ( 'NONE', *, *, #7784, .T. ) ;
#5994 = SURFACE_SIDE_STYLE ('',( #2445 ) ) ;
#5995 = CIRCLE ( 'NONE', #1114, 0.2249999999999999500 ) ;
#5996 = FILL_AREA_STYLE_COLOUR ( '', #5893 ) ;
#5997 = CARTESIAN_POINT ( 'NONE',  ( 3.500000000000000444, -0.1250000000000000000, 8.000000000000000000 ) ) ;
#5998 = VERTEX_POINT ( 'NONE', #158 ) ;
#5999 = FILL_AREA_STYLE ('',( #314 ) ) ;
#6000 = ORIENTED_EDGE ( 'NONE', *, *, #4461, .F. ) ;
#6001 = FACE_BOUND ( 'NONE', #3456, .T. ) ;
#6002 = AXIS2_PLACEMENT_3D ( 'NONE', #7424, #5976, #5231 ) ;
#6003 = FACE_OUTER_BOUND ( 'NONE', #2118, .T. ) ;
#6004 = DIRECTION ( 'NONE',  ( 1.000000000000000000, 0.000000000000000000, 0.000000000000000000 ) ) ;
#6005 = DIRECTION ( 'NONE',  ( 0.000000000000000000, -1.000000000000000000, 0.000000000000000000 ) ) ;
#6006 = DIRECTION ( 'NONE',  ( -1.000000000000000000, 0.000000000000000000, 0.000000000000000000 ) ) ;
#6007 = SURFACE_STYLE_FILL_AREA ( #3102 ) ;
#6008 = SURFACE_STYLE_USAGE ( .BOTH. , #282 ) ;
#6009 = PRESENTATION_STYLE_ASSIGNMENT (( #8060 ) ) ;
#6010 = PRESENTATION_STYLE_ASSIGNMENT (( #2468 ) ) ;
#6011 = PRESENTATION_STYLE_ASSIGNMENT (( #6050 ) ) ;
#6012 = DIRECTION ( 'NONE',  ( 0.000000000000000000, 0.000000000000000000, 1.000000000000000000 ) ) ;
#6013 = SPHERICAL_SURFACE ( 'NONE', #3851, 0.2250000000000000888 ) ;
#6014 = CIRCLE ( 'NONE', #4391, 0.2250000000000000611 ) ;
#6015 =( NAMED_UNIT ( * ) PLANE_ANGLE_UNIT ( ) SI_UNIT ( $, .RADIAN. ) );
#6016 = DIRECTION ( 'NONE',  ( 0.000000000000000000, 0.000000000000000000, -1.000000000000000000 ) ) ;
#6017 =( GEOMETRIC_REPRESENTATION_CONTEXT ( 3 ) GLOBAL_UNCERTAINTY_ASSIGNED_CONTEXT ( ( #5267 ) ) GLOBAL_UNIT_ASSIGNED_CONTEXT ( ( #8122, #4619, #7527 ) ) REPRESENTATION_CONTEXT ( 'NONE', 'WORKASPACE' ) );
#6018 = AXIS2_PLACEMENT_3D ( 'NONE', #8534, #4943, #1810 ) ;
#6019 = PRESENTATION_STYLE_ASSIGNMENT (( #4562 ) ) ;
#6020 = SURFACE_SIDE_STYLE ('',( #6106 ) ) ;
#6021 = CARTESIAN_POINT ( 'NONE',  ( 1.500000000000000444, -0.3500000000000000333, 2.000000000000000000 ) ) ;
#6022 = CIRCLE ( 'NONE', #8009, 0.2250000000000001443 ) ;
#6023 = AXIS2_PLACEMENT_3D ( 'NONE', #966, #2390, #3199 ) ;
#6024 = SPHERICAL_SURFACE ( 'NONE', #4762, 0.2250000000000000888 ) ;
#6025 = AXIS2_PLACEMENT_3D ( 'NONE', #268, #1520, #5913 ) ;
#6026 = VERTEX_POINT ( 'NONE', #8822 ) ;
#6027 = STYLED_ITEM ( 'NONE', ( #5807 ), #8242 ) ;
#6029 = COLOUR_RGB ( '',0.8941176470588234615, 0.9137254901960784048, 0.9294117647058823817 ) ;
#6028 = AXIS2_PLACEMENT_3D ( 'NONE', #8612, #4974, #2946 ) ;
#6030 = VERTEX_POINT ( 'NONE', #1585 ) ;
#6031 = PRESENTATION_STYLE_ASSIGNMENT (( #5939 ) ) ;
#6032 = ORIENTED_EDGE ( 'NONE', *, *, #1725, .F. ) ;
#6033 = AXIS2_PLACEMENT_3D ( 'NONE', #3711, #889, #5289 ) ;
#6034 = EDGE_CURVE ( 'NONE', #5334, #4273, #2799, .T. ) ;
#6035 =( LENGTH_UNIT ( ) NAMED_UNIT ( * ) SI_UNIT ( .MILLI., .METRE. ) );
#6036 = ORIENTED_EDGE ( 'NONE', *, *, #5587, .T. ) ;
#6037 = COLOUR_RGB ( '',0.8941176470588234615, 0.9137254901960784048, 0.9294117647058823817 ) ;
#6038 = CIRCLE ( 'NONE', #8919, 0.2249999999999999500 ) ;
#6039 = FILL_AREA_STYLE_COLOUR ( '', #644 ) ;
#6040 = EDGE_CURVE ( 'NONE', #290, #7912, #3085, .T. ) ;
#6041 = AXIS2_PLACEMENT_3D ( 'NONE', #4729, #3920, #3811 ) ;
#6042 = ORIENTED_EDGE ( 'NONE', *, *, #2785, .T. ) ;
#6043 = ORIENTED_EDGE ( 'NONE', *, *, #8604, .F. ) ;
#6044 =( GEOMETRIC_REPRESENTATION_CONTEXT ( 3 ) GLOBAL_UNCERTAINTY_ASSIGNED_CONTEXT ( ( #7452 ) ) GLOBAL_UNIT_ASSIGNED_CONTEXT ( ( #2749, #6211, #7797 ) ) REPRESENTATION_CONTEXT ( 'NONE', 'WORKASPACE' ) );
#6045 = PLANE ( 'NONE',  #2222 ) ;
#6046 = SURFACE_STYLE_FILL_AREA ( #4643 ) ;
#6047 = DIRECTION ( 'NONE',  ( -1.000000000000000000, 0.000000000000000000, 0.000000000000000000 ) ) ;
#6048 = ORIENTED_EDGE ( 'NONE', *, *, #1776, .T. ) ;
#6049 = AXIS2_PLACEMENT_3D ( 'NONE', #43, #5081, #3530 ) ;
#6050 = SURFACE_STYLE_USAGE ( .BOTH. , #8958 ) ;
#6051 =( LENGTH_UNIT ( ) NAMED_UNIT ( * ) SI_UNIT ( .MILLI., .METRE. ) );
#6052 = DIRECTION ( 'NONE',  ( 0.000000000000000000, 0.000000000000000000, 1.000000000000000000 ) ) ;
#6053 = EDGE_CURVE ( 'NONE', #4794, #1273, #4334, .T. ) ;
#6054 = DIRECTION ( 'NONE',  ( 0.000000000000000000, 0.000000000000000000, 1.000000000000000000 ) ) ;
#6055 = UNCERTAINTY_MEASURE_WITH_UNIT (LENGTH_MEASURE( 1.000000000000000082E-05 ), #2287, 'distance_accuracy_value', 'NONE');
#6056 = AXIS2_PLACEMENT_3D ( 'NONE', #8820, #7380, #6497 ) ;
#6057 = ORIENTED_EDGE ( 'NONE', *, *, #7100, .T. ) ;
#6058 = CARTESIAN_POINT ( 'NONE',  ( 0.5000000000000004441, 0.000000000000000000, -5.000000000000000000 ) ) ;
#6059 = FILL_AREA_STYLE_COLOUR ( '', #1147 ) ;
#6060 = STYLED_ITEM ( 'NONE', ( #4522 ), #151 ) ;
#6061 = MECHANICAL_DESIGN_GEOMETRIC_PRESENTATION_REPRESENTATION (  '', ( #3648 ), #319 ) ;
#6062 = CARTESIAN_POINT ( 'NONE',  ( 2.500000000000000444, -0.3500000000000000333, -1.000000000000000000 ) ) ;
#6063 = FILL_AREA_STYLE ('',( #3201 ) ) ;
#6064 = AXIS2_PLACEMENT_3D ( 'NONE', #6201, #4330, #101 ) ;
#6065 = DIRECTION ( 'NONE',  ( -1.000000000000000000, 0.000000000000000000, 0.000000000000000000 ) ) ;
#6066 = AXIS2_PLACEMENT_3D ( 'NONE', #6862, #4557, #7459 ) ;
#6067 = ORIENTED_EDGE ( 'NONE', *, *, #446, .F. ) ;
#6068 = UNCERTAINTY_MEASURE_WITH_UNIT (LENGTH_MEASURE( 1.000000000000000082E-05 ), #4867, 'distance_accuracy_value', 'NONE');
#6069 = SPHERICAL_SURFACE ( 'NONE', #8183, 0.2250000000000000888 ) ;
#6070 = FILL_AREA_STYLE ('',( #5332 ) ) ;
#6071 = SPHERICAL_SURFACE ( 'NONE', #3455, 0.2250000000000000888 ) ;
#6072 = ORIENTED_EDGE ( 'NONE', *, *, #6640, .F. ) ;
#6073 =( LENGTH_UNIT ( ) NAMED_UNIT ( * ) SI_UNIT ( .MILLI., .METRE. ) );
#6075 = ORIENTED_EDGE ( 'NONE', *, *, #70, .T. ) ;
#6074 =( NAMED_UNIT ( * ) SI_UNIT ( $, .STERADIAN. ) SOLID_ANGLE_UNIT ( ) );
#6076 = CIRCLE ( 'NONE', #1203, 0.1870828693386971386 ) ;
#6077 = CARTESIAN_POINT ( 'NONE',  ( -2.499999999999999556, 0.000000000000000000, -1.000000000000000000 ) ) ;
#6078 = ORIENTED_EDGE ( 'NONE', *, *, #6783, .T. ) ;
#6079 = FILL_AREA_STYLE ('',( #5386 ) ) ;
#6080 = DIRECTION ( 'NONE',  ( -1.000000000000000000, 0.000000000000000000, 0.000000000000000000 ) ) ;
#6081 = EDGE_CURVE ( 'NONE', #7767, #4052, #5542, .T. ) ;
#6082 = EDGE_CURVE ( 'NONE', #4658, #4341, #6733, .T. ) ;
#6083 = CARTESIAN_POINT ( 'NONE',  ( 0.6870828693386975550, 0.000000000000000000, -1.000000000000000000 ) ) ;
#6084 = VERTEX_POINT ( 'NONE', #764 ) ;
#6085 = ORIENTED_EDGE ( 'NONE', *, *, #85, .T. ) ;
#6086 = FACE_BOUND ( 'NONE', #7540, .T. ) ;
#6087 = EDGE_CURVE ( 'NONE', #2760, #5196, #7956, .T. ) ;
#6088 = ADVANCED_FACE ( 'NONE', ( #6151 ), #3935, .T. ) ;
#6089 = EDGE_CURVE ( 'NONE', #7073, #4045, #828, .T. ) ;
#6090 = SURFACE_STYLE_FILL_AREA ( #2421 ) ;
#6091 = ORIENTED_EDGE ( 'NONE', *, *, #1902, .T. ) ;
#6092 = UNCERTAINTY_MEASURE_WITH_UNIT (LENGTH_MEASURE( 1.000000000000000082E-05 ), #9353, 'distance_accuracy_value', 'NONE');
#6093 = CARTESIAN_POINT ( 'NONE',  ( 2.500000000000000444, -0.1250000000000000000, 2.000000000000000000 ) ) ;
#6094 = DIRECTION ( 'NONE',  ( 1.000000000000000000, 0.000000000000000000, 0.000000000000000000 ) ) ;
#6095 =( GEOMETRIC_REPRESENTATION_CONTEXT ( 3 ) GLOBAL_UNCERTAINTY_ASSIGNED_CONTEXT ( ( #3110 ) ) GLOBAL_UNIT_ASSIGNED_CONTEXT ( ( #331, #8383, #7592 ) ) REPRESENTATION_CONTEXT ( 'NONE', 'WORKASPACE' ) );
#6096 = PRESENTATION_LAYER_ASSIGNMENT (  '', '', ( #3204 ) ) ;
#6097 = SURFACE_STYLE_FILL_AREA ( #8908 ) ;
#6098 =( NAMED_UNIT ( * ) PLANE_ANGLE_UNIT ( ) SI_UNIT ( $, .RADIAN. ) );
#6099 =( LENGTH_UNIT ( ) NAMED_UNIT ( * ) SI_UNIT ( .MILLI., .METRE. ) );
#6100 = ORIENTED_EDGE ( 'NONE', *, *, #1838, .F. ) ;
#6101 = EDGE_LOOP ( 'NONE', ( #7317, #5938, #3749 ) ) ;
#6102 = FILL_AREA_STYLE ('',( #1673 ) ) ;
#6103 =( GEOMETRIC_REPRESENTATION_CONTEXT ( 3 ) GLOBAL_UNCERTAINTY_ASSIGNED_CONTEXT ( ( #7586 ) ) GLOBAL_UNIT_ASSIGNED_CONTEXT ( ( #4864, #3509, #1312 ) ) REPRESENTATION_CONTEXT ( 'NONE', 'WORKASPACE' ) );
#6104 = CIRCLE ( 'NONE', #7640, 0.2250000000000001443 ) ;
#6105 = SURFACE_STYLE_USAGE ( .BOTH. , #5319 ) ;
#6106 = SURFACE_STYLE_FILL_AREA ( #294 ) ;
#6107 = DIRECTION ( 'NONE',  ( 0.000000000000000000, 0.000000000000000000, -1.000000000000000000 ) ) ;
#6108 =( NAMED_UNIT ( * ) PLANE_ANGLE_UNIT ( ) SI_UNIT ( $, .RADIAN. ) );
#6109 = CIRCLE ( 'NONE', #7366, 0.1870828693386972497 ) ;
#6110 = AXIS2_PLACEMENT_3D ( 'NONE', #6205, #2577, #6734 ) ;
#6111 = COLOUR_RGB ( '',0.8941176470588234615, 0.9137254901960784048, 0.9294117647058823817 ) ;
#6112 = SURFACE_STYLE_FILL_AREA ( #5331 ) ;
#6113 =( GEOMETRIC_REPRESENTATION_CONTEXT ( 3 ) GLOBAL_UNCERTAINTY_ASSIGNED_CONTEXT ( ( #6343 ) ) GLOBAL_UNIT_ASSIGNED_CONTEXT ( ( #8548, #7180, #5747 ) ) REPRESENTATION_CONTEXT ( 'NONE', 'WORKASPACE' ) );
#6114 = STYLED_ITEM ( 'NONE', ( #5185 ), #4481 ) ;
#6115 =( GEOMETRIC_REPRESENTATION_CONTEXT ( 3 ) GLOBAL_UNCERTAINTY_ASSIGNED_CONTEXT ( ( #9062 ) ) GLOBAL_UNIT_ASSIGNED_CONTEXT ( ( #3792, #6649, #3030 ) ) REPRESENTATION_CONTEXT ( 'NONE', 'WORKASPACE' ) );
#6116 = CARTESIAN_POINT ( 'NONE',  ( -6.300000000000001599, 0.000000000000000000, -8.799999999999995381 ) ) ;
#6117 = EDGE_CURVE ( 'NONE', #6838, #5633, #8575, .T. ) ;
#6118 = AXIS2_PLACEMENT_3D ( 'NONE', #4264, #7160, #4982 ) ;
#6119 = FILL_AREA_STYLE ('',( #2432 ) ) ;
#6120 = VERTEX_POINT ( 'NONE', #1055 ) ;
#6121 = DIRECTION ( 'NONE',  ( 0.000000000000000000, 0.000000000000000000, 1.000000000000000000 ) ) ;
#6122 = EDGE_LOOP ( 'NONE', ( #9081, #7859 ) ) ;
#6123 = DIRECTION ( 'NONE',  ( 0.000000000000000000, 0.000000000000000000, 1.000000000000000000 ) ) ;
#6124 = AXIS2_PLACEMENT_3D ( 'NONE', #998, #5308, #367 ) ;
#6125 = EDGE_LOOP ( 'NONE', ( #5767, #5060, #8828, #2520 ) ) ;
#6126 = AXIS2_PLACEMENT_3D ( 'NONE', #3521, #2700, #6360 ) ;
#6127 = DIRECTION ( 'NONE',  ( 0.000000000000000000, 0.000000000000000000, -1.000000000000000000 ) ) ;
#6128 = ORIENTED_EDGE ( 'NONE', *, *, #3597, .F. ) ;
#6129 = FACE_OUTER_BOUND ( 'NONE', #9032, .T. ) ;
#6130 = VERTEX_POINT ( 'NONE', #5276 ) ;
#6131 = FILL_AREA_STYLE_COLOUR ( '', #5531 ) ;
#6132 = AXIS2_PLACEMENT_3D ( 'NONE', #5116, #5026, #7907 ) ;
#6133 = CIRCLE ( 'NONE', #1726, 0.2249999999999999500 ) ;
#6134 = DIRECTION ( 'NONE',  ( 0.000000000000000000, 0.000000000000000000, -1.000000000000000000 ) ) ;
#6135 = CARTESIAN_POINT ( 'NONE',  ( 1.687082869338697666, 0.000000000000000000, -5.000000000000000000 ) ) ;
#6136 = CARTESIAN_POINT ( 'NONE',  ( -0.6870828693386967778, 0.000000000000000000, 2.000000000000000000 ) ) ;
#6137 = ORIENTED_EDGE ( 'NONE', *, *, #8188, .F. ) ;
#6138 = FACE_OUTER_BOUND ( 'NONE', #4559, .T. ) ;
#6139 =( LENGTH_UNIT ( ) NAMED_UNIT ( * ) SI_UNIT ( .MILLI., .METRE. ) );
#6140 = SPHERICAL_SURFACE ( 'NONE', #1503, 0.2250000000000000888 ) ;
#6141 = AXIS2_PLACEMENT_3D ( 'NONE', #4342, #7895, #714 ) ;
#6142 = ADVANCED_FACE ( 'NONE', ( #2483 ), #3884, .T. ) ;
#6143 = PRESENTATION_STYLE_ASSIGNMENT (( #3969 ) ) ;
#6144 = EDGE_CURVE ( 'NONE', #8930, #5567, #9024, .T. ) ;
#6145 = CARTESIAN_POINT ( 'NONE',  ( -1.312917130661302334, 0.000000000000000000, 5.000000000000000888 ) ) ;
#6146 =( LENGTH_UNIT ( ) NAMED_UNIT ( * ) SI_UNIT ( .MILLI., .METRE. ) );
#6147 = ORIENTED_EDGE ( 'NONE', *, *, #7743, .T. ) ;
#6148 = UNCERTAINTY_MEASURE_WITH_UNIT (LENGTH_MEASURE( 1.000000000000000082E-05 ), #747, 'distance_accuracy_value', 'NONE');
#6149 = CIRCLE ( 'NONE', #3118, 0.2249999999999999500 ) ;
#6150 = CARTESIAN_POINT ( 'NONE',  ( -7.000000000000001776, 0.2599999999999998979, -8.999999999999998224 ) ) ;
#6151 = FACE_OUTER_BOUND ( 'NONE', #6510, .T. ) ;
#6152 = ADVANCED_FACE ( 'NONE', ( #3116 ), #4367, .T. ) ;
#6153 = CARTESIAN_POINT ( 'NONE',  ( -3.687082869338696778, 0.000000000000000000, 2.999999999999999112 ) ) ;
#6154 = UNCERTAINTY_MEASURE_WITH_UNIT (LENGTH_MEASURE( 1.000000000000000082E-05 ), #8885, 'distance_accuracy_value', 'NONE');
#6155 = COLOUR_RGB ( '',0.8941176470588234615, 0.9137254901960784048, 0.9294117647058823817 ) ;
#6156 = VECTOR ( 'NONE', #563, 1000.000000000000000 ) ;
#6157 = SURFACE_STYLE_USAGE ( .BOTH. , #4616 ) ;
#6158 =( NAMED_UNIT ( * ) PLANE_ANGLE_UNIT ( ) SI_UNIT ( $, .RADIAN. ) );
#6159 = FILL_AREA_STYLE_COLOUR ( '', #7696 ) ;
#6160 = SURFACE_STYLE_USAGE ( .BOTH. , #1735 ) ;
#6161 = VERTEX_POINT ( 'NONE', #5179 ) ;
#6162 = CARTESIAN_POINT ( 'NONE',  ( 1.500000000000000444, -0.1250000000000000000, -4.000000000000000000 ) ) ;
#6163 = CIRCLE ( 'NONE', #5279, 0.2250000000000000611 ) ;
#6165 = ORIENTED_EDGE ( 'NONE', *, *, #8541, .F. ) ;
#6164 = DIRECTION ( 'NONE',  ( -1.224646799147353207E-16, 0.000000000000000000, 1.000000000000000000 ) ) ;
#6166 = VERTEX_POINT ( 'NONE', #3774 ) ;
#6167 = EDGE_CURVE ( 'NONE', #7721, #5998, #545, .T. ) ;
#6168 = ORIENTED_EDGE ( 'NONE', *, *, #7339, .F. ) ;
#6169 =( GEOMETRIC_REPRESENTATION_CONTEXT ( 3 ) GLOBAL_UNCERTAINTY_ASSIGNED_CONTEXT ( ( #5656 ) ) GLOBAL_UNIT_ASSIGNED_CONTEXT ( ( #9393, #8661, #7256 ) ) REPRESENTATION_CONTEXT ( 'NONE', 'WORKASPACE' ) );
#6170 = COLOUR_RGB ( '',0.8941176470588234615, 0.9137254901960784048, 0.9294117647058823817 ) ;
#6171 = PRESENTATION_STYLE_ASSIGNMENT (( #6939 ) ) ;
#6172 = CARTESIAN_POINT ( 'NONE',  ( -1.499999999999999556, -0.1250000000000000000, -4.000000000000000000 ) ) ;
#6173 = VERTEX_POINT ( 'NONE', #1523 ) ;
#6174 = DIRECTION ( 'NONE',  ( 1.000000000000000000, 0.000000000000000000, 0.000000000000000000 ) ) ;
#6175 = ORIENTED_EDGE ( 'NONE', *, *, #6800, .T. ) ;
#6176 = CARTESIAN_POINT ( 'NONE',  ( -1.499999999999999556, 0.000000000000000000, -5.000000000000000000 ) ) ;
#6177 = ORIENTED_EDGE ( 'NONE', *, *, #4709, .T. ) ;
#6178 = STYLED_ITEM ( 'NONE', ( #4659 ), #8430 ) ;
#6180 = COLOUR_RGB ( '',0.8941176470588234615, 0.9137254901960784048, 0.9294117647058823817 ) ;
#6179 = STYLED_ITEM ( 'NONE', ( #2363 ), #8841 ) ;
#6181 = SURFACE_STYLE_USAGE ( .BOTH. , #6900 ) ;
#6182 = UNCERTAINTY_MEASURE_WITH_UNIT (LENGTH_MEASURE( 1.000000000000000082E-05 ), #739, 'distance_accuracy_value', 'NONE');
#6183 = PRESENTATION_STYLE_ASSIGNMENT (( #7163 ) ) ;
#6184 = STYLED_ITEM ( 'NONE', ( #5597 ), #8724 ) ;
#6185 = FILL_AREA_STYLE ('',( #7727 ) ) ;
#6186 = COLOUR_RGB ( '',0.8941176470588234615, 0.9137254901960784048, 0.9294117647058823817 ) ;
#6187 = FACE_OUTER_BOUND ( 'NONE', #5534, .T. ) ;
#6188 = CARTESIAN_POINT ( 'NONE',  ( -1.499999999999999556, -0.3500000000000000333, -1.000000000000000000 ) ) ;
#6189 = DIRECTION ( 'NONE',  ( -1.000000000000000000, 0.000000000000000000, 0.000000000000000000 ) ) ;
#6190 = DIRECTION ( 'NONE',  ( -0.000000000000000000, -1.000000000000000000, -0.000000000000000000 ) ) ;
#6191 = DIRECTION ( 'NONE',  ( 0.000000000000000000, 0.000000000000000000, 1.000000000000000000 ) ) ;
#6192 = CARTESIAN_POINT ( 'NONE',  ( 2.500000000000000444, -0.1250000000000000000, -4.000000000000000000 ) ) ;
#6193 = DIRECTION ( 'NONE',  ( 0.000000000000000000, -1.000000000000000000, 0.000000000000000000 ) ) ;
#6194 = DIRECTION ( 'NONE',  ( 0.000000000000000000, -1.000000000000000000, 0.000000000000000000 ) ) ;
#6195 = FILL_AREA_STYLE_COLOUR ( '', #6553 ) ;
#6196 = ORIENTED_EDGE ( 'NONE', *, *, #5623, .T. ) ;
#6197 = SPHERICAL_SURFACE ( 'NONE', #141, 0.2250000000000000888 ) ;
#6198 = ADVANCED_FACE ( 'NONE', ( #3678 ), #2279, .T. ) ;
#6199 = EDGE_CURVE ( 'NONE', #2000, #6409, #3391, .T. ) ;
#6200 = DIRECTION ( 'NONE',  ( 0.000000000000000000, -1.000000000000000000, 0.000000000000000000 ) ) ;
#6201 = CARTESIAN_POINT ( 'NONE',  ( 1.500000000000000444, -0.1250000000000000000, 0.000000000000000000 ) ) ;
#6202 = UNCERTAINTY_MEASURE_WITH_UNIT (LENGTH_MEASURE( 1.000000000000000082E-05 ), #87, 'distance_accuracy_value', 'NONE');
#6203 = SPHERICAL_SURFACE ( 'NONE', #5573, 0.2250000000000000888 ) ;
#6204 = DIRECTION ( 'NONE',  ( -0.000000000000000000, -0.000000000000000000, -1.000000000000000000 ) ) ;
#6205 = CARTESIAN_POINT ( 'NONE',  ( 2.500000000000000444, 0.000000000000000000, -5.000000000000000000 ) ) ;
#6206 = COLOUR_RGB ( '',0.8941176470588234615, 0.9137254901960784048, 0.9294117647058823817 ) ;
#6207 = ADVANCED_FACE ( 'NONE', ( #5046 ), #1613, .T. ) ;
#6208 = ORIENTED_EDGE ( 'NONE', *, *, #1198, .T. ) ;
#6209 = EDGE_CURVE ( 'NONE', #6898, #7533, #3094, .T. ) ;
#6210 = CARTESIAN_POINT ( 'NONE',  ( 3.500000000000000444, -0.1250000000000000000, -8.000000000000000000 ) ) ;
#6211 =( NAMED_UNIT ( * ) PLANE_ANGLE_UNIT ( ) SI_UNIT ( $, .RADIAN. ) );
#6212 = STYLED_ITEM ( 'NONE', ( #8730 ), #2035 ) ;
#6213 = EDGE_LOOP ( 'NONE', ( #8084, #3467 ) ) ;
#6214 =( NAMED_UNIT ( * ) PLANE_ANGLE_UNIT ( ) SI_UNIT ( $, .RADIAN. ) );
#6216 = ORIENTED_EDGE ( 'NONE', *, *, #5130, .T. ) ;
#6215 = DIRECTION ( 'NONE',  ( -1.000000000000000000, 0.000000000000000000, 0.000000000000000000 ) ) ;
#6217 = CARTESIAN_POINT ( 'NONE',  ( -1.687082869338696778, 0.000000000000000000, -4.000000000000000000 ) ) ;
#6218 = VERTEX_POINT ( 'NONE', #7453 ) ;
#6219 = DIRECTION ( 'NONE',  ( 0.000000000000000000, 0.000000000000000000, 1.000000000000000000 ) ) ;
#6220 = CARTESIAN_POINT ( 'NONE',  ( 3.500000000000000444, -0.1250000000000000000, -3.000000000000000000 ) ) ;
#6221 = SURFACE_SIDE_STYLE ('',( #3314 ) ) ;
#6222 = DIRECTION ( 'NONE',  ( 0.000000000000000000, 0.000000000000000000, -1.000000000000000000 ) ) ;
#6223 = MECHANICAL_DESIGN_GEOMETRIC_PRESENTATION_REPRESENTATION (  '', ( #3036 ), #5930 ) ;
#6224 = ORIENTED_EDGE ( 'NONE', *, *, #3242, .F. ) ;
#6225 = DIRECTION ( 'NONE',  ( -1.000000000000000000, 0.000000000000000000, 0.000000000000000000 ) ) ;
#6226 = ORIENTED_EDGE ( 'NONE', *, *, #7950, .T. ) ;
#6227 = CARTESIAN_POINT ( 'NONE',  ( -7.000000000000001776, 0.2599999999999997868, -8.999999999999998224 ) ) ;
#6228 = ORIENTED_EDGE ( 'NONE', *, *, #6386, .F. ) ;
#6229 = FILL_AREA_STYLE ('',( #1075 ) ) ;
#6230 = SURFACE_SIDE_STYLE ('',( #3323 ) ) ;
#6231 = FILL_AREA_STYLE_COLOUR ( '', #81 ) ;
#6232 = PRESENTATION_STYLE_ASSIGNMENT (( #2058 ) ) ;
#6233 = VERTEX_POINT ( 'NONE', #8284 ) ;
#6234 = DIRECTION ( 'NONE',  ( 0.000000000000000000, -1.000000000000000000, 0.000000000000000000 ) ) ;
#6235 = CARTESIAN_POINT ( 'NONE',  ( 2.312917130661303222, 0.000000000000000000, 2.000000000000000000 ) ) ;
#6236 =( LENGTH_UNIT ( ) NAMED_UNIT ( * ) SI_UNIT ( .MILLI., .METRE. ) );
#6237 = CARTESIAN_POINT ( 'NONE',  ( 1.500000000000000444, -0.1250000000000000000, -4.000000000000000000 ) ) ;
#6238 = DIRECTION ( 'NONE',  ( -1.224646799147353207E-16, 0.000000000000000000, 1.000000000000000000 ) ) ;
#6239 = DIRECTION ( 'NONE',  ( 0.000000000000000000, -1.000000000000000000, 0.000000000000000000 ) ) ;
#6240 = ORIENTED_EDGE ( 'NONE', *, *, #2137, .T. ) ;
#6241 = CARTESIAN_POINT ( 'NONE',  ( 4.500000000000001776, -0.1250000000000000000, -8.000000000000000000 ) ) ;
#6242 = SURFACE_STYLE_USAGE ( .BOTH. , #3334 ) ;
#6243 = DIRECTION ( 'NONE',  ( -1.000000000000000000, 0.000000000000000000, 0.000000000000000000 ) ) ;
#6244 =( LENGTH_UNIT ( ) NAMED_UNIT ( * ) SI_UNIT ( .MILLI., .METRE. ) );
#6245 = FILL_AREA_STYLE ('',( #6394 ) ) ;
#6246 = EDGE_CURVE ( 'NONE', #2403, #9175, #2420, .T. ) ;
#6247 = COLOUR_RGB ( '',1.000000000000000000, 1.000000000000000000, 1.000000000000000000 ) ;
#6248 = CIRCLE ( 'NONE', #9310, 0.1870828693386972497 ) ;
#6249 = ORIENTED_EDGE ( 'NONE', *, *, #2270, .F. ) ;
#6250 = UNCERTAINTY_MEASURE_WITH_UNIT (LENGTH_MEASURE( 1.000000000000000082E-05 ), #3480, 'distance_accuracy_value', 'NONE');
#6251 = DIRECTION ( 'NONE',  ( 0.000000000000000000, 0.000000000000000000, -1.000000000000000000 ) ) ;
#6252 = DIRECTION ( 'NONE',  ( -1.000000000000000000, 0.000000000000000000, 0.000000000000000000 ) ) ;
#6253 = SURFACE_STYLE_FILL_AREA ( #438 ) ;
#6254 = VERTEX_POINT ( 'NONE', #3230 ) ;
#6255 = FILL_AREA_STYLE ('',( #3457 ) ) ;
#6256 = PRESENTATION_LAYER_ASSIGNMENT (  '', '', ( #3994 ) ) ;
#6257 = MECHANICAL_DESIGN_GEOMETRIC_PRESENTATION_REPRESENTATION (  '', ( #1544 ), #5822 ) ;
#6258 = MECHANICAL_DESIGN_GEOMETRIC_PRESENTATION_REPRESENTATION (  '', ( #937 ), #5824 ) ;
#6259 = DIRECTION ( 'NONE',  ( 1.000000000000000000, 0.000000000000000000, 0.000000000000000000 ) ) ;
#6260 = ORIENTED_EDGE ( 'NONE', *, *, #2654, .T. ) ;
#6261 = CARTESIAN_POINT ( 'NONE',  ( -0.4999999999999995559, 0.000000000000000000, -3.000000000000000000 ) ) ;
#6262 = ADVANCED_FACE ( 'NONE', ( #995 ), #1040, .T. ) ;
#6263 = ADVANCED_FACE ( 'NONE', ( #4647 ), #1078, .F. ) ;
#6264 = ORIENTED_EDGE ( 'NONE', *, *, #3202, .F. ) ;
#6265 = AXIS2_PLACEMENT_3D ( 'NONE', #3850, #5340, #4627 ) ;
#6266 = UNCERTAINTY_MEASURE_WITH_UNIT (LENGTH_MEASURE( 1.000000000000000082E-05 ), #7802, 'distance_accuracy_value', 'NONE');
#6267 = AXIS2_PLACEMENT_3D ( 'NONE', #2932, #5791, #6400 ) ;
#6268 = CIRCLE ( 'NONE', #5971, 0.1870828693386972497 ) ;
#6269 =( LENGTH_UNIT ( ) NAMED_UNIT ( * ) SI_UNIT ( .MILLI., .METRE. ) );
#6270 =( NAMED_UNIT ( * ) SI_UNIT ( $, .STERADIAN. ) SOLID_ANGLE_UNIT ( ) );
#6271 = EDGE_LOOP ( 'NONE', ( #4865, #7209 ) ) ;
#6272 = DIRECTION ( 'NONE',  ( -1.000000000000000000, 0.000000000000000000, 0.000000000000000000 ) ) ;
#6273 = ORIENTED_EDGE ( 'NONE', *, *, #4602, .F. ) ;
#6274 = VERTEX_POINT ( 'NONE', #3100 ) ;
#6275 = EDGE_CURVE ( 'NONE', #3638, #3483, #3865, .T. ) ;
#6276 = SURFACE_STYLE_FILL_AREA ( #4874 ) ;
#6277 = VERTEX_POINT ( 'NONE', #8897 ) ;
#6278 = CARTESIAN_POINT ( 'NONE',  ( -3.499999999999999556, 0.000000000000000000, -5.000000000000000000 ) ) ;
#6279 = UNCERTAINTY_MEASURE_WITH_UNIT (LENGTH_MEASURE( 1.000000000000000082E-05 ), #5876, 'distance_accuracy_value', 'NONE');
#6280 = VECTOR ( 'NONE', #2871, 1000.000000000000000 ) ;
#6281 = MECHANICAL_DESIGN_GEOMETRIC_PRESENTATION_REPRESENTATION (  '', ( #3564 ), #7523 ) ;
#6282 = DIRECTION ( 'NONE',  ( 0.000000000000000000, 0.000000000000000000, 1.000000000000000000 ) ) ;
#6283 = DIRECTION ( 'NONE',  ( -0.000000000000000000, -0.000000000000000000, -1.000000000000000000 ) ) ;
#6284 = DIRECTION ( 'NONE',  ( 1.000000000000000000, 0.000000000000000000, 0.000000000000000000 ) ) ;
#6285 = ORIENTED_EDGE ( 'NONE', *, *, #589, .T. ) ;
#6286 = DIRECTION ( 'NONE',  ( 0.000000000000000000, -1.000000000000000000, 0.000000000000000000 ) ) ;
#6287 = SURFACE_STYLE_FILL_AREA ( #8494 ) ;
#6288 = DIRECTION ( 'NONE',  ( 0.000000000000000000, -1.000000000000000000, 0.000000000000000000 ) ) ;
#6289 = LINE ( 'NONE', #9209, #7267 ) ;
#6290 = AXIS2_PLACEMENT_3D ( 'NONE', #925, #4621, #3210 ) ;
#6291 = SPHERICAL_SURFACE ( 'NONE', #516, 0.2250000000000000888 ) ;
#6292 = EDGE_LOOP ( 'NONE', ( #4720, #1474 ) ) ;
#6293 =( NAMED_UNIT ( * ) SI_UNIT ( $, .STERADIAN. ) SOLID_ANGLE_UNIT ( ) );
#6294 = FACE_OUTER_BOUND ( 'NONE', #2898, .T. ) ;
#6295 = DIRECTION ( 'NONE',  ( -1.000000000000000000, 0.000000000000000000, 0.000000000000000000 ) ) ;
#6296 = UNCERTAINTY_MEASURE_WITH_UNIT (LENGTH_MEASURE( 1.000000000000000082E-05 ), #654, 'distance_accuracy_value', 'NONE');
#6297 = FILL_AREA_STYLE ('',( #2575 ) ) ;
#6298 = CARTESIAN_POINT ( 'NONE',  ( -1.499999999999999556, -0.1250000000000000000, -3.000000000000000000 ) ) ;
#6299 = CARTESIAN_POINT ( 'NONE',  ( 1.500000000000000444, 0.000000000000000000, 2.999999999999999112 ) ) ;
#6300 = COLOUR_RGB ( '',0.8941176470588234615, 0.9137254901960784048, 0.9294117647058823817 ) ;
#6301 = ORIENTED_EDGE ( 'NONE', *, *, #9277, .T. ) ;
#6302 = SPHERICAL_SURFACE ( 'NONE', #7643, 0.2250000000000000888 ) ;
#6303 = SURFACE_STYLE_USAGE ( .BOTH. , #1818 ) ;
#6304 = CARTESIAN_POINT ( 'NONE',  ( 3.500000000000000444, -0.3500000000000000333, -3.000000000000000000 ) ) ;
#6305 = ORIENTED_EDGE ( 'NONE', *, *, #2625, .F. ) ;
#6306 = PRESENTATION_STYLE_ASSIGNMENT (( #4910 ) ) ;
#6307 = DIRECTION ( 'NONE',  ( 0.000000000000000000, -1.000000000000000000, 0.000000000000000000 ) ) ;
#6308 = PRESENTATION_LAYER_ASSIGNMENT (  '', '', ( #8447 ) ) ;
#6309 = EDGE_LOOP ( 'NONE', ( #230, #8587 ) ) ;
#6310 = PRESENTATION_LAYER_ASSIGNMENT (  '', '', ( #4057 ) ) ;
#6311 = UNCERTAINTY_MEASURE_WITH_UNIT (LENGTH_MEASURE( 1.000000000000000082E-05 ), #754, 'distance_accuracy_value', 'NONE');
#6312 = CARTESIAN_POINT ( 'NONE',  ( -4.500000000000000000, -0.1250000000000000000, 8.000000000000000000 ) ) ;
#6313 = DIRECTION ( 'NONE',  ( -0.000000000000000000, -0.000000000000000000, -1.000000000000000000 ) ) ;
#6314 = MECHANICAL_DESIGN_GEOMETRIC_PRESENTATION_REPRESENTATION (  '', ( #9411 ), #8453 ) ;
#6315 = SURFACE_STYLE_USAGE ( .BOTH. , #1270 ) ;
#6316 = VERTEX_POINT ( 'NONE', #5304 ) ;
#6317 = EDGE_CURVE ( 'NONE', #6166, #1023, #6133, .T. ) ;
#6318 = DIRECTION ( 'NONE',  ( 0.000000000000000000, 0.000000000000000000, -1.000000000000000000 ) ) ;
#6319 =( GEOMETRIC_REPRESENTATION_CONTEXT ( 3 ) GLOBAL_UNCERTAINTY_ASSIGNED_CONTEXT ( ( #1890 ) ) GLOBAL_UNIT_ASSIGNED_CONTEXT ( ( #6236, #7776, #7067 ) ) REPRESENTATION_CONTEXT ( 'NONE', 'WORKASPACE' ) );
#6320 = ORIENTED_EDGE ( 'NONE', *, *, #9373, .T. ) ;
#6321 = CARTESIAN_POINT ( 'NONE',  ( -6.300000000000001599, -0.02500000000000000139, -8.799999999999995381 ) ) ;
#6322 = AXIS2_PLACEMENT_3D ( 'NONE', #913, #3108, #286 ) ;
#6323 = ORIENTED_EDGE ( 'NONE', *, *, #3476, .F. ) ;
#6324 = DIRECTION ( 'NONE',  ( 0.000000000000000000, -1.000000000000000000, 0.000000000000000000 ) ) ;
#6325 = VERTEX_POINT ( 'NONE', #950 ) ;
#6326 = CIRCLE ( 'NONE', #8765, 0.2249999999999999500 ) ;
#6327 = DIRECTION ( 'NONE',  ( 0.000000000000000000, -1.000000000000000000, 0.000000000000000000 ) ) ;
#6328 = MECHANICAL_DESIGN_GEOMETRIC_PRESENTATION_REPRESENTATION (  '', ( #7107 ), #5594 ) ;
#6329 = CARTESIAN_POINT ( 'NONE',  ( 3.500000000000000444, 0.000000000000000000, 5.000000000000000888 ) ) ;
#6330 = EDGE_CURVE ( 'NONE', #4341, #4658, #4646, .T. ) ;
#6331 = DIRECTION ( 'NONE',  ( 1.000000000000000000, 0.000000000000000000, 0.000000000000000000 ) ) ;
#6332 = DIRECTION ( 'NONE',  ( 1.000000000000000000, 0.000000000000000000, 0.000000000000000000 ) ) ;
#6333 = COLOUR_RGB ( '',0.8941176470588234615, 0.9137254901960784048, 0.9294117647058823817 ) ;
#6334 = VERTEX_POINT ( 'NONE', #3148 ) ;
#6335 = DIRECTION ( 'NONE',  ( -1.224646799147353207E-16, 0.000000000000000000, 1.000000000000000000 ) ) ;
#6336 = AXIS2_PLACEMENT_3D ( 'NONE', #1213, #7620, #6993 ) ;
#6337 = PRESENTATION_STYLE_ASSIGNMENT (( #1188 ) ) ;
#6338 = DIRECTION ( 'NONE',  ( -0.000000000000000000, -0.000000000000000000, -1.000000000000000000 ) ) ;
#6339 =( GEOMETRIC_REPRESENTATION_CONTEXT ( 3 ) GLOBAL_UNCERTAINTY_ASSIGNED_CONTEXT ( ( #25 ) ) GLOBAL_UNIT_ASSIGNED_CONTEXT ( ( #3401, #3646, #7970 ) ) REPRESENTATION_CONTEXT ( 'NONE', 'WORKASPACE' ) );
#6340 = DIRECTION ( 'NONE',  ( -0.000000000000000000, -0.000000000000000000, -1.000000000000000000 ) ) ;
#6341 = SURFACE_SIDE_STYLE ('',( #3432 ) ) ;
#6342 = CARTESIAN_POINT ( 'NONE',  ( -3.499999999999999556, -0.1250000000000000000, 2.000000000000000000 ) ) ;
#6343 = UNCERTAINTY_MEASURE_WITH_UNIT (LENGTH_MEASURE( 1.000000000000000082E-05 ), #8548, 'distance_accuracy_value', 'NONE');
#6344 = ORIENTED_EDGE ( 'NONE', *, *, #1128, .F. ) ;
#6345 = DIRECTION ( 'NONE',  ( 1.000000000000000000, 0.000000000000000000, -0.000000000000000000 ) ) ;
#6346 = ORIENTED_EDGE ( 'NONE', *, *, #4141, .T. ) ;
#6347 = SURFACE_SIDE_STYLE ('',( #1096 ) ) ;
#6348 =( NAMED_UNIT ( * ) SI_UNIT ( $, .STERADIAN. ) SOLID_ANGLE_UNIT ( ) );
#6349 = SURFACE_SIDE_STYLE ('',( #570 ) ) ;
#6350 = MECHANICAL_DESIGN_GEOMETRIC_PRESENTATION_REPRESENTATION (  '', ( #8027 ), #877 ) ;
#6351 = EDGE_CURVE ( 'NONE', #7437, #1417, #3394, .T. ) ;
#6352 = SURFACE_STYLE_USAGE ( .BOTH. , #2787 ) ;
#6353 = DIRECTION ( 'NONE',  ( 0.000000000000000000, 0.000000000000000000, -1.000000000000000000 ) ) ;
#6354 = STYLED_ITEM ( 'NONE', ( #5041 ), #2355 ) ;
#6355 = EDGE_LOOP ( 'NONE', ( #9194, #2638 ) ) ;
#6356 = PRESENTATION_STYLE_ASSIGNMENT (( #4247 ) ) ;
#6357 = DIRECTION ( 'NONE',  ( 0.000000000000000000, 0.000000000000000000, -1.000000000000000000 ) ) ;
#6358 = VERTEX_POINT ( 'NONE', #3271 ) ;
#6359 = FACE_OUTER_BOUND ( 'NONE', #5384, .T. ) ;
#6360 = DIRECTION ( 'NONE',  ( 0.000000000000000000, 0.000000000000000000, -1.000000000000000000 ) ) ;
#6361 = DIRECTION ( 'NONE',  ( 0.000000000000000000, 0.000000000000000000, 1.000000000000000000 ) ) ;
#6362 = FILL_AREA_STYLE_COLOUR ( '', #5219 ) ;
#6363 = ORIENTED_EDGE ( 'NONE', *, *, #8544, .T. ) ;
#6364 = SPHERICAL_SURFACE ( 'NONE', #97, 0.2250000000000000888 ) ;
#6365 = LINE ( 'NONE', #2707, #5449 ) ;
#6366 = EDGE_LOOP ( 'NONE', ( #2313, #1950, #4453 ) ) ;
#6367 = CARTESIAN_POINT ( 'NONE',  ( -2.499999999999999556, -0.1250000000000000000, 1.000000000000000888 ) ) ;
#6368 = VERTEX_POINT ( 'NONE', #7677 ) ;
#6369 = FILL_AREA_STYLE ('',( #7255 ) ) ;
#6370 = EDGE_LOOP ( 'NONE', ( #2228, #4305, #727 ) ) ;
#6371 = PRESENTATION_LAYER_ASSIGNMENT (  '', '', ( #7460 ) ) ;
#6372 = EDGE_LOOP ( 'NONE', ( #3303, #2264 ) ) ;
#6373 = ADVANCED_FACE ( 'NONE', ( #8485 ), #2056, .T. ) ;
#6374 = ADVANCED_FACE ( 'NONE', ( #7869 ), #6952, .T. ) ;
#6375 = AXIS2_PLACEMENT_3D ( 'NONE', #2566, #8378, #1859 ) ;
#6376 = UNCERTAINTY_MEASURE_WITH_UNIT (LENGTH_MEASURE( 1.000000000000000082E-05 ), #8531, 'distance_accuracy_value', 'NONE');
#6377 = DIRECTION ( 'NONE',  ( 0.000000000000000000, -1.000000000000000000, 0.000000000000000000 ) ) ;
#6378 = ADVANCED_FACE ( 'NONE', ( #1222 ), #815, .T. ) ;
#6379 = CARTESIAN_POINT ( 'NONE',  ( 2.500000000000000444, -0.1250000000000000000, 1.000000000000000888 ) ) ;
#6380 =( LENGTH_UNIT ( ) NAMED_UNIT ( * ) SI_UNIT ( .MILLI., .METRE. ) );
#6381 = EDGE_LOOP ( 'NONE', ( #5025, #4774, #6983 ) ) ;
#6382 = DIRECTION ( 'NONE',  ( -1.000000000000000000, 0.000000000000000000, 0.000000000000000000 ) ) ;
#6383 = SPHERICAL_SURFACE ( 'NONE', #1556, 0.2250000000000000888 ) ;
#6384 = EDGE_CURVE ( 'NONE', #7818, #8138, #5708, .T. ) ;
#6385 = CARTESIAN_POINT ( 'NONE',  ( 3.500000000000000444, 0.000000000000000000, 2.999999999999999112 ) ) ;
#6386 = EDGE_CURVE ( 'NONE', #824, #3385, #2958, .T. ) ;
#6387 =( NAMED_UNIT ( * ) SI_UNIT ( $, .STERADIAN. ) SOLID_ANGLE_UNIT ( ) );
#6388 = ORIENTED_EDGE ( 'NONE', *, *, #480, .F. ) ;
#6389 =( NAMED_UNIT ( * ) PLANE_ANGLE_UNIT ( ) SI_UNIT ( $, .RADIAN. ) );
#6390 = DIRECTION ( 'NONE',  ( 0.000000000000000000, 0.000000000000000000, -1.000000000000000000 ) ) ;
#6391 =( NAMED_UNIT ( * ) SI_UNIT ( $, .STERADIAN. ) SOLID_ANGLE_UNIT ( ) );
#6392 = UNCERTAINTY_MEASURE_WITH_UNIT (LENGTH_MEASURE( 1.000000000000000082E-05 ), #1786, 'distance_accuracy_value', 'NONE');
#6393 =( NAMED_UNIT ( * ) SI_UNIT ( $, .STERADIAN. ) SOLID_ANGLE_UNIT ( ) );
#6394 = FILL_AREA_STYLE_COLOUR ( '', #3372 ) ;
#6395 = CARTESIAN_POINT ( 'NONE',  ( 0.5000000000000004441, 0.000000000000000000, -5.000000000000000000 ) ) ;
#6396 = MECHANICAL_DESIGN_GEOMETRIC_PRESENTATION_REPRESENTATION (  '', ( #6855 ), #1526 ) ;
#6397 = ORIENTED_EDGE ( 'NONE', *, *, #4549, .T. ) ;
#6398 = PRODUCT_DEFINITION_SHAPE ( 'NONE', 'NONE',  #3779 ) ;
#6399 =( NAMED_UNIT ( * ) PLANE_ANGLE_UNIT ( ) SI_UNIT ( $, .RADIAN. ) );
#6400 = DIRECTION ( 'NONE',  ( 0.000000000000000000, 0.000000000000000000, -1.000000000000000000 ) ) ;
#6401 = EDGE_CURVE ( 'NONE', #5463, #9105, #3571, .T. ) ;
#6402 =( NAMED_UNIT ( * ) SI_UNIT ( $, .STERADIAN. ) SOLID_ANGLE_UNIT ( ) );
#6403 = CARTESIAN_POINT ( 'NONE',  ( -1.499999999999999556, -0.3500000000000000333, 2.999999999999999112 ) ) ;
#6404 = VERTEX_POINT ( 'NONE', #737 ) ;
#6405 = PRESENTATION_STYLE_ASSIGNMENT (( #3507 ) ) ;
#6406 = CARTESIAN_POINT ( 'NONE',  ( -4.500000000000000000, 0.000000000000000000, 8.000000000000000000 ) ) ;
#6407 = AXIS2_PLACEMENT_3D ( 'NONE', #5885, #8785, #2164 ) ;
#6408 = PRESENTATION_LAYER_ASSIGNMENT (  '', '', ( #1071 ) ) ;
#6409 = VERTEX_POINT ( 'NONE', #5124 ) ;
#6410 = DIRECTION ( 'NONE',  ( 1.000000000000000000, 0.000000000000000000, 0.000000000000000000 ) ) ;
#6411 = ADVANCED_FACE ( 'NONE', ( #3720 ), #7266, .T. ) ;
#6412 =( LENGTH_UNIT ( ) NAMED_UNIT ( * ) SI_UNIT ( .MILLI., .METRE. ) );
#6413 = CIRCLE ( 'NONE', #3211, 0.1870828693386972497 ) ;
#6414 = DIRECTION ( 'NONE',  ( -1.000000000000000000, 0.000000000000000000, 0.000000000000000000 ) ) ;
#6415 = CIRCLE ( 'NONE', #2781, 0.2250000000000000611 ) ;
#6416 = ORIENTED_EDGE ( 'NONE', *, *, #2209, .T. ) ;
#6417 = ORIENTED_EDGE ( 'NONE', *, *, #3780, .T. ) ;
#6418 = SURFACE_STYLE_USAGE ( .BOTH. , #3518 ) ;
#6419 = VERTEX_POINT ( 'NONE', #6426 ) ;
#6420 = CIRCLE ( 'NONE', #2305, 0.1870828693386972497 ) ;
#6421 = CIRCLE ( 'NONE', #3539, 0.1870828693386971664 ) ;
#6422 = STYLED_ITEM ( 'NONE', ( #1201 ), #4426 ) ;
#6423 = EDGE_LOOP ( 'NONE', ( #1366, #6941, #7982 ) ) ;
#6425 = AXIS2_PLACEMENT_3D ( 'NONE', #4728, #3863, #5350 ) ;
#6424 = FILL_AREA_STYLE ('',( #6518 ) ) ;
#6426 = CARTESIAN_POINT ( 'NONE',  ( 0.6870828693386975550, 0.000000000000000000, 4.000000000000000000 ) ) ;
#6427 =( NAMED_UNIT ( * ) SI_UNIT ( $, .STERADIAN. ) SOLID_ANGLE_UNIT ( ) );
#6428 = DIRECTION ( 'NONE',  ( -1.000000000000000000, 0.000000000000000000, 0.000000000000000000 ) ) ;
#6429 = EDGE_LOOP ( 'NONE', ( #4250, #2777, #7595 ) ) ;
#6430 = PRESENTATION_LAYER_ASSIGNMENT (  '', '', ( #2940 ) ) ;
#6431 = FACE_BOUND ( 'NONE', #2049, .T. ) ;
#6432 = DIRECTION ( 'NONE',  ( -0.000000000000000000, -0.000000000000000000, -1.000000000000000000 ) ) ;
#6433 = AXIS2_PLACEMENT_3D ( 'NONE', #5777, #8677, #5085 ) ;
#6434 = COLOUR_RGB ( '',0.8941176470588234615, 0.9137254901960784048, 0.9294117647058823817 ) ;
#6435 = UNCERTAINTY_MEASURE_WITH_UNIT (LENGTH_MEASURE( 1.000000000000000082E-05 ), #9346, 'distance_accuracy_value', 'NONE');
#6436 = ORIENTED_EDGE ( 'NONE', *, *, #3999, .F. ) ;
#6437 = CARTESIAN_POINT ( 'NONE',  ( -0.4999999999999995559, -0.1250000000000000000, -5.000000000000000000 ) ) ;
#6438 = EDGE_LOOP ( 'NONE', ( #488, #7225 ) ) ;
#6439 = EDGE_CURVE ( 'NONE', #9240, #2204, #8119, .T. ) ;
#6440 = CARTESIAN_POINT ( 'NONE',  ( -4.500000000000000000, -0.1250000000000000000, -7.000000000000000000 ) ) ;
#6441 = EDGE_CURVE ( 'NONE', #1813, #28, #2272, .T. ) ;
#6442 = FILL_AREA_STYLE_COLOUR ( '', #6300 ) ;
#6443 = FILL_AREA_STYLE ('',( #2285 ) ) ;
#6444 = AXIS2_PLACEMENT_3D ( 'NONE', #3516, #4207, #9186 ) ;
#6445 = AXIS2_PLACEMENT_3D ( 'NONE', #5216, #8100, #7923 ) ;
#6446 = FILL_AREA_STYLE_COLOUR ( '', #1221 ) ;
#6447 = FACE_OUTER_BOUND ( 'NONE', #8961, .T. ) ;
#6448 = ORIENTED_EDGE ( 'NONE', *, *, #1348, .T. ) ;
#6449 = AXIS2_PLACEMENT_3D ( 'NONE', #688, #4450, #780 ) ;
#6450 = EDGE_CURVE ( 'NONE', #2177, #2658, #5990, .T. ) ;
#6451 = PRESENTATION_STYLE_ASSIGNMENT (( #7932 ) ) ;
#6452 = ADVANCED_FACE ( 'NONE', ( #38 ), #856, .T. ) ;
#6453 = DIRECTION ( 'NONE',  ( 0.000000000000000000, 0.000000000000000000, 1.000000000000000000 ) ) ;
#6454 = DIRECTION ( 'NONE',  ( 1.000000000000000000, 0.000000000000000000, 1.224646799147353947E-16 ) ) ;
#6455 = ORIENTED_EDGE ( 'NONE', *, *, #6040, .T. ) ;
#6456 = DIRECTION ( 'NONE',  ( 0.000000000000000000, -1.000000000000000000, 0.000000000000000000 ) ) ;
#6457 = CARTESIAN_POINT ( 'NONE',  ( 3.687082869338697666, 0.000000000000000000, -8.000000000000000000 ) ) ;
#6458 = COLOUR_RGB ( '',0.8941176470588234615, 0.9137254901960784048, 0.9294117647058823817 ) ;
#6459 = EDGE_LOOP ( 'NONE', ( #4208, #1161 ) ) ;
#6460 = SURFACE_STYLE_USAGE ( .BOTH. , #8560 ) ;
#6461 = SURFACE_SIDE_STYLE ('',( #5761 ) ) ;
#6462 = MECHANICAL_DESIGN_GEOMETRIC_PRESENTATION_REPRESENTATION (  '', ( #842 ), #7081 ) ;
#6463 =( LENGTH_UNIT ( ) NAMED_UNIT ( * ) SI_UNIT ( .MILLI., .METRE. ) );
#6464 = EDGE_LOOP ( 'NONE', ( #8387, #1342 ) ) ;
#6465 = PRESENTATION_STYLE_ASSIGNMENT (( #3569 ) ) ;
#6466 = ORIENTED_EDGE ( 'NONE', *, *, #1072, .F. ) ;
#6467 =( NAMED_UNIT ( * ) SI_UNIT ( $, .STERADIAN. ) SOLID_ANGLE_UNIT ( ) );
#6468 = VERTEX_POINT ( 'NONE', #4309 ) ;
#6469 = EDGE_CURVE ( 'NONE', #3511, #4148, #2648, .T. ) ;
#6470 = FILL_AREA_STYLE ('',( #7205 ) ) ;
#6471 = ORIENTED_EDGE ( 'NONE', *, *, #1429, .T. ) ;
#6472 = DIRECTION ( 'NONE',  ( 1.000000000000000000, 0.000000000000000000, 0.000000000000000000 ) ) ;
#6473 = PRESENTATION_LAYER_ASSIGNMENT (  '', '', ( #7092 ) ) ;
#6474 = FILL_AREA_STYLE ('',( #9405 ) ) ;
#6475 = PRESENTATION_LAYER_ASSIGNMENT (  '', '', ( #989 ) ) ;
#6476 = SURFACE_STYLE_FILL_AREA ( #1374 ) ;
#6477 = EDGE_LOOP ( 'NONE', ( #7564, #2429 ) ) ;
#6478 = CARTESIAN_POINT ( 'NONE',  ( 2.500000000000000444, -0.1250000000000000000, -4.000000000000000000 ) ) ;
#6479 = AXIS2_PLACEMENT_3D ( 'NONE', #7773, #4936, #2615 ) ;
#6480 = FACE_BOUND ( 'NONE', #2910, .T. ) ;
#6481 = AXIS2_PLACEMENT_3D ( 'NONE', #795, #2512, #196 ) ;
#6482 = MECHANICAL_DESIGN_GEOMETRIC_PRESENTATION_REPRESENTATION (  '', ( #2233 ), #8907 ) ;
#6483 = SURFACE_SIDE_STYLE ('',( #48 ) ) ;
#6484 = EDGE_LOOP ( 'NONE', ( #7434, #3519, #3506 ) ) ;
#6485 = MECHANICAL_DESIGN_GEOMETRIC_PRESENTATION_REPRESENTATION (  '', ( #5740 ), #4837 ) ;
#6486 = FILL_AREA_STYLE_COLOUR ( '', #6982 ) ;
#6487 = UNCERTAINTY_MEASURE_WITH_UNIT (LENGTH_MEASURE( 1.000000000000000082E-05 ), #5306, 'distance_accuracy_value', 'NONE');
#6488 =( NAMED_UNIT ( * ) PLANE_ANGLE_UNIT ( ) SI_UNIT ( $, .RADIAN. ) );
#6489 = DIRECTION ( 'NONE',  ( 0.000000000000000000, -1.000000000000000000, 0.000000000000000000 ) ) ;
#6490 =( GEOMETRIC_REPRESENTATION_CONTEXT ( 3 ) GLOBAL_UNCERTAINTY_ASSIGNED_CONTEXT ( ( #5098 ) ) GLOBAL_UNIT_ASSIGNED_CONTEXT ( ( #5521, #1822, #7757 ) ) REPRESENTATION_CONTEXT ( 'NONE', 'WORKASPACE' ) );
#6491 = CARTESIAN_POINT ( 'NONE',  ( 1.500000000000000444, 0.000000000000000000, -3.000000000000000000 ) ) ;
#6493 = AXIS2_PLACEMENT_3D ( 'NONE', #5921, #6283, #1181 ) ;
#6492 = STYLED_ITEM ( 'NONE', ( #8699 ), #9059 ) ;
#6494 = ADVANCED_FACE ( 'NONE', ( #1745 ), #3087, .T. ) ;
#6495 = STYLED_ITEM ( 'NONE', ( #1282 ), #8713 ) ;
#6496 = FACE_OUTER_BOUND ( 'NONE', #1207, .T. ) ;
#6497 = DIRECTION ( 'NONE',  ( -1.000000000000000000, 0.000000000000000000, 0.000000000000000000 ) ) ;
#6498 = MECHANICAL_DESIGN_GEOMETRIC_PRESENTATION_REPRESENTATION (  '', ( #9080 ), #744 ) ;
#6499 = ORIENTED_EDGE ( 'NONE', *, *, #6082, .F. ) ;
#6500 = FILL_AREA_STYLE_COLOUR ( '', #8877 ) ;
#6501 = CARTESIAN_POINT ( 'NONE',  ( 2.500000000000000444, -0.1250000000000000000, -1.000000000000000000 ) ) ;
#6502 = FILL_AREA_STYLE ('',( #2297 ) ) ;
#6503 = DIRECTION ( 'NONE',  ( 0.000000000000000000, -1.000000000000000000, 0.000000000000000000 ) ) ;
#6504 = ADVANCED_FACE ( 'NONE', ( #2409 ), #1893, .T. ) ;
#6505 = ORIENTED_EDGE ( 'NONE', *, *, #3404, .F. ) ;
#6506 =( LENGTH_UNIT ( ) NAMED_UNIT ( * ) SI_UNIT ( .MILLI., .METRE. ) );
#6507 = DIRECTION ( 'NONE',  ( -1.000000000000000000, 0.000000000000000000, 0.000000000000000000 ) ) ;
#6508 = SURFACE_SIDE_STYLE ('',( #8657 ) ) ;
#6509 = CIRCLE ( 'NONE', #3308, 0.2249999999999999500 ) ;
#6510 = EDGE_LOOP ( 'NONE', ( #3374, #3716, #4441, #7538 ) ) ;
#6511 =( LENGTH_UNIT ( ) NAMED_UNIT ( * ) SI_UNIT ( .MILLI., .METRE. ) );
#6512 = ORIENTED_EDGE ( 'NONE', *, *, #361, .F. ) ;
#6513 = VERTEX_POINT ( 'NONE', #3854 ) ;
#6514 = DIRECTION ( 'NONE',  ( 0.000000000000000000, 1.000000000000000000, 0.000000000000000000 ) ) ;
#6515 = PRESENTATION_LAYER_ASSIGNMENT (  '', '', ( #5316 ) ) ;
#6516 = CYLINDRICAL_SURFACE ( 'NONE', #6265, 0.2500000000000002220 ) ;
#6517 = SURFACE_STYLE_FILL_AREA ( #3626 ) ;
#6518 = FILL_AREA_STYLE_COLOUR ( '', #5092 ) ;
#6519 = STYLED_ITEM ( 'NONE', ( #1355 ), #1836 ) ;
#6520 = DIRECTION ( 'NONE',  ( -1.224646799147353207E-16, 0.000000000000000000, 1.000000000000000000 ) ) ;
#6521 = DIRECTION ( 'NONE',  ( -1.000000000000000000, 0.000000000000000000, 0.000000000000000000 ) ) ;
#6522 = CIRCLE ( 'NONE', #4277, 0.2249999999999999500 ) ;
#6523 =( LENGTH_UNIT ( ) NAMED_UNIT ( * ) SI_UNIT ( .MILLI., .METRE. ) );
#6524 = ORIENTED_EDGE ( 'NONE', *, *, #7398, .T. ) ;
#6525 = SPHERICAL_SURFACE ( 'NONE', #7888, 0.2250000000000000888 ) ;
#6526 = AXIS2_PLACEMENT_3D ( 'NONE', #5466, #4897, #2573 ) ;
#6527 = FACE_BOUND ( 'NONE', #591, .T. ) ;
#6528 = DIRECTION ( 'NONE',  ( -1.000000000000000000, 0.000000000000000000, 0.000000000000000000 ) ) ;
#6529 = PRESENTATION_LAYER_ASSIGNMENT (  '', '', ( #1809 ) ) ;
#6530 = ORIENTED_EDGE ( 'NONE', *, *, #9410, .T. ) ;
#6531 = ORIENTED_EDGE ( 'NONE', *, *, #8826, .F. ) ;
#6532 = SPHERICAL_SURFACE ( 'NONE', #4838, 0.2250000000000000888 ) ;
#6533 = FILL_AREA_STYLE ('',( #7284 ) ) ;
#6534 = DIRECTION ( 'NONE',  ( 0.000000000000000000, 0.000000000000000000, 1.000000000000000000 ) ) ;
#6535 = CIRCLE ( 'NONE', #779, 0.2249999999999999500 ) ;
#6536 = CARTESIAN_POINT ( 'NONE',  ( 4.500000000000001776, -0.3500000000000000333, -8.000000000000000000 ) ) ;
#6537 =( LENGTH_UNIT ( ) NAMED_UNIT ( * ) SI_UNIT ( .MILLI., .METRE. ) );
#6538 = FACE_OUTER_BOUND ( 'NONE', #9244, .T. ) ;
#6539 = SURFACE_SIDE_STYLE ('',( #6635 ) ) ;
#6540 = CARTESIAN_POINT ( 'NONE',  ( -2.687082869338696778, 0.000000000000000000, 0.000000000000000000 ) ) ;
#6541 = DIRECTION ( 'NONE',  ( -1.224646799147353207E-16, 0.000000000000000000, 1.000000000000000000 ) ) ;
#6542 = ORIENTED_EDGE ( 'NONE', *, *, #3535, .F. ) ;
#6543 = CARTESIAN_POINT ( 'NONE',  ( -3.499999999999999556, 0.000000000000000000, 5.000000000000000888 ) ) ;
#6544 = EDGE_CURVE ( 'NONE', #4447, #4989, #3107, .T. ) ;
#6545 = CARTESIAN_POINT ( 'NONE',  ( 3.500000000000000444, 0.000000000000000000, 1.000000000000000888 ) ) ;
#6546 = ORIENTED_EDGE ( 'NONE', *, *, #988, .F. ) ;
#6547 = DIRECTION ( 'NONE',  ( 0.000000000000000000, -1.000000000000000000, 0.000000000000000000 ) ) ;
#6548 = UNCERTAINTY_MEASURE_WITH_UNIT (LENGTH_MEASURE( 1.000000000000000082E-05 ), #5335, 'distance_accuracy_value', 'NONE');
#6549 = SURFACE_SIDE_STYLE ('',( #9388 ) ) ;
#6550 = ORIENTED_EDGE ( 'NONE', *, *, #152, .T. ) ;
#6551 = FILL_AREA_STYLE_COLOUR ( '', #5555 ) ;
#6552 = EDGE_CURVE ( 'NONE', #1943, #5852, #4353, .T. ) ;
#6553 = COLOUR_RGB ( '',1.000000000000000000, 1.000000000000000000, 0.000000000000000000 ) ;
#6554 = CARTESIAN_POINT ( 'NONE',  ( 3.500000000000000444, -0.3500000000000000333, 8.000000000000000000 ) ) ;
#6555 = CIRCLE ( 'NONE', #8219, 0.2250000000000000611 ) ;
#6557 = VERTEX_POINT ( 'NONE', #4151 ) ;
#6556 = DIRECTION ( 'NONE',  ( 1.000000000000000000, 0.000000000000000000, 0.000000000000000000 ) ) ;
#6558 = EDGE_CURVE ( 'NONE', #4893, #4498, #6104, .T. ) ;
#6559 = DIRECTION ( 'NONE',  ( 0.000000000000000000, 0.000000000000000000, -1.000000000000000000 ) ) ;
#6560 = SURFACE_SIDE_STYLE ('',( #5810 ) ) ;
#6561 = PRESENTATION_STYLE_ASSIGNMENT (( #7354 ) ) ;
#6562 = ORIENTED_EDGE ( 'NONE', *, *, #525, .F. ) ;
#6563 = COLOUR_RGB ( '',0.8941176470588234615, 0.9137254901960784048, 0.9294117647058823817 ) ;
#6564 = STYLED_ITEM ( 'NONE', ( #64 ), #766 ) ;
#6565 =( GEOMETRIC_REPRESENTATION_CONTEXT ( 3 ) GLOBAL_UNCERTAINTY_ASSIGNED_CONTEXT ( ( #4032 ) ) GLOBAL_UNIT_ASSIGNED_CONTEXT ( ( #6412, #2094, #4297 ) ) REPRESENTATION_CONTEXT ( 'NONE', 'WORKASPACE' ) );
#6566 =( NAMED_UNIT ( * ) PLANE_ANGLE_UNIT ( ) SI_UNIT ( $, .RADIAN. ) );
#6567 = DIRECTION ( 'NONE',  ( 0.000000000000000000, -1.000000000000000000, 0.000000000000000000 ) ) ;
#6568 = ADVANCED_FACE ( 'NONE', ( #2652 ), #8418, .T. ) ;
#6569 = EDGE_LOOP ( 'NONE', ( #2580, #5113, #8434, #4244 ) ) ;
#6570 = AXIS2_PLACEMENT_3D ( 'NONE', #7377, #7184, #3554 ) ;
#6571 = CIRCLE ( 'NONE', #7946, 0.1870828693386972497 ) ;
#6572 = FACE_BOUND ( 'NONE', #3345, .T. ) ;
#6573 = AXIS2_PLACEMENT_3D ( 'NONE', #6406, #1989, #2801 ) ;
#6574 = VECTOR ( 'NONE', #5918, 1000.000000000000000 ) ;
#6575 = SURFACE_SIDE_STYLE ('',( #3007 ) ) ;
#6576 = UNCERTAINTY_MEASURE_WITH_UNIT (LENGTH_MEASURE( 1.000000000000000082E-05 ), #4806, 'distance_accuracy_value', 'NONE');
#6577 = AXIS2_PLACEMENT_3D ( 'NONE', #2075, #2637, #657 ) ;
#6578 = CIRCLE ( 'NONE', #2017, 0.2250000000000001443 ) ;
#6579 = MECHANICAL_DESIGN_GEOMETRIC_PRESENTATION_REPRESENTATION (  '', ( #5829 ), #8710 ) ;
#6580 =( GEOMETRIC_REPRESENTATION_CONTEXT ( 3 ) GLOBAL_UNCERTAINTY_ASSIGNED_CONTEXT ( ( #4180 ) ) GLOBAL_UNIT_ASSIGNED_CONTEXT ( ( #4164, #1955, #8482 ) ) REPRESENTATION_CONTEXT ( 'NONE', 'WORKASPACE' ) );
#6581 = EDGE_LOOP ( 'NONE', ( #8578, #7065, #9077 ) ) ;
#6582 = CARTESIAN_POINT ( 'NONE',  ( -0.4999999999999995559, 0.000000000000000000, -3.000000000000000000 ) ) ;
#6583 = UNCERTAINTY_MEASURE_WITH_UNIT (LENGTH_MEASURE( 1.000000000000000082E-05 ), #5818, 'distance_accuracy_value', 'NONE');
#6584 =( NAMED_UNIT ( * ) SI_UNIT ( $, .STERADIAN. ) SOLID_ANGLE_UNIT ( ) );
#6585 = SURFACE_SIDE_STYLE ('',( #3014 ) ) ;
#6586 = SURFACE_SIDE_STYLE ('',( #2163 ) ) ;
#6587 = STYLED_ITEM ( 'NONE', ( #3819 ), #4548 ) ;
#6588 = CIRCLE ( 'NONE', #5697, 0.2250000000000001443 ) ;
#6589 = ADVANCED_FACE ( 'NONE', ( #3264 ), #1118, .T. ) ;
#6590 = DIRECTION ( 'NONE',  ( 0.000000000000000000, -1.000000000000000000, 0.000000000000000000 ) ) ;
#6591 = SURFACE_STYLE_USAGE ( .BOTH. , #2077 ) ;
#6592 = DIRECTION ( 'NONE',  ( -1.000000000000000000, 0.000000000000000000, 0.000000000000000000 ) ) ;
#6593 = STYLED_ITEM ( 'NONE', ( #4500 ), #4770 ) ;
#6594 = FACE_OUTER_BOUND ( 'NONE', #2150, .T. ) ;
#6595 = STYLED_ITEM ( 'NONE', ( #2917 ), #6198 ) ;
#6596 =( NAMED_UNIT ( * ) SI_UNIT ( $, .STERADIAN. ) SOLID_ANGLE_UNIT ( ) );
#6597 = DIRECTION ( 'NONE',  ( -1.000000000000000000, 0.000000000000000000, 0.000000000000000000 ) ) ;
#6598 =( NAMED_UNIT ( * ) SI_UNIT ( $, .STERADIAN. ) SOLID_ANGLE_UNIT ( ) );
#6599 = FILL_AREA_STYLE ('',( #2849 ) ) ;
#6600 = AXIS2_PLACEMENT_3D ( 'NONE', #4268, #8371, #8528 ) ;
#6601 = MANIFOLD_SOLID_BREP ( 'Cut-Extrude2', #4622 ) ;
#6602 = FILL_AREA_STYLE_COLOUR ( '', #4463 ) ;
#6603 = FACE_OUTER_BOUND ( 'NONE', #7582, .T. ) ;
#6604 = ORIENTED_EDGE ( 'NONE', *, *, #5027, .T. ) ;
#6605 = AXIS2_PLACEMENT_3D ( 'NONE', #2699, #1162, #2540 ) ;
#6607 = VERTEX_POINT ( 'NONE', #7197 ) ;
#6606 = SURFACE_SIDE_STYLE ('',( #2903 ) ) ;
#6608 = FILL_AREA_STYLE_COLOUR ( '', #5679 ) ;
#6609 =( GEOMETRIC_REPRESENTATION_CONTEXT ( 3 ) GLOBAL_UNCERTAINTY_ASSIGNED_CONTEXT ( ( #7836 ) ) GLOBAL_UNIT_ASSIGNED_CONTEXT ( ( #569, #7078, #3387 ) ) REPRESENTATION_CONTEXT ( 'NONE', 'WORKASPACE' ) );
#6610 = ADVANCED_FACE ( 'NONE', ( #2181 ), #67, .T. ) ;
#6611 = SURFACE_STYLE_FILL_AREA ( #1561 ) ;
#6612 = FACE_OUTER_BOUND ( 'NONE', #4803, .T. ) ;
#6613 = CARTESIAN_POINT ( 'NONE',  ( -0.4999999999999995559, -0.1250000000000000000, 4.000000000000000000 ) ) ;
#6614 = VERTEX_POINT ( 'NONE', #7619 ) ;
#6615 = SURFACE_STYLE_FILL_AREA ( #8181 ) ;
#6616 = VERTEX_POINT ( 'NONE', #7855 ) ;
#6617 = FACE_BOUND ( 'NONE', #6438, .T. ) ;
#6618 = STYLED_ITEM ( 'NONE', ( #3926 ), #8064 ) ;
#6619 = PRESENTATION_STYLE_ASSIGNMENT (( #4362 ) ) ;
#6620 =( NAMED_UNIT ( * ) PLANE_ANGLE_UNIT ( ) SI_UNIT ( $, .RADIAN. ) );
#6621 = FILL_AREA_STYLE_COLOUR ( '', #6111 ) ;
#6623 = ADVANCED_FACE ( 'NONE', ( #2945 ), #6836, .T. ) ;
#6622 =( GEOMETRIC_REPRESENTATION_CONTEXT ( 3 ) GLOBAL_UNCERTAINTY_ASSIGNED_CONTEXT ( ( #2942 ) ) GLOBAL_UNIT_ASSIGNED_CONTEXT ( ( #2924, #5627, #1578 ) ) REPRESENTATION_CONTEXT ( 'NONE', 'WORKASPACE' ) );
#6624 = COLOUR_RGB ( '',0.8941176470588234615, 0.9137254901960784048, 0.9294117647058823817 ) ;
#6625 = SURFACE_STYLE_USAGE ( .BOTH. , #2116 ) ;
#6626 = DIRECTION ( 'NONE',  ( -1.000000000000000000, 0.000000000000000000, 0.000000000000000000 ) ) ;
#6627 =( NAMED_UNIT ( * ) SI_UNIT ( $, .STERADIAN. ) SOLID_ANGLE_UNIT ( ) );
#6628 = MECHANICAL_DESIGN_GEOMETRIC_PRESENTATION_REPRESENTATION (  '', ( #573 ), #7271 ) ;
#6629 = CARTESIAN_POINT ( 'NONE',  ( 3.312917130661303222, 0.000000000000000000, 4.000000000000000000 ) ) ;
#6630 = FILL_AREA_STYLE_COLOUR ( '', #2829 ) ;
#6631 = STYLED_ITEM ( 'NONE', ( #3240 ), #246 ) ;
#6632 = COLOUR_RGB ( '',0.8941176470588234615, 0.9137254901960784048, 0.9294117647058823817 ) ;
#6633 =( LENGTH_UNIT ( ) NAMED_UNIT ( * ) SI_UNIT ( .MILLI., .METRE. ) );
#6634 =( NAMED_UNIT ( * ) PLANE_ANGLE_UNIT ( ) SI_UNIT ( $, .RADIAN. ) );
#6635 = SURFACE_STYLE_FILL_AREA ( #3649 ) ;
#6636 = AXIS2_PLACEMENT_3D ( 'NONE', #2516, #5457, #1908 ) ;
#6637 = CIRCLE ( 'NONE', #1920, 0.1870828693386972497 ) ;
#6638 = COLOUR_RGB ( '',0.8941176470588234615, 0.9137254901960784048, 0.9294117647058823817 ) ;
#6639 = FACE_OUTER_BOUND ( 'NONE', #4835, .T. ) ;
#6640 = EDGE_CURVE ( 'NONE', #1700, #8883, #7357, .T. ) ;
#6641 =( NAMED_UNIT ( * ) PLANE_ANGLE_UNIT ( ) SI_UNIT ( $, .RADIAN. ) );
#6642 = DIRECTION ( 'NONE',  ( 1.000000000000000000, 0.000000000000000000, 0.000000000000000000 ) ) ;
#6644 = VECTOR ( 'NONE', #1525, 1000.000000000000000 ) ;
#6643 = CIRCLE ( 'NONE', #5602, 0.2249999999999999500 ) ;
#6645 = DIRECTION ( 'NONE',  ( -0.000000000000000000, -0.000000000000000000, -1.000000000000000000 ) ) ;
#6646 = SURFACE_STYLE_USAGE ( .BOTH. , #7251 ) ;
#6647 = UNCERTAINTY_MEASURE_WITH_UNIT (LENGTH_MEASURE( 1.000000000000000082E-05 ), #456, 'distance_accuracy_value', 'NONE');
#6648 = CIRCLE ( 'NONE', #2529, 0.1870828693386971664 ) ;
#6649 =( NAMED_UNIT ( * ) PLANE_ANGLE_UNIT ( ) SI_UNIT ( $, .RADIAN. ) );
#6650 = CARTESIAN_POINT ( 'NONE',  ( -1.499999999999999556, 0.000000000000000000, 2.999999999999999112 ) ) ;
#6651 = ORIENTED_EDGE ( 'NONE', *, *, #5933, .F. ) ;
#6652 = CARTESIAN_POINT ( 'NONE',  ( 2.500000000000000444, 0.000000000000000000, 2.999999999999999112 ) ) ;
#6653 = SURFACE_STYLE_USAGE ( .BOTH. , #8170 ) ;
#6655 = ORIENTED_EDGE ( 'NONE', *, *, #8569, .T. ) ;
#6654 = DIRECTION ( 'NONE',  ( 0.000000000000000000, -1.000000000000000000, 0.000000000000000000 ) ) ;
#6656 = FILL_AREA_STYLE_COLOUR ( '', #1976 ) ;
#6657 = DIRECTION ( 'NONE',  ( 1.000000000000000000, 0.000000000000000000, 0.000000000000000000 ) ) ;
#6658 = EDGE_LOOP ( 'NONE', ( #3225, #4981, #4444 ) ) ;
#6659 = AXIS2_PLACEMENT_3D ( 'NONE', #4274, #5821, #604 ) ;
#6660 =( NAMED_UNIT ( * ) SI_UNIT ( $, .STERADIAN. ) SOLID_ANGLE_UNIT ( ) );
#6661 = SPHERICAL_SURFACE ( 'NONE', #7421, 0.2250000000000000888 ) ;
#6662 =( NAMED_UNIT ( * ) SI_UNIT ( $, .STERADIAN. ) SOLID_ANGLE_UNIT ( ) );
#6663 =( NAMED_UNIT ( * ) PLANE_ANGLE_UNIT ( ) SI_UNIT ( $, .RADIAN. ) );
#6664 = VERTEX_POINT ( 'NONE', #4670 ) ;
#6665 =( NAMED_UNIT ( * ) PLANE_ANGLE_UNIT ( ) SI_UNIT ( $, .RADIAN. ) );
#6666 = ORIENTED_EDGE ( 'NONE', *, *, #4601, .F. ) ;
#6667 = DIRECTION ( 'NONE',  ( 0.000000000000000000, 0.000000000000000000, 1.000000000000000000 ) ) ;
#6668 = EDGE_CURVE ( 'NONE', #9140, #2548, #6248, .T. ) ;
#6669 = COLOUR_RGB ( '',0.8941176470588234615, 0.9137254901960784048, 0.9294117647058823817 ) ;
#6670 = CARTESIAN_POINT ( 'NONE',  ( 2.500000000000000444, 0.000000000000000000, -3.000000000000000000 ) ) ;
#6671 = AXIS2_PLACEMENT_3D ( 'NONE', #8207, #3791, #5371 ) ;
#6672 = ADVANCED_FACE ( 'NONE', ( #2348 ), #1545, .T. ) ;
#6673 =( NAMED_UNIT ( * ) SI_UNIT ( $, .STERADIAN. ) SOLID_ANGLE_UNIT ( ) );
#6674 = CIRCLE ( 'NONE', #2555, 0.1870828693386972497 ) ;
#6675 = SURFACE_SIDE_STYLE ('',( #3543 ) ) ;
#6676 = FILL_AREA_STYLE_COLOUR ( '', #1900 ) ;
#6677 = FILL_AREA_STYLE_COLOUR ( '', #6989 ) ;
#6678 = ADVANCED_FACE ( 'NONE', ( #8166 ), #3841, .T. ) ;
#6679 = COLOUR_RGB ( '',0.8941176470588234615, 0.9137254901960784048, 0.9294117647058823817 ) ;
#6680 = DIRECTION ( 'NONE',  ( 0.000000000000000000, 0.000000000000000000, -1.000000000000000000 ) ) ;
#6681 = EDGE_CURVE ( 'NONE', #6084, #9325, #673, .T. ) ;
#6682 = DIRECTION ( 'NONE',  ( -1.000000000000000000, 0.000000000000000000, 0.000000000000000000 ) ) ;
#6683 = SURFACE_SIDE_STYLE ('',( #1625 ) ) ;
#6684 = ORIENTED_EDGE ( 'NONE', *, *, #6871, .F. ) ;
#6685 = SPHERICAL_SURFACE ( 'NONE', #584, 0.2250000000000000888 ) ;
#6686 = SURFACE_STYLE_USAGE ( .BOTH. , #8917 ) ;
#6687 = CARTESIAN_POINT ( 'NONE',  ( -0.4999999999999995559, -0.3500000000000000333, 0.000000000000000000 ) ) ;
#6688 =( NAMED_UNIT ( * ) PLANE_ANGLE_UNIT ( ) SI_UNIT ( $, .RADIAN. ) );
#6689 = EDGE_CURVE ( 'NONE', #337, #5196, #5978, .T. ) ;
#6690 = FILL_AREA_STYLE_COLOUR ( '', #3637 ) ;
#6691 = DIRECTION ( 'NONE',  ( -1.000000000000000000, 0.000000000000000000, 0.000000000000000000 ) ) ;
#6692 = ORIENTED_EDGE ( 'NONE', *, *, #428, .T. ) ;
#6693 = CARTESIAN_POINT ( 'NONE',  ( -1.499999999999999556, -0.1250000000000000000, 5.000000000000000888 ) ) ;
#6695 = ORIENTED_EDGE ( 'NONE', *, *, #2893, .F. ) ;
#6694 = DIRECTION ( 'NONE',  ( 0.000000000000000000, 0.000000000000000000, 1.000000000000000000 ) ) ;
#6696 = EDGE_CURVE ( 'NONE', #6725, #3986, #9163, .T. ) ;
#6697 = CARTESIAN_POINT ( 'NONE',  ( 0.5000000000000004441, -0.1250000000000000000, 1.000000000000000888 ) ) ;
#6698 =( GEOMETRIC_REPRESENTATION_CONTEXT ( 3 ) GLOBAL_UNCERTAINTY_ASSIGNED_CONTEXT ( ( #6154 ) ) GLOBAL_UNIT_ASSIGNED_CONTEXT ( ( #8885, #3086, #262 ) ) REPRESENTATION_CONTEXT ( 'NONE', 'WORKASPACE' ) );
#6699 = EDGE_CURVE ( 'NONE', #1835, #5210, #5512, .T. ) ;
#6700 = DIRECTION ( 'NONE',  ( 0.000000000000000000, 0.000000000000000000, -1.000000000000000000 ) ) ;
#6701 = PRESENTATION_LAYER_ASSIGNMENT (  '', '', ( #4913 ) ) ;
#6702 = ORIENTED_EDGE ( 'NONE', *, *, #6401, .T. ) ;
#6703 = EDGE_LOOP ( 'NONE', ( #7771, #2782, #6883 ) ) ;
#6704 = FACE_BOUND ( 'NONE', #1654, .T. ) ;
#6705 = SPHERICAL_SURFACE ( 'NONE', #6888, 0.2250000000000000888 ) ;
#6706 = AXIS2_PLACEMENT_3D ( 'NONE', #9054, #6054, #5315 ) ;
#6707 = AXIS2_PLACEMENT_3D ( 'NONE', #21, #6786, #7561 ) ;
#6709 = DIRECTION ( 'NONE',  ( 0.000000000000000000, 0.000000000000000000, 1.000000000000000000 ) ) ;
#6708 = MECHANICAL_DESIGN_GEOMETRIC_PRESENTATION_REPRESENTATION (  '', ( #1071 ), #6115 ) ;
#6710 = CARTESIAN_POINT ( 'NONE',  ( 3.500000000000000444, 0.000000000000000000, -4.000000000000000000 ) ) ;
#6711 = COLOUR_RGB ( '',0.8941176470588234615, 0.9137254901960784048, 0.9294117647058823817 ) ;
#6712 = COLOUR_RGB ( '',0.8941176470588234615, 0.9137254901960784048, 0.9294117647058823817 ) ;
#6713 = EDGE_LOOP ( 'NONE', ( #7670, #4313 ) ) ;
#6714 = DIRECTION ( 'NONE',  ( 0.000000000000000000, 0.000000000000000000, 1.000000000000000000 ) ) ;
#6715 = STYLED_ITEM ( 'NONE', ( #7275 ), #5479 ) ;
#6716 = FILL_AREA_STYLE ('',( #2335 ) ) ;
#6717 = FACE_OUTER_BOUND ( 'NONE', #7809, .T. ) ;
#6718 = CARTESIAN_POINT ( 'NONE',  ( -3.499999999999999556, -0.1250000000000000000, -1.000000000000000000 ) ) ;
#6719 = FACE_OUTER_BOUND ( 'NONE', #7919, .T. ) ;
#6720 = LINE ( 'NONE', #6865, #9167 ) ;
#6721 = SURFACE_SIDE_STYLE ('',( #1005 ) ) ;
#6722 = AXIS2_PLACEMENT_3D ( 'NONE', #9216, #1299, #9271 ) ;
#6723 = AXIS2_PLACEMENT_3D ( 'NONE', #80, #7949, #736 ) ;
#6724 = MECHANICAL_DESIGN_GEOMETRIC_PRESENTATION_REPRESENTATION (  '', ( #224 ), #2310 ) ;
#6725 = VERTEX_POINT ( 'NONE', #7084 ) ;
#6726 = CARTESIAN_POINT ( 'NONE',  ( -3.687082869338696778, 0.000000000000000000, -3.000000000000000000 ) ) ;
#6727 = ADVANCED_FACE ( 'NONE', ( #1781 ), #3299, .T. ) ;
#6728 = FILL_AREA_STYLE_COLOUR ( '', #1154 ) ;
#6729 = SURFACE_SIDE_STYLE ('',( #880 ) ) ;
#6730 = DIRECTION ( 'NONE',  ( 1.000000000000000000, 0.000000000000000000, 0.000000000000000000 ) ) ;
#6731 =( GEOMETRIC_REPRESENTATION_CONTEXT ( 3 ) GLOBAL_UNCERTAINTY_ASSIGNED_CONTEXT ( ( #8610 ) ) GLOBAL_UNIT_ASSIGNED_CONTEXT ( ( #5460, #8335, #8909 ) ) REPRESENTATION_CONTEXT ( 'NONE', 'WORKASPACE' ) );
#6732 = CIRCLE ( 'NONE', #4179, 0.2250000000000000611 ) ;
#6733 = CIRCLE ( 'NONE', #2627, 0.1870828693386971386 ) ;
#6734 = DIRECTION ( 'NONE',  ( 0.000000000000000000, 0.000000000000000000, -1.000000000000000000 ) ) ;
#6735 = DIRECTION ( 'NONE',  ( -1.000000000000000000, 0.000000000000000000, 0.000000000000000000 ) ) ;
#6736 = ORIENTED_EDGE ( 'NONE', *, *, #5992, .F. ) ;
#6737 = UNCERTAINTY_MEASURE_WITH_UNIT (LENGTH_MEASURE( 1.000000000000000082E-05 ), #873, 'distance_accuracy_value', 'NONE');
#6738 = COLOUR_RGB ( '',0.8941176470588234615, 0.9137254901960784048, 0.9294117647058823817 ) ;
#6739 = AXIS2_PLACEMENT_3D ( 'NONE', #4771, #6942, #6318 ) ;
#6740 = EDGE_CURVE ( 'NONE', #5739, #4128, #7805, .T. ) ;
#6741 = MECHANICAL_DESIGN_GEOMETRIC_PRESENTATION_REPRESENTATION (  '', ( #5546 ), #9182 ) ;
#6742 = CARTESIAN_POINT ( 'NONE',  ( -3.499999999999999556, -0.1250000000000000000, 5.000000000000000888 ) ) ;
#6743 = DIRECTION ( 'NONE',  ( 0.000000000000000000, 0.000000000000000000, 1.000000000000000000 ) ) ;
#6744 = ORIENTED_EDGE ( 'NONE', *, *, #7575, .T. ) ;
#6745 = DIRECTION ( 'NONE',  ( 0.000000000000000000, -1.000000000000000000, 0.000000000000000000 ) ) ;
#6746 = DIRECTION ( 'NONE',  ( 0.000000000000000000, -1.000000000000000000, 0.000000000000000000 ) ) ;
#6748 = ORIENTED_EDGE ( 'NONE', *, *, #5017, .F. ) ;
#6747 = FILL_AREA_STYLE ('',( #5986 ) ) ;
#6749 = FACE_OUTER_BOUND ( 'NONE', #5539, .T. ) ;
#6750 =( NAMED_UNIT ( * ) PLANE_ANGLE_UNIT ( ) SI_UNIT ( $, .RADIAN. ) );
#6751 = VERTEX_POINT ( 'NONE', #1879 ) ;
#6752 = CARTESIAN_POINT ( 'NONE',  ( -1.499999999999999556, -0.1250000000000000000, -5.000000000000000000 ) ) ;
#6753 = CARTESIAN_POINT ( 'NONE',  ( -0.4999999999999995559, 0.000000000000000000, -1.000000000000000000 ) ) ;
#6754 = CIRCLE ( 'NONE', #8277, 0.2250000000000001443 ) ;
#6755 =( LENGTH_UNIT ( ) NAMED_UNIT ( * ) SI_UNIT ( .MILLI., .METRE. ) );
#6756 = ORIENTED_EDGE ( 'NONE', *, *, #7339, .T. ) ;
#6757 = ADVANCED_FACE ( 'NONE', ( #8512 ), #7702, .T. ) ;
#6758 = EDGE_LOOP ( 'NONE', ( #4163, #6945, #9155 ) ) ;
#6759 = FACE_BOUND ( 'NONE', #5651, .T. ) ;
#6760 = DIRECTION ( 'NONE',  ( 0.000000000000000000, -1.000000000000000000, 0.000000000000000000 ) ) ;
#6761 =( GEOMETRIC_REPRESENTATION_CONTEXT ( 3 ) GLOBAL_UNCERTAINTY_ASSIGNED_CONTEXT ( ( #7927 ) ) GLOBAL_UNIT_ASSIGNED_CONTEXT ( ( #2891, #112, #7936 ) ) REPRESENTATION_CONTEXT ( 'NONE', 'WORKASPACE' ) );
#6762 = DIRECTION ( 'NONE',  ( 1.000000000000000000, 0.000000000000000000, 0.000000000000000000 ) ) ;
#6763 = DIRECTION ( 'NONE',  ( 0.000000000000000000, -1.000000000000000000, 0.000000000000000000 ) ) ;
#6764 = DIRECTION ( 'NONE',  ( 0.000000000000000000, -1.000000000000000000, 0.000000000000000000 ) ) ;
#6765 = SURFACE_STYLE_USAGE ( .BOTH. , #6675 ) ;
#6766 =( NAMED_UNIT ( * ) SI_UNIT ( $, .STERADIAN. ) SOLID_ANGLE_UNIT ( ) );
#6767 = CIRCLE ( 'NONE', #2205, 0.1870828693386971386 ) ;
#6768 = ORIENTED_EDGE ( 'NONE', *, *, #3584, .F. ) ;
#6769 = UNCERTAINTY_MEASURE_WITH_UNIT (LENGTH_MEASURE( 1.000000000000000082E-05 ), #6463, 'distance_accuracy_value', 'NONE');
#6770 = FILL_AREA_STYLE ('',( #6676 ) ) ;
#6771 = CARTESIAN_POINT ( 'NONE',  ( -1.499999999999999556, 0.000000000000000000, -4.000000000000000000 ) ) ;
#6772 = CARTESIAN_POINT ( 'NONE',  ( 0.5000000000000004441, -0.1250000000000000000, 0.000000000000000000 ) ) ;
#6773 = SURFACE_SIDE_STYLE ('',( #8293 ) ) ;
#6774 = AXIS2_PLACEMENT_3D ( 'NONE', #6861, #233, #6094 ) ;
#6775 = CIRCLE ( 'NONE', #5135, 0.2249999999999999500 ) ;
#6776 = CARTESIAN_POINT ( 'NONE',  ( -7.000000000000001776, 0.000000000000000000, 9.000000000000000000 ) ) ;
#6777 = FACE_OUTER_BOUND ( 'NONE', #7748, .T. ) ;
#6778 =( NAMED_UNIT ( * ) PLANE_ANGLE_UNIT ( ) SI_UNIT ( $, .RADIAN. ) );
#6779 = COLOUR_RGB ( '',0.8941176470588234615, 0.9137254901960784048, 0.9294117647058823817 ) ;
#6780 =( NAMED_UNIT ( * ) SI_UNIT ( $, .STERADIAN. ) SOLID_ANGLE_UNIT ( ) );
#6781 = PRESENTATION_STYLE_ASSIGNMENT (( #1013 ) ) ;
#6782 = SURFACE_SIDE_STYLE ('',( #5418 ) ) ;
#6783 = EDGE_CURVE ( 'NONE', #9354, #4580, #8248, .T. ) ;
#6784 = MECHANICAL_DESIGN_GEOMETRIC_PRESENTATION_REPRESENTATION (  '', ( #4070 ), #3439 ) ;
#6785 = EDGE_CURVE ( 'NONE', #9088, #9175, #7795, .T. ) ;
#6786 = DIRECTION ( 'NONE',  ( 0.000000000000000000, 0.000000000000000000, 1.000000000000000000 ) ) ;
#6787 = AXIS2_PLACEMENT_3D ( 'NONE', #9190, #4773, #2657 ) ;
#6788 = AXIS2_PLACEMENT_3D ( 'NONE', #5848, #1504, #3700 ) ;
#6789 = CARTESIAN_POINT ( 'NONE',  ( -7.000000000000001776, -22.54350850198275680, 9.000000000000000000 ) ) ;
#6790 =( GEOMETRIC_REPRESENTATION_CONTEXT ( 3 ) GLOBAL_UNCERTAINTY_ASSIGNED_CONTEXT ( ( #4799 ) ) GLOBAL_UNIT_ASSIGNED_CONTEXT ( ( #6818, #2099, #326 ) ) REPRESENTATION_CONTEXT ( 'NONE', 'WORKASPACE' ) );
#6791 =( LENGTH_UNIT ( ) NAMED_UNIT ( * ) SI_UNIT ( .MILLI., .METRE. ) );
#6792 = AXIS2_PLACEMENT_3D ( 'NONE', #5205, #3088, #7442 ) ;
#6793 = ORIENTED_EDGE ( 'NONE', *, *, #6386, .T. ) ;
#6794 = SURFACE_SIDE_STYLE ('',( #7435 ) ) ;
#6796 = VERTEX_POINT ( 'NONE', #4428 ) ;
#6795 = FACE_OUTER_BOUND ( 'NONE', #677, .T. ) ;
#6797 = CIRCLE ( 'NONE', #7113, 0.1870828693386972497 ) ;
#6798 = EDGE_CURVE ( 'NONE', #4273, #5334, #3373, .T. ) ;
#6799 = DIRECTION ( 'NONE',  ( -0.000000000000000000, -0.000000000000000000, -1.000000000000000000 ) ) ;
#6800 = EDGE_CURVE ( 'NONE', #2808, #8524, #8102, .T. ) ;
#6801 = AXIS2_PLACEMENT_3D ( 'NONE', #7465, #3822, #3285 ) ;
#6802 = PRESENTATION_LAYER_ASSIGNMENT (  '', '', ( #9217 ) ) ;
#6803 = CARTESIAN_POINT ( 'NONE',  ( 3.500000000000000444, -0.3500000000000000333, 4.000000000000000000 ) ) ;
#6804 = SURFACE_STYLE_FILL_AREA ( #3762 ) ;
#6805 = SURFACE_STYLE_USAGE ( .BOTH. , #2318 ) ;
#6806 = CIRCLE ( 'NONE', #7431, 0.2250000000000000611 ) ;
#6807 = VERTEX_POINT ( 'NONE', #4290 ) ;
#6808 = ORIENTED_EDGE ( 'NONE', *, *, #312, .T. ) ;
#6809 = STYLED_ITEM ( 'NONE', ( #2643 ), #1681 ) ;
#6810 = SURFACE_STYLE_USAGE ( .BOTH. , #3770 ) ;
#6811 = FILL_AREA_STYLE_COLOUR ( '', #237 ) ;
#6812 = DIRECTION ( 'NONE',  ( 0.000000000000000000, 0.000000000000000000, 1.000000000000000000 ) ) ;
#6813 = FILL_AREA_STYLE_COLOUR ( '', #1327 ) ;
#6814 =( NAMED_UNIT ( * ) SI_UNIT ( $, .STERADIAN. ) SOLID_ANGLE_UNIT ( ) );
#6815 = SURFACE_SIDE_STYLE ('',( #6007 ) ) ;
#6816 = ORIENTED_EDGE ( 'NONE', *, *, #5469, .F. ) ;
#6817 = CIRCLE ( 'NONE', #8038, 0.2249999999999999500 ) ;
#6818 =( LENGTH_UNIT ( ) NAMED_UNIT ( * ) SI_UNIT ( .MILLI., .METRE. ) );
#6819 = DIRECTION ( 'NONE',  ( 0.000000000000000000, 0.000000000000000000, -1.000000000000000000 ) ) ;
#6820 =( LENGTH_UNIT ( ) NAMED_UNIT ( * ) SI_UNIT ( .MILLI., .METRE. ) );
#6821 = FILL_AREA_STYLE ('',( #4699 ) ) ;
#6822 = DIRECTION ( 'NONE',  ( -1.000000000000000000, 0.000000000000000000, 0.000000000000000000 ) ) ;
#6823 = SPHERICAL_SURFACE ( 'NONE', #6706, 0.2250000000000000888 ) ;
#6824 =( GEOMETRIC_REPRESENTATION_CONTEXT ( 3 ) GLOBAL_UNCERTAINTY_ASSIGNED_CONTEXT ( ( #6647 ) ) GLOBAL_UNIT_ASSIGNED_CONTEXT ( ( #456, #3320, #7722 ) ) REPRESENTATION_CONTEXT ( 'NONE', 'WORKASPACE' ) );
#6825 = VERTEX_POINT ( 'NONE', #9376 ) ;
#6826 = UNCERTAINTY_MEASURE_WITH_UNIT (LENGTH_MEASURE( 1.000000000000000082E-05 ), #9348, 'distance_accuracy_value', 'NONE');
#6827 = ORIENTED_EDGE ( 'NONE', *, *, #7170, .F. ) ;
#6828 = CARTESIAN_POINT ( 'NONE',  ( 2.500000000000000444, -0.3500000000000000333, 2.999999999999999112 ) ) ;
#6829 = CARTESIAN_POINT ( 'NONE',  ( 0.5000000000000004441, -0.1250000000000000000, 1.000000000000000888 ) ) ;
#6830 = AXIS2_PLACEMENT_3D ( 'NONE', #2576, #4137, #4851 ) ;
#6831 = DIRECTION ( 'NONE',  ( 1.000000000000000000, -0.000000000000000000, 0.000000000000000000 ) ) ;
#6832 = MECHANICAL_DESIGN_GEOMETRIC_PRESENTATION_REPRESENTATION (  '', ( #7466 ), #9112 ) ;
#6833 = VERTEX_POINT ( 'NONE', #2794 ) ;
#6834 = UNCERTAINTY_MEASURE_WITH_UNIT (LENGTH_MEASURE( 1.000000000000000082E-05 ), #2036, 'distance_accuracy_value', 'NONE');
#6835 = DIRECTION ( 'NONE',  ( 0.000000000000000000, 0.000000000000000000, 1.000000000000000000 ) ) ;
#6836 = SPHERICAL_SURFACE ( 'NONE', #1231, 0.2250000000000000888 ) ;
#6837 = SURFACE_SIDE_STYLE ('',( #975 ) ) ;
#6838 = VERTEX_POINT ( 'NONE', #5750 ) ;
#6839 = CARTESIAN_POINT ( 'NONE',  ( -1.499999999999999556, -0.1250000000000000000, -1.000000000000000000 ) ) ;
#6841 = ORIENTED_EDGE ( 'NONE', *, *, #4896, .T. ) ;
#6840 = CARTESIAN_POINT ( 'NONE',  ( 0.5000000000000004441, -0.1250000000000000000, 5.000000000000000888 ) ) ;
#6842 = CARTESIAN_POINT ( 'NONE',  ( -3.499999999999999556, 0.000000000000000000, 2.000000000000000000 ) ) ;
#6843 = EDGE_CURVE ( 'NONE', #6026, #4650, #9337, .T. ) ;
#6844 = EDGE_LOOP ( 'NONE', ( #6943, #626, #8417 ) ) ;
#6845 = SURFACE_STYLE_USAGE ( .BOTH. , #5994 ) ;
#6846 = EDGE_CURVE ( 'NONE', #9248, #929, #4171, .T. ) ;
#6847 = CARTESIAN_POINT ( 'NONE',  ( 1.500000000000000444, -0.1250000000000000000, -3.000000000000000000 ) ) ;
#6848 = EDGE_CURVE ( 'NONE', #2441, #8128, #8852, .T. ) ;
#6849 = ORIENTED_EDGE ( 'NONE', *, *, #2579, .F. ) ;
#6850 = DIRECTION ( 'NONE',  ( -0.000000000000000000, 1.000000000000000000, 0.000000000000000000 ) ) ;
#6851 = ORIENTED_EDGE ( 'NONE', *, *, #1614, .F. ) ;
#6852 = FACE_BOUND ( 'NONE', #5501, .T. ) ;
#6853 = DIRECTION ( 'NONE',  ( -0.000000000000000000, -0.000000000000000000, -1.000000000000000000 ) ) ;
#6854 = FILL_AREA_STYLE ('',( #6131 ) ) ;
#6855 = STYLED_ITEM ( 'NONE', ( #1540 ), #820 ) ;
#6856 = CARTESIAN_POINT ( 'NONE',  ( 3.500000000000000444, -0.1250000000000000000, 4.000000000000000000 ) ) ;
#6857 = EDGE_CURVE ( 'NONE', #2433, #1795, #1853, .T. ) ;
#6858 = PLANE ( 'NONE',  #6041 ) ;
#6859 = EDGE_LOOP ( 'NONE', ( #2750, #1595 ) ) ;
#6860 = DIRECTION ( 'NONE',  ( 1.000000000000000000, 0.000000000000000000, 0.000000000000000000 ) ) ;
#6861 = CARTESIAN_POINT ( 'NONE',  ( -3.499999999999999556, -0.1250000000000000000, 2.999999999999999112 ) ) ;
#6862 = CARTESIAN_POINT ( 'NONE',  ( 1.500000000000000444, -0.1250000000000000000, 4.000000000000000000 ) ) ;
#6863 = PRESENTATION_LAYER_ASSIGNMENT (  '', '', ( #1532 ) ) ;
#6864 = AXIS2_PLACEMENT_3D ( 'NONE', #4420, #5922, #789 ) ;
#6865 = CARTESIAN_POINT ( 'NONE',  ( 6.999999999999998224, 0.9100000000000000311, -8.999999999999998224 ) ) ;
#6866 = ORIENTED_EDGE ( 'NONE', *, *, #869, .F. ) ;
#6867 = STYLED_ITEM ( 'NONE', ( #3786 ), #4132 ) ;
#6868 = COLOUR_RGB ( '',0.8941176470588234615, 0.9137254901960784048, 0.9294117647058823817 ) ;
#6869 = UNCERTAINTY_MEASURE_WITH_UNIT (LENGTH_MEASURE( 1.000000000000000082E-05 ), #435, 'distance_accuracy_value', 'NONE');
#6870 = FACE_OUTER_BOUND ( 'NONE', #2245, .T. ) ;
#6871 = EDGE_CURVE ( 'NONE', #3185, #4052, #7208, .T. ) ;
#6872 = DIRECTION ( 'NONE',  ( 0.000000000000000000, 0.000000000000000000, -1.000000000000000000 ) ) ;
#6873 = COLOUR_RGB ( '',0.8941176470588234615, 0.9137254901960784048, 0.9294117647058823817 ) ;
#6874 = PRESENTATION_LAYER_ASSIGNMENT (  '', '', ( #1544 ) ) ;
#6875 = CIRCLE ( 'NONE', #5520, 0.2249999999999999500 ) ;
#6876 = ADVANCED_FACE ( 'NONE', ( #3555 ), #13, .T. ) ;
#6877 = SURFACE_STYLE_USAGE ( .BOTH. , #6979 ) ;
#6878 = CIRCLE ( 'NONE', #4008, 0.1870828693386971664 ) ;
#6879 = MECHANICAL_DESIGN_GEOMETRIC_PRESENTATION_REPRESENTATION (  '', ( #376 ), #2029 ) ;
#6880 = DIRECTION ( 'NONE',  ( -1.224646799147353207E-16, 0.000000000000000000, 1.000000000000000000 ) ) ;
#6881 = CIRCLE ( 'NONE', #223, 0.2250000000000001443 ) ;
#6882 = FACE_OUTER_BOUND ( 'NONE', #494, .T. ) ;
#6883 = ORIENTED_EDGE ( 'NONE', *, *, #5296, .T. ) ;
#6884 = CARTESIAN_POINT ( 'NONE',  ( 0.3129171306613032777, 0.000000000000000000, -3.000000000000000000 ) ) ;
#6885 = FILL_AREA_STYLE_COLOUR ( '', #5002 ) ;
#6886 = VERTEX_POINT ( 'NONE', #2888 ) ;
#6887 = CARTESIAN_POINT ( 'NONE',  ( 3.500000000000000444, 0.000000000000000000, 1.000000000000000888 ) ) ;
#6888 = AXIS2_PLACEMENT_3D ( 'NONE', #2372, #5302, #1656 ) ;
#6889 = CIRCLE ( 'NONE', #1098, 0.2250000000000000611 ) ;
#6890 = EDGE_LOOP ( 'NONE', ( #2918, #3858, #3761 ) ) ;
#6891 = EDGE_LOOP ( 'NONE', ( #6546, #7798, #8572 ) ) ;
#6892 =( NAMED_UNIT ( * ) SI_UNIT ( $, .STERADIAN. ) SOLID_ANGLE_UNIT ( ) );
#6893 = ORIENTED_EDGE ( 'NONE', *, *, #2101, .T. ) ;
#6894 = CARTESIAN_POINT ( 'NONE',  ( 1.500000000000000444, -0.1250000000000000000, 2.000000000000000000 ) ) ;
#6895 =( GEOMETRIC_REPRESENTATION_CONTEXT ( 3 ) GLOBAL_UNCERTAINTY_ASSIGNED_CONTEXT ( ( #2574 ) ) GLOBAL_UNIT_ASSIGNED_CONTEXT ( ( #2319, #985, #311 ) ) REPRESENTATION_CONTEXT ( 'NONE', 'WORKASPACE' ) );
#6896 = EDGE_LOOP ( 'NONE', ( #3209, #4760, #4920 ) ) ;
#6897 = COLOUR_RGB ( '',1.000000000000000000, 1.000000000000000000, 1.000000000000000000 ) ;
#6898 = VERTEX_POINT ( 'NONE', #6540 ) ;
#6899 = DIRECTION ( 'NONE',  ( 0.000000000000000000, -1.000000000000000000, 0.000000000000000000 ) ) ;
#6900 = SURFACE_SIDE_STYLE ('',( #5677 ) ) ;
#6901 = SURFACE_SIDE_STYLE ('',( #8947 ) ) ;
#6902 = EDGE_CURVE ( 'NONE', #8419, #9040, #1705, .T. ) ;
#6903 = EDGE_CURVE ( 'NONE', #1795, #2433, #5091, .T. ) ;
#6904 = CIRCLE ( 'NONE', #5112, 0.2250000000000001443 ) ;
#6905 =( GEOMETRIC_REPRESENTATION_CONTEXT ( 3 ) GLOBAL_UNCERTAINTY_ASSIGNED_CONTEXT ( ( #3546 ) ) GLOBAL_UNIT_ASSIGNED_CONTEXT ( ( #5684, #6566, #1373 ) ) REPRESENTATION_CONTEXT ( 'NONE', 'WORKASPACE' ) );
#6906 = FILL_AREA_STYLE ('',( #6811 ) ) ;
#6907 = DIRECTION ( 'NONE',  ( 0.000000000000000000, 0.000000000000000000, 1.000000000000000000 ) ) ;
#6908 = FACE_OUTER_BOUND ( 'NONE', #5067, .T. ) ;
#6909 = VERTEX_POINT ( 'NONE', #7891 ) ;
#6910 = PRESENTATION_STYLE_ASSIGNMENT (( #4939 ) ) ;
#6911 = CARTESIAN_POINT ( 'NONE',  ( -1.499999999999999556, -0.1250000000000000000, 1.000000000000000888 ) ) ;
#6912 = ADVANCED_FACE ( 'NONE', ( #8598 ), #8899, .T. ) ;
#6913 = EDGE_CURVE ( 'NONE', #6218, #9240, #6732, .T. ) ;
#6914 =( NAMED_UNIT ( * ) PLANE_ANGLE_UNIT ( ) SI_UNIT ( $, .RADIAN. ) );
#6915 = ORIENTED_EDGE ( 'NONE', *, *, #7321, .T. ) ;
#6916 = CARTESIAN_POINT ( 'NONE',  ( -3.687082869338696778, 0.000000000000000000, -1.000000000000000000 ) ) ;
#6917 = VECTOR ( 'NONE', #2283, 1000.000000000000000 ) ;
#6918 = DIRECTION ( 'NONE',  ( 0.000000000000000000, -1.000000000000000000, 0.000000000000000000 ) ) ;
#6919 = SURFACE_SIDE_STYLE ('',( #4184 ) ) ;
#6920 = LINE ( 'NONE', #8395, #5927 ) ;
#6921 = CARTESIAN_POINT ( 'NONE',  ( -0.4999999999999995559, -0.1250000000000000000, 4.000000000000000000 ) ) ;
#6922 = DIRECTION ( 'NONE',  ( -1.224646799147353207E-16, 0.000000000000000000, 1.000000000000000000 ) ) ;
#6923 = UNCERTAINTY_MEASURE_WITH_UNIT (LENGTH_MEASURE( 1.000000000000000082E-05 ), #4953, 'distance_accuracy_value', 'NONE');
#6924 = CIRCLE ( 'NONE', #7854, 0.2500000000000002220 ) ;
#6925 = FILL_AREA_STYLE ('',( #2745 ) ) ;
#6926 = DIRECTION ( 'NONE',  ( 0.000000000000000000, 0.000000000000000000, 1.000000000000000000 ) ) ;
#6927 = CARTESIAN_POINT ( 'NONE',  ( -0.4999999999999995559, -0.1250000000000000000, 2.999999999999999112 ) ) ;
#6928 = VERTEX_POINT ( 'NONE', #2381 ) ;
#6929 = CARTESIAN_POINT ( 'NONE',  ( 0.000000000000000000, 0.2599999999999998979, 0.000000000000000000 ) ) ;
#6930 = STYLED_ITEM ( 'NONE', ( #2889 ), #9249 ) ;
#6932 = ORIENTED_EDGE ( 'NONE', *, *, #5580, .F. ) ;
#6931 = CARTESIAN_POINT ( 'NONE',  ( -2.499999999999999556, 0.000000000000000000, -4.000000000000000000 ) ) ;
#6933 = DIRECTION ( 'NONE',  ( -1.000000000000000000, 0.000000000000000000, 0.000000000000000000 ) ) ;
#6934 = AXIS2_PLACEMENT_3D ( 'NONE', #8566, #5805, #7943 ) ;
#6935 = EDGE_LOOP ( 'NONE', ( #2218, #5720, #9189 ) ) ;
#6936 = ORIENTED_EDGE ( 'NONE', *, *, #8781, .F. ) ;
#6937 = CIRCLE ( 'NONE', #2688, 0.1870828693386972497 ) ;
#6938 = MECHANICAL_DESIGN_GEOMETRIC_PRESENTATION_REPRESENTATION (  '', ( #1000 ), #2846 ) ;
#6939 = SURFACE_STYLE_USAGE ( .BOTH. , #6221 ) ;
#6940 = DIRECTION ( 'NONE',  ( 0.000000000000000000, 0.000000000000000000, -1.000000000000000000 ) ) ;
#6941 = ORIENTED_EDGE ( 'NONE', *, *, #5884, .T. ) ;
#6942 = DIRECTION ( 'NONE',  ( 0.000000000000000000, -1.000000000000000000, 0.000000000000000000 ) ) ;
#6943 = ORIENTED_EDGE ( 'NONE', *, *, #8385, .F. ) ;
#6944 = DIRECTION ( 'NONE',  ( 0.000000000000000000, -1.000000000000000000, 0.000000000000000000 ) ) ;
#6945 = ORIENTED_EDGE ( 'NONE', *, *, #8742, .T. ) ;
#6946 = SURFACE_SIDE_STYLE ('',( #4727 ) ) ;
#6947 = CIRCLE ( 'NONE', #740, 0.1870828693386972497 ) ;
#6949 = AXIS2_PLACEMENT_3D ( 'NONE', #3152, #8194, #997 ) ;
#6948 = AXIS2_PLACEMENT_3D ( 'NONE', #6650, #8263, #5284 ) ;
#6950 = CARTESIAN_POINT ( 'NONE',  ( 2.500000000000000444, -0.1250000000000000000, -5.000000000000000000 ) ) ;
#6951 = DIRECTION ( 'NONE',  ( -1.000000000000000000, 0.000000000000000000, 0.000000000000000000 ) ) ;
#6952 = SPHERICAL_SURFACE ( 'NONE', #8872, 0.2250000000000000888 ) ;
#6953 = COLOUR_RGB ( '',0.8941176470588234615, 0.9137254901960784048, 0.9294117647058823817 ) ;
#6954 = COLOUR_RGB ( '',0.8941176470588234615, 0.9137254901960784048, 0.9294117647058823817 ) ;
#6955 =( NAMED_UNIT ( * ) PLANE_ANGLE_UNIT ( ) SI_UNIT ( $, .RADIAN. ) );
#6956 = SURFACE_STYLE_USAGE ( .BOTH. , #560 ) ;
#6957 = CARTESIAN_POINT ( 'NONE',  ( -7.000000000000001776, 0.9100000000000000311, -8.999999999999998224 ) ) ;
#6958 = EDGE_LOOP ( 'NONE', ( #7719, #4687, #7662 ) ) ;
#6959 = EDGE_CURVE ( 'NONE', #2934, #8128, #5837, .T. ) ;
#6960 = SURFACE_STYLE_FILL_AREA ( #2467 ) ;
#6961 = CARTESIAN_POINT ( 'NONE',  ( -2.499999999999999556, -0.1250000000000000000, 4.000000000000000000 ) ) ;
#6962 = SURFACE_STYLE_FILL_AREA ( #1288 ) ;
#6963 =( NAMED_UNIT ( * ) SI_UNIT ( $, .STERADIAN. ) SOLID_ANGLE_UNIT ( ) );
#6964 = AXIS2_PLACEMENT_3D ( 'NONE', #39, #5769, #7951 ) ;
#6965 = SURFACE_STYLE_USAGE ( .BOTH. , #2012 ) ;
#6966 = SURFACE_STYLE_FILL_AREA ( #8443 ) ;
#6967 = AXIS2_PLACEMENT_3D ( 'NONE', #6478, #2868, #8675 ) ;
#6968 = EDGE_LOOP ( 'NONE', ( #1640, #4543 ) ) ;
#6969 = SURFACE_STYLE_FILL_AREA ( #7691 ) ;
#6970 = EDGE_CURVE ( 'NONE', #5210, #3350, #3965, .T. ) ;
#6971 = UNCERTAINTY_MEASURE_WITH_UNIT (LENGTH_MEASURE( 1.000000000000000082E-05 ), #487, 'distance_accuracy_value', 'NONE');
#6972 = EDGE_CURVE ( 'NONE', #4004, #4580, #6889, .T. ) ;
#6973 =( LENGTH_UNIT ( ) NAMED_UNIT ( * ) SI_UNIT ( .MILLI., .METRE. ) );
#6974 = CARTESIAN_POINT ( 'NONE',  ( -1.499999999999999556, -0.1250000000000000000, 0.000000000000000000 ) ) ;
#6975 = SURFACE_STYLE_USAGE ( .BOTH. , #5201 ) ;
#6976 =( GEOMETRIC_REPRESENTATION_CONTEXT ( 3 ) GLOBAL_UNCERTAINTY_ASSIGNED_CONTEXT ( ( #2374 ) ) GLOBAL_UNIT_ASSIGNED_CONTEXT ( ( #111, #3602, #1452 ) ) REPRESENTATION_CONTEXT ( 'NONE', 'WORKASPACE' ) );
#6977 = ORIENTED_EDGE ( 'NONE', *, *, #711, .T. ) ;
#6978 = CIRCLE ( 'NONE', #5322, 0.1870828693386972497 ) ;
#6979 = SURFACE_SIDE_STYLE ('',( #577 ) ) ;
#6980 = ADVANCED_FACE ( 'NONE', ( #3193 ), #8287, .T. ) ;
#6981 = DIRECTION ( 'NONE',  ( -1.000000000000000000, 0.000000000000000000, 0.000000000000000000 ) ) ;
#6982 = COLOUR_RGB ( '',0.8941176470588234615, 0.9137254901960784048, 0.9294117647058823817 ) ;
#6983 = ORIENTED_EDGE ( 'NONE', *, *, #3631, .T. ) ;
#6984 =( NAMED_UNIT ( * ) SI_UNIT ( $, .STERADIAN. ) SOLID_ANGLE_UNIT ( ) );
#6985 =( NAMED_UNIT ( * ) SI_UNIT ( $, .STERADIAN. ) SOLID_ANGLE_UNIT ( ) );
#6987 = VERTEX_POINT ( 'NONE', #3273 ) ;
#6986 = DIRECTION ( 'NONE',  ( 0.000000000000000000, 0.000000000000000000, -1.000000000000000000 ) ) ;
#6988 = CARTESIAN_POINT ( 'NONE',  ( 3.687082869338697666, 0.000000000000000000, 8.000000000000000000 ) ) ;
#6989 = COLOUR_RGB ( '',0.8941176470588234615, 0.9137254901960784048, 0.9294117647058823817 ) ;
#6990 = VERTEX_POINT ( 'NONE', #6188 ) ;
#6991 = CARTESIAN_POINT ( 'NONE',  ( -2.499999999999999556, 0.000000000000000000, -3.000000000000000000 ) ) ;
#6992 =( LENGTH_UNIT ( ) NAMED_UNIT ( * ) SI_UNIT ( .MILLI., .METRE. ) );
#6993 = DIRECTION ( 'NONE',  ( 0.000000000000000000, 0.000000000000000000, -1.000000000000000000 ) ) ;
#6994 = COLOUR_RGB ( '',0.8941176470588234615, 0.9137254901960784048, 0.9294117647058823817 ) ;
#6995 = SURFACE_STYLE_USAGE ( .BOTH. , #8421 ) ;
#6996 = EDGE_LOOP ( 'NONE', ( #1086, #397 ) ) ;
#6997 = CARTESIAN_POINT ( 'NONE',  ( -5.100000000000002309, 0.8099999999999999423, -7.349999999999997868 ) ) ;
#6998 = EDGE_LOOP ( 'NONE', ( #2302, #6285, #4289 ) ) ;
#6999 = DIRECTION ( 'NONE',  ( 0.000000000000000000, 0.000000000000000000, -1.000000000000000000 ) ) ;
#7000 = EDGE_CURVE ( 'NONE', #2423, #8515, #6588, .T. ) ;
#7001 = FACE_OUTER_BOUND ( 'NONE', #7008, .T. ) ;
#7002 = VERTEX_POINT ( 'NONE', #5398 ) ;
#7003 = PLANE ( 'NONE',  #1094 ) ;
#7004 = CARTESIAN_POINT ( 'NONE',  ( 2.500000000000000444, -0.1250000000000000000, 5.000000000000000888 ) ) ;
#7005 = CARTESIAN_POINT ( 'NONE',  ( -3.499999999999999556, -0.1250000000000000000, -8.000000000000000000 ) ) ;
#7006 = DIRECTION ( 'NONE',  ( -1.224646799147353207E-16, 0.000000000000000000, 1.000000000000000000 ) ) ;
#7007 = PRODUCT_CONTEXT ( 'NONE', #7857, 'mechanical' ) ;
#7008 = EDGE_LOOP ( 'NONE', ( #634, #5290, #7074 ) ) ;
#7009 = DIRECTION ( 'NONE',  ( -0.000000000000000000, -0.000000000000000000, -1.000000000000000000 ) ) ;
#7010 =( NAMED_UNIT ( * ) PLANE_ANGLE_UNIT ( ) SI_UNIT ( $, .RADIAN. ) );
#7011 = DIRECTION ( 'NONE',  ( -1.000000000000000000, 0.000000000000000000, 0.000000000000000000 ) ) ;
#7012 = CARTESIAN_POINT ( 'NONE',  ( 1.500000000000000444, 0.000000000000000000, -2.000000000000000000 ) ) ;
#7013 = ORIENTED_EDGE ( 'NONE', *, *, #1789, .F. ) ;
#7014 = DIRECTION ( 'NONE',  ( 1.000000000000000000, 0.000000000000000000, 0.000000000000000000 ) ) ;
#7015 = VERTEX_POINT ( 'NONE', #7822 ) ;
#7016 = FILL_AREA_STYLE_COLOUR ( '', #4379 ) ;
#7017 = AXIS2_PLACEMENT_3D ( 'NONE', #3496, #5000, #9363 ) ;
#7018 =( NAMED_UNIT ( * ) PLANE_ANGLE_UNIT ( ) SI_UNIT ( $, .RADIAN. ) );
#7019 = FILL_AREA_STYLE ('',( #3290 ) ) ;
#7020 = DIRECTION ( 'NONE',  ( 0.000000000000000000, 0.000000000000000000, -1.000000000000000000 ) ) ;
#7021 = SURFACE_STYLE_USAGE ( .BOTH. , #2074 ) ;
#7022 = STYLED_ITEM ( 'NONE', ( #8687 ), #5108 ) ;
#7023 =( GEOMETRIC_REPRESENTATION_CONTEXT ( 3 ) GLOBAL_UNCERTAINTY_ASSIGNED_CONTEXT ( ( #1983 ) ) GLOBAL_UNIT_ASSIGNED_CONTEXT ( ( #5353, #3510, #8747 ) ) REPRESENTATION_CONTEXT ( 'NONE', 'WORKASPACE' ) );
#7024 = PRESENTATION_LAYER_ASSIGNMENT (  '', '', ( #9319 ) ) ;
#7025 = EDGE_CURVE ( 'NONE', #8597, #3237, #3852, .T. ) ;
#7026 = ORIENTED_EDGE ( 'NONE', *, *, #2021, .F. ) ;
#7027 = UNCERTAINTY_MEASURE_WITH_UNIT (LENGTH_MEASURE( 1.000000000000000082E-05 ), #6523, 'distance_accuracy_value', 'NONE');
#7028 = DIRECTION ( 'NONE',  ( 0.000000000000000000, -1.000000000000000000, 0.000000000000000000 ) ) ;
#7029 = SURFACE_STYLE_USAGE ( .BOTH. , #531 ) ;
#7030 = FILL_AREA_STYLE_COLOUR ( '', #1484 ) ;
#7031 = EDGE_LOOP ( 'NONE', ( #1881, #7576, #5636 ) ) ;
#7032 = AXIS2_PLACEMENT_3D ( 'NONE', #2329, #2628, #2734 ) ;
#7033 = PRESENTATION_LAYER_ASSIGNMENT (  '', '', ( #3840 ) ) ;
#7034 = CARTESIAN_POINT ( 'NONE',  ( -3.499999999999999556, -0.1250000000000000000, 4.000000000000000000 ) ) ;
#7035 = MECHANICAL_DESIGN_GEOMETRIC_PRESENTATION_REPRESENTATION (  '', ( #6867 ), #2299 ) ;
#7036 = FILL_AREA_STYLE_COLOUR ( '', #5421 ) ;
#7037 = CIRCLE ( 'NONE', #8097, 0.2500000000000002220 ) ;
#7039 = ORIENTED_EDGE ( 'NONE', *, *, #7642, .T. ) ;
#7038 = CARTESIAN_POINT ( 'NONE',  ( 0.5000000000000004441, -0.1250000000000000000, -1.000000000000000000 ) ) ;
#7040 = DIRECTION ( 'NONE',  ( 0.000000000000000000, 0.000000000000000000, 1.000000000000000000 ) ) ;
#7041 = ADVANCED_FACE ( 'NONE', ( #9255 ), #8491, .T. ) ;
#7042 = EDGE_LOOP ( 'NONE', ( #9231, #5763, #8442 ) ) ;
#7044 = DIRECTION ( 'NONE',  ( -1.224646799147353207E-16, 0.000000000000000000, 1.000000000000000000 ) ) ;
#7043 = AXIS2_PLACEMENT_3D ( 'NONE', #8834, #8132, #2031 ) ;
#7045 = AXIS2_PLACEMENT_3D ( 'NONE', #619, #3503, #5710 ) ;
#7046 = PRESENTATION_STYLE_ASSIGNMENT (( #2545 ) ) ;
#7047 =( GEOMETRIC_REPRESENTATION_CONTEXT ( 3 ) GLOBAL_UNCERTAINTY_ASSIGNED_CONTEXT ( ( #1289 ) ) GLOBAL_UNIT_ASSIGNED_CONTEXT ( ( #7544, #5451, #5263 ) ) REPRESENTATION_CONTEXT ( 'NONE', 'WORKASPACE' ) );
#7048 = MECHANICAL_DESIGN_GEOMETRIC_PRESENTATION_REPRESENTATION (  '', ( #5095 ), #4000 ) ;
#7049 = DIRECTION ( 'NONE',  ( -1.224646799147353207E-16, 0.000000000000000000, 1.000000000000000000 ) ) ;
#7050 = ORIENTED_EDGE ( 'NONE', *, *, #6785, .F. ) ;
#7051 = CARTESIAN_POINT ( 'NONE',  ( -3.499999999999999556, 0.000000000000000000, -4.000000000000000000 ) ) ;
#7052 = EDGE_LOOP ( 'NONE', ( #8600, #8209, #2754 ) ) ;
#7053 = CARTESIAN_POINT ( 'NONE',  ( 1.500000000000000444, -0.1250000000000000000, -2.000000000000000000 ) ) ;
#7054 = EDGE_LOOP ( 'NONE', ( #6531, #208, #2770 ) ) ;
#7055 = AXIS2_PLACEMENT_3D ( 'NONE', #6379, #4880, #6332 ) ;
#7056 = ORIENTED_EDGE ( 'NONE', *, *, #7306, .T. ) ;
#7057 = CARTESIAN_POINT ( 'NONE',  ( -1.312917130661302334, 0.000000000000000000, 4.000000000000000000 ) ) ;
#7058 = SURFACE_STYLE_FILL_AREA ( #4063 ) ;
#7059 =( GEOMETRIC_REPRESENTATION_CONTEXT ( 3 ) GLOBAL_UNCERTAINTY_ASSIGNED_CONTEXT ( ( #5408 ) ) GLOBAL_UNIT_ASSIGNED_CONTEXT ( ( #1037, #4691, #8987 ) ) REPRESENTATION_CONTEXT ( 'NONE', 'WORKASPACE' ) );
#7060 = EDGE_CURVE ( 'NONE', #1945, #219, #381, .T. ) ;
#7061 =( GEOMETRIC_REPRESENTATION_CONTEXT ( 3 ) GLOBAL_UNCERTAINTY_ASSIGNED_CONTEXT ( ( #1768 ) ) GLOBAL_UNIT_ASSIGNED_CONTEXT ( ( #9065, #6688, #3062 ) ) REPRESENTATION_CONTEXT ( 'NONE', 'WORKASPACE' ) );
#7062 = DIRECTION ( 'NONE',  ( -1.224646799147353207E-16, 0.000000000000000000, 1.000000000000000000 ) ) ;
#7063 = DIRECTION ( 'NONE',  ( 1.000000000000000000, 0.000000000000000000, 0.000000000000000000 ) ) ;
#7064 = FACE_OUTER_BOUND ( 'NONE', #9134, .T. ) ;
#7065 = ORIENTED_EDGE ( 'NONE', *, *, #8604, .T. ) ;
#7066 = MECHANICAL_DESIGN_GEOMETRIC_PRESENTATION_REPRESENTATION (  '', ( #3544 ), #242 ) ;
#7067 =( NAMED_UNIT ( * ) SI_UNIT ( $, .STERADIAN. ) SOLID_ANGLE_UNIT ( ) );
#7068 = CARTESIAN_POINT ( 'NONE',  ( 2.500000000000000444, -0.1250000000000000000, -4.000000000000000000 ) ) ;
#7069 = CARTESIAN_POINT ( 'NONE',  ( -0.4999999999999995559, -0.1250000000000000000, -1.000000000000000000 ) ) ;
#7070 = COLOUR_RGB ( '',0.8941176470588234615, 0.9137254901960784048, 0.9294117647058823817 ) ;
#7071 = AXIS2_PLACEMENT_3D ( 'NONE', #3866, #6763, #275 ) ;
#7072 = CARTESIAN_POINT ( 'NONE',  ( -4.687082869338697222, 0.000000000000000000, -8.000000000000000000 ) ) ;
#7073 = VERTEX_POINT ( 'NONE', #5730 ) ;
#7074 = ORIENTED_EDGE ( 'NONE', *, *, #4229, .T. ) ;
#7075 = PRESENTATION_LAYER_ASSIGNMENT (  '', '', ( #3732 ) ) ;
#7076 = SURFACE_STYLE_USAGE ( .BOTH. , #8392 ) ;
#7077 = UNCERTAINTY_MEASURE_WITH_UNIT (LENGTH_MEASURE( 1.000000000000000082E-05 ), #5665, 'distance_accuracy_value', 'NONE');
#7078 =( NAMED_UNIT ( * ) PLANE_ANGLE_UNIT ( ) SI_UNIT ( $, .RADIAN. ) );
#7079 = DIRECTION ( 'NONE',  ( 1.000000000000000000, 0.000000000000000000, 0.000000000000000000 ) ) ;
#7080 = FILL_AREA_STYLE ('',( #5006 ) ) ;
#7081 =( GEOMETRIC_REPRESENTATION_CONTEXT ( 3 ) GLOBAL_UNCERTAINTY_ASSIGNED_CONTEXT ( ( #6296 ) ) GLOBAL_UNIT_ASSIGNED_CONTEXT ( ( #654, #3547, #53 ) ) REPRESENTATION_CONTEXT ( 'NONE', 'WORKASPACE' ) );
#7082 = EDGE_LOOP ( 'NONE', ( #2477, #4858, #3959 ) ) ;
#7083 = SURFACE_STYLE_USAGE ( .BOTH. , #2581 ) ;
#7084 = CARTESIAN_POINT ( 'NONE',  ( -5.100000000000002309, 0.8099999999999999423, -6.849999999999997868 ) ) ;
#7085 = ORIENTED_EDGE ( 'NONE', *, *, #8554, .T. ) ;
#7086 = SPHERICAL_SURFACE ( 'NONE', #2486, 0.2250000000000000888 ) ;
#7087 = SURFACE_SIDE_STYLE ('',( #1987 ) ) ;
#7088 = CIRCLE ( 'NONE', #117, 0.2249999999999999500 ) ;
#7089 = ADVANCED_FACE ( 'NONE', ( #7064 ), #4988, .T. ) ;
#7090 = EDGE_CURVE ( 'NONE', #1990, #7664, #7216, .T. ) ;
#7091 = PRESENTATION_STYLE_ASSIGNMENT (( #8655 ) ) ;
#7092 = STYLED_ITEM ( 'NONE', ( #8148 ), #2967 ) ;
#7093 = ORIENTED_EDGE ( 'NONE', *, *, #1129, .F. ) ;
#7094 = AXIS2_PLACEMENT_3D ( 'NONE', #1379, #2113, #734 ) ;
#7095 = UNCERTAINTY_MEASURE_WITH_UNIT (LENGTH_MEASURE( 1.000000000000000082E-05 ), #7124, 'distance_accuracy_value', 'NONE');
#7096 = COLOUR_RGB ( '',0.8941176470588234615, 0.9137254901960784048, 0.9294117647058823817 ) ;
#7097 = DIRECTION ( 'NONE',  ( -0.000000000000000000, -0.000000000000000000, -1.000000000000000000 ) ) ;
#7098 = EDGE_CURVE ( 'NONE', #6607, #5040, #3084, .T. ) ;
#7099 = ORIENTED_EDGE ( 'NONE', *, *, #5295, .T. ) ;
#7100 = EDGE_CURVE ( 'NONE', #3179, #1684, #2624, .T. ) ;
#7101 = DIRECTION ( 'NONE',  ( -0.000000000000000000, -0.000000000000000000, -1.000000000000000000 ) ) ;
#7102 = ADVANCED_FACE ( 'NONE', ( #8672 ), #5126, .T. ) ;
#7103 = ORIENTED_EDGE ( 'NONE', *, *, #2209, .F. ) ;
#7104 = DIRECTION ( 'NONE',  ( 0.000000000000000000, 0.000000000000000000, 1.000000000000000000 ) ) ;
#7105 = COLOUR_RGB ( '',0.8941176470588234615, 0.9137254901960784048, 0.9294117647058823817 ) ;
#7106 = EDGE_LOOP ( 'NONE', ( #4922, #8750, #8942 ) ) ;
#7107 = STYLED_ITEM ( 'NONE', ( #899 ), #2418 ) ;
#7108 = ADVANCED_FACE ( 'NONE', ( #1375 ), #5911, .T. ) ;
#7109 = FACE_OUTER_BOUND ( 'NONE', #342, .T. ) ;
#7110 = EDGE_LOOP ( 'NONE', ( #7309, #7666, #6455 ) ) ;
#7111 = CIRCLE ( 'NONE', #5438, 0.2249999999999999500 ) ;
#7112 = MECHANICAL_DESIGN_GEOMETRIC_PRESENTATION_REPRESENTATION (  '', ( #1762 ), #9068 ) ;
#7113 = AXIS2_PLACEMENT_3D ( 'NONE', #4978, #7812, #2809 ) ;
#7114 = SURFACE_SIDE_STYLE ('',( #7058 ) ) ;
#7115 = FACE_OUTER_BOUND ( 'NONE', #3661, .T. ) ;
#7116 = SURFACE_STYLE_USAGE ( .BOTH. , #9200 ) ;
#7117 = FILL_AREA_STYLE ('',( #7680 ) ) ;
#7118 = AXIS2_PLACEMENT_3D ( 'NONE', #3306, #4861, #6986 ) ;
#7119 = ORIENTED_EDGE ( 'NONE', *, *, #4012, .T. ) ;
#7120 = SURFACE_STYLE_USAGE ( .BOTH. , #3632 ) ;
#7122 = PRESENTATION_LAYER_ASSIGNMENT (  '', '', ( #9412 ) ) ;
#7121 = CIRCLE ( 'NONE', #6336, 0.1870828693386972497 ) ;
#7123 = FILL_AREA_STYLE ('',( #7683 ) ) ;
#7124 =( LENGTH_UNIT ( ) NAMED_UNIT ( * ) SI_UNIT ( .MILLI., .METRE. ) );
#7125 = DIRECTION ( 'NONE',  ( -1.000000000000000000, 0.000000000000000000, 0.000000000000000000 ) ) ;
#7126 = CIRCLE ( 'NONE', #7298, 0.2249999999999999500 ) ;
#7127 = PRESENTATION_LAYER_ASSIGNMENT (  '', '', ( #9080 ) ) ;
#7128 = VERTEX_POINT ( 'NONE', #8090 ) ;
#7129 = SURFACE_SIDE_STYLE ('',( #6966 ) ) ;
#7130 = ORIENTED_EDGE ( 'NONE', *, *, #6689, .T. ) ;
#7131 =( NAMED_UNIT ( * ) PLANE_ANGLE_UNIT ( ) SI_UNIT ( $, .RADIAN. ) );
#7132 = AXIS2_PLACEMENT_3D ( 'NONE', #1757, #996, #5959 ) ;
#7133 = CARTESIAN_POINT ( 'NONE',  ( 1.500000000000000444, -0.3500000000000000333, -1.000000000000000000 ) ) ;
#7134 = PRESENTATION_STYLE_ASSIGNMENT (( #7021 ) ) ;
#7135 = ADVANCED_FACE ( 'NONE', ( #132 ), #5345, .T. ) ;
#7136 = AXIS2_PLACEMENT_3D ( 'NONE', #4787, #7681, #783 ) ;
#7137 = ORIENTED_EDGE ( 'NONE', *, *, #3998, .F. ) ;
#7138 =( NAMED_UNIT ( * ) PLANE_ANGLE_UNIT ( ) SI_UNIT ( $, .RADIAN. ) );
#7139 = CARTESIAN_POINT ( 'NONE',  ( -2.499999999999999556, 0.000000000000000000, -2.000000000000000000 ) ) ;
#7140 = SURFACE_STYLE_USAGE ( .BOTH. , #4039 ) ;
#7141 = ORIENTED_EDGE ( 'NONE', *, *, #2303, .T. ) ;
#7142 = FILL_AREA_STYLE ('',( #1499 ) ) ;
#7143 =( LENGTH_UNIT ( ) NAMED_UNIT ( * ) SI_UNIT ( .MILLI., .METRE. ) );
#7144 = AXIS2_PLACEMENT_3D ( 'NONE', #1583, #4518, #3114 ) ;
#7145 = FILL_AREA_STYLE_COLOUR ( '', #6563 ) ;
#7146 = DIRECTION ( 'NONE',  ( -1.000000000000000000, 0.000000000000000000, 0.000000000000000000 ) ) ;
#7147 = ORIENTED_EDGE ( 'NONE', *, *, #2731, .T. ) ;
#7148 = MECHANICAL_DESIGN_GEOMETRIC_PRESENTATION_REPRESENTATION (  '', ( #7900 ), #1034 ) ;
#7149 = CARTESIAN_POINT ( 'NONE',  ( -4.687082869338697222, 0.000000000000000000, 8.000000000000000000 ) ) ;
#7150 = STYLED_ITEM ( 'NONE', ( #6019 ), #1934 ) ;
#7151 = ORIENTED_EDGE ( 'NONE', *, *, #8541, .T. ) ;
#7152 = CARTESIAN_POINT ( 'NONE',  ( -6.800000000000002487, -0.02500000000000000139, -8.299999999999995381 ) ) ;
#7153 = ORIENTED_EDGE ( 'NONE', *, *, #8607, .T. ) ;
#7154 = FILL_AREA_STYLE ('',( #1324 ) ) ;
#7155 = ORIENTED_EDGE ( 'NONE', *, *, #7231, .F. ) ;
#7156 = STYLED_ITEM ( 'NONE', ( #8816 ), #3504 ) ;
#7157 = PRESENTATION_LAYER_ASSIGNMENT (  '', '', ( #8346 ) ) ;
#7158 = PRESENTATION_STYLE_ASSIGNMENT (( #2954 ) ) ;
#7159 = ORIENTED_EDGE ( 'NONE', *, *, #7296, .F. ) ;
#7160 = DIRECTION ( 'NONE',  ( 0.000000000000000000, -1.000000000000000000, 0.000000000000000000 ) ) ;
#7161 = CIRCLE ( 'NONE', #1658, 0.2250000000000001443 ) ;
#7162 = ADVANCED_FACE ( 'NONE', ( #176 ), #3139, .T. ) ;
#7163 = SURFACE_STYLE_USAGE ( .BOTH. , #9198 ) ;
#7164 = SPHERICAL_SURFACE ( 'NONE', #5899, 0.2250000000000000888 ) ;
#7165 = DIRECTION ( 'NONE',  ( 0.000000000000000000, 0.000000000000000000, 1.000000000000000000 ) ) ;
#7166 = EDGE_LOOP ( 'NONE', ( #6849, #1823 ) ) ;
#7167 = CARTESIAN_POINT ( 'NONE',  ( 3.500000000000000444, -0.1250000000000000000, -8.000000000000000000 ) ) ;
#7168 = FACE_BOUND ( 'NONE', #5526, .T. ) ;
#7169 = CARTESIAN_POINT ( 'NONE',  ( -3.687082869338696778, 0.000000000000000000, -2.000000000000000000 ) ) ;
#7170 = EDGE_CURVE ( 'NONE', #4325, #3529, #4024, .T. ) ;
#7171 = VERTEX_POINT ( 'NONE', #6083 ) ;
#7172 = CARTESIAN_POINT ( 'NONE',  ( 2.687082869338697666, 0.000000000000000000, 4.000000000000000000 ) ) ;
#7173 = EDGE_LOOP ( 'NONE', ( #7440, #1961 ) ) ;
#7174 = DIRECTION ( 'NONE',  ( 0.000000000000000000, 0.000000000000000000, 1.000000000000000000 ) ) ;
#7175 = SURFACE_STYLE_USAGE ( .BOTH. , #8640 ) ;
#7176 = UNCERTAINTY_MEASURE_WITH_UNIT (LENGTH_MEASURE( 1.000000000000000082E-05 ), #3172, 'distance_accuracy_value', 'NONE');
#7177 = CARTESIAN_POINT ( 'NONE',  ( 1.500000000000000444, -0.1250000000000000000, 2.999999999999999112 ) ) ;
#7178 =( NAMED_UNIT ( * ) PLANE_ANGLE_UNIT ( ) SI_UNIT ( $, .RADIAN. ) );
#7179 = DIRECTION ( 'NONE',  ( 0.000000000000000000, 0.000000000000000000, -1.000000000000000000 ) ) ;
#7180 =( NAMED_UNIT ( * ) PLANE_ANGLE_UNIT ( ) SI_UNIT ( $, .RADIAN. ) );
#7181 = MECHANICAL_DESIGN_GEOMETRIC_PRESENTATION_REPRESENTATION (  '', ( #8844 ), #6698 ) ;
#7182 = EDGE_LOOP ( 'NONE', ( #5831, #2157, #8316 ) ) ;
#7183 = AXIS2_PLACEMENT_3D ( 'NONE', #4695, #8288, #184 ) ;
#7184 = DIRECTION ( 'NONE',  ( 0.000000000000000000, -1.000000000000000000, 0.000000000000000000 ) ) ;
#7185 = DIRECTION ( 'NONE',  ( -0.000000000000000000, 1.000000000000000000, -0.000000000000000000 ) ) ;
#7186 = CARTESIAN_POINT ( 'NONE',  ( 2.500000000000000444, 0.000000000000000000, -5.000000000000000000 ) ) ;
#7187 = ADVANCED_FACE ( 'NONE', ( #216 ), #3089, .T. ) ;
#7188 = SURFACE_SIDE_STYLE ('',( #712 ) ) ;
#7189 = ORIENTED_EDGE ( 'NONE', *, *, #648, .F. ) ;
#7190 = DIRECTION ( 'NONE',  ( 0.000000000000000000, 0.000000000000000000, -1.000000000000000000 ) ) ;
#7191 =( GEOMETRIC_REPRESENTATION_CONTEXT ( 3 ) GLOBAL_UNCERTAINTY_ASSIGNED_CONTEXT ( ( #1671 ) ) GLOBAL_UNIT_ASSIGNED_CONTEXT ( ( #192, #5225, #1531 ) ) REPRESENTATION_CONTEXT ( 'NONE', 'WORKASPACE' ) );
#7192 = AXIS2_PLACEMENT_3D ( 'NONE', #765, #800, #3659 ) ;
#7193 = DIRECTION ( 'NONE',  ( 0.000000000000000000, 0.000000000000000000, -1.000000000000000000 ) ) ;
#7194 = ORIENTED_EDGE ( 'NONE', *, *, #7170, .T. ) ;
#7195 = CARTESIAN_POINT ( 'NONE',  ( 4.500000000000001776, -0.3500000000000000333, -7.000000000000000000 ) ) ;
#7196 =( GEOMETRIC_REPRESENTATION_CONTEXT ( 3 ) GLOBAL_UNCERTAINTY_ASSIGNED_CONTEXT ( ( #1778 ) ) GLOBAL_UNIT_ASSIGNED_CONTEXT ( ( #1157, #6399, #7242 ) ) REPRESENTATION_CONTEXT ( 'NONE', 'WORKASPACE' ) );
#7197 = CARTESIAN_POINT ( 'NONE',  ( -2.499999999999999556, -0.3500000000000000333, 5.000000000000000888 ) ) ;
#7198 = CIRCLE ( 'NONE', #2172, 0.2250000000000001443 ) ;
#7199 = CIRCLE ( 'NONE', #2444, 0.1870828693386972497 ) ;
#7200 = EDGE_LOOP ( 'NONE', ( #8212, #313, #5993 ) ) ;
#7201 = CARTESIAN_POINT ( 'NONE',  ( 3.312917130661303222, 0.000000000000000000, 5.000000000000000888 ) ) ;
#7202 = ORIENTED_EDGE ( 'NONE', *, *, #3722, .T. ) ;
#7203 = FACE_OUTER_BOUND ( 'NONE', #6896, .T. ) ;
#7204 = ORIENTED_EDGE ( 'NONE', *, *, #3919, .F. ) ;
#7205 = FILL_AREA_STYLE_COLOUR ( '', #8845 ) ;
#7206 = STYLED_ITEM ( 'NONE', ( #3293 ), #4925 ) ;
#7207 = COLOUR_RGB ( '',0.8941176470588234615, 0.9137254901960784048, 0.9294117647058823817 ) ;
#7208 = CIRCLE ( 'NONE', #3843, 0.1870828693386972497 ) ;
#7209 = ORIENTED_EDGE ( 'NONE', *, *, #9262, .F. ) ;
#7210 = AXIS2_PLACEMENT_3D ( 'NONE', #3962, #6709, #8894 ) ;
#7211 = COLOUR_RGB ( '',0.8941176470588234615, 0.9137254901960784048, 0.9294117647058823817 ) ;
#7212 = FILL_AREA_STYLE ('',( #5816 ) ) ;
#7213 = LINE ( 'NONE', #3000, #8774 ) ;
#7214 = DIRECTION ( 'NONE',  ( 0.000000000000000000, 0.000000000000000000, -1.000000000000000000 ) ) ;
#7215 = MECHANICAL_DESIGN_GEOMETRIC_PRESENTATION_REPRESENTATION (  '', ( #6587 ), #6731 ) ;
#7216 = CIRCLE ( 'NONE', #819, 0.1870828693386972497 ) ;
#7217 = ORIENTED_EDGE ( 'NONE', *, *, #7463, .T. ) ;
#7218 =( LENGTH_UNIT ( ) NAMED_UNIT ( * ) SI_UNIT ( .MILLI., .METRE. ) );
#7219 = AXIS2_PLACEMENT_3D ( 'NONE', #3745, #3656, #6642 ) ;
#7220 = FACE_BOUND ( 'NONE', #4055, .T. ) ;
#7221 = EDGE_CURVE ( 'NONE', #6664, #1619, #5250, .T. ) ;
#7222 = EDGE_CURVE ( 'NONE', #7659, #2842, #9180, .T. ) ;
#7223 = DIRECTION ( 'NONE',  ( -0.000000000000000000, -0.000000000000000000, -1.000000000000000000 ) ) ;
#7224 = AXIS2_PLACEMENT_3D ( 'NONE', #7326, #409, #7545 ) ;
#7225 = ORIENTED_EDGE ( 'NONE', *, *, #7906, .F. ) ;
#7226 =( NAMED_UNIT ( * ) SI_UNIT ( $, .STERADIAN. ) SOLID_ANGLE_UNIT ( ) );
#7227 = EDGE_LOOP ( 'NONE', ( #4112, #2589, #6893 ) ) ;
#7228 = SURFACE_STYLE_USAGE ( .BOTH. , #5 ) ;
#7229 = FACE_OUTER_BOUND ( 'NONE', #1885, .T. ) ;
#7230 = PRESENTATION_STYLE_ASSIGNMENT (( #9364 ) ) ;
#7231 = EDGE_CURVE ( 'NONE', #4498, #4554, #7378, .T. ) ;
#7232 = FACE_OUTER_BOUND ( 'NONE', #6484, .T. ) ;
#7233 = DIRECTION ( 'NONE',  ( 0.000000000000000000, 0.000000000000000000, -1.000000000000000000 ) ) ;
#7234 = CIRCLE ( 'NONE', #386, 0.2250000000000000611 ) ;
#7235 = EDGE_CURVE ( 'NONE', #8091, #3520, #7234, .T. ) ;
#7236 = COLOUR_RGB ( '',0.8941176470588234615, 0.9137254901960784048, 0.9294117647058823817 ) ;
#7237 = DIRECTION ( 'NONE',  ( -1.224646799147353207E-16, 0.000000000000000000, 1.000000000000000000 ) ) ;
#7238 = FILL_AREA_STYLE ('',( #4335 ) ) ;
#7239 = EDGE_LOOP ( 'NONE', ( #6816, #1701, #5715 ) ) ;
#7240 = AXIS2_PLACEMENT_3D ( 'NONE', #4301, #3710, #4398 ) ;
#7241 = PRESENTATION_LAYER_ASSIGNMENT (  '', '', ( #1731 ) ) ;
#7242 =( NAMED_UNIT ( * ) SI_UNIT ( $, .STERADIAN. ) SOLID_ANGLE_UNIT ( ) );
#7243 = CARTESIAN_POINT ( 'NONE',  ( -2.499999999999999556, -0.3500000000000000333, -3.000000000000000000 ) ) ;
#7244 = FACE_OUTER_BOUND ( 'NONE', #5093, .T. ) ;
#7245 = ORIENTED_EDGE ( 'NONE', *, *, #8926, .F. ) ;
#7246 = DIRECTION ( 'NONE',  ( 0.000000000000000000, 0.000000000000000000, -1.000000000000000000 ) ) ;
#7247 = DIRECTION ( 'NONE',  ( -1.000000000000000000, 0.000000000000000000, 0.000000000000000000 ) ) ;
#7248 = AXIS2_PLACEMENT_3D ( 'NONE', #1357, #2427, #5189 ) ;
#7249 = CARTESIAN_POINT ( 'NONE',  ( -6.800000000000002487, -0.02500000000000000139, -8.299999999999995381 ) ) ;
#7250 = ORIENTED_EDGE ( 'NONE', *, *, #8072, .F. ) ;
#7251 = SURFACE_SIDE_STYLE ('',( #3788 ) ) ;
#7252 = STYLED_ITEM ( 'NONE', ( #6009 ), #7974 ) ;
#7253 = EDGE_LOOP ( 'NONE', ( #451, #6512 ) ) ;
#7254 = ORIENTED_EDGE ( 'NONE', *, *, #3367, .T. ) ;
#7255 = FILL_AREA_STYLE_COLOUR ( '', #2986 ) ;
#7257 = EDGE_LOOP ( 'NONE', ( #281, #2096, #3888 ) ) ;
#7256 =( NAMED_UNIT ( * ) SI_UNIT ( $, .STERADIAN. ) SOLID_ANGLE_UNIT ( ) );
#7258 = CARTESIAN_POINT ( 'NONE',  ( 1.687082869338697666, 0.000000000000000000, -1.000000000000000000 ) ) ;
#7259 = AXIS2_PLACEMENT_3D ( 'NONE', #7392, #165, #3754 ) ;
#7260 = STYLED_ITEM ( 'NONE', ( #7315 ), #408 ) ;
#7261 = DIRECTION ( 'NONE',  ( 0.000000000000000000, 0.000000000000000000, -1.000000000000000000 ) ) ;
#7262 = FILL_AREA_STYLE_COLOUR ( '', #124 ) ;
#7263 = DIRECTION ( 'NONE',  ( 0.000000000000000000, 0.000000000000000000, -1.000000000000000000 ) ) ;
#7264 = PRESENTATION_LAYER_ASSIGNMENT (  '', '', ( #9411 ) ) ;
#7265 = UNCERTAINTY_MEASURE_WITH_UNIT (LENGTH_MEASURE( 1.000000000000000082E-05 ), #1295, 'distance_accuracy_value', 'NONE');
#7266 = SPHERICAL_SURFACE ( 'NONE', #6449, 0.2250000000000000888 ) ;
#7267 = VECTOR ( 'NONE', #8497, 1000.000000000000000 ) ;
#7268 = SURFACE_STYLE_USAGE ( .BOTH. , #781 ) ;
#7269 = ORIENTED_EDGE ( 'NONE', *, *, #7295, .T. ) ;
#7270 = DIRECTION ( 'NONE',  ( 0.000000000000000000, 0.000000000000000000, 1.000000000000000000 ) ) ;
#7271 =( GEOMETRIC_REPRESENTATION_CONTEXT ( 3 ) GLOBAL_UNCERTAINTY_ASSIGNED_CONTEXT ( ( #6092 ) ) GLOBAL_UNIT_ASSIGNED_CONTEXT ( ( #9353, #4067, #4833 ) ) REPRESENTATION_CONTEXT ( 'NONE', 'WORKASPACE' ) );
#7272 = FACE_BOUND ( 'NONE', #5162, .T. ) ;
#7273 = STYLED_ITEM ( 'NONE', ( #6356 ), #9188 ) ;
#7274 = FACE_OUTER_BOUND ( 'NONE', #6581, .T. ) ;
#7275 = PRESENTATION_STYLE_ASSIGNMENT (( #2966 ) ) ;
#7276 = PRESENTATION_LAYER_ASSIGNMENT (  '', '', ( #3138 ) ) ;
#7277 = EDGE_LOOP ( 'NONE', ( #6866, #713, #2046 ) ) ;
#7278 = DIRECTION ( 'NONE',  ( 0.000000000000000000, 1.000000000000000000, 0.000000000000000000 ) ) ;
#7279 = PRESENTATION_LAYER_ASSIGNMENT (  '', '', ( #1309 ) ) ;
#7280 = EDGE_CURVE ( 'NONE', #3947, #5287, #3241, .T. ) ;
#7281 = ORIENTED_EDGE ( 'NONE', *, *, #9185, .F. ) ;
#7283 = AXIS2_PLACEMENT_3D ( 'NONE', #4730, #3326, #1803 ) ;
#7282 = CIRCLE ( 'NONE', #431, 0.1870828693386972497 ) ;
#7284 = FILL_AREA_STYLE_COLOUR ( '', #3675 ) ;
#7285 =( NAMED_UNIT ( * ) PLANE_ANGLE_UNIT ( ) SI_UNIT ( $, .RADIAN. ) );
#7286 = UNCERTAINTY_MEASURE_WITH_UNIT (LENGTH_MEASURE( 1.000000000000000082E-05 ), #6269, 'distance_accuracy_value', 'NONE');
#7287 = CARTESIAN_POINT ( 'NONE',  ( 3.500000000000000444, -0.1250000000000000000, -2.000000000000000000 ) ) ;
#7288 =( NAMED_UNIT ( * ) SI_UNIT ( $, .STERADIAN. ) SOLID_ANGLE_UNIT ( ) );
#7289 = DIRECTION ( 'NONE',  ( 0.000000000000000000, 0.000000000000000000, -1.000000000000000000 ) ) ;
#7290 =( LENGTH_UNIT ( ) NAMED_UNIT ( * ) SI_UNIT ( .MILLI., .METRE. ) );
#7291 = STYLED_ITEM ( 'NONE', ( #4182 ), #8484 ) ;
#7293 = VECTOR ( 'NONE', #3208, 1000.000000000000000 ) ;
#7292 = MECHANICAL_DESIGN_GEOMETRIC_PRESENTATION_REPRESENTATION (  '', ( #2092 ), #1480 ) ;
#7294 = VERTEX_POINT ( 'NONE', #2047 ) ;
#7295 = EDGE_CURVE ( 'NONE', #22, #8051, #5989, .T. ) ;
#7296 = EDGE_CURVE ( 'NONE', #5337, #6807, #5842, .T. ) ;
#7297 = FILL_AREA_STYLE ('',( #3691 ) ) ;
#7298 = AXIS2_PLACEMENT_3D ( 'NONE', #8950, #5264, #321 ) ;
#7299 = CARTESIAN_POINT ( 'NONE',  ( 0.5000000000000004441, 0.000000000000000000, -2.000000000000000000 ) ) ;
#7300 = MECHANICAL_DESIGN_GEOMETRIC_PRESENTATION_REPRESENTATION (  '', ( #6809 ), #6044 ) ;
#7301 = ORIENTED_EDGE ( 'NONE', *, *, #6740, .T. ) ;
#7302 = DIRECTION ( 'NONE',  ( 0.000000000000000000, 0.000000000000000000, -1.000000000000000000 ) ) ;
#7303 = PRESENTATION_STYLE_ASSIGNMENT (( #1586 ) ) ;
#7304 = CARTESIAN_POINT ( 'NONE',  ( -3.499999999999999556, -0.1250000000000000000, 4.000000000000000000 ) ) ;
#7305 = FACE_OUTER_BOUND ( 'NONE', #1748, .T. ) ;
#7306 = EDGE_CURVE ( 'NONE', #8934, #135, #1103, .T. ) ;
#7307 = FILL_AREA_STYLE ('',( #805 ) ) ;
#7308 = MECHANICAL_DESIGN_GEOMETRIC_PRESENTATION_REPRESENTATION (  '', ( #756 ), #730 ) ;
#7309 = ORIENTED_EDGE ( 'NONE', *, *, #9335, .F. ) ;
#7310 = DIRECTION ( 'NONE',  ( 0.000000000000000000, 0.000000000000000000, -1.000000000000000000 ) ) ;
#7312 = VERTEX_POINT ( 'NONE', #7152 ) ;
#7311 = CARTESIAN_POINT ( 'NONE',  ( 2.500000000000000444, -0.1250000000000000000, 4.000000000000000000 ) ) ;
#7313 = CARTESIAN_POINT ( 'NONE',  ( -3.499999999999999556, -0.3500000000000000333, -8.000000000000000000 ) ) ;
#7314 = CIRCLE ( 'NONE', #1797, 0.2249999999999999500 ) ;
#7315 = PRESENTATION_STYLE_ASSIGNMENT (( #4407 ) ) ;
#7316 = CIRCLE ( 'NONE', #3170, 0.2249999999999999500 ) ;
#7317 = ORIENTED_EDGE ( 'NONE', *, *, #5898, .F. ) ;
#7318 = DIRECTION ( 'NONE',  ( 0.000000000000000000, -1.000000000000000000, 0.000000000000000000 ) ) ;
#7319 =( NAMED_UNIT ( * ) SI_UNIT ( $, .STERADIAN. ) SOLID_ANGLE_UNIT ( ) );
#7320 = ORIENTED_EDGE ( 'NONE', *, *, #5524, .T. ) ;
#7321 = EDGE_CURVE ( 'NONE', #7294, #987, #1876, .T. ) ;
#7322 = CIRCLE ( 'NONE', #616, 0.2249999999999999500 ) ;
#7323 = FACE_BOUND ( 'NONE', #6713, .T. ) ;
#7324 = PRESENTATION_LAYER_ASSIGNMENT (  '', '', ( #9283 ) ) ;
#7325 = VERTEX_POINT ( 'NONE', #4819 ) ;
#7326 = CARTESIAN_POINT ( 'NONE',  ( -2.499999999999999556, 0.000000000000000000, 0.000000000000000000 ) ) ;
#7327 = EDGE_LOOP ( 'NONE', ( #801, #1513, #4040 ) ) ;
#7328 = FILL_AREA_STYLE_COLOUR ( '', #6029 ) ;
#7329 = SPHERICAL_SURFACE ( 'NONE', #1747, 0.2250000000000000888 ) ;
#7330 = CARTESIAN_POINT ( 'NONE',  ( -1.687082869338696778, 0.000000000000000000, -2.000000000000000000 ) ) ;
#7331 =( LENGTH_UNIT ( ) NAMED_UNIT ( * ) SI_UNIT ( .MILLI., .METRE. ) );
#7332 = PLANE ( 'NONE',  #5541 ) ;
#7333 = SURFACE_STYLE_USAGE ( .BOTH. , #6539 ) ;
#7334 = DIRECTION ( 'NONE',  ( -1.000000000000000000, 0.000000000000000000, 0.000000000000000000 ) ) ;
#7335 = DIRECTION ( 'NONE',  ( 0.000000000000000000, 0.000000000000000000, -1.000000000000000000 ) ) ;
#7336 = DIRECTION ( 'NONE',  ( -0.000000000000000000, -0.000000000000000000, -1.000000000000000000 ) ) ;
#7337 =( LENGTH_UNIT ( ) NAMED_UNIT ( * ) SI_UNIT ( .MILLI., .METRE. ) );
#7338 =( LENGTH_UNIT ( ) NAMED_UNIT ( * ) SI_UNIT ( .MILLI., .METRE. ) );
#7339 = EDGE_CURVE ( 'NONE', #448, #4764, #2326, .T. ) ;
#7340 = CARTESIAN_POINT ( 'NONE',  ( 3.687082869338697666, 0.000000000000000000, 2.291104371109379525E-17 ) ) ;
#7341 = VERTEX_POINT ( 'NONE', #7858 ) ;
#7342 =( NAMED_UNIT ( * ) PLANE_ANGLE_UNIT ( ) SI_UNIT ( $, .RADIAN. ) );
#7343 =( LENGTH_UNIT ( ) NAMED_UNIT ( * ) SI_UNIT ( .MILLI., .METRE. ) );
#7344 = FILL_AREA_STYLE_COLOUR ( '', #4535 ) ;
#7345 = ORIENTED_EDGE ( 'NONE', *, *, #5401, .F. ) ;
#7346 = DIRECTION ( 'NONE',  ( -1.224646799147353207E-16, 0.000000000000000000, 1.000000000000000000 ) ) ;
#7347 = COLOUR_RGB ( '',0.8941176470588234615, 0.9137254901960784048, 0.9294117647058823817 ) ;
#7348 = SPHERICAL_SURFACE ( 'NONE', #6033, 0.2250000000000000888 ) ;
#7349 = MECHANICAL_DESIGN_GEOMETRIC_PRESENTATION_REPRESENTATION (  '', ( #4913 ), #1679 ) ;
#7351 = ORIENTED_EDGE ( 'NONE', *, *, #2203, .T. ) ;
#7350 = FACE_OUTER_BOUND ( 'NONE', #2601, .T. ) ;
#7352 = CARTESIAN_POINT ( 'NONE',  ( 1.687082869338697666, 0.000000000000000000, 2.291104371109379525E-17 ) ) ;
#7353 = ADVANCED_FACE ( 'NONE', ( #1170 ), #4869, .T. ) ;
#7354 = SURFACE_STYLE_USAGE ( .BOTH. , #633 ) ;
#7355 = CIRCLE ( 'NONE', #4162, 0.1870828693386972497 ) ;
#7356 = SURFACE_SIDE_STYLE ('',( #6804 ) ) ;
#7357 = CIRCLE ( 'NONE', #3980, 0.2249999999999999500 ) ;
#7358 = DIRECTION ( 'NONE',  ( 0.000000000000000000, 0.000000000000000000, 1.000000000000000000 ) ) ;
#7359 = SURFACE_STYLE_USAGE ( .BOTH. , #7401 ) ;
#7360 = ORIENTED_EDGE ( 'NONE', *, *, #9090, .T. ) ;
#7361 = CIRCLE ( 'NONE', #5365, 0.2250000000000001443 ) ;
#7362 = FACE_BOUND ( 'NONE', #3194, .T. ) ;
#7363 = STYLED_ITEM ( 'NONE', ( #7520 ), #4320 ) ;
#7364 = AXIS2_PLACEMENT_3D ( 'NONE', #8099, #4502, #866 ) ;
#7365 = ADVANCED_FACE ( 'NONE', ( #9133 ), #846, .T. ) ;
#7366 = AXIS2_PLACEMENT_3D ( 'NONE', #169, #8175, #7481 ) ;
#7367 = MECHANICAL_DESIGN_GEOMETRIC_PRESENTATION_REPRESENTATION (  '', ( #5233 ), #5688 ) ;
#7368 = PRESENTATION_LAYER_ASSIGNMENT (  '', '', ( #5829 ) ) ;
#7369 = CIRCLE ( 'NONE', #2316, 0.1870828693386972497 ) ;
#7370 = CARTESIAN_POINT ( 'NONE',  ( -6.300000000000001599, -0.02500000000000000139, -8.799999999999995381 ) ) ;
#7371 = SPHERICAL_SURFACE ( 'NONE', #1450, 0.2250000000000000888 ) ;
#7372 =( NAMED_UNIT ( * ) PLANE_ANGLE_UNIT ( ) SI_UNIT ( $, .RADIAN. ) );
#7373 = SURFACE_STYLE_FILL_AREA ( #8685 ) ;
#7374 = MECHANICAL_DESIGN_GEOMETRIC_PRESENTATION_REPRESENTATION (  '', ( #6593 ), #380 ) ;
#7375 = STYLED_ITEM ( 'NONE', ( #6306 ), #5925 ) ;
#7376 = CARTESIAN_POINT ( 'NONE',  ( -1.687082869338696778, 0.000000000000000000, -1.000000000000000000 ) ) ;
#7377 = CARTESIAN_POINT ( 'NONE',  ( -3.499999999999999556, 0.000000000000000000, 0.000000000000000000 ) ) ;
#7378 = CIRCLE ( 'NONE', #7964, 0.1870828693386972497 ) ;
#7379 = SURFACE_STYLE_USAGE ( .BOTH. , #6729 ) ;
#7380 = DIRECTION ( 'NONE',  ( 0.000000000000000000, 0.000000000000000000, 1.000000000000000000 ) ) ;
#7381 = DIRECTION ( 'NONE',  ( -1.000000000000000000, 0.000000000000000000, 0.000000000000000000 ) ) ;
#7382 = DIRECTION ( 'NONE',  ( -1.000000000000000000, 0.000000000000000000, 0.000000000000000000 ) ) ;
#7383 = AXIS2_PLACEMENT_3D ( 'NONE', #8169, #6745, #3846 ) ;
#7384 = ORIENTED_EDGE ( 'NONE', *, *, #3666, .T. ) ;
#7385 = AXIS2_PLACEMENT_3D ( 'NONE', #4165, #1516, #2908 ) ;
#7386 =( NAMED_UNIT ( * ) SI_UNIT ( $, .STERADIAN. ) SOLID_ANGLE_UNIT ( ) );
#7387 = SURFACE_STYLE_FILL_AREA ( #5901 ) ;
#7388 = ADVANCED_FACE ( 'NONE', ( #2602 ), #3617, .T. ) ;
#7389 = ORIENTED_EDGE ( 'NONE', *, *, #4985, .T. ) ;
#7390 = EDGE_CURVE ( 'NONE', #61, #1417, #5995, .T. ) ;
#7391 = AXIS2_PLACEMENT_3D ( 'NONE', #2219, #1402, #5151 ) ;
#7392 = CARTESIAN_POINT ( 'NONE',  ( -2.499999999999999556, 0.000000000000000000, 2.000000000000000000 ) ) ;
#7393 = ORIENTED_EDGE ( 'NONE', *, *, #6275, .F. ) ;
#7394 = DIRECTION ( 'NONE',  ( 0.000000000000000000, 0.000000000000000000, 1.000000000000000000 ) ) ;
#7395 = CARTESIAN_POINT ( 'NONE',  ( 2.500000000000000444, -0.1250000000000000000, -3.000000000000000000 ) ) ;
#7396 = VERTEX_POINT ( 'NONE', #4442 ) ;
#7397 = FACE_OUTER_BOUND ( 'NONE', #6429, .T. ) ;
#7398 = EDGE_CURVE ( 'NONE', #9293, #4684, #4961, .T. ) ;
#7399 = EDGE_CURVE ( 'NONE', #1417, #7437, #9187, .T. ) ;
#7400 = SURFACE_STYLE_USAGE ( .BOTH. , #9025 ) ;
#7401 = SURFACE_SIDE_STYLE ('',( #1426 ) ) ;
#7402 = VERTEX_POINT ( 'NONE', #120 ) ;
#7403 = SURFACE_SIDE_STYLE ('',( #2449 ) ) ;
#7404 = EDGE_LOOP ( 'NONE', ( #4111, #7050, #1074, #8650 ) ) ;
#7405 = FACE_OUTER_BOUND ( 'NONE', #2268, .T. ) ;
#7406 = SURFACE_SIDE_STYLE ('',( #2114 ) ) ;
#7407 = COLOUR_RGB ( '',0.8941176470588234615, 0.9137254901960784048, 0.9294117647058823817 ) ;
#7408 = AXIS2_PLACEMENT_3D ( 'NONE', #2153, #5043, #3580 ) ;
#7409 = EDGE_LOOP ( 'NONE', ( #8793, #6530, #6078 ) ) ;
#7410 = PRESENTATION_STYLE_ASSIGNMENT (( #2244 ) ) ;
#7411 = SURFACE_STYLE_FILL_AREA ( #872 ) ;
#7412 = CIRCLE ( 'NONE', #8297, 0.1870828693386972497 ) ;
#7413 = SURFACE_STYLE_FILL_AREA ( #5220 ) ;
#7414 = SURFACE_SIDE_STYLE ('',( #909 ) ) ;
#7415 = DIRECTION ( 'NONE',  ( 0.000000000000000000, -1.000000000000000000, 0.000000000000000000 ) ) ;
#7416 =( NAMED_UNIT ( * ) PLANE_ANGLE_UNIT ( ) SI_UNIT ( $, .RADIAN. ) );
#7417 = PRESENTATION_LAYER_ASSIGNMENT (  '', '', ( #2233 ) ) ;
#7418 =( NAMED_UNIT ( * ) PLANE_ANGLE_UNIT ( ) SI_UNIT ( $, .RADIAN. ) );
#7419 = DIRECTION ( 'NONE',  ( 0.000000000000000000, 0.000000000000000000, 1.000000000000000000 ) ) ;
#7420 = AXIS2_PLACEMENT_3D ( 'NONE', #1512, #6654, #1551 ) ;
#7421 = AXIS2_PLACEMENT_3D ( 'NONE', #6847, #7537, #3040 ) ;
#7422 = CARTESIAN_POINT ( 'NONE',  ( 4.500000000000001776, -0.1250000000000000000, 8.000000000000000000 ) ) ;
#7423 = DIRECTION ( 'NONE',  ( 0.000000000000000000, 0.000000000000000000, 1.000000000000000000 ) ) ;
#7424 = CARTESIAN_POINT ( 'NONE',  ( -2.499999999999999556, -0.1250000000000000000, -3.000000000000000000 ) ) ;
#7425 = SURFACE_STYLE_USAGE ( .BOTH. , #2937 ) ;
#7426 = STYLED_ITEM ( 'NONE', ( #9174 ), #8306 ) ;
#7427 = AXIS2_PLACEMENT_3D ( 'NONE', #1224, #559, #3235 ) ;
#7428 = FACE_OUTER_BOUND ( 'NONE', #7579, .T. ) ;
#7429 =( LENGTH_UNIT ( ) NAMED_UNIT ( * ) SI_UNIT ( .MILLI., .METRE. ) );
#7430 = UNCERTAINTY_MEASURE_WITH_UNIT (LENGTH_MEASURE( 1.000000000000000082E-05 ), #5193, 'distance_accuracy_value', 'NONE');
#7431 = AXIS2_PLACEMENT_3D ( 'NONE', #6437, #7833, #7014 ) ;
#7432 = MECHANICAL_DESIGN_GEOMETRIC_PRESENTATION_REPRESENTATION (  '', ( #4249 ), #5452 ) ;
#7433 = DIRECTION ( 'NONE',  ( 0.000000000000000000, 0.000000000000000000, -1.000000000000000000 ) ) ;
#7434 = ORIENTED_EDGE ( 'NONE', *, *, #5779, .F. ) ;
#7435 = SURFACE_STYLE_FILL_AREA ( #4527 ) ;
#7436 = DIRECTION ( 'NONE',  ( 0.000000000000000000, 0.000000000000000000, 1.000000000000000000 ) ) ;
#7437 = VERTEX_POINT ( 'NONE', #7201 ) ;
#7438 =( NAMED_UNIT ( * ) PLANE_ANGLE_UNIT ( ) SI_UNIT ( $, .RADIAN. ) );
#7439 = AXIS2_PLACEMENT_3D ( 'NONE', #7004, #7062, #6331 ) ;
#7440 = ORIENTED_EDGE ( 'NONE', *, *, #2785, .F. ) ;
#7441 = AXIS2_PLACEMENT_3D ( 'NONE', #3375, #6286, #3329 ) ;
#7442 = DIRECTION ( 'NONE',  ( -1.000000000000000000, 0.000000000000000000, 0.000000000000000000 ) ) ;
#7443 = ORIENTED_EDGE ( 'NONE', *, *, #5623, .F. ) ;
#7444 =( LENGTH_UNIT ( ) NAMED_UNIT ( * ) SI_UNIT ( .MILLI., .METRE. ) );
#7445 = ORIENTED_EDGE ( 'NONE', *, *, #1789, .T. ) ;
#7446 = CARTESIAN_POINT ( 'NONE',  ( -1.499999999999999556, -0.1250000000000000000, -5.000000000000000000 ) ) ;
#7447 = CIRCLE ( 'NONE', #5916, 0.1870828693386972497 ) ;
#7448 = SURFACE_STYLE_USAGE ( .BOTH. , #6901 ) ;
#7449 = EDGE_CURVE ( 'NONE', #5253, #8530, #4192, .T. ) ;
#7450 = COLOUR_RGB ( '',0.8941176470588234615, 0.9137254901960784048, 0.9294117647058823817 ) ;
#7451 = AXIS2_PLACEMENT_3D ( 'NONE', #7446, #8846, #3960 ) ;
#7452 = UNCERTAINTY_MEASURE_WITH_UNIT (LENGTH_MEASURE( 1.000000000000000082E-05 ), #2749, 'distance_accuracy_value', 'NONE');
#7453 = CARTESIAN_POINT ( 'NONE',  ( -0.4999999999999995559, -0.3500000000000000333, -2.000000000000000000 ) ) ;
#7454 = DIRECTION ( 'NONE',  ( -0.7071067811865474617, 0.000000000000000000, 0.7071067811865474617 ) ) ;
#7455 = ORIENTED_EDGE ( 'NONE', *, *, #187, .F. ) ;
#7456 = UNCERTAINTY_MEASURE_WITH_UNIT (LENGTH_MEASURE( 1.000000000000000082E-05 ), #1107, 'distance_accuracy_value', 'NONE');
#7457 =( NAMED_UNIT ( * ) PLANE_ANGLE_UNIT ( ) SI_UNIT ( $, .RADIAN. ) );
#7458 = CARTESIAN_POINT ( 'NONE',  ( 0.5000000000000004441, -0.1250000000000000000, -4.000000000000000000 ) ) ;
#7459 = DIRECTION ( 'NONE',  ( 1.000000000000000000, 0.000000000000000000, 0.000000000000000000 ) ) ;
#7460 = STYLED_ITEM ( 'NONE', ( #8546 ), #3413 ) ;
#7461 = CARTESIAN_POINT ( 'NONE',  ( 3.500000000000000444, -0.1250000000000000000, -4.000000000000000000 ) ) ;
#7462 = ADVANCED_FACE ( 'NONE', ( #678 ), #2434, .T. ) ;
#7463 = EDGE_CURVE ( 'NONE', #3529, #4496, #9357, .T. ) ;
#7464 = DIRECTION ( 'NONE',  ( -0.000000000000000000, 0.000000000000000000, 1.000000000000000000 ) ) ;
#7465 = CARTESIAN_POINT ( 'NONE',  ( -4.500000000000000000, -0.1250000000000000000, -8.000000000000000000 ) ) ;
#7466 = STYLED_ITEM ( 'NONE', ( #2234 ), #3790 ) ;
#7467 = DIRECTION ( 'NONE',  ( -1.224646799147353207E-16, 0.000000000000000000, 1.000000000000000000 ) ) ;
#7468 = DIRECTION ( 'NONE',  ( -1.000000000000000000, 0.000000000000000000, 0.000000000000000000 ) ) ;
#7469 = FACE_OUTER_BOUND ( 'NONE', #7277, .T. ) ;
#7470 = CARTESIAN_POINT ( 'NONE',  ( 1.500000000000000444, -0.1250000000000000000, 2.000000000000000000 ) ) ;
#7471 = DIRECTION ( 'NONE',  ( -1.000000000000000000, 0.000000000000000000, 0.000000000000000000 ) ) ;
#7472 = ORIENTED_EDGE ( 'NONE', *, *, #8819, .T. ) ;
#7473 = EDGE_CURVE ( 'NONE', #2368, #2842, #5847, .T. ) ;
#7474 = PRESENTATION_STYLE_ASSIGNMENT (( #8973 ) ) ;
#7475 = DIRECTION ( 'NONE',  ( 0.000000000000000000, 0.000000000000000000, 1.000000000000000000 ) ) ;
#7476 = ORIENTED_EDGE ( 'NONE', *, *, #84, .T. ) ;
#7477 = FACE_OUTER_BOUND ( 'NONE', #8077, .T. ) ;
#7478 = DIRECTION ( 'NONE',  ( -0.000000000000000000, -0.000000000000000000, -1.000000000000000000 ) ) ;
#7480 = ORIENTED_EDGE ( 'NONE', *, *, #4201, .F. ) ;
#7479 = PRESENTATION_STYLE_ASSIGNMENT (( #4714 ) ) ;
#7481 = DIRECTION ( 'NONE',  ( 0.000000000000000000, 0.000000000000000000, -1.000000000000000000 ) ) ;
#7482 = ORIENTED_EDGE ( 'NONE', *, *, #6441, .T. ) ;
#7483 = FILL_AREA_STYLE_COLOUR ( '', #8823 ) ;
#7484 = DIRECTION ( 'NONE',  ( -1.000000000000000000, 0.000000000000000000, 0.000000000000000000 ) ) ;
#7485 = DIRECTION ( 'NONE',  ( -0.000000000000000000, -0.000000000000000000, -1.000000000000000000 ) ) ;
#7486 = AXIS2_PLACEMENT_3D ( 'NONE', #2971, #3642, #100 ) ;
#7487 = ORIENTED_EDGE ( 'NONE', *, *, #4434, .T. ) ;
#7488 = ORIENTED_EDGE ( 'NONE', *, *, #4899, .F. ) ;
#7489 = FACE_BOUND ( 'NONE', #5192, .T. ) ;
#7490 = DIRECTION ( 'NONE',  ( 0.000000000000000000, 0.000000000000000000, -1.000000000000000000 ) ) ;
#7491 = AXIS2_PLACEMENT_3D ( 'NONE', #3054, #5967, #2252 ) ;
#7492 = COLOUR_RGB ( '',0.8941176470588234615, 0.9137254901960784048, 0.9294117647058823817 ) ;
#7494 = CARTESIAN_POINT ( 'NONE',  ( 2.312917130661303222, 0.000000000000000000, 5.000000000000000888 ) ) ;
#7493 = PRESENTATION_LAYER_ASSIGNMENT (  '', '', ( #2436 ) ) ;
#7495 = DIRECTION ( 'NONE',  ( 0.000000000000000000, 0.000000000000000000, -1.000000000000000000 ) ) ;
#7496 =( LENGTH_UNIT ( ) NAMED_UNIT ( * ) SI_UNIT ( .MILLI., .METRE. ) );
#7497 = AXIS2_PLACEMENT_3D ( 'NONE', #8351, #7028, #4752 ) ;
#7498 = MECHANICAL_DESIGN_GEOMETRIC_PRESENTATION_REPRESENTATION (  '', ( #2440 ), #4612 ) ;
#7499 = EDGE_LOOP ( 'NONE', ( #3042, #663 ) ) ;
#7500 = DIRECTION ( 'NONE',  ( 0.000000000000000000, 0.000000000000000000, -1.000000000000000000 ) ) ;
#7501 = PRESENTATION_LAYER_ASSIGNMENT (  '', '', ( #6715 ) ) ;
#7502 = EDGE_CURVE ( 'NONE', #6468, #3245, #2048, .T. ) ;
#7503 = EDGE_CURVE ( 'NONE', #4079, #3798, #7971, .T. ) ;
#7504 = FACE_BOUND ( 'NONE', #7654, .T. ) ;
#7505 = CARTESIAN_POINT ( 'NONE',  ( -3.312917130661302334, 0.000000000000000000, 4.000000000000000000 ) ) ;
#7506 = SURFACE_STYLE_FILL_AREA ( #8859 ) ;
#7507 =( NAMED_UNIT ( * ) SI_UNIT ( $, .STERADIAN. ) SOLID_ANGLE_UNIT ( ) );
#7508 = CARTESIAN_POINT ( 'NONE',  ( -1.687082869338696778, 0.000000000000000000, 5.000000000000000888 ) ) ;
#7509 = EDGE_CURVE ( 'NONE', #1524, #4650, #1887, .T. ) ;
#7510 = AXIS2_PLACEMENT_3D ( 'NONE', #6395, #7840, #524 ) ;
#7511 = AXIS2_PLACEMENT_3D ( 'NONE', #429, #1056, #2485 ) ;
#7512 = CIRCLE ( 'NONE', #8250, 0.1870828693386972497 ) ;
#7513 =( NAMED_UNIT ( * ) PLANE_ANGLE_UNIT ( ) SI_UNIT ( $, .RADIAN. ) );
#7514 = PRESENTATION_STYLE_ASSIGNMENT (( #3058 ) ) ;
#7515 = EDGE_CURVE ( 'NONE', #1290, #5634, #8871, .T. ) ;
#7516 = DIRECTION ( 'NONE',  ( 0.000000000000000000, 0.000000000000000000, -1.000000000000000000 ) ) ;
#7517 = CARTESIAN_POINT ( 'NONE',  ( -1.499999999999999556, 0.000000000000000000, 4.000000000000000000 ) ) ;
#7518 = AXIS2_PLACEMENT_3D ( 'NONE', #4700, #6052, #6822 ) ;
#7519 = AXIS2_PLACEMENT_3D ( 'NONE', #3784, #1500, #8116 ) ;
#7520 = PRESENTATION_STYLE_ASSIGNMENT (( #3936 ) ) ;
#7521 = FACE_OUTER_BOUND ( 'NONE', #603, .T. ) ;
#7522 = EDGE_LOOP ( 'NONE', ( #177, #515, #741 ) ) ;
#7523 =( GEOMETRIC_REPRESENTATION_CONTEXT ( 3 ) GLOBAL_UNCERTAINTY_ASSIGNED_CONTEXT ( ( #4135 ) ) GLOBAL_UNIT_ASSIGNED_CONTEXT ( ( #1215, #4259, #8522 ) ) REPRESENTATION_CONTEXT ( 'NONE', 'WORKASPACE' ) );
#7524 = AXIS2_PLACEMENT_3D ( 'NONE', #2345, #1630, #4564 ) ;
#7525 = DIRECTION ( 'NONE',  ( 0.000000000000000000, -1.000000000000000000, 0.000000000000000000 ) ) ;
#7526 =( NAMED_UNIT ( * ) SI_UNIT ( $, .STERADIAN. ) SOLID_ANGLE_UNIT ( ) );
#7527 =( NAMED_UNIT ( * ) SI_UNIT ( $, .STERADIAN. ) SOLID_ANGLE_UNIT ( ) );
#7528 = ORIENTED_EDGE ( 'NONE', *, *, #4708, .T. ) ;
#7529 = PRESENTATION_STYLE_ASSIGNMENT (( #6653 ) ) ;
#7531 = EDGE_LOOP ( 'NONE', ( #2186, #1751 ) ) ;
#7530 = DIRECTION ( 'NONE',  ( -1.000000000000000000, 0.000000000000000000, 0.000000000000000000 ) ) ;
#7532 = MECHANICAL_DESIGN_GEOMETRIC_PRESENTATION_REPRESENTATION (  '', ( #8428 ), #4491 ) ;
#7533 = VERTEX_POINT ( 'NONE', #3892 ) ;
#7534 = CARTESIAN_POINT ( 'NONE',  ( -0.6870828693386967778, 0.000000000000000000, 0.000000000000000000 ) ) ;
#7535 = CARTESIAN_POINT ( 'NONE',  ( 0.5000000000000004441, -0.1250000000000000000, -5.000000000000000000 ) ) ;
#7536 = CIRCLE ( 'NONE', #7834, 0.1870828693386963892 ) ;
#7537 = DIRECTION ( 'NONE',  ( 0.000000000000000000, 0.000000000000000000, 1.000000000000000000 ) ) ;
#7538 = ORIENTED_EDGE ( 'NONE', *, *, #5414, .F. ) ;
#7539 = DIRECTION ( 'NONE',  ( -0.000000000000000000, -0.000000000000000000, -1.000000000000000000 ) ) ;
#7540 = EDGE_LOOP ( 'NONE', ( #5486, #8176 ) ) ;
#7541 = FACE_BOUND ( 'NONE', #8312, .T. ) ;
#7542 = CARTESIAN_POINT ( 'NONE',  ( -3.499999999999999556, -0.1250000000000000000, -8.000000000000000000 ) ) ;
#7543 = MECHANICAL_DESIGN_GEOMETRIC_PRESENTATION_REPRESENTATION (  '', ( #8134 ), #4205 ) ;
#7544 =( LENGTH_UNIT ( ) NAMED_UNIT ( * ) SI_UNIT ( .MILLI., .METRE. ) );
#7545 = DIRECTION ( 'NONE',  ( 0.000000000000000000, 0.000000000000000000, -1.000000000000000000 ) ) ;
#7546 = DIRECTION ( 'NONE',  ( 0.000000000000000000, 0.000000000000000000, -1.000000000000000000 ) ) ;
#7547 = UNCERTAINTY_MEASURE_WITH_UNIT (LENGTH_MEASURE( 1.000000000000000082E-05 ), #6791, 'distance_accuracy_value', 'NONE');
#7548 = SURFACE_STYLE_FILL_AREA ( #6716 ) ;
#7549 = DIRECTION ( 'NONE',  ( 0.000000000000000000, 0.000000000000000000, 1.000000000000000000 ) ) ;
#7550 = CARTESIAN_POINT ( 'NONE',  ( -2.499999999999999556, -0.1250000000000000000, 2.000000000000000000 ) ) ;
#7551 = DIRECTION ( 'NONE',  ( -1.224646799147353207E-16, 0.000000000000000000, 1.000000000000000000 ) ) ;
#7552 = AXIS2_PLACEMENT_3D ( 'NONE', #6961, #466, #6382 ) ;
#7553 = EDGE_LOOP ( 'NONE', ( #2669, #2867 ) ) ;
#7554 = ADVANCED_FACE ( 'NONE', ( #7477 ), #7570, .T. ) ;
#7555 = ORIENTED_EDGE ( 'NONE', *, *, #1838, .T. ) ;
#7556 =( NAMED_UNIT ( * ) SI_UNIT ( $, .STERADIAN. ) SOLID_ANGLE_UNIT ( ) );
#7557 =( GEOMETRIC_REPRESENTATION_CONTEXT ( 3 ) GLOBAL_UNCERTAINTY_ASSIGNED_CONTEXT ( ( #3789 ) ) GLOBAL_UNIT_ASSIGNED_CONTEXT ( ( #6506, #7342, #7386 ) ) REPRESENTATION_CONTEXT ( 'NONE', 'WORKASPACE' ) );
#7558 = CARTESIAN_POINT ( 'NONE',  ( -1.499999999999999556, -0.1250000000000000000, 4.000000000000000000 ) ) ;
#7559 = DIRECTION ( 'NONE',  ( 0.000000000000000000, 0.000000000000000000, -1.000000000000000000 ) ) ;
#7560 = AXIS2_PLACEMENT_3D ( 'NONE', #5056, #5790, #9375 ) ;
#7561 = DIRECTION ( 'NONE',  ( -1.000000000000000000, 0.000000000000000000, 0.000000000000000000 ) ) ;
#7562 = COLOUR_RGB ( '',0.8941176470588234615, 0.9137254901960784048, 0.9294117647058823817 ) ;
#7563 = EDGE_CURVE ( 'NONE', #5902, #3805, #2640, .T. ) ;
#7564 = ORIENTED_EDGE ( 'NONE', *, *, #7509, .F. ) ;
#7565 = DIRECTION ( 'NONE',  ( 0.000000000000000000, 0.000000000000000000, -1.000000000000000000 ) ) ;
#7566 = SURFACE_STYLE_FILL_AREA ( #6070 ) ;
#7567 = CIRCLE ( 'NONE', #7420, 0.1870828693386971664 ) ;
#7568 = COLOUR_RGB ( '',0.8941176470588234615, 0.9137254901960784048, 0.9294117647058823817 ) ;
#7569 = ORIENTED_EDGE ( 'NONE', *, *, #5817, .F. ) ;
#7570 = SPHERICAL_SURFACE ( 'NONE', #2957, 0.2250000000000000888 ) ;
#7572 = ORIENTED_EDGE ( 'NONE', *, *, #258, .T. ) ;
#7571 = SURFACE_STYLE_FILL_AREA ( #207 ) ;
#7573 = AXIS2_PLACEMENT_3D ( 'NONE', #1686, #7436, #1511 ) ;
#7574 = CARTESIAN_POINT ( 'NONE',  ( -3.499999999999999556, -0.1250000000000000000, -1.000000000000000000 ) ) ;
#7575 = EDGE_CURVE ( 'NONE', #4893, #4554, #6904, .T. ) ;
#7576 = ORIENTED_EDGE ( 'NONE', *, *, #6558, .T. ) ;
#7577 = AXIS2_PLACEMENT_3D ( 'NONE', #6931, #5476, #4099 ) ;
#7578 = PRESENTATION_LAYER_ASSIGNMENT (  '', '', ( #4249 ) ) ;
#7579 = EDGE_LOOP ( 'NONE', ( #7603, #534, #6147 ) ) ;
#7580 = SURFACE_SIDE_STYLE ('',( #9129 ) ) ;
#7581 = CIRCLE ( 'NONE', #7132, 0.2250000000000000611 ) ;
#7582 = EDGE_LOOP ( 'NONE', ( #3911, #3223, #6260 ) ) ;
#7583 = ORIENTED_EDGE ( 'NONE', *, *, #5359, .F. ) ;
#7584 = FACE_BOUND ( 'NONE', #7166, .T. ) ;
#7585 = PRESENTATION_STYLE_ASSIGNMENT (( #1076 ) ) ;
#7586 = UNCERTAINTY_MEASURE_WITH_UNIT (LENGTH_MEASURE( 1.000000000000000082E-05 ), #4864, 'distance_accuracy_value', 'NONE');
#7587 = ADVANCED_FACE ( 'NONE', ( #4808 ), #9120, .F. ) ;
#7588 =( NAMED_UNIT ( * ) PLANE_ANGLE_UNIT ( ) SI_UNIT ( $, .RADIAN. ) );
#7589 = SPHERICAL_SURFACE ( 'NONE', #2599, 0.2250000000000000888 ) ;
#7590 = CIRCLE ( 'NONE', #1501, 0.2250000000000000611 ) ;
#7591 =( NAMED_UNIT ( * ) SI_UNIT ( $, .STERADIAN. ) SOLID_ANGLE_UNIT ( ) );
#7592 =( NAMED_UNIT ( * ) SI_UNIT ( $, .STERADIAN. ) SOLID_ANGLE_UNIT ( ) );
#7593 = AXIS2_PLACEMENT_3D ( 'NONE', #2684, #2071, #1152 ) ;
#7594 = UNCERTAINTY_MEASURE_WITH_UNIT (LENGTH_MEASURE( 1.000000000000000082E-05 ), #1574, 'distance_accuracy_value', 'NONE');
#7595 = ORIENTED_EDGE ( 'NONE', *, *, #5251, .T. ) ;
#7596 =( NAMED_UNIT ( * ) PLANE_ANGLE_UNIT ( ) SI_UNIT ( $, .RADIAN. ) );
#7597 =( NAMED_UNIT ( * ) PLANE_ANGLE_UNIT ( ) SI_UNIT ( $, .RADIAN. ) );
#7598 = CIRCLE ( 'NONE', #2127, 0.2250000000000000611 ) ;
#7599 = DIRECTION ( 'NONE',  ( 0.000000000000000000, 0.000000000000000000, -1.000000000000000000 ) ) ;
#7600 = PRESENTATION_LAYER_ASSIGNMENT (  '', '', ( #8808 ) ) ;
#7601 = DIRECTION ( 'NONE',  ( -1.000000000000000000, 0.000000000000000000, 0.000000000000000000 ) ) ;
#7602 = AXIS2_PLACEMENT_3D ( 'NONE', #3799, #4445, #8082 ) ;
#7603 = ORIENTED_EDGE ( 'NONE', *, *, #3300, .F. ) ;
#7604 = UNCERTAINTY_MEASURE_WITH_UNIT (LENGTH_MEASURE( 1.000000000000000082E-05 ), #5272, 'distance_accuracy_value', 'NONE');
#7605 = CARTESIAN_POINT ( 'NONE',  ( -2.312917130661302334, 0.000000000000000000, -1.000000000000000000 ) ) ;
#7606 =( NAMED_UNIT ( * ) SI_UNIT ( $, .STERADIAN. ) SOLID_ANGLE_UNIT ( ) );
#7607 = CARTESIAN_POINT ( 'NONE',  ( -3.499999999999999556, -0.1250000000000000000, -4.000000000000000000 ) ) ;
#7608 = ORIENTED_EDGE ( 'NONE', *, *, #3475, .T. ) ;
#7609 = DIRECTION ( 'NONE',  ( -1.224646799147353207E-16, 0.000000000000000000, 1.000000000000000000 ) ) ;
#7610 = FACE_OUTER_BOUND ( 'NONE', #3196, .T. ) ;
#7612 = ORIENTED_EDGE ( 'NONE', *, *, #4538, .T. ) ;
#7611 = CARTESIAN_POINT ( 'NONE',  ( 0.5000000000000004441, -0.1250000000000000000, -1.000000000000000000 ) ) ;
#7613 = EDGE_CURVE ( 'NONE', #8478, #7533, #5404, .T. ) ;
#7614 =( NAMED_UNIT ( * ) PLANE_ANGLE_UNIT ( ) SI_UNIT ( $, .RADIAN. ) );
#7615 = ORIENTED_EDGE ( 'NONE', *, *, #4425, .T. ) ;
#7616 = ORIENTED_EDGE ( 'NONE', *, *, #7792, .F. ) ;
#7617 = VECTOR ( 'NONE', #5282, 1000.000000000000000 ) ;
#7618 = SURFACE_STYLE_FILL_AREA ( #1212 ) ;
#7619 = CARTESIAN_POINT ( 'NONE',  ( -2.499999999999999556, -0.3500000000000000333, 2.000000000000000000 ) ) ;
#7620 = DIRECTION ( 'NONE',  ( 0.000000000000000000, -1.000000000000000000, 0.000000000000000000 ) ) ;
#7621 = EDGE_CURVE ( 'NONE', #5480, #3171, #9036, .T. ) ;
#7622 = ADVANCED_FACE ( 'NONE', ( #6359 ), #7086, .T. ) ;
#7623 = ORIENTED_EDGE ( 'NONE', *, *, #9176, .T. ) ;
#7624 = ORIENTED_EDGE ( 'NONE', *, *, #4896, .F. ) ;
#7625 = PRESENTATION_STYLE_ASSIGNMENT (( #405 ) ) ;
#7626 = DIRECTION ( 'NONE',  ( 0.000000000000000000, -1.000000000000000000, 0.000000000000000000 ) ) ;
#7627 =( GEOMETRIC_REPRESENTATION_CONTEXT ( 3 ) GLOBAL_UNCERTAINTY_ASSIGNED_CONTEXT ( ( #8923 ) ) GLOBAL_UNIT_ASSIGNED_CONTEXT ( ( #3904, #8086, #5342 ) ) REPRESENTATION_CONTEXT ( 'NONE', 'WORKASPACE' ) );
#7628 =( NAMED_UNIT ( * ) SI_UNIT ( $, .STERADIAN. ) SOLID_ANGLE_UNIT ( ) );
#7629 = CARTESIAN_POINT ( 'NONE',  ( 1.500000000000000444, 0.000000000000000000, 0.000000000000000000 ) ) ;
#7630 =( LENGTH_UNIT ( ) NAMED_UNIT ( * ) SI_UNIT ( .MILLI., .METRE. ) );
#7631 =( NAMED_UNIT ( * ) PLANE_ANGLE_UNIT ( ) SI_UNIT ( $, .RADIAN. ) );
#7632 = SURFACE_STYLE_FILL_AREA ( #369 ) ;
#7633 = ORIENTED_EDGE ( 'NONE', *, *, #4828, .T. ) ;
#7634 = CARTESIAN_POINT ( 'NONE',  ( -7.000000000000001776, -22.54350850198275680, 9.000000000000000000 ) ) ;
#7635 = SURFACE_STYLE_USAGE ( .BOTH. , #5551 ) ;
#7636 = FACE_OUTER_BOUND ( 'NONE', #6935, .T. ) ;
#7637 = DIRECTION ( 'NONE',  ( -0.000000000000000000, -0.000000000000000000, -1.000000000000000000 ) ) ;
#7638 = MECHANICAL_DESIGN_GEOMETRIC_PRESENTATION_REPRESENTATION (  '', ( #7022 ), #7191 ) ;
#7639 = STYLED_ITEM ( 'NONE', ( #1440 ), #600 ) ;
#7640 = AXIS2_PLACEMENT_3D ( 'NONE', #3463, #547, #398 ) ;
#7641 = SURFACE_STYLE_USAGE ( .BOTH. , #6773 ) ;
#7642 = EDGE_CURVE ( 'NONE', #5317, #2562, #7536, .T. ) ;
#7643 = AXIS2_PLACEMENT_3D ( 'NONE', #4036, #1105, #528 ) ;
#7644 = ORIENTED_EDGE ( 'NONE', *, *, #2893, .T. ) ;
#7645 = CARTESIAN_POINT ( 'NONE',  ( 4.500000000000001776, -0.3500000000000000333, 8.000000000000000000 ) ) ;
#7646 = CIRCLE ( 'NONE', #1239, 0.1870828693386972497 ) ;
#7647 =( GEOMETRIC_REPRESENTATION_CONTEXT ( 3 ) GLOBAL_UNCERTAINTY_ASSIGNED_CONTEXT ( ( #3382 ) ) GLOBAL_UNIT_ASSIGNED_CONTEXT ( ( #4945, #4994, #1234 ) ) REPRESENTATION_CONTEXT ( 'NONE', 'WORKASPACE' ) );
#7648 = CARTESIAN_POINT ( 'NONE',  ( -1.312917130661302334, 0.000000000000000000, -5.000000000000000000 ) ) ;
#7649 = UNCERTAINTY_MEASURE_WITH_UNIT (LENGTH_MEASURE( 1.000000000000000082E-05 ), #882, 'distance_accuracy_value', 'NONE');
#7650 =( NAMED_UNIT ( * ) SI_UNIT ( $, .STERADIAN. ) SOLID_ANGLE_UNIT ( ) );
#7651 = COLOUR_RGB ( '',0.8941176470588234615, 0.9137254901960784048, 0.9294117647058823817 ) ;
#7652 = AXIS2_PLACEMENT_3D ( 'NONE', #1277, #9193, #8367 ) ;
#7653 = STYLED_ITEM ( 'NONE', ( #8711 ), #5800 ) ;
#7654 = EDGE_LOOP ( 'NONE', ( #8504, #414 ) ) ;
#7655 = COLOUR_RGB ( '',0.8941176470588234615, 0.9137254901960784048, 0.9294117647058823817 ) ;
#7656 = DIRECTION ( 'NONE',  ( 1.000000000000000000, 0.000000000000000000, 0.000000000000000000 ) ) ;
#7657 = COLOUR_RGB ( '',0.8941176470588234615, 0.9137254901960784048, 0.9294117647058823817 ) ;
#7658 = SPHERICAL_SURFACE ( 'NONE', #1937, 0.2250000000000000888 ) ;
#7659 = VERTEX_POINT ( 'NONE', #6884 ) ;
#7660 = FILL_AREA_STYLE_COLOUR ( '', #6458 ) ;
#7661 = FACE_OUTER_BOUND ( 'NONE', #7862, .T. ) ;
#7662 = ORIENTED_EDGE ( 'NONE', *, *, #4906, .T. ) ;
#7663 = DIRECTION ( 'NONE',  ( 1.000000000000000000, 0.000000000000000000, 0.000000000000000000 ) ) ;
#7664 = VERTEX_POINT ( 'NONE', #391 ) ;
#7665 = CIRCLE ( 'NONE', #1567, 0.1870828693386971386 ) ;
#7666 = ORIENTED_EDGE ( 'NONE', *, *, #8781, .T. ) ;
#7667 = EDGE_CURVE ( 'NONE', #1647, #3350, #3259, .T. ) ;
#7668 = FACE_OUTER_BOUND ( 'NONE', #9263, .T. ) ;
#7669 = AXIS2_PLACEMENT_3D ( 'NONE', #4976, #590, #549 ) ;
#7670 = ORIENTED_EDGE ( 'NONE', *, *, #7449, .F. ) ;
#7671 = SURFACE_SIDE_STYLE ('',( #5585 ) ) ;
#7672 = ORIENTED_EDGE ( 'NONE', *, *, #5248, .T. ) ;
#7673 = CARTESIAN_POINT ( 'NONE',  ( 6.999999999999998224, 0.9100000000000000311, 9.000000000000000000 ) ) ;
#7674 = AXIS2_PLACEMENT_3D ( 'NONE', #5288, #4573, #302 ) ;
#7675 = ADVANCED_FACE ( 'NONE', ( #5474 ), #8651, .T. ) ;
#7676 = EDGE_CURVE ( 'NONE', #6233, #4048, #2815, .T. ) ;
#7677 = CARTESIAN_POINT ( 'NONE',  ( -6.800000000000002487, 0.000000000000000000, -8.299999999999995381 ) ) ;
#7678 = SPHERICAL_SURFACE ( 'NONE', #9079, 0.2250000000000000888 ) ;
#7679 = SURFACE_SIDE_STYLE ('',( #2109 ) ) ;
#7680 = FILL_AREA_STYLE_COLOUR ( '', #1301 ) ;
#7681 = DIRECTION ( 'NONE',  ( 0.000000000000000000, -1.000000000000000000, 0.000000000000000000 ) ) ;
#7682 = CARTESIAN_POINT ( 'NONE',  ( -3.499999999999999556, -0.3500000000000000333, -5.000000000000000000 ) ) ;
#7683 = FILL_AREA_STYLE_COLOUR ( '', #7861 ) ;
#7684 = FILL_AREA_STYLE ('',( #7829 ) ) ;
#7685 = ORIENTED_EDGE ( 'NONE', *, *, #471, .F. ) ;
#7686 = ADVANCED_FACE ( 'NONE', ( #4251 ), #9380, .T. ) ;
#7687 = UNCERTAINTY_MEASURE_WITH_UNIT (LENGTH_MEASURE( 1.000000000000000082E-05 ), #7695, 'distance_accuracy_value', 'NONE');
#7688 = ORIENTED_EDGE ( 'NONE', *, *, #810, .F. ) ;
#7689 = FILL_AREA_STYLE_COLOUR ( '', #5293 ) ;
#7690 = VERTEX_POINT ( 'NONE', #5845 ) ;
#7691 = FILL_AREA_STYLE ('',( #4082 ) ) ;
#7692 = FILL_AREA_STYLE_COLOUR ( '', #2820 ) ;
#7693 =( NAMED_UNIT ( * ) PLANE_ANGLE_UNIT ( ) SI_UNIT ( $, .RADIAN. ) );
#7694 = FILL_AREA_STYLE ('',( #2831 ) ) ;
#7695 =( LENGTH_UNIT ( ) NAMED_UNIT ( * ) SI_UNIT ( .MILLI., .METRE. ) );
#7696 = COLOUR_RGB ( '',0.8941176470588234615, 0.9137254901960784048, 0.9294117647058823817 ) ;
#7697 = VERTEX_POINT ( 'NONE', #8744 ) ;
#7698 = UNCERTAINTY_MEASURE_WITH_UNIT (LENGTH_MEASURE( 1.000000000000000082E-05 ), #3922, 'distance_accuracy_value', 'NONE');
#7699 = PRODUCT ( 'Swissbit SFEM256GB1ED1TB-A-VG-311-STD', 'Swissbit SFEM256GB1ED1TB-A-VG-311-STD', '', ( #7007 ) ) ;
#7700 = MECHANICAL_DESIGN_GEOMETRIC_PRESENTATION_REPRESENTATION (  '', ( #4515 ), #8895 ) ;
#7701 = AXIS2_PLACEMENT_3D ( 'NONE', #8629, #685, #7866 ) ;
#7702 = SPHERICAL_SURFACE ( 'NONE', #2454, 0.2250000000000000888 ) ;
#7703 = SURFACE_STYLE_USAGE ( .BOTH. , #2583 ) ;
#7704 = EDGE_CURVE ( 'NONE', #315, #5040, #3406, .T. ) ;
#7705 = EDGE_LOOP ( 'NONE', ( #2415, #1210, #2723 ) ) ;
#7706 =( NAMED_UNIT ( * ) SI_UNIT ( $, .STERADIAN. ) SOLID_ANGLE_UNIT ( ) );
#7707 = COLOUR_RGB ( '',0.8941176470588234615, 0.9137254901960784048, 0.9294117647058823817 ) ;
#7709 = EDGE_LOOP ( 'NONE', ( #2631, #1951, #6048 ) ) ;
#7708 = CARTESIAN_POINT ( 'NONE',  ( -3.499999999999999556, -0.3500000000000000333, -4.000000000000000000 ) ) ;
#7710 = CARTESIAN_POINT ( 'NONE',  ( -1.499999999999999556, 0.000000000000000000, -3.000000000000000000 ) ) ;
#7711 = ORIENTED_EDGE ( 'NONE', *, *, #5756, .T. ) ;
#7712 =( NAMED_UNIT ( * ) PLANE_ANGLE_UNIT ( ) SI_UNIT ( $, .RADIAN. ) );
#7713 = CIRCLE ( 'NONE', #4523, 0.2249999999999999500 ) ;
#7715 = MECHANICAL_DESIGN_GEOMETRIC_PRESENTATION_REPRESENTATION (  '', ( #2093 ), #1618 ) ;
#7714 = MECHANICAL_DESIGN_GEOMETRIC_PRESENTATION_REPRESENTATION (  '', ( #6179 ), #4690 ) ;
#7716 = FILL_AREA_STYLE ('',( #7763 ) ) ;
#7717 = ORIENTED_EDGE ( 'NONE', *, *, #4085, .F. ) ;
#7718 = DIRECTION ( 'NONE',  ( 0.000000000000000000, 0.000000000000000000, -1.000000000000000000 ) ) ;
#7719 = ORIENTED_EDGE ( 'NONE', *, *, #5351, .F. ) ;
#7720 = SURFACE_SIDE_STYLE ('',( #1749 ) ) ;
#7721 = VERTEX_POINT ( 'NONE', #796 ) ;
#7722 =( NAMED_UNIT ( * ) SI_UNIT ( $, .STERADIAN. ) SOLID_ANGLE_UNIT ( ) );
#7723 = PRESENTATION_LAYER_ASSIGNMENT (  '', '', ( #7426 ) ) ;
#7725 = MECHANICAL_DESIGN_GEOMETRIC_PRESENTATION_REPRESENTATION (  '', ( #9412 ), #2690 ) ;
#7724 = CIRCLE ( 'NONE', #6948, 0.1870828693386972497 ) ;
#7726 = CIRCLE ( 'NONE', #1946, 0.1870828693386971664 ) ;
#7727 = FILL_AREA_STYLE_COLOUR ( '', #6953 ) ;
#7728 = AXIS2_PLACEMENT_3D ( 'NONE', #6613, #2489, #341 ) ;
#7729 = CARTESIAN_POINT ( 'NONE',  ( 0.3129171306613032777, 0.000000000000000000, 5.000000000000000888 ) ) ;
#7730 = DIRECTION ( 'NONE',  ( 0.000000000000000000, 0.000000000000000000, 1.000000000000000000 ) ) ;
#7731 = ORIENTED_EDGE ( 'NONE', *, *, #6117, .F. ) ;
#7732 = PRESENTATION_STYLE_ASSIGNMENT (( #4698 ) ) ;
#7733 = SURFACE_SIDE_STYLE ('',( #3376 ) ) ;
#7734 = DIRECTION ( 'NONE',  ( 1.000000000000000000, 0.000000000000000000, 0.000000000000000000 ) ) ;
#7735 = ADVANCED_FACE ( 'NONE', ( #5016 ), #3061, .T. ) ;
#7736 = DIRECTION ( 'NONE',  ( -1.000000000000000000, 0.000000000000000000, 0.000000000000000000 ) ) ;
#7737 = EDGE_LOOP ( 'NONE', ( #9304, #1889, #8118 ) ) ;
#7738 = CARTESIAN_POINT ( 'NONE',  ( 3.500000000000000444, -0.1250000000000000000, 2.999999999999999112 ) ) ;
#7739 = ORIENTED_EDGE ( 'NONE', *, *, #3068, .T. ) ;
#7740 = PRESENTATION_STYLE_ASSIGNMENT (( #7076 ) ) ;
#7741 = UNCERTAINTY_MEASURE_WITH_UNIT (LENGTH_MEASURE( 1.000000000000000082E-05 ), #1746, 'distance_accuracy_value', 'NONE');
#7742 = DIRECTION ( 'NONE',  ( 0.000000000000000000, -1.000000000000000000, 0.000000000000000000 ) ) ;
#7743 = EDGE_CURVE ( 'NONE', #7533, #6898, #2965, .T. ) ;
#7744 = CIRCLE ( 'NONE', #6671, 0.2249999999999999500 ) ;
#7745 = CARTESIAN_POINT ( 'NONE',  ( -0.4999999999999995559, -0.1250000000000000000, -4.000000000000000000 ) ) ;
#7746 =( LENGTH_UNIT ( ) NAMED_UNIT ( * ) SI_UNIT ( .MILLI., .METRE. ) );
#7747 = STYLED_ITEM ( 'NONE', ( #8965 ), #1901 ) ;
#7748 = EDGE_LOOP ( 'NONE', ( #443, #7832, #9279 ) ) ;
#7749 = MECHANICAL_DESIGN_GEOMETRIC_PRESENTATION_REPRESENTATION (  '', ( #8803 ), #1968 ) ;
#7750 = CARTESIAN_POINT ( 'NONE',  ( 2.500000000000000444, 0.000000000000000000, 2.000000000000000000 ) ) ;
#7751 = FILL_AREA_STYLE ('',( #4195 ) ) ;
#7752 = DIRECTION ( 'NONE',  ( 0.000000000000000000, -1.000000000000000000, 0.000000000000000000 ) ) ;
#7753 = AXIS2_PLACEMENT_3D ( 'NONE', #958, #8290, #7500 ) ;
#7754 = EDGE_LOOP ( 'NONE', ( #3205, #609, #1325 ) ) ;
#7755 =( NAMED_UNIT ( * ) SI_UNIT ( $, .STERADIAN. ) SOLID_ANGLE_UNIT ( ) );
#7756 = SURFACE_STYLE_FILL_AREA ( #1883 ) ;
#7758 = EDGE_LOOP ( 'NONE', ( #5699, #7711, #5080 ) ) ;
#7757 =( NAMED_UNIT ( * ) SI_UNIT ( $, .STERADIAN. ) SOLID_ANGLE_UNIT ( ) );
#7759 = FACE_OUTER_BOUND ( 'NONE', #3261, .T. ) ;
#7760 = ORIENTED_EDGE ( 'NONE', *, *, #3132, .T. ) ;
#7761 = EDGE_CURVE ( 'NONE', #6909, #6838, #6754, .T. ) ;
#7762 =( NAMED_UNIT ( * ) PLANE_ANGLE_UNIT ( ) SI_UNIT ( $, .RADIAN. ) );
#7763 = FILL_AREA_STYLE_COLOUR ( '', #8380 ) ;
#7764 = CIRCLE ( 'NONE', #8963, 0.1870828693386963892 ) ;
#7765 = ORIENTED_EDGE ( 'NONE', *, *, #3677, .F. ) ;
#7766 = FILL_AREA_STYLE ('',( #4921 ) ) ;
#7767 = VERTEX_POINT ( 'NONE', #6062 ) ;
#7768 = DIRECTION ( 'NONE',  ( 0.000000000000000000, -0.000000000000000000, 1.000000000000000000 ) ) ;
#7769 = EDGE_LOOP ( 'NONE', ( #6684, #7103 ) ) ;
#7770 = DIRECTION ( 'NONE',  ( 0.000000000000000000, 0.000000000000000000, -1.000000000000000000 ) ) ;
#7771 = ORIENTED_EDGE ( 'NONE', *, *, #8483, .F. ) ;
#7772 = DIRECTION ( 'NONE',  ( 0.000000000000000000, 0.000000000000000000, 1.000000000000000000 ) ) ;
#7773 = CARTESIAN_POINT ( 'NONE',  ( 0.5000000000000004441, -0.1250000000000000000, 2.999999999999999112 ) ) ;
#7774 = ORIENTED_EDGE ( 'NONE', *, *, #2137, .F. ) ;
#7775 = DIRECTION ( 'NONE',  ( -1.000000000000000000, 0.000000000000000000, 0.000000000000000000 ) ) ;
#7776 =( NAMED_UNIT ( * ) PLANE_ANGLE_UNIT ( ) SI_UNIT ( $, .RADIAN. ) );
#7777 = DIRECTION ( 'NONE',  ( 0.000000000000000000, -1.000000000000000000, 0.000000000000000000 ) ) ;
#7778 = CARTESIAN_POINT ( 'NONE',  ( -2.687082869338696778, 0.000000000000000000, 5.000000000000000888 ) ) ;
#7779 = PRESENTATION_STYLE_ASSIGNMENT (( #2728 ) ) ;
#7780 = PRESENTATION_STYLE_ASSIGNMENT (( #6965 ) ) ;
#7781 = UNCERTAINTY_MEASURE_WITH_UNIT (LENGTH_MEASURE( 1.000000000000000082E-05 ), #3146, 'distance_accuracy_value', 'NONE');
#7782 = ORIENTED_EDGE ( 'NONE', *, *, #6144, .T. ) ;
#7783 = DIRECTION ( 'NONE',  ( -1.224646799147353207E-16, 0.000000000000000000, 1.000000000000000000 ) ) ;
#7784 = EDGE_CURVE ( 'NONE', #5998, #7721, #3112, .T. ) ;
#7785 = ADVANCED_FACE ( 'NONE', ( #1012 ), #917, .T. ) ;
#7786 = PRESENTATION_LAYER_ASSIGNMENT (  '', '', ( #3055 ) ) ;
#7787 = SPHERICAL_SURFACE ( 'NONE', #2733, 0.2250000000000000888 ) ;
#7788 = CARTESIAN_POINT ( 'NONE',  ( 0.5000000000000004441, 0.000000000000000000, 4.000000000000000000 ) ) ;
#7789 = SPHERICAL_SURFACE ( 'NONE', #1852, 0.2250000000000000888 ) ;
#7790 = EDGE_CURVE ( 'NONE', #74, #4989, #6767, .T. ) ;
#7791 = ORIENTED_EDGE ( 'NONE', *, *, #7221, .T. ) ;
#7792 = EDGE_CURVE ( 'NONE', #6368, #2403, #3830, .T. ) ;
#7793 = EDGE_CURVE ( 'NONE', #526, #3618, #1287, .T. ) ;
#7794 = FILL_AREA_STYLE ('',( #2693 ) ) ;
#7795 = LINE ( 'NONE', #5148, #8397 ) ;
#7796 = CARTESIAN_POINT ( 'NONE',  ( -0.6870828693386967778, 0.000000000000000000, -4.000000000000000000 ) ) ;
#7797 =( NAMED_UNIT ( * ) SI_UNIT ( $, .STERADIAN. ) SOLID_ANGLE_UNIT ( ) );
#7798 = ORIENTED_EDGE ( 'NONE', *, *, #5055, .T. ) ;
#7799 = SURFACE_STYLE_FILL_AREA ( #6255 ) ;
#7800 =( GEOMETRIC_REPRESENTATION_CONTEXT ( 3 ) GLOBAL_UNCERTAINTY_ASSIGNED_CONTEXT ( ( #2639 ) ) GLOBAL_UNIT_ASSIGNED_CONTEXT ( ( #9034, #2596, #5009 ) ) REPRESENTATION_CONTEXT ( 'NONE', 'WORKASPACE' ) );
#7801 = AXIS2_PLACEMENT_3D ( 'NONE', #4287, #475, #7179 ) ;
#7802 =( LENGTH_UNIT ( ) NAMED_UNIT ( * ) SI_UNIT ( .MILLI., .METRE. ) );
#7803 = DIRECTION ( 'NONE',  ( -1.224646799147353207E-16, 0.000000000000000000, 1.000000000000000000 ) ) ;
#7804 = STYLED_ITEM ( 'NONE', ( #7134 ), #4371 ) ;
#7805 = CIRCLE ( 'NONE', #4618, 0.2250000000000003664 ) ;
#7806 = CIRCLE ( 'NONE', #2619, 0.2249999999999999500 ) ;
#7807 = DIRECTION ( 'NONE',  ( -1.000000000000000000, 0.000000000000000000, 0.000000000000000000 ) ) ;
#7808 = SPHERICAL_SURFACE ( 'NONE', #4069, 0.2250000000000000888 ) ;
#7809 = EDGE_LOOP ( 'NONE', ( #5851, #4914, #5872 ) ) ;
#7810 = DIRECTION ( 'NONE',  ( -1.000000000000000000, 0.000000000000000000, 0.000000000000000000 ) ) ;
#7811 = ORIENTED_EDGE ( 'NONE', *, *, #9006, .F. ) ;
#7812 = DIRECTION ( 'NONE',  ( 0.000000000000000000, -1.000000000000000000, 0.000000000000000000 ) ) ;
#7813 = VERTEX_POINT ( 'NONE', #2296 ) ;
#7814 = COLOUR_RGB ( '',0.8941176470588234615, 0.9137254901960784048, 0.9294117647058823817 ) ;
#7815 = COLOUR_RGB ( '',0.8941176470588234615, 0.9137254901960784048, 0.9294117647058823817 ) ;
#7816 = STYLED_ITEM ( 'NONE', ( #4809 ), #5944 ) ;
#7817 = CARTESIAN_POINT ( 'NONE',  ( 1.312917130661303222, 0.000000000000000000, 5.000000000000000888 ) ) ;
#7818 = VERTEX_POINT ( 'NONE', #6687 ) ;
#7819 = CARTESIAN_POINT ( 'NONE',  ( 2.312917130661303222, 0.000000000000000000, 2.999999999999999112 ) ) ;
#7820 = SURFACE_STYLE_USAGE ( .BOTH. , #1223 ) ;
#7821 = SPHERICAL_SURFACE ( 'NONE', #2388, 0.2250000000000000888 ) ;
#7822 = CARTESIAN_POINT ( 'NONE',  ( 3.500000000000000444, -0.3500000000000000333, -8.000000000000000000 ) ) ;
#7823 = ORIENTED_EDGE ( 'NONE', *, *, #7824, .T. ) ;
#7824 = EDGE_CURVE ( 'NONE', #2646, #4045, #8282, .T. ) ;
#7825 = CARTESIAN_POINT ( 'NONE',  ( -0.4999999999999995559, -0.1250000000000000000, -3.000000000000000000 ) ) ;
#7826 = CARTESIAN_POINT ( 'NONE',  ( 3.500000000000000444, -0.1250000000000000000, -3.000000000000000000 ) ) ;
#7827 = CARTESIAN_POINT ( 'NONE',  ( 2.500000000000000444, -0.1250000000000000000, -4.000000000000000000 ) ) ;
#7828 = CARTESIAN_POINT ( 'NONE',  ( 1.500000000000000444, -0.1250000000000000000, -5.000000000000000000 ) ) ;
#7829 = FILL_AREA_STYLE_COLOUR ( '', #2314 ) ;
#7830 = COLOUR_RGB ( '',0.8941176470588234615, 0.9137254901960784048, 0.9294117647058823817 ) ;
#7831 = COLOUR_RGB ( '',0.8941176470588234615, 0.9137254901960784048, 0.9294117647058823817 ) ;
#7832 = ORIENTED_EDGE ( 'NONE', *, *, #8089, .T. ) ;
#7833 = DIRECTION ( 'NONE',  ( -1.224646799147353207E-16, 0.000000000000000000, 1.000000000000000000 ) ) ;
#7834 = AXIS2_PLACEMENT_3D ( 'NONE', #1061, #4859, #3987 ) ;
#7835 = CARTESIAN_POINT ( 'NONE',  ( -0.4999999999999995559, -0.1250000000000000000, 2.000000000000000000 ) ) ;
#7836 = UNCERTAINTY_MEASURE_WITH_UNIT (LENGTH_MEASURE( 1.000000000000000082E-05 ), #569, 'distance_accuracy_value', 'NONE');
#7837 = FILL_AREA_STYLE_COLOUR ( '', #9208 ) ;
#7838 = DIRECTION ( 'NONE',  ( -1.000000000000000000, 0.000000000000000000, 0.000000000000000000 ) ) ;
#7839 = DIRECTION ( 'NONE',  ( 1.000000000000000000, 0.000000000000000000, 0.000000000000000000 ) ) ;
#7840 = DIRECTION ( 'NONE',  ( 0.000000000000000000, -1.000000000000000000, 0.000000000000000000 ) ) ;
#7841 =( GEOMETRIC_REPRESENTATION_CONTEXT ( 3 ) GLOBAL_UNCERTAINTY_ASSIGNED_CONTEXT ( ( #613 ) ) GLOBAL_UNIT_ASSIGNED_CONTEXT ( ( #378, #8641, #2162 ) ) REPRESENTATION_CONTEXT ( 'NONE', 'WORKASPACE' ) );
#7842 = ORIENTED_EDGE ( 'NONE', *, *, #8926, .T. ) ;
#7843 = DIRECTION ( 'NONE',  ( -1.000000000000000000, 0.000000000000000000, 0.000000000000000000 ) ) ;
#7844 = CARTESIAN_POINT ( 'NONE',  ( -5.100000000000002309, 0.9100000000000000311, -7.099999999999997868 ) ) ;
#7845 = FILL_AREA_STYLE_COLOUR ( '', #7096 ) ;
#7846 = DIRECTION ( 'NONE',  ( -1.224646799147353207E-16, 0.000000000000000000, 1.000000000000000000 ) ) ;
#7847 = VERTEX_POINT ( 'NONE', #1676 ) ;
#7848 = CARTESIAN_POINT ( 'NONE',  ( -0.4999999999999995559, 0.000000000000000000, 1.000000000000000888 ) ) ;
#7849 = MECHANICAL_DESIGN_GEOMETRIC_PRESENTATION_REPRESENTATION (  '', ( #6618 ), #6790 ) ;
#7850 = CARTESIAN_POINT ( 'NONE',  ( -4.687082869338697222, 0.000000000000000000, -7.000000000000000000 ) ) ;
#7851 = EDGE_CURVE ( 'NONE', #7697, #5480, #6149, .T. ) ;
#7852 = CARTESIAN_POINT ( 'NONE',  ( -2.499999999999999556, -0.1250000000000000000, 2.000000000000000000 ) ) ;
#7853 = ORIENTED_EDGE ( 'NONE', *, *, #7222, .T. ) ;
#7854 = AXIS2_PLACEMENT_3D ( 'NONE', #7996, #1467, #8043 ) ;
#7855 = CARTESIAN_POINT ( 'NONE',  ( 0.3129171306613032777, 0.000000000000000000, -1.000000000000000000 ) ) ;
#7856 = CIRCLE ( 'NONE', #3430, 0.1870828693386972497 ) ;
#7857 = APPLICATION_CONTEXT ( 'automotive_design' ) ;
#7858 = CARTESIAN_POINT ( 'NONE',  ( -1.312917130661302334, 0.000000000000000000, 2.000000000000000000 ) ) ;
#7859 = ORIENTED_EDGE ( 'NONE', *, *, #4383, .F. ) ;
#7860 = CARTESIAN_POINT ( 'NONE',  ( -1.499999999999999556, -0.3500000000000000333, -4.000000000000000000 ) ) ;
#7861 = COLOUR_RGB ( '',0.8941176470588234615, 0.9137254901960784048, 0.9294117647058823817 ) ;
#7862 = EDGE_LOOP ( 'NONE', ( #9114, #133, #4807, #8567 ) ) ;
#7863 = ADVANCED_FACE ( 'NONE', ( #3976 ), #1977, .T. ) ;
#7864 = FACE_OUTER_BOUND ( 'NONE', #8314, .T. ) ;
#7865 = ORIENTED_EDGE ( 'NONE', *, *, #5884, .F. ) ;
#7866 = DIRECTION ( 'NONE',  ( 0.000000000000000000, 0.000000000000000000, -1.000000000000000000 ) ) ;
#7867 = MECHANICAL_DESIGN_GEOMETRIC_PRESENTATION_REPRESENTATION (  '', ( #6027 ), #6169 ) ;
#7868 = STYLED_ITEM ( 'NONE', ( #5940 ), #2664 ) ;
#7869 = FACE_OUTER_BOUND ( 'NONE', #5801, .T. ) ;
#7870 = DIRECTION ( 'NONE',  ( -1.000000000000000000, 0.000000000000000000, 0.000000000000000000 ) ) ;
#7871 = FACE_OUTER_BOUND ( 'NONE', #8691, .T. ) ;
#7872 = DIRECTION ( 'NONE',  ( -0.000000000000000000, -0.000000000000000000, -1.000000000000000000 ) ) ;
#7873 = EDGE_LOOP ( 'NONE', ( #2464, #6346, #6841 ) ) ;
#7874 = CIRCLE ( 'NONE', #3607, 0.1870828693386972497 ) ;
#7875 = FACE_BOUND ( 'NONE', #1237, .T. ) ;
#7876 = SURFACE_STYLE_FILL_AREA ( #5554 ) ;
#7877 = PRESENTATION_LAYER_ASSIGNMENT (  '', '', ( #6495 ) ) ;
#7878 = ADVANCED_FACE ( 'NONE', ( #6870 ), #6203, .T. ) ;
#7879 = UNCERTAINTY_MEASURE_WITH_UNIT (LENGTH_MEASURE( 1.000000000000000082E-05 ), #8439, 'distance_accuracy_value', 'NONE');
#7880 = CIRCLE ( 'NONE', #878, 0.2249999999999999500 ) ;
#7881 = ORIENTED_EDGE ( 'NONE', *, *, #5535, .F. ) ;
#7882 = CARTESIAN_POINT ( 'NONE',  ( -7.000000000000001776, 0.9100000000000000311, -8.999999999999998224 ) ) ;
#7883 = VERTEX_POINT ( 'NONE', #8303 ) ;
#7884 = SURFACE_SIDE_STYLE ('',( #519 ) ) ;
#7885 = CIRCLE ( 'NONE', #8320, 0.1870828693386972497 ) ;
#7886 = SPHERICAL_SURFACE ( 'NONE', #6722, 0.2250000000000000888 ) ;
#7887 =( NAMED_UNIT ( * ) PLANE_ANGLE_UNIT ( ) SI_UNIT ( $, .RADIAN. ) );
#7888 = AXIS2_PLACEMENT_3D ( 'NONE', #7167, #7270, #8627 ) ;
#7889 = ORIENTED_EDGE ( 'NONE', *, *, #4718, .F. ) ;
#7890 = DIRECTION ( 'NONE',  ( -1.224646799147353207E-16, 0.000000000000000000, 1.000000000000000000 ) ) ;
#7891 = CARTESIAN_POINT ( 'NONE',  ( -1.499999999999999556, -0.3500000000000000333, 4.000000000000000000 ) ) ;
#7892 = SURFACE_STYLE_FILL_AREA ( #14 ) ;
#7893 = SURFACE_STYLE_FILL_AREA ( #533 ) ;
#7894 = ORIENTED_EDGE ( 'NONE', *, *, #3999, .T. ) ;
#7895 = DIRECTION ( 'NONE',  ( 0.000000000000000000, 0.000000000000000000, 1.000000000000000000 ) ) ;
#7896 = DIRECTION ( 'NONE',  ( 0.000000000000000000, 0.000000000000000000, -1.000000000000000000 ) ) ;
#7897 = PRESENTATION_LAYER_ASSIGNMENT (  '', '', ( #1639 ) ) ;
#7898 = CARTESIAN_POINT ( 'NONE',  ( -3.312917130661302334, 0.000000000000000000, -3.000000000000000000 ) ) ;
#7899 = ORIENTED_EDGE ( 'NONE', *, *, #2718, .F. ) ;
#7900 = STYLED_ITEM ( 'NONE', ( #2304 ), #3277 ) ;
#7901 = DIRECTION ( 'NONE',  ( 1.000000000000000000, 0.000000000000000000, 0.000000000000000000 ) ) ;
#7902 = UNCERTAINTY_MEASURE_WITH_UNIT (LENGTH_MEASURE( 1.000000000000000082E-05 ), #316, 'distance_accuracy_value', 'NONE');
#7903 = AXIS2_PLACEMENT_3D ( 'NONE', #1713, #9001, #2424 ) ;
#7904 = ADVANCED_FACE ( 'NONE', ( #4033 ), #750, .T. ) ;
#7905 = ORIENTED_EDGE ( 'NONE', *, *, #6439, .F. ) ;
#7906 = EDGE_CURVE ( 'NONE', #5852, #5950, #8746, .T. ) ;
#7907 = DIRECTION ( 'NONE',  ( -1.000000000000000000, 0.000000000000000000, 0.000000000000000000 ) ) ;
#7908 = LINE ( 'NONE', #8703, #1755 ) ;
#7910 = EDGE_LOOP ( 'NONE', ( #9284, #4755, #4903, #6471 ) ) ;
#7909 = CARTESIAN_POINT ( 'NONE',  ( 1.500000000000000444, -0.1250000000000000000, -5.000000000000000000 ) ) ;
#7911 = AXIS2_PLACEMENT_3D ( 'NONE', #6298, #1871, #7079 ) ;
#7912 = VERTEX_POINT ( 'NONE', #2070 ) ;
#7913 = CARTESIAN_POINT ( 'NONE',  ( 2.500000000000000444, -0.1250000000000000000, 2.999999999999999112 ) ) ;
#7914 = AXIS2_PLACEMENT_3D ( 'NONE', #731, #3429, #1808 ) ;
#7915 = DIRECTION ( 'NONE',  ( 1.000000000000000000, 0.000000000000000000, 0.000000000000000000 ) ) ;
#7916 = ADVANCED_FACE ( 'NONE', ( #7232 ), #3684, .T. ) ;
#7917 = FILL_AREA_STYLE_COLOUR ( '', #2241 ) ;
#7918 = PRESENTATION_STYLE_ASSIGNMENT (( #5038 ) ) ;
#7919 = EDGE_LOOP ( 'NONE', ( #5436, #6702, #1266 ) ) ;
#7920 = DIRECTION ( 'NONE',  ( 0.000000000000000000, 0.000000000000000000, -1.000000000000000000 ) ) ;
#7921 = FACE_BOUND ( 'NONE', #6968, .T. ) ;
#7922 = DIRECTION ( 'NONE',  ( -1.000000000000000000, 0.000000000000000000, 0.000000000000000000 ) ) ;
#7923 = DIRECTION ( 'NONE',  ( 0.000000000000000000, 0.000000000000000000, -1.000000000000000000 ) ) ;
#7924 = VERTEX_POINT ( 'NONE', #6536 ) ;
#7925 = CARTESIAN_POINT ( 'NONE',  ( 3.500000000000000444, -0.1250000000000000000, -1.000000000000000000 ) ) ;
#7926 =( NAMED_UNIT ( * ) SI_UNIT ( $, .STERADIAN. ) SOLID_ANGLE_UNIT ( ) );
#7927 = UNCERTAINTY_MEASURE_WITH_UNIT (LENGTH_MEASURE( 1.000000000000000082E-05 ), #2891, 'distance_accuracy_value', 'NONE');
#7928 = LINE ( 'NONE', #232, #6917 ) ;
#7929 = CARTESIAN_POINT ( 'NONE',  ( -0.4999999999999995559, -0.1250000000000000000, -2.000000000000000000 ) ) ;
#7930 = SURFACE_STYLE_FILL_AREA ( #5052 ) ;
#7931 = CARTESIAN_POINT ( 'NONE',  ( -0.4999999999999995559, -0.1250000000000000000, 5.000000000000000888 ) ) ;
#7932 = SURFACE_STYLE_USAGE ( .BOTH. , #5010 ) ;
#7933 =( NAMED_UNIT ( * ) PLANE_ANGLE_UNIT ( ) SI_UNIT ( $, .RADIAN. ) );
#7934 = FILL_AREA_STYLE ('',( #8649 ) ) ;
#7935 = ORIENTED_EDGE ( 'NONE', *, *, #9301, .T. ) ;
#7936 =( NAMED_UNIT ( * ) SI_UNIT ( $, .STERADIAN. ) SOLID_ANGLE_UNIT ( ) );
#7937 = LINE ( 'NONE', #7249, #927 ) ;
#7938 = ORIENTED_EDGE ( 'NONE', *, *, #72, .F. ) ;
#7939 = FILL_AREA_STYLE ('',( #3614 ) ) ;
#7940 = STYLED_ITEM ( 'NONE', ( #7585 ), #5537 ) ;
#7941 = ORIENTED_EDGE ( 'NONE', *, *, #6469, .F. ) ;
#7942 =( NAMED_UNIT ( * ) PLANE_ANGLE_UNIT ( ) SI_UNIT ( $, .RADIAN. ) );
#7943 = DIRECTION ( 'NONE',  ( -1.000000000000000000, 0.000000000000000000, 0.000000000000000000 ) ) ;
#7944 = ORIENTED_EDGE ( 'NONE', *, *, #2288, .T. ) ;
#7945 = DIRECTION ( 'NONE',  ( -1.000000000000000000, 0.000000000000000000, 0.000000000000000000 ) ) ;
#7946 = AXIS2_PLACEMENT_3D ( 'NONE', #8525, #6324, #7770 ) ;
#7947 =( GEOMETRIC_REPRESENTATION_CONTEXT ( 3 ) GLOBAL_UNCERTAINTY_ASSIGNED_CONTEXT ( ( #5957 ) ) GLOBAL_UNIT_ASSIGNED_CONTEXT ( ( #3203, #8508, #4902 ) ) REPRESENTATION_CONTEXT ( 'NONE', 'WORKASPACE' ) );
#7948 = AXIS2_PLACEMENT_3D ( 'NONE', #8690, #5662, #1495 ) ;
#7949 = DIRECTION ( 'NONE',  ( -0.000000000000000000, 1.000000000000000000, -0.000000000000000000 ) ) ;
#7950 = EDGE_CURVE ( 'NONE', #1273, #4794, #3260, .T. ) ;
#7951 = DIRECTION ( 'NONE',  ( 1.000000000000000000, 0.000000000000000000, 0.000000000000000000 ) ) ;
#7952 = DIRECTION ( 'NONE',  ( -1.000000000000000000, 0.000000000000000000, 0.000000000000000000 ) ) ;
#7953 = COLOUR_RGB ( '',0.8941176470588234615, 0.9137254901960784048, 0.9294117647058823817 ) ;
#7954 = ORIENTED_EDGE ( 'NONE', *, *, #350, .T. ) ;
#7955 = CARTESIAN_POINT ( 'NONE',  ( -6.800000000000002487, 0.000000000000000000, -8.799999999999995381 ) ) ;
#7956 = CIRCLE ( 'NONE', #5103, 0.1870828693386972497 ) ;
#7957 = FACE_BOUND ( 'NONE', #1478, .T. ) ;
#7958 = CARTESIAN_POINT ( 'NONE',  ( 4.500000000000001776, 0.000000000000000000, -8.000000000000000000 ) ) ;
#7959 = FILL_AREA_STYLE_COLOUR ( '', #6738 ) ;
#7960 = ADVANCED_FACE ( 'NONE', ( #5786 ), #8198, .T. ) ;
#7961 = DIRECTION ( 'NONE',  ( -0.000000000000000000, -0.000000000000000000, -1.000000000000000000 ) ) ;
#7962 = EDGE_CURVE ( 'NONE', #6334, #9379, #7928, .T. ) ;
#7963 =( GEOMETRIC_REPRESENTATION_CONTEXT ( 3 ) GLOBAL_UNCERTAINTY_ASSIGNED_CONTEXT ( ( #7879 ) ) GLOBAL_UNIT_ASSIGNED_CONTEXT ( ( #8439, #4226, #8098 ) ) REPRESENTATION_CONTEXT ( 'NONE', 'WORKASPACE' ) );
#7964 = AXIS2_PLACEMENT_3D ( 'NONE', #4053, #9288, #7718 ) ;
#7965 = ORIENTED_EDGE ( 'NONE', *, *, #4485, .T. ) ;
#7966 = FACE_OUTER_BOUND ( 'NONE', #6381, .T. ) ;
#7967 =( LENGTH_UNIT ( ) NAMED_UNIT ( * ) SI_UNIT ( .MILLI., .METRE. ) );
#7968 = CARTESIAN_POINT ( 'NONE',  ( 1.312917130661303222, 0.000000000000000000, -5.000000000000000000 ) ) ;
#7969 = PRESENTATION_STYLE_ASSIGNMENT (( #2881 ) ) ;
#7970 =( NAMED_UNIT ( * ) SI_UNIT ( $, .STERADIAN. ) SOLID_ANGLE_UNIT ( ) );
#7971 = CIRCLE ( 'NONE', #2481, 0.2250000000000001443 ) ;
#7972 = COLOUR_RGB ( '',0.8941176470588234615, 0.9137254901960784048, 0.9294117647058823817 ) ;
#7973 = SURFACE_SIDE_STYLE ('',( #4511 ) ) ;
#7974 = ADVANCED_FACE ( 'NONE', ( #7504, #1577 ), #1716, .T. ) ;
#7975 = DIRECTION ( 'NONE',  ( 0.000000000000000000, 0.000000000000000000, -1.000000000000000000 ) ) ;
#7976 = STYLED_ITEM ( 'NONE', ( #4471 ), #7785 ) ;
#7977 = AXIS2_PLACEMENT_3D ( 'NONE', #6753, #2362, #6700 ) ;
#7978 = DIRECTION ( 'NONE',  ( 0.000000000000000000, 0.000000000000000000, -1.000000000000000000 ) ) ;
#7979 = CARTESIAN_POINT ( 'NONE',  ( 2.500000000000000444, 0.000000000000000000, -1.000000000000000000 ) ) ;
#7980 = DIRECTION ( 'NONE',  ( 0.000000000000000000, -1.000000000000000000, 0.000000000000000000 ) ) ;
#7981 = SURFACE_STYLE_USAGE ( .BOTH. , #2131 ) ;
#7982 = ORIENTED_EDGE ( 'NONE', *, *, #7790, .T. ) ;
#7983 = DIRECTION ( 'NONE',  ( 0.000000000000000000, -1.000000000000000000, 0.000000000000000000 ) ) ;
#7984 = DIRECTION ( 'NONE',  ( 0.000000000000000000, 0.000000000000000000, 1.000000000000000000 ) ) ;
#7985 = AXIS2_PLACEMENT_3D ( 'NONE', #2392, #197, #5323 ) ;
#7986 = DIRECTION ( 'NONE',  ( -1.000000000000000000, 0.000000000000000000, 0.000000000000000000 ) ) ;
#7987 =( LENGTH_UNIT ( ) NAMED_UNIT ( * ) SI_UNIT ( .MILLI., .METRE. ) );
#7988 = PRESENTATION_LAYER_ASSIGNMENT (  '', '', ( #8134 ) ) ;
#7989 =( NAMED_UNIT ( * ) SI_UNIT ( $, .STERADIAN. ) SOLID_ANGLE_UNIT ( ) );
#7990 = ORIENTED_EDGE ( 'NONE', *, *, #1966, .T. ) ;
#7991 = DIRECTION ( 'NONE',  ( -1.000000000000000000, 0.000000000000000000, 0.000000000000000000 ) ) ;
#7992 = VERTEX_POINT ( 'NONE', #8814 ) ;
#7993 = CARTESIAN_POINT ( 'NONE',  ( -4.500000000000000000, -0.3500000000000000333, -8.000000000000000000 ) ) ;
#7995 = ORIENTED_EDGE ( 'NONE', *, *, #869, .T. ) ;
#7994 = FACE_OUTER_BOUND ( 'NONE', #4140, .T. ) ;
#7996 = CARTESIAN_POINT ( 'NONE',  ( -5.100000000000002309, 0.9100000000000000311, -7.099999999999997868 ) ) ;
#7997 = SURFACE_STYLE_USAGE ( .BOTH. , #3849 ) ;
#7998 =( GEOMETRIC_REPRESENTATION_CONTEXT ( 3 ) GLOBAL_UNCERTAINTY_ASSIGNED_CONTEXT ( ( #9219 ) ) GLOBAL_UNIT_ASSIGNED_CONTEXT ( ( #3431, #4888, #1965 ) ) REPRESENTATION_CONTEXT ( 'NONE', 'WORKASPACE' ) );
#7999 = CARTESIAN_POINT ( 'NONE',  ( 2.500000000000000444, 0.000000000000000000, -4.000000000000000000 ) ) ;
#8000 = PRODUCT_DEFINITION_FORMATION_WITH_SPECIFIED_SOURCE ( 'ANY', '', #7699, .NOT_KNOWN. ) ;
#8001 = EDGE_LOOP ( 'NONE', ( #2354, #3333, #2503 ) ) ;
#8002 =( GEOMETRIC_REPRESENTATION_CONTEXT ( 3 ) GLOBAL_UNCERTAINTY_ASSIGNED_CONTEXT ( ( #6769 ) ) GLOBAL_UNIT_ASSIGNED_CONTEXT ( ( #6463, #4396, #4348 ) ) REPRESENTATION_CONTEXT ( 'NONE', 'WORKASPACE' ) );
#8003 = STYLED_ITEM ( 'NONE', ( #5499 ), #277 ) ;
#8004 = SURFACE_STYLE_USAGE ( .BOTH. , #4311 ) ;
#8005 = CARTESIAN_POINT ( 'NONE',  ( -1.499999999999999556, -0.1250000000000000000, -2.000000000000000000 ) ) ;
#8006 = ORIENTED_EDGE ( 'NONE', *, *, #9335, .T. ) ;
#8007 =( NAMED_UNIT ( * ) SI_UNIT ( $, .STERADIAN. ) SOLID_ANGLE_UNIT ( ) );
#8008 = FACE_BOUND ( 'NONE', #4638, .T. ) ;
#8009 = AXIS2_PLACEMENT_3D ( 'NONE', #413, #3274, #6189 ) ;
#8010 = CIRCLE ( 'NONE', #8152, 0.1870828693386972497 ) ;
#8011 =( NAMED_UNIT ( * ) PLANE_ANGLE_UNIT ( ) SI_UNIT ( $, .RADIAN. ) );
#8012 = CARTESIAN_POINT ( 'NONE',  ( -0.4999999999999995559, -0.3500000000000000333, 2.999999999999999112 ) ) ;
#8013 = MECHANICAL_DESIGN_GEOMETRIC_PRESENTATION_REPRESENTATION (  '', ( #3138 ), #2838 ) ;
#8014 = CARTESIAN_POINT ( 'NONE',  ( 4.500000000000001776, 0.000000000000000000, 8.000000000000000000 ) ) ;
#8015 = PRESENTATION_LAYER_ASSIGNMENT (  '', '', ( #2845 ) ) ;
#8016 = ORIENTED_EDGE ( 'NONE', *, *, #193, .F. ) ;
#8017 = FILL_AREA_STYLE ('',( #832 ) ) ;
#8018 = UNCERTAINTY_MEASURE_WITH_UNIT (LENGTH_MEASURE( 1.000000000000000082E-05 ), #9131, 'distance_accuracy_value', 'NONE');
#8019 = MECHANICAL_DESIGN_GEOMETRIC_PRESENTATION_REPRESENTATION (  '', ( #867 ), #6339 ) ;
#8020 = EDGE_CURVE ( 'NONE', #1323, #1619, #2211, .T. ) ;
#8021 = FILL_AREA_STYLE ('',( #7837 ) ) ;
#8022 = DIRECTION ( 'NONE',  ( -1.224646799147353207E-16, 0.000000000000000000, 1.000000000000000000 ) ) ;
#8023 = DIRECTION ( 'NONE',  ( -1.000000000000000000, 0.000000000000000000, -0.000000000000000000 ) ) ;
#8024 = PRESENTATION_LAYER_ASSIGNMENT (  '', '', ( #4680 ) ) ;
#8025 = DIRECTION ( 'NONE',  ( 0.000000000000000000, 1.000000000000000000, 0.000000000000000000 ) ) ;
#8026 = ADVANCED_FACE ( 'NONE', ( #8106 ), #2974, .T. ) ;
#8027 = STYLED_ITEM ( 'NONE', ( #1080 ), #8686 ) ;
#8028 = DIRECTION ( 'NONE',  ( 0.000000000000000000, 0.000000000000000000, -1.000000000000000000 ) ) ;
#8029 = CARTESIAN_POINT ( 'NONE',  ( -7.000000000000001776, 0.000000000000000000, -8.999999999999998224 ) ) ;
#8030 = ORIENTED_EDGE ( 'NONE', *, *, #6087, .T. ) ;
#8031 =( NAMED_UNIT ( * ) PLANE_ANGLE_UNIT ( ) SI_UNIT ( $, .RADIAN. ) );
#8032 = DIRECTION ( 'NONE',  ( 0.000000000000000000, 1.000000000000000000, 0.000000000000000000 ) ) ;
#8033 = DIRECTION ( 'NONE',  ( 0.000000000000000000, 0.000000000000000000, 1.000000000000000000 ) ) ;
#8034 = COLOUR_RGB ( '',0.8941176470588234615, 0.9137254901960784048, 0.9294117647058823817 ) ;
#8035 = DIRECTION ( 'NONE',  ( 0.000000000000000000, 0.000000000000000000, 1.000000000000000000 ) ) ;
#8036 = SURFACE_STYLE_USAGE ( .BOTH. , #803 ) ;
#8037 = SURFACE_STYLE_USAGE ( .BOTH. , #676 ) ;
#8038 = AXIS2_PLACEMENT_3D ( 'NONE', #415, #5496, #1855 ) ;
#8039 = ORIENTED_EDGE ( 'NONE', *, *, #7090, .T. ) ;
#8040 = FILL_AREA_STYLE ('',( #6551 ) ) ;
#8042 = ORIENTED_EDGE ( 'NONE', *, *, #3772, .F. ) ;
#8041 = DIRECTION ( 'NONE',  ( 0.000000000000000000, 0.000000000000000000, -1.000000000000000000 ) ) ;
#8043 = DIRECTION ( 'NONE',  ( 0.000000000000000000, 0.000000000000000000, 1.000000000000000000 ) ) ;
#8044 = EDGE_CURVE ( 'NONE', #9293, #2570, #7088, .T. ) ;
#8045 = CIRCLE ( 'NONE', #8656, 0.1870828693386972497 ) ;
#8046 = DIRECTION ( 'NONE',  ( -1.000000000000000000, 0.000000000000000000, 0.000000000000000000 ) ) ;
#8047 =( GEOMETRIC_REPRESENTATION_CONTEXT ( 3 ) GLOBAL_UNCERTAINTY_ASSIGNED_CONTEXT ( ( #2558 ) ) GLOBAL_UNIT_ASSIGNED_CONTEXT ( ( #8252, #1053, #6780 ) ) REPRESENTATION_CONTEXT ( 'NONE', 'WORKASPACE' ) );
#8048 = AXIS2_PLACEMENT_3D ( 'NONE', #7929, #2925, #752 ) ;
#8049 = CARTESIAN_POINT ( 'NONE',  ( -2.499999999999999556, -0.1250000000000000000, -5.000000000000000000 ) ) ;
#8050 = FILL_AREA_STYLE ('',( #3041 ) ) ;
#8051 = VERTEX_POINT ( 'NONE', #6629 ) ;
#8052 = CARTESIAN_POINT ( 'NONE',  ( 3.500000000000000444, 0.000000000000000000, -8.000000000000000000 ) ) ;
#8053 =( GEOMETRIC_REPRESENTATION_CONTEXT ( 3 ) GLOBAL_UNCERTAINTY_ASSIGNED_CONTEXT ( ( #1332 ) ) GLOBAL_UNIT_ASSIGNED_CONTEXT ( ( #4744, #7018, #6391 ) ) REPRESENTATION_CONTEXT ( 'NONE', 'WORKASPACE' ) );
#8054 = FACE_BOUND ( 'NONE', #3294, .T. ) ;
#8055 = DIRECTION ( 'NONE',  ( -0.000000000000000000, -0.000000000000000000, -1.000000000000000000 ) ) ;
#8056 = CARTESIAN_POINT ( 'NONE',  ( -2.687082869338696778, 0.000000000000000000, -3.000000000000000000 ) ) ;
#8057 = VERTEX_POINT ( 'NONE', #8147 ) ;
#8058 = CARTESIAN_POINT ( 'NONE',  ( -6.800000000000002487, -0.02500000000000000139, -8.299999999999995381 ) ) ;
#8059 = DIRECTION ( 'NONE',  ( -0.000000000000000000, -0.000000000000000000, -1.000000000000000000 ) ) ;
#8060 = SURFACE_STYLE_USAGE ( .BOTH. , #7414 ) ;
#8061 = SURFACE_STYLE_FILL_AREA ( #5926 ) ;
#8062 = FACE_OUTER_BOUND ( 'NONE', #2711, .T. ) ;
#8063 = DIRECTION ( 'NONE',  ( 0.000000000000000000, -1.000000000000000000, 0.000000000000000000 ) ) ;
#8064 = ADVANCED_FACE ( 'NONE', ( #146 ), #1045, .T. ) ;
#8065 = EDGE_CURVE ( 'NONE', #1592, #8697, #3143, .T. ) ;
#8066 =( LENGTH_UNIT ( ) NAMED_UNIT ( * ) SI_UNIT ( .MILLI., .METRE. ) );
#8067 = DIRECTION ( 'NONE',  ( 1.000000000000000000, 0.000000000000000000, 0.000000000000000000 ) ) ;
#8068 = DIRECTION ( 'NONE',  ( 0.000000000000000000, 0.000000000000000000, -1.000000000000000000 ) ) ;
#8069 =( NAMED_UNIT ( * ) SI_UNIT ( $, .STERADIAN. ) SOLID_ANGLE_UNIT ( ) );
#8070 = EDGE_CURVE ( 'NONE', #5902, #5764, #583, .T. ) ;
#8071 = FILL_AREA_STYLE ('',( #8969 ) ) ;
#8072 = EDGE_CURVE ( 'NONE', #7171, #6616, #6937, .T. ) ;
#8073 = ADVANCED_FACE ( 'NONE', ( #2620 ), #9051, .T. ) ;
#8074 = DIRECTION ( 'NONE',  ( 0.000000000000000000, 0.000000000000000000, -1.000000000000000000 ) ) ;
#8075 = UNCERTAINTY_MEASURE_WITH_UNIT (LENGTH_MEASURE( 1.000000000000000082E-05 ), #1550, 'distance_accuracy_value', 'NONE');
#8076 =( LENGTH_UNIT ( ) NAMED_UNIT ( * ) SI_UNIT ( .MILLI., .METRE. ) );
#8077 = EDGE_LOOP ( 'NONE', ( #6695, #2761, #4210 ) ) ;
#8078 = CIRCLE ( 'NONE', #8700, 0.1870828693386972497 ) ;
#8079 = MECHANICAL_DESIGN_GEOMETRIC_PRESENTATION_REPRESENTATION (  '', ( #3204 ), #8370 ) ;
#8081 = EDGE_LOOP ( 'NONE', ( #3359, #1643 ) ) ;
#8080 = CARTESIAN_POINT ( 'NONE',  ( -6.300000000000001599, 0.000000000000000000, -8.799999999999995381 ) ) ;
#8082 = DIRECTION ( 'NONE',  ( -1.000000000000000000, 0.000000000000000000, 0.000000000000000000 ) ) ;
#8083 = DIRECTION ( 'NONE',  ( 0.000000000000000000, 0.000000000000000000, 1.000000000000000000 ) ) ;
#8084 = ORIENTED_EDGE ( 'NONE', *, *, #2303, .F. ) ;
#8085 = AXIS2_PLACEMENT_3D ( 'NONE', #444, #6799, #307 ) ;
#8086 =( NAMED_UNIT ( * ) PLANE_ANGLE_UNIT ( ) SI_UNIT ( $, .RADIAN. ) );
#8087 = STYLED_ITEM ( 'NONE', ( #2855 ), #6610 ) ;
#8088 = DIRECTION ( 'NONE',  ( 1.000000000000000000, 0.000000000000000000, 0.000000000000000000 ) ) ;
#8089 = EDGE_CURVE ( 'NONE', #7294, #4154, #2513, .T. ) ;
#8090 = CARTESIAN_POINT ( 'NONE',  ( -7.000000000000001776, 0.2599999999999998979, -8.999999999999998224 ) ) ;
#8091 = VERTEX_POINT ( 'NONE', #4788 ) ;
#8092 = SURFACE_STYLE_USAGE ( .BOTH. , #1566 ) ;
#8093 = VERTEX_POINT ( 'NONE', #1135 ) ;
#8094 =( GEOMETRIC_REPRESENTATION_CONTEXT ( 3 ) GLOBAL_UNCERTAINTY_ASSIGNED_CONTEXT ( ( #5420 ) ) GLOBAL_UNIT_ASSIGNED_CONTEXT ( ( #3395, #7138, #8552 ) ) REPRESENTATION_CONTEXT ( 'NONE', 'WORKASPACE' ) );
#8095 = CARTESIAN_POINT ( 'NONE',  ( 4.500000000000001776, -0.1250000000000000000, -7.000000000000000000 ) ) ;
#8096 = AXIS2_PLACEMENT_3D ( 'NONE', #4610, #2531, #6065 ) ;
#8097 = AXIS2_PLACEMENT_3D ( 'NONE', #5214, #3636, #2916 ) ;
#8098 =( NAMED_UNIT ( * ) SI_UNIT ( $, .STERADIAN. ) SOLID_ANGLE_UNIT ( ) );
#8099 = CARTESIAN_POINT ( 'NONE',  ( -1.499999999999999556, 0.000000000000000000, -1.000000000000000000 ) ) ;
#8100 = DIRECTION ( 'NONE',  ( 0.000000000000000000, -1.000000000000000000, 0.000000000000000000 ) ) ;
#8101 = CIRCLE ( 'NONE', #1092, 0.2249999999999999500 ) ;
#8102 = CIRCLE ( 'NONE', #6267, 0.1870828693386972497 ) ;
#8103 = CIRCLE ( 'NONE', #8398, 0.1870828693386972497 ) ;
#8104 =( NAMED_UNIT ( * ) SI_UNIT ( $, .STERADIAN. ) SOLID_ANGLE_UNIT ( ) );
#8105 = UNCERTAINTY_MEASURE_WITH_UNIT (LENGTH_MEASURE( 1.000000000000000082E-05 ), #5934, 'distance_accuracy_value', 'NONE');
#8106 = FACE_OUTER_BOUND ( 'NONE', #2401, .T. ) ;
#8107 = DIRECTION ( 'NONE',  ( 0.000000000000000000, 0.000000000000000000, 1.000000000000000000 ) ) ;
#8108 = SPHERICAL_SURFACE ( 'NONE', #2178, 0.2250000000000000888 ) ;
#8109 = CIRCLE ( 'NONE', #4186, 0.2250000000000003664 ) ;
#8110 = PRESENTATION_LAYER_ASSIGNMENT (  '', '', ( #5982 ) ) ;
#8111 = AXIS2_PLACEMENT_3D ( 'NONE', #2844, #5232, #5936 ) ;
#8112 =( NAMED_UNIT ( * ) SI_UNIT ( $, .STERADIAN. ) SOLID_ANGLE_UNIT ( ) );
#8113 = AXIS2_PLACEMENT_3D ( 'NONE', #1652, #4003, #4584 ) ;
#8114 = STYLED_ITEM ( 'NONE', ( #6781 ), #6142 ) ;
#8115 = SURFACE_STYLE_FILL_AREA ( #335 ) ;
#8116 = DIRECTION ( 'NONE',  ( 0.000000000000000000, 0.000000000000000000, -1.000000000000000000 ) ) ;
#8117 = FILL_AREA_STYLE ('',( #4520 ) ) ;
#8118 = ORIENTED_EDGE ( 'NONE', *, *, #2147, .T. ) ;
#8119 = CIRCLE ( 'NONE', #4031, 0.1870828693386972497 ) ;
#8120 = LINE ( 'NONE', #1460, #7617 ) ;
#8121 = CARTESIAN_POINT ( 'NONE',  ( -2.499999999999999556, -0.1250000000000000000, -4.000000000000000000 ) ) ;
#8122 =( LENGTH_UNIT ( ) NAMED_UNIT ( * ) SI_UNIT ( .MILLI., .METRE. ) );
#8123 = VERTEX_POINT ( 'NONE', #6235 ) ;
#8124 = PRESENTATION_LAYER_ASSIGNMENT (  '', '', ( #838 ) ) ;
#8125 = EDGE_CURVE ( 'NONE', #2177, #8123, #7111, .T. ) ;
#8126 = CARTESIAN_POINT ( 'NONE',  ( -3.499999999999999556, 0.000000000000000000, 2.999999999999999112 ) ) ;
#8128 = VERTEX_POINT ( 'NONE', #122 ) ;
#8127 = DIRECTION ( 'NONE',  ( 0.000000000000000000, 0.000000000000000000, 1.000000000000000000 ) ) ;
#8129 = ADVANCED_FACE ( 'NONE', ( #7994 ), #3034, .T. ) ;
#8130 =( LENGTH_UNIT ( ) NAMED_UNIT ( * ) SI_UNIT ( .MILLI., .METRE. ) );
#8131 = SPHERICAL_SURFACE ( 'NONE', #2887, 0.2250000000000000888 ) ;
#8132 = DIRECTION ( 'NONE',  ( -1.224646799147353207E-16, 0.000000000000000000, 1.000000000000000000 ) ) ;
#8133 = EDGE_LOOP ( 'NONE', ( #5347, #1121, #6208 ) ) ;
#8134 = STYLED_ITEM ( 'NONE', ( #3443 ), #7863 ) ;
#8135 = SURFACE_STYLE_USAGE ( .BOTH. , #7356 ) ;
#8136 = EDGE_CURVE ( 'NONE', #5020, #8530, #7713, .T. ) ;
#8137 = EDGE_LOOP ( 'NONE', ( #3035, #98, #8753 ) ) ;
#8138 = VERTEX_POINT ( 'NONE', #4303 ) ;
#8139 = SURFACE_STYLE_FILL_AREA ( #5348 ) ;
#8140 = SURFACE_STYLE_FILL_AREA ( #3915 ) ;
#8141 =( GEOMETRIC_REPRESENTATION_CONTEXT ( 3 ) GLOBAL_UNCERTAINTY_ASSIGNED_CONTEXT ( ( #5330 ) ) GLOBAL_UNIT_ASSIGNED_CONTEXT ( ( #4187, #7693, #1980 ) ) REPRESENTATION_CONTEXT ( 'NONE', 'WORKASPACE' ) );
#8142 = DIRECTION ( 'NONE',  ( 1.000000000000000000, -0.000000000000000000, 0.000000000000000000 ) ) ;
#8143 = CARTESIAN_POINT ( 'NONE',  ( 2.500000000000000444, -0.3500000000000000333, 1.000000000000000888 ) ) ;
#8144 = DIRECTION ( 'NONE',  ( 0.000000000000000000, 0.000000000000000000, 1.000000000000000000 ) ) ;
#8145 = CIRCLE ( 'NONE', #422, 0.1870828693386972497 ) ;
#8146 = DIRECTION ( 'NONE',  ( 0.000000000000000000, 0.000000000000000000, -1.000000000000000000 ) ) ;
#8147 = CARTESIAN_POINT ( 'NONE',  ( -1.499999999999999556, -0.3500000000000000333, 0.000000000000000000 ) ) ;
#8148 = PRESENTATION_STYLE_ASSIGNMENT (( #4599 ) ) ;
#8149 = DIRECTION ( 'NONE',  ( -1.000000000000000000, 0.000000000000000000, 0.000000000000000000 ) ) ;
#8150 = FACE_OUTER_BOUND ( 'NONE', #9083, .T. ) ;
#8152 = AXIS2_PLACEMENT_3D ( 'NONE', #5105, #4470, #7978 ) ;
#8151 = PRESENTATION_LAYER_ASSIGNMENT (  '', '', ( #2083 ) ) ;
#8153 = DIRECTION ( 'NONE',  ( -1.000000000000000000, 0.000000000000000000, 0.000000000000000000 ) ) ;
#8154 = FILL_AREA_STYLE_COLOUR ( '', #1753 ) ;
#8155 = SURFACE_STYLE_FILL_AREA ( #5975 ) ;
#8156 = DIRECTION ( 'NONE',  ( 0.000000000000000000, -1.000000000000000000, 0.000000000000000000 ) ) ;
#8157 = PRESENTATION_LAYER_ASSIGNMENT (  '', '', ( #6178 ) ) ;
#8159 =( GEOMETRIC_REPRESENTATION_CONTEXT ( 3 ) GLOBAL_UNCERTAINTY_ASSIGNED_CONTEXT ( ( #7698 ) ) GLOBAL_UNIT_ASSIGNED_CONTEXT ( ( #3922, #906, #8104 ) ) REPRESENTATION_CONTEXT ( 'NONE', 'WORKASPACE' ) );
#8158 = MECHANICAL_DESIGN_GEOMETRIC_PRESENTATION_REPRESENTATION (  '', ( #3144 ), #1936 ) ;
#8160 =( NAMED_UNIT ( * ) PLANE_ANGLE_UNIT ( ) SI_UNIT ( $, .RADIAN. ) );
#8161 = SURFACE_STYLE_FILL_AREA ( #5481 ) ;
#8162 = UNCERTAINTY_MEASURE_WITH_UNIT (LENGTH_MEASURE( 1.000000000000000082E-05 ), #2913, 'distance_accuracy_value', 'NONE');
#8163 =( GEOMETRIC_REPRESENTATION_CONTEXT ( 3 ) GLOBAL_UNCERTAINTY_ASSIGNED_CONTEXT ( ( #1150 ) ) GLOBAL_UNIT_ASSIGNED_CONTEXT ( ( #2611, #2768, #5547 ) ) REPRESENTATION_CONTEXT ( 'NONE', 'WORKASPACE' ) );
#8164 =( GEOMETRIC_REPRESENTATION_CONTEXT ( 3 ) GLOBAL_UNCERTAINTY_ASSIGNED_CONTEXT ( ( #1612 ) ) GLOBAL_UNIT_ASSIGNED_CONTEXT ( ( #1563, #3985, #86 ) ) REPRESENTATION_CONTEXT ( 'NONE', 'WORKASPACE' ) );
#8165 = DIRECTION ( 'NONE',  ( -1.000000000000000000, 0.000000000000000000, 0.000000000000000000 ) ) ;
#8166 = FACE_OUTER_BOUND ( 'NONE', #6658, .T. ) ;
#8167 = FACE_OUTER_BOUND ( 'NONE', #1548, .T. ) ;
#8168 = VERTEX_POINT ( 'NONE', #8752 ) ;
#8169 = CARTESIAN_POINT ( 'NONE',  ( 0.5000000000000004441, 0.000000000000000000, 5.000000000000000888 ) ) ;
#8170 = SURFACE_SIDE_STYLE ('',( #254 ) ) ;
#8172 = ORIENTED_EDGE ( 'NONE', *, *, #8992, .F. ) ;
#8171 =( NAMED_UNIT ( * ) SI_UNIT ( $, .STERADIAN. ) SOLID_ANGLE_UNIT ( ) );
#8173 = DIRECTION ( 'NONE',  ( -1.000000000000000000, 0.000000000000000000, 0.000000000000000000 ) ) ;
#8174 = MECHANICAL_DESIGN_GEOMETRIC_PRESENTATION_REPRESENTATION (  '', ( #2535 ), #5461 ) ;
#8175 = DIRECTION ( 'NONE',  ( 0.000000000000000000, -1.000000000000000000, 0.000000000000000000 ) ) ;
#8176 = ORIENTED_EDGE ( 'NONE', *, *, #1776, .F. ) ;
#8177 = CIRCLE ( 'NONE', #3634, 0.1870828693386963892 ) ;
#8178 = EDGE_CURVE ( 'NONE', #9175, #6368, #2312, .T. ) ;
#8179 = FILL_AREA_STYLE ('',( #2447 ) ) ;
#8180 = ORIENTED_EDGE ( 'NONE', *, *, #8044, .F. ) ;
#8181 = FILL_AREA_STYLE ('',( #5392 ) ) ;
#8182 = ORIENTED_EDGE ( 'NONE', *, *, #4333, .T. ) ;
#8183 = AXIS2_PLACEMENT_3D ( 'NONE', #3889, #6835, #8972 ) ;
#8184 = FACE_BOUND ( 'NONE', #3095, .T. ) ;
#8185 = PRESENTATION_LAYER_ASSIGNMENT (  '', '', ( #6519 ) ) ;
#8186 = FACE_OUTER_BOUND ( 'NONE', #6569, .T. ) ;
#8187 = PRESENTATION_LAYER_ASSIGNMENT (  '', '', ( #6060 ) ) ;
#8188 = EDGE_CURVE ( 'NONE', #1023, #178, #7567, .T. ) ;
#8189 = AXIS2_PLACEMENT_3D ( 'NONE', #8200, #4600, #3157 ) ;
#8190 = UNCERTAINTY_MEASURE_WITH_UNIT (LENGTH_MEASURE( 1.000000000000000082E-05 ), #7337, 'distance_accuracy_value', 'NONE');
#8191 = CARTESIAN_POINT ( 'NONE',  ( 2.500000000000000444, -0.1250000000000000000, 0.000000000000000000 ) ) ;
#8192 = CARTESIAN_POINT ( 'NONE',  ( 0.6870828693386975550, 0.000000000000000000, 1.000000000000000888 ) ) ;
#8193 = PRESENTATION_LAYER_ASSIGNMENT (  '', '', ( #3178 ) ) ;
#8194 = DIRECTION ( 'NONE',  ( -1.224646799147353207E-16, 0.000000000000000000, 1.000000000000000000 ) ) ;
#8195 = CARTESIAN_POINT ( 'NONE',  ( 2.500000000000000444, -0.1250000000000000000, 0.000000000000000000 ) ) ;
#8196 = VERTEX_POINT ( 'NONE', #4483 ) ;
#8197 = SURFACE_SIDE_STYLE ('',( #7413 ) ) ;
#8198 = SPHERICAL_SURFACE ( 'NONE', #5718, 0.2250000000000000888 ) ;
#8199 = FILL_AREA_STYLE ('',( #8957 ) ) ;
#8200 = CARTESIAN_POINT ( 'NONE',  ( 2.500000000000000444, -0.1250000000000000000, 5.000000000000000888 ) ) ;
#8201 =( GEOMETRIC_REPRESENTATION_CONTEXT ( 3 ) GLOBAL_UNCERTAINTY_ASSIGNED_CONTEXT ( ( #2651 ) ) GLOBAL_UNIT_ASSIGNED_CONTEXT ( ( #2906, #7438, #8798 ) ) REPRESENTATION_CONTEXT ( 'NONE', 'WORKASPACE' ) );
#8202 = ORIENTED_EDGE ( 'NONE', *, *, #6330, .F. ) ;
#8203 = AXIS2_PLACEMENT_3D ( 'NONE', #8334, #6193, #9100 ) ;
#8204 = SURFACE_STYLE_USAGE ( .BOTH. , #8867 ) ;
#8205 = SURFACE_STYLE_FILL_AREA ( #2394 ) ;
#8206 = PRESENTATION_STYLE_ASSIGNMENT (( #5328 ) ) ;
#8207 = CARTESIAN_POINT ( 'NONE',  ( -2.499999999999999556, -0.1250000000000000000, -2.000000000000000000 ) ) ;
#8208 = PRESENTATION_STYLE_ASSIGNMENT (( #4570 ) ) ;
#8209 = ORIENTED_EDGE ( 'NONE', *, *, #186, .T. ) ;
#8210 = CARTESIAN_POINT ( 'NONE',  ( -4.500000000000000000, 0.000000000000000000, 6.999999999999999112 ) ) ;
#8212 = ORIENTED_EDGE ( 'NONE', *, *, #2115, .F. ) ;
#8211 = SURFACE_STYLE_FILL_AREA ( #978 ) ;
#8213 = DIRECTION ( 'NONE',  ( 0.000000000000000000, 0.000000000000000000, -1.000000000000000000 ) ) ;
#8214 = CARTESIAN_POINT ( 'NONE',  ( 0.5000000000000004441, 0.000000000000000000, -2.000000000000000000 ) ) ;
#8215 = VERTEX_POINT ( 'NONE', #76 ) ;
#8216 = CARTESIAN_POINT ( 'NONE',  ( 2.500000000000000444, 0.000000000000000000, -2.000000000000000000 ) ) ;
#8217 = SURFACE_SIDE_STYLE ('',( #3137 ) ) ;
#8218 = SURFACE_STYLE_USAGE ( .BOTH. , #264 ) ;
#8219 = AXIS2_PLACEMENT_3D ( 'NONE', #4895, #8059, #2878 ) ;
#8220 = DIRECTION ( 'NONE',  ( 0.000000000000000000, 0.000000000000000000, 1.000000000000000000 ) ) ;
#8221 = VERTEX_POINT ( 'NONE', #2231 ) ;
#8222 = CARTESIAN_POINT ( 'NONE',  ( 1.500000000000000444, -0.3500000000000000333, 4.000000000000000000 ) ) ;
#8223 = EDGE_LOOP ( 'NONE', ( #6128, #8891, #2858 ) ) ;
#8224 = FACE_BOUND ( 'NONE', #7173, .T. ) ;
#8225 = EDGE_CURVE ( 'NONE', #5572, #3655, #735, .T. ) ;
#8226 = SURFACE_SIDE_STYLE ('',( #6046 ) ) ;
#8227 = PRESENTATION_LAYER_ASSIGNMENT (  '', '', ( #3353 ) ) ;
#8228 = COLOUR_RGB ( '',0.8941176470588234615, 0.9137254901960784048, 0.9294117647058823817 ) ;
#8229 =( NAMED_UNIT ( * ) PLANE_ANGLE_UNIT ( ) SI_UNIT ( $, .RADIAN. ) );
#8230 = SURFACE_STYLE_USAGE ( .BOTH. , #904 ) ;
#8231 = DIRECTION ( 'NONE',  ( -0.000000000000000000, -0.000000000000000000, -1.000000000000000000 ) ) ;
#8232 = DIRECTION ( 'NONE',  ( -1.000000000000000000, 0.000000000000000000, 0.000000000000000000 ) ) ;
#8233 = CIRCLE ( 'NONE', #4160, 0.2250000000000000611 ) ;
#8234 =( GEOMETRIC_REPRESENTATION_CONTEXT ( 3 ) GLOBAL_UNCERTAINTY_ASSIGNED_CONTEXT ( ( #1865 ) ) GLOBAL_UNIT_ASSIGNED_CONTEXT ( ( #2714, #4159, #5588 ) ) REPRESENTATION_CONTEXT ( 'NONE', 'WORKASPACE' ) );
#8235 = SURFACE_SIDE_STYLE ('',( #4505 ) ) ;
#8236 = CIRCLE ( 'NONE', #8085, 0.2250000000000001443 ) ;
#8237 =( NAMED_UNIT ( * ) SI_UNIT ( $, .STERADIAN. ) SOLID_ANGLE_UNIT ( ) );
#8238 = AXIS2_PLACEMENT_3D ( 'NONE', #4319, #7223, #3582 ) ;
#8239 =( LENGTH_UNIT ( ) NAMED_UNIT ( * ) SI_UNIT ( .MILLI., .METRE. ) );
#8240 =( NAMED_UNIT ( * ) SI_UNIT ( $, .STERADIAN. ) SOLID_ANGLE_UNIT ( ) );
#8241 = DIRECTION ( 'NONE',  ( -1.000000000000000000, 0.000000000000000000, 0.000000000000000000 ) ) ;
#8242 = ADVANCED_FACE ( 'NONE', ( #7350 ), #8267, .T. ) ;
#8243 = DIRECTION ( 'NONE',  ( -1.000000000000000000, 0.000000000000000000, 0.000000000000000000 ) ) ;
#8244 = ADVANCED_FACE ( 'NONE', ( #1368 ), #1642, .T. ) ;
#8245 = SURFACE_STYLE_FILL_AREA ( #9052 ) ;
#8246 = MECHANICAL_DESIGN_GEOMETRIC_PRESENTATION_REPRESENTATION (  '', ( #2936 ), #6113 ) ;
#8247 = AXIS2_PLACEMENT_3D ( 'NONE', #3687, #1446, #4466 ) ;
#8248 = CIRCLE ( 'NONE', #5374, 0.1870828693386972497 ) ;
#8249 = UNCERTAINTY_MEASURE_WITH_UNIT (LENGTH_MEASURE( 1.000000000000000082E-05 ), #786, 'distance_accuracy_value', 'NONE');
#8250 = AXIS2_PLACEMENT_3D ( 'NONE', #5303, #1657, #503 ) ;
#8251 =( NAMED_UNIT ( * ) PLANE_ANGLE_UNIT ( ) SI_UNIT ( $, .RADIAN. ) );
#8252 =( LENGTH_UNIT ( ) NAMED_UNIT ( * ) SI_UNIT ( .MILLI., .METRE. ) );
#8253 = DIRECTION ( 'NONE',  ( 0.000000000000000000, -1.000000000000000000, 0.000000000000000000 ) ) ;
#8254 =( GEOMETRIC_REPRESENTATION_CONTEXT ( 3 ) GLOBAL_UNCERTAINTY_ASSIGNED_CONTEXT ( ( #3442 ) ) GLOBAL_UNIT_ASSIGNED_CONTEXT ( ( #7496, #7631, #8996 ) ) REPRESENTATION_CONTEXT ( 'NONE', 'WORKASPACE' ) );
#8255 = EDGE_CURVE ( 'NONE', #455, #7171, #1925, .T. ) ;
#8256 = PRESENTATION_LAYER_ASSIGNMENT (  '', '', ( #8720 ) ) ;
#8257 = DIRECTION ( 'NONE',  ( 0.000000000000000000, -1.000000000000000000, 0.000000000000000000 ) ) ;
#8258 = SURFACE_SIDE_STYLE ('',( #5937 ) ) ;
#8259 = UNCERTAINTY_MEASURE_WITH_UNIT (LENGTH_MEASURE( 1.000000000000000082E-05 ), #3352, 'distance_accuracy_value', 'NONE');
#8260 = AXIS2_PLACEMENT_3D ( 'NONE', #7542, #6853, #992 ) ;
#8261 = STYLED_ITEM ( 'NONE', ( #401 ), #7162 ) ;
#8262 = SURFACE_STYLE_FILL_AREA ( #1732 ) ;
#8263 = DIRECTION ( 'NONE',  ( 0.000000000000000000, -1.000000000000000000, 0.000000000000000000 ) ) ;
#8264 = DIRECTION ( 'NONE',  ( -1.000000000000000000, 0.000000000000000000, 0.000000000000000000 ) ) ;
#8265 = ORIENTED_EDGE ( 'NONE', *, *, #2200, .T. ) ;
#8266 = DIRECTION ( 'NONE',  ( 0.000000000000000000, 0.000000000000000000, 1.000000000000000000 ) ) ;
#8268 = ORIENTED_EDGE ( 'NONE', *, *, #33, .T. ) ;
#8267 = SPHERICAL_SURFACE ( 'NONE', #3913, 0.2250000000000000888 ) ;
#8269 = PRESENTATION_STYLE_ASSIGNMENT (( #8880 ) ) ;
#8270 = STYLED_ITEM ( 'NONE', ( #1882 ), #7587 ) ;
#8271 = AXIS2_PLACEMENT_3D ( 'NONE', #2237, #5768, #8669 ) ;
#8272 = VERTEX_POINT ( 'NONE', #3214 ) ;
#8273 = EDGE_CURVE ( 'NONE', #5619, #354, #5599, .T. ) ;
#8274 = EDGE_LOOP ( 'NONE', ( #4713, #2571, #5987 ) ) ;
#8275 = PRESENTATION_STYLE_ASSIGNMENT (( #3180 ) ) ;
#8276 =( NAMED_UNIT ( * ) PLANE_ANGLE_UNIT ( ) SI_UNIT ( $, .RADIAN. ) );
#8277 = AXIS2_PLACEMENT_3D ( 'NONE', #7558, #1727, #3164 ) ;
#8278 =( LENGTH_UNIT ( ) NAMED_UNIT ( * ) SI_UNIT ( .MILLI., .METRE. ) );
#8279 = ORIENTED_EDGE ( 'NONE', *, *, #7784, .F. ) ;
#8280 = FILL_AREA_STYLE ('',( #3224 ) ) ;
#8281 = EDGE_LOOP ( 'NONE', ( #1216, #8614, #7384 ) ) ;
#8282 = CIRCLE ( 'NONE', #7985, 0.2249999999999999500 ) ;
#8283 =( NAMED_UNIT ( * ) SI_UNIT ( $, .STERADIAN. ) SOLID_ANGLE_UNIT ( ) );
#8284 = CARTESIAN_POINT ( 'NONE',  ( -3.312917130661302334, 0.000000000000000000, 8.000000000000000000 ) ) ;
#8285 = FACE_OUTER_BOUND ( 'NONE', #2490, .T. ) ;
#8286 =( NAMED_UNIT ( * ) PLANE_ANGLE_UNIT ( ) SI_UNIT ( $, .RADIAN. ) );
#8287 = SPHERICAL_SURFACE ( 'NONE', #1256, 0.2250000000000000888 ) ;
#8288 = DIRECTION ( 'NONE',  ( 0.000000000000000000, 0.000000000000000000, 1.000000000000000000 ) ) ;
#8289 = COLOUR_RGB ( '',0.8941176470588234615, 0.9137254901960784048, 0.9294117647058823817 ) ;
#8290 = DIRECTION ( 'NONE',  ( 0.000000000000000000, -1.000000000000000000, 0.000000000000000000 ) ) ;
#8291 = CARTESIAN_POINT ( 'NONE',  ( 0.3129171306613032777, 0.000000000000000000, 4.000000000000000000 ) ) ;
#8292 = FACE_OUTER_BOUND ( 'NONE', #1995, .T. ) ;
#8293 = SURFACE_STYLE_FILL_AREA ( #374 ) ;
#8294 = MECHANICAL_DESIGN_GEOMETRIC_PRESENTATION_REPRESENTATION (  '', ( #8447 ), #4054 ) ;
#8295 = CIRCLE ( 'NONE', #7701, 0.1870828693386963892 ) ;
#8296 = DIRECTION ( 'NONE',  ( 1.000000000000000000, 0.000000000000000000, 0.000000000000000000 ) ) ;
#8297 = AXIS2_PLACEMENT_3D ( 'NONE', #2079, #7980, #8028 ) ;
#8298 = ADVANCED_FACE ( 'NONE', ( #6795 ), #4575, .T. ) ;
#8299 = MECHANICAL_DESIGN_GEOMETRIC_PRESENTATION_REPRESENTATION (  '', ( #5434 ), #2675 ) ;
#8300 = FILL_AREA_STYLE_COLOUR ( '', #8510 ) ;
#8301 = UNCERTAINTY_MEASURE_WITH_UNIT (LENGTH_MEASURE( 1.000000000000000082E-05 ), #4120, 'distance_accuracy_value', 'NONE');
#8302 = MECHANICAL_DESIGN_GEOMETRIC_PRESENTATION_REPRESENTATION (  '', ( #1304 ), #9063 ) ;
#8303 = CARTESIAN_POINT ( 'NONE',  ( 1.312917130661303222, 0.000000000000000000, 0.000000000000000000 ) ) ;
#8304 = AXIS2_PLACEMENT_3D ( 'NONE', #2564, #4734, #416 ) ;
#8305 = COLOUR_RGB ( '',0.2980392156862745057, 0.2980392156862745057, 0.2980392156862745057 ) ;
#8306 = ADVANCED_FACE ( 'NONE', ( #1688 ), #9228, .T. ) ;
#8307 = DIRECTION ( 'NONE',  ( -1.000000000000000000, 0.000000000000000000, 0.000000000000000000 ) ) ;
#8308 = CIRCLE ( 'NONE', #7577, 0.1870828693386972497 ) ;
#8309 = DIRECTION ( 'NONE',  ( -1.000000000000000000, 0.000000000000000000, 0.000000000000000000 ) ) ;
#8311 = CIRCLE ( 'NONE', #2854, 0.1870828693386972497 ) ;
#8310 =( GEOMETRIC_REPRESENTATION_CONTEXT ( 3 ) GLOBAL_UNCERTAINTY_ASSIGNED_CONTEXT ( ( #1442 ) ) GLOBAL_UNIT_ASSIGNED_CONTEXT ( ( #8759, #5125, #7319 ) ) REPRESENTATION_CONTEXT ( 'NONE', 'WORKASPACE' ) );
#8312 = EDGE_LOOP ( 'NONE', ( #1021, #3794 ) ) ;
#8313 =( NAMED_UNIT ( * ) PLANE_ANGLE_UNIT ( ) SI_UNIT ( $, .RADIAN. ) );
#8314 = EDGE_LOOP ( 'NONE', ( #2653, #5137, #7147, #4418 ) ) ;
#8315 = DIRECTION ( 'NONE',  ( 0.000000000000000000, 0.000000000000000000, -1.000000000000000000 ) ) ;
#8316 = ORIENTED_EDGE ( 'NONE', *, *, #4601, .T. ) ;
#8317 = CIRCLE ( 'NONE', #3292, 0.1870828693386972497 ) ;
#8318 = ORIENTED_EDGE ( 'NONE', *, *, #4461, .T. ) ;
#8319 =( LENGTH_UNIT ( ) NAMED_UNIT ( * ) SI_UNIT ( .MILLI., .METRE. ) );
#8320 = AXIS2_PLACEMENT_3D ( 'NONE', #1517, #6567, #638 ) ;
#8321 = VERTEX_POINT ( 'NONE', #9028 ) ;
#8322 = EDGE_CURVE ( 'NONE', #4823, #3641, #1615, .T. ) ;
#8323 = FILL_AREA_STYLE_COLOUR ( '', #7562 ) ;
#8324 = VERTEX_POINT ( 'NONE', #4147 ) ;
#8325 = DIRECTION ( 'NONE',  ( -0.000000000000000000, -0.000000000000000000, -1.000000000000000000 ) ) ;
#8326 =( NAMED_UNIT ( * ) SI_UNIT ( $, .STERADIAN. ) SOLID_ANGLE_UNIT ( ) );
#8327 = FACE_OUTER_BOUND ( 'NONE', #5150, .T. ) ;
#8328 = FILL_AREA_STYLE_COLOUR ( '', #2796 ) ;
#8329 = SURFACE_STYLE_USAGE ( .BOTH. , #280 ) ;
#8330 = FILL_AREA_STYLE ('',( #3828 ) ) ;
#8331 = LINE ( 'NONE', #1805, #2395 ) ;
#8332 =( GEOMETRIC_REPRESENTATION_CONTEXT ( 3 ) GLOBAL_UNCERTAINTY_ASSIGNED_CONTEXT ( ( #6576 ) ) GLOBAL_UNIT_ASSIGNED_CONTEXT ( ( #4806, #2040, #2584 ) ) REPRESENTATION_CONTEXT ( 'NONE', 'WORKASPACE' ) );
#8333 = DIRECTION ( 'NONE',  ( 0.000000000000000000, 1.000000000000000000, 0.000000000000000000 ) ) ;
#8334 = CARTESIAN_POINT ( 'NONE',  ( -2.499999999999999556, 0.000000000000000000, 2.999999999999999112 ) ) ;
#8335 =( NAMED_UNIT ( * ) PLANE_ANGLE_UNIT ( ) SI_UNIT ( $, .RADIAN. ) );
#8336 = PRESENTATION_STYLE_ASSIGNMENT (( #3820 ) ) ;
#8337 = UNCERTAINTY_MEASURE_WITH_UNIT (LENGTH_MEASURE( 1.000000000000000082E-05 ), #2457, 'distance_accuracy_value', 'NONE');
#8338 = MECHANICAL_DESIGN_GEOMETRIC_PRESENTATION_REPRESENTATION (  '', ( #6212 ), #170 ) ;
#8339 = VERTEX_POINT ( 'NONE', #8464 ) ;
#8340 =( NAMED_UNIT ( * ) PLANE_ANGLE_UNIT ( ) SI_UNIT ( $, .RADIAN. ) );
#8341 =( LENGTH_UNIT ( ) NAMED_UNIT ( * ) SI_UNIT ( .MILLI., .METRE. ) );
#8342 = CARTESIAN_POINT ( 'NONE',  ( -0.4999999999999995559, -0.3500000000000000333, -4.000000000000000000 ) ) ;
#8343 = CIRCLE ( 'NONE', #1645, 0.2249999999999999500 ) ;
#8344 = DIRECTION ( 'NONE',  ( -1.000000000000000000, 0.000000000000000000, 0.000000000000000000 ) ) ;
#8345 = CARTESIAN_POINT ( 'NONE',  ( 3.500000000000000444, 0.000000000000000000, 8.000000000000000000 ) ) ;
#8346 = STYLED_ITEM ( 'NONE', ( #3968 ), #2139 ) ;
#8347 = CARTESIAN_POINT ( 'NONE',  ( 2.687082869338697666, 0.000000000000000000, -4.000000000000000000 ) ) ;
#8348 = EDGE_CURVE ( 'NONE', #455, #6616, #9245, .T. ) ;
#8349 = VERTEX_POINT ( 'NONE', #1988 ) ;
#8350 = UNCERTAINTY_MEASURE_WITH_UNIT (LENGTH_MEASURE( 1.000000000000000082E-05 ), #336, 'distance_accuracy_value', 'NONE');
#8351 = CARTESIAN_POINT ( 'NONE',  ( 2.500000000000000444, 0.000000000000000000, 2.999999999999999112 ) ) ;
#8352 = CARTESIAN_POINT ( 'NONE',  ( 3.500000000000000444, -0.1250000000000000000, 8.000000000000000000 ) ) ;
#8353 = CARTESIAN_POINT ( 'NONE',  ( -3.312917130661302334, 0.000000000000000000, 2.000000000000000000 ) ) ;
#8354 = ORIENTED_EDGE ( 'NONE', *, *, #8420, .F. ) ;
#8355 = CARTESIAN_POINT ( 'NONE',  ( -3.499999999999999556, 0.000000000000000000, 8.000000000000000000 ) ) ;
#8356 = CARTESIAN_POINT ( 'NONE',  ( -1.499999999999999556, -0.1250000000000000000, 4.000000000000000000 ) ) ;
#8357 = ORIENTED_EDGE ( 'NONE', *, *, #5524, .F. ) ;
#8358 = EDGE_CURVE ( 'NONE', #629, #9325, #8308, .T. ) ;
#8359 = ADVANCED_FACE ( 'NONE', ( #4759 ), #6197, .T. ) ;
#8360 = CARTESIAN_POINT ( 'NONE',  ( -2.687082869338696778, 0.000000000000000000, -2.000000000000000000 ) ) ;
#8361 = FILL_AREA_STYLE_COLOUR ( '', #3857 ) ;
#8362 = ORIENTED_EDGE ( 'NONE', *, *, #1348, .F. ) ;
#8363 = FACE_OUTER_BOUND ( 'NONE', #8984, .T. ) ;
#8364 = VERTEX_POINT ( 'NONE', #7708 ) ;
#8365 = DIRECTION ( 'NONE',  ( 0.000000000000000000, -1.000000000000000000, 0.000000000000000000 ) ) ;
#8366 = EDGE_CURVE ( 'NONE', #8530, #5253, #6947, .T. ) ;
#8367 = DIRECTION ( 'NONE',  ( 1.000000000000000000, 0.000000000000000000, 0.000000000000000000 ) ) ;
#8368 = CARTESIAN_POINT ( 'NONE',  ( 3.500000000000000444, -0.1250000000000000000, -2.000000000000000000 ) ) ;
#8369 = AXIS2_PLACEMENT_3D ( 'NONE', #6752, #853, #6080 ) ;
#8370 =( GEOMETRIC_REPRESENTATION_CONTEXT ( 3 ) GLOBAL_UNCERTAINTY_ASSIGNED_CONTEXT ( ( #385 ) ) GLOBAL_UNIT_ASSIGNED_CONTEXT ( ( #7290, #8817, #5881 ) ) REPRESENTATION_CONTEXT ( 'NONE', 'WORKASPACE' ) );
#8371 = DIRECTION ( 'NONE',  ( 0.000000000000000000, 1.000000000000000000, 0.000000000000000000 ) ) ;
#8372 = SURFACE_SIDE_STYLE ('',( #4064 ) ) ;
#8373 = FILL_AREA_STYLE ('',( #1353 ) ) ;
#8374 = DIRECTION ( 'NONE',  ( -0.000000000000000000, -0.000000000000000000, -1.000000000000000000 ) ) ;
#8375 = ORIENTED_EDGE ( 'NONE', *, *, #7000, .F. ) ;
#8376 =( LENGTH_UNIT ( ) NAMED_UNIT ( * ) SI_UNIT ( .MILLI., .METRE. ) );
#8377 = FILL_AREA_STYLE_COLOUR ( '', #7407 ) ;
#8378 = DIRECTION ( 'NONE',  ( 0.000000000000000000, -1.000000000000000000, 0.000000000000000000 ) ) ;
#8379 = CIRCLE ( 'NONE', #5075, 0.2249999999999999500 ) ;
#8380 = COLOUR_RGB ( '',0.8941176470588234615, 0.9137254901960784048, 0.9294117647058823817 ) ;
#8381 = DIRECTION ( 'NONE',  ( 0.000000000000000000, 0.000000000000000000, 1.000000000000000000 ) ) ;
#8382 =( NAMED_UNIT ( * ) SI_UNIT ( $, .STERADIAN. ) SOLID_ANGLE_UNIT ( ) );
#8383 =( NAMED_UNIT ( * ) PLANE_ANGLE_UNIT ( ) SI_UNIT ( $, .RADIAN. ) );
#8384 = EDGE_LOOP ( 'NONE', ( #7093, #1006 ) ) ;
#8385 = EDGE_CURVE ( 'NONE', #3708, #6404, #1774, .T. ) ;
#8386 = CIRCLE ( 'NONE', #5678, 0.1870828693386972497 ) ;
#8387 = ORIENTED_EDGE ( 'NONE', *, *, #4074, .F. ) ;
#8388 =( LENGTH_UNIT ( ) NAMED_UNIT ( * ) SI_UNIT ( .MILLI., .METRE. ) );
#8389 = CIRCLE ( 'NONE', #3681, 0.2249999999999999500 ) ;
#8390 = AXIS2_PLACEMENT_3D ( 'NONE', #5956, #3771, #7922 ) ;
#8391 = FILL_AREA_STYLE ('',( #7016 ) ) ;
#8392 = SURFACE_SIDE_STYLE ('',( #9266 ) ) ;
#8393 = UNCERTAINTY_MEASURE_WITH_UNIT (LENGTH_MEASURE( 1.000000000000000082E-05 ), #188, 'distance_accuracy_value', 'NONE');
#8394 = DIRECTION ( 'NONE',  ( 1.000000000000000000, 0.000000000000000000, 0.000000000000000000 ) ) ;
#8395 = CARTESIAN_POINT ( 'NONE',  ( 6.999999999999998224, 0.2599999999999998979, 9.000000000000000000 ) ) ;
#8396 = AXIS2_PLACEMENT_3D ( 'NONE', #919, #243, #1101 ) ;
#8397 = VECTOR ( 'NONE', #7185, 1000.000000000000000 ) ;
#8398 = AXIS2_PLACEMENT_3D ( 'NONE', #3627, #4356, #7263 ) ;
#8399 = CARTESIAN_POINT ( 'NONE',  ( -0.4999999999999995559, -0.3500000000000000333, 1.000000000000000888 ) ) ;
#8400 = AXIS2_PLACEMENT_3D ( 'NONE', #491, #1364, #2650 ) ;
#8401 = COLOUR_RGB ( '',0.8941176470588234615, 0.9137254901960784048, 0.9294117647058823817 ) ;
#8402 = ORIENTED_EDGE ( 'NONE', *, *, #5022, .F. ) ;
#8403 = DIRECTION ( 'NONE',  ( -0.000000000000000000, -0.000000000000000000, -1.000000000000000000 ) ) ;
#8404 = CARTESIAN_POINT ( 'NONE',  ( -3.499999999999999556, -0.1250000000000000000, -5.000000000000000000 ) ) ;
#8405 = MECHANICAL_DESIGN_GEOMETRIC_PRESENTATION_REPRESENTATION (  '', ( #6114 ), #4937 ) ;
#8406 = AXIS2_PLACEMENT_3D ( 'NONE', #4121, #7006, #6284 ) ;
#8407 = AXIS2_PLACEMENT_3D ( 'NONE', #5754, #8652, #3605 ) ;
#8408 = VERTEX_POINT ( 'NONE', #7645 ) ;
#8409 = DIRECTION ( 'NONE',  ( 0.000000000000000000, -1.000000000000000000, 0.000000000000000000 ) ) ;
#8411 = EDGE_LOOP ( 'NONE', ( #4696, #596, #8268 ) ) ;
#8410 = SURFACE_SIDE_STYLE ('',( #1111 ) ) ;
#8412 = CARTESIAN_POINT ( 'NONE',  ( 0.5000000000000004441, 0.000000000000000000, 1.000000000000000888 ) ) ;
#8413 = MECHANICAL_DESIGN_GEOMETRIC_PRESENTATION_REPRESENTATION (  '', ( #961 ), #7059 ) ;
#8414 = MECHANICAL_DESIGN_GEOMETRIC_PRESENTATION_REPRESENTATION (  '', ( #4629 ), #1264 ) ;
#8415 = VERTEX_POINT ( 'NONE', #6916 ) ;
#8416 = PRESENTATION_LAYER_ASSIGNMENT (  '', '', ( #8114 ) ) ;
#8417 = ORIENTED_EDGE ( 'NONE', *, *, #8949, .T. ) ;
#8418 = SPHERICAL_SURFACE ( 'NONE', #1392, 0.2250000000000000888 ) ;
#8419 = VERTEX_POINT ( 'NONE', #8915 ) ;
#8420 = EDGE_CURVE ( 'NONE', #3520, #6796, #1477, .T. ) ;
#8421 = SURFACE_SIDE_STYLE ('',( #5536 ) ) ;
#8422 = COLOUR_RGB ( '',0.8941176470588234615, 0.9137254901960784048, 0.9294117647058823817 ) ;
#8423 = ORIENTED_EDGE ( 'NONE', *, *, #8664, .T. ) ;
#8424 = DIRECTION ( 'NONE',  ( -0.7071067811865474617, 0.000000000000000000, 0.7071067811865474617 ) ) ;
#8425 = STYLED_ITEM ( 'NONE', ( #3763 ), #6452 ) ;
#8426 = EDGE_LOOP ( 'NONE', ( #6436, #5951 ) ) ;
#8427 = DIRECTION ( 'NONE',  ( 0.000000000000000000, -1.000000000000000000, 0.000000000000000000 ) ) ;
#8428 = STYLED_ITEM ( 'NONE', ( #6465 ), #7462 ) ;
#8429 = AXIS2_PLACEMENT_3D ( 'NONE', #5581, #6313, #1067 ) ;
#8430 = ADVANCED_FACE ( 'NONE', ( #8962 ), #1723, .T. ) ;
#8431 = DIRECTION ( 'NONE',  ( 0.000000000000000000, 0.000000000000000000, 1.000000000000000000 ) ) ;
#8432 =( LENGTH_UNIT ( ) NAMED_UNIT ( * ) SI_UNIT ( .MILLI., .METRE. ) );
#8433 = APPLICATION_PROTOCOL_DEFINITION ( 'draft international standard', 'automotive_design', 1998, #7857 ) ;
#8434 = ORIENTED_EDGE ( 'NONE', *, *, #7962, .F. ) ;
#8435 = CARTESIAN_POINT ( 'NONE',  ( 1.500000000000000444, 0.000000000000000000, -5.000000000000000000 ) ) ;
#8436 = DIRECTION ( 'NONE',  ( 0.000000000000000000, -1.000000000000000000, 0.000000000000000000 ) ) ;
#8437 = COLOUR_RGB ( '',0.8941176470588234615, 0.9137254901960784048, 0.9294117647058823817 ) ;
#8438 =( LENGTH_UNIT ( ) NAMED_UNIT ( * ) SI_UNIT ( .MILLI., .METRE. ) );
#8439 =( LENGTH_UNIT ( ) NAMED_UNIT ( * ) SI_UNIT ( .MILLI., .METRE. ) );
#8440 = CARTESIAN_POINT ( 'NONE',  ( -0.3129171306613024450, 0.000000000000000000, 5.000000000000000888 ) ) ;
#8441 = DIRECTION ( 'NONE',  ( 0.000000000000000000, 0.000000000000000000, 1.000000000000000000 ) ) ;
#8442 = ORIENTED_EDGE ( 'NONE', *, *, #6902, .T. ) ;
#8443 = FILL_AREA_STYLE ('',( #7689 ) ) ;
#8444 = VERTEX_POINT ( 'NONE', #6828 ) ;
#8445 = DIRECTION ( 'NONE',  ( 1.000000000000000000, 0.000000000000000000, 0.000000000000000000 ) ) ;
#8446 = SURFACE_SIDE_STYLE ('',( #1772 ) ) ;
#8447 = STYLED_ITEM ( 'NONE', ( #6337 ), #3018 ) ;
#8448 = ADVANCED_FACE ( 'NONE', ( #6777 ), #4080, .T. ) ;
#8449 = AXIS2_PLACEMENT_3D ( 'NONE', #6974, #2741, #8450 ) ;
#8450 = DIRECTION ( 'NONE',  ( -1.000000000000000000, 0.000000000000000000, 0.000000000000000000 ) ) ;
#8451 = SURFACE_SIDE_STYLE ('',( #3339 ) ) ;
#8452 = SURFACE_STYLE_FILL_AREA ( #7238 ) ;
#8453 =( GEOMETRIC_REPRESENTATION_CONTEXT ( 3 ) GLOBAL_UNCERTAINTY_ASSIGNED_CONTEXT ( ( #5924 ) ) GLOBAL_UNIT_ASSIGNED_CONTEXT ( ( #2307, #1590, #887 ) ) REPRESENTATION_CONTEXT ( 'NONE', 'WORKASPACE' ) );
#8454 = ORIENTED_EDGE ( 'NONE', *, *, #2147, .F. ) ;
#8455 = UNCERTAINTY_MEASURE_WITH_UNIT (LENGTH_MEASURE( 1.000000000000000082E-05 ), #366, 'distance_accuracy_value', 'NONE');
#8456 = AXIS2_PLACEMENT_3D ( 'NONE', #8732, #959, #6819 ) ;
#8457 = SURFACE_STYLE_USAGE ( .BOTH. , #5620 ) ;
#8458 = SPHERICAL_SURFACE ( 'NONE', #2378, 0.2250000000000000888 ) ;
#8459 = DIRECTION ( 'NONE',  ( -1.224646799147353207E-16, 0.000000000000000000, 1.000000000000000000 ) ) ;
#8460 = EDGE_LOOP ( 'NONE', ( #7345, #7487, #3753 ) ) ;
#8461 = DIRECTION ( 'NONE',  ( 1.000000000000000000, 0.000000000000000000, 1.224646799147353947E-16 ) ) ;
#8462 = SURFACE_SIDE_STYLE ('',( #3305 ) ) ;
#8463 = MECHANICAL_DESIGN_GEOMETRIC_PRESENTATION_REPRESENTATION (  '', ( #6930 ), #4224 ) ;
#8465 = VERTEX_POINT ( 'NONE', #6726 ) ;
#8464 = CARTESIAN_POINT ( 'NONE',  ( -2.312917130661302334, 0.000000000000000000, -3.000000000000000000 ) ) ;
#8466 =( GEOMETRIC_REPRESENTATION_CONTEXT ( 3 ) GLOBAL_UNCERTAINTY_ASSIGNED_CONTEXT ( ( #6923 ) ) GLOBAL_UNIT_ASSIGNED_CONTEXT ( ( #4953, #3974, #3440 ) ) REPRESENTATION_CONTEXT ( 'NONE', 'WORKASPACE' ) );
#8467 = MECHANICAL_DESIGN_GEOMETRIC_PRESENTATION_REPRESENTATION (  '', ( #5888 ), #1764 ) ;
#8468 = ORIENTED_EDGE ( 'NONE', *, *, #7563, .T. ) ;
#8469 = DIRECTION ( 'NONE',  ( 0.000000000000000000, -1.000000000000000000, 0.000000000000000000 ) ) ;
#8470 = UNCERTAINTY_MEASURE_WITH_UNIT (LENGTH_MEASURE( 1.000000000000000082E-05 ), #777, 'distance_accuracy_value', 'NONE');
#8471 = COLOUR_RGB ( '',0.8941176470588234615, 0.9137254901960784048, 0.9294117647058823817 ) ;
#8473 = AXIS2_PLACEMENT_3D ( 'NONE', #7370, #2332, #7454 ) ;
#8472 = PRESENTATION_LAYER_ASSIGNMENT (  '', '', ( #6179 ) ) ;
#8474 = COLOUR_RGB ( '',0.8941176470588234615, 0.9137254901960784048, 0.9294117647058823817 ) ;
#8475 = ORIENTED_EDGE ( 'NONE', *, *, #3584, .T. ) ;
#8476 = VERTEX_POINT ( 'NONE', #2823 ) ;
#8477 = DIRECTION ( 'NONE',  ( 0.000000000000000000, -1.000000000000000000, 0.000000000000000000 ) ) ;
#8478 = VERTEX_POINT ( 'NONE', #3436 ) ;
#8479 = MECHANICAL_DESIGN_GEOMETRIC_PRESENTATION_REPRESENTATION (  '', ( #7291 ), #3623 ) ;
#8480 = AXIS2_PLACEMENT_3D ( 'NONE', #4571, #7475, #923 ) ;
#8481 = ORIENTED_EDGE ( 'NONE', *, *, #8766, .T. ) ;
#8482 =( NAMED_UNIT ( * ) SI_UNIT ( $, .STERADIAN. ) SOLID_ANGLE_UNIT ( ) );
#8483 = EDGE_CURVE ( 'NONE', #8196, #8679, #1014, .T. ) ;
#8484 = ADVANCED_FACE ( 'NONE', ( #2630 ), #5559, .T. ) ;
#8485 = FACE_OUTER_BOUND ( 'NONE', #3129, .T. ) ;
#8486 =( GEOMETRIC_REPRESENTATION_CONTEXT ( 3 ) GLOBAL_UNCERTAINTY_ASSIGNED_CONTEXT ( ( #2784 ) ) GLOBAL_UNIT_ASSIGNED_CONTEXT ( ( #4878, #4785, #1179 ) ) REPRESENTATION_CONTEXT ( 'NONE', 'WORKASPACE' ) );
#8487 =( NAMED_UNIT ( * ) SI_UNIT ( $, .STERADIAN. ) SOLID_ANGLE_UNIT ( ) );
#8488 = PRESENTATION_LAYER_ASSIGNMENT (  '', '', ( #6809 ) ) ;
#8489 = SPHERICAL_SURFACE ( 'NONE', #7427, 0.2250000000000000888 ) ;
#8490 = ADVANCED_FACE ( 'NONE', ( #3540 ), #1972, .F. ) ;
#8491 = SPHERICAL_SURFACE ( 'NONE', #2321, 0.2250000000000000888 ) ;
#8492 = ORIENTED_EDGE ( 'NONE', *, *, #5931, .F. ) ;
#8493 = CARTESIAN_POINT ( 'NONE',  ( 6.999999999999998224, 0.9100000000000000311, 9.000000000000000000 ) ) ;
#8494 = FILL_AREA_STYLE ('',( #5497 ) ) ;
#8495 = FILL_AREA_STYLE ('',( #9206 ) ) ;
#8496 = DIRECTION ( 'NONE',  ( 0.000000000000000000, 0.000000000000000000, -1.000000000000000000 ) ) ;
#8497 = DIRECTION ( 'NONE',  ( -1.000000000000000000, -0.000000000000000000, 0.000000000000000000 ) ) ;
#8498 = EDGE_CURVE ( 'NONE', #5287, #7402, #2859, .T. ) ;
#8499 = EDGE_CURVE ( 'NONE', #469, #684, #7726, .T. ) ;
#8500 = DIRECTION ( 'NONE',  ( 0.000000000000000000, -1.000000000000000000, 0.000000000000000000 ) ) ;
#8501 = ORIENTED_EDGE ( 'NONE', *, *, #471, .T. ) ;
#8502 = CARTESIAN_POINT ( 'NONE',  ( 3.500000000000000444, 0.000000000000000000, 0.000000000000000000 ) ) ;
#8503 = CIRCLE ( 'NONE', #7441, 0.1870828693386971386 ) ;
#8504 = ORIENTED_EDGE ( 'NONE', *, *, #6798, .F. ) ;
#8505 = DIRECTION ( 'NONE',  ( -1.000000000000000000, 0.000000000000000000, 0.000000000000000000 ) ) ;
#8506 =( NAMED_UNIT ( * ) PLANE_ANGLE_UNIT ( ) SI_UNIT ( $, .RADIAN. ) );
#8507 = UNCERTAINTY_MEASURE_WITH_UNIT (LENGTH_MEASURE( 1.000000000000000082E-05 ), #690, 'distance_accuracy_value', 'NONE');
#8508 =( NAMED_UNIT ( * ) PLANE_ANGLE_UNIT ( ) SI_UNIT ( $, .RADIAN. ) );
#8509 = PRESENTATION_STYLE_ASSIGNMENT (( #1300 ) ) ;
#8510 = COLOUR_RGB ( '',1.000000000000000000, 1.000000000000000000, 1.000000000000000000 ) ;
#8511 = ORIENTED_EDGE ( 'NONE', *, *, #2087, .F. ) ;
#8512 = FACE_OUTER_BOUND ( 'NONE', #8281, .T. ) ;
#8513 = FACE_OUTER_BOUND ( 'NONE', #2525, .T. ) ;
#8514 =( GEOMETRIC_REPRESENTATION_CONTEXT ( 3 ) GLOBAL_UNCERTAINTY_ASSIGNED_CONTEXT ( ( #6279 ) ) GLOBAL_UNIT_ASSIGNED_CONTEXT ( ( #5876, #2826, #1391 ) ) REPRESENTATION_CONTEXT ( 'NONE', 'WORKASPACE' ) );
#8515 = VERTEX_POINT ( 'NONE', #4892 ) ;
#8516 = FILL_AREA_STYLE_COLOUR ( '', #2039 ) ;
#8517 = DIRECTION ( 'NONE',  ( 0.000000000000000000, 0.000000000000000000, -1.000000000000000000 ) ) ;
#8518 = CIRCLE ( 'NONE', #6066, 0.2250000000000001443 ) ;
#8519 = EDGE_LOOP ( 'NONE', ( #5437, #3215, #8030 ) ) ;
#8520 = DIRECTION ( 'NONE',  ( 0.000000000000000000, -1.000000000000000000, 0.000000000000000000 ) ) ;
#8521 = ORIENTED_EDGE ( 'NONE', *, *, #3229, .F. ) ;
#8522 =( NAMED_UNIT ( * ) SI_UNIT ( $, .STERADIAN. ) SOLID_ANGLE_UNIT ( ) );
#8523 = ORIENTED_EDGE ( 'NONE', *, *, #6401, .F. ) ;
#8524 = VERTEX_POINT ( 'NONE', #4951 ) ;
#8525 = CARTESIAN_POINT ( 'NONE',  ( -1.499999999999999556, 0.000000000000000000, -1.000000000000000000 ) ) ;
#8526 = EDGE_LOOP ( 'NONE', ( #544, #5200 ) ) ;
#8527 = CARTESIAN_POINT ( 'NONE',  ( -1.499999999999999556, 0.000000000000000000, -2.000000000000000000 ) ) ;
#8528 = DIRECTION ( 'NONE',  ( 0.000000000000000000, -0.000000000000000000, 1.000000000000000000 ) ) ;
#8529 = CARTESIAN_POINT ( 'NONE',  ( 1.500000000000000444, -0.3500000000000000333, -5.000000000000000000 ) ) ;
#8530 = VERTEX_POINT ( 'NONE', #7172 ) ;
#8531 =( LENGTH_UNIT ( ) NAMED_UNIT ( * ) SI_UNIT ( .MILLI., .METRE. ) );
#8532 = CARTESIAN_POINT ( 'NONE',  ( -0.4999999999999995559, 0.000000000000000000, 5.000000000000000888 ) ) ;
#8533 = MECHANICAL_DESIGN_GEOMETRIC_PRESENTATION_REPRESENTATION (  '', ( #4299 ), #7627 ) ;
#8534 = CARTESIAN_POINT ( 'NONE',  ( -0.4999999999999995559, -0.1250000000000000000, 2.000000000000000000 ) ) ;
#8535 = SURFACE_STYLE_USAGE ( .BOTH. , #2673 ) ;
#8536 = SPHERICAL_SURFACE ( 'NONE', #351, 0.2250000000000000888 ) ;
#8537 = ORIENTED_EDGE ( 'NONE', *, *, #2909, .T. ) ;
#8538 = DIRECTION ( 'NONE',  ( 0.000000000000000000, -1.000000000000000000, 0.000000000000000000 ) ) ;
#8539 = ORIENTED_EDGE ( 'NONE', *, *, #7761, .F. ) ;
#8540 = PRESENTATION_STYLE_ASSIGNMENT (( #2681 ) ) ;
#8541 = EDGE_CURVE ( 'NONE', #6751, #8524, #6806, .T. ) ;
#8542 = STYLED_ITEM ( 'NONE', ( #2830 ), #541 ) ;
#8543 = PRESENTATION_STYLE_ASSIGNMENT (( #473 ) ) ;
#8544 = EDGE_CURVE ( 'NONE', #3385, #8415, #4087, .T. ) ;
#8545 = CARTESIAN_POINT ( 'NONE',  ( 0.5000000000000004441, 0.000000000000000000, 2.000000000000000000 ) ) ;
#8546 = PRESENTATION_STYLE_ASSIGNMENT (( #5657 ) ) ;
#8547 = SURFACE_STYLE_FILL_AREA ( #5005 ) ;
#8548 =( LENGTH_UNIT ( ) NAMED_UNIT ( * ) SI_UNIT ( .MILLI., .METRE. ) );
#8549 = PRESENTATION_LAYER_ASSIGNMENT (  '', '', ( #5367 ) ) ;
#8550 = MECHANICAL_DESIGN_GEOMETRIC_PRESENTATION_REPRESENTATION (  '', ( #2436 ), #2600 ) ;
#8551 = VERTEX_POINT ( 'NONE', #9360 ) ;
#8552 =( NAMED_UNIT ( * ) SI_UNIT ( $, .STERADIAN. ) SOLID_ANGLE_UNIT ( ) );
#8553 = DIRECTION ( 'NONE',  ( 0.000000000000000000, -1.000000000000000000, 0.000000000000000000 ) ) ;
#8554 = EDGE_CURVE ( 'NONE', #4938, #7325, #153, .T. ) ;
#8555 = CARTESIAN_POINT ( 'NONE',  ( 3.500000000000000444, -0.1250000000000000000, -1.000000000000000000 ) ) ;
#8556 = DIRECTION ( 'NONE',  ( 1.000000000000000000, 0.000000000000000000, 0.000000000000000000 ) ) ;
#8557 = ORIENTED_EDGE ( 'NONE', *, *, #6384, .F. ) ;
#8558 =( GEOMETRIC_REPRESENTATION_CONTEXT ( 3 ) GLOBAL_UNCERTAINTY_ASSIGNED_CONTEXT ( ( #8259 ) ) GLOBAL_UNIT_ASSIGNED_CONTEXT ( ( #3352, #7712, #1891 ) ) REPRESENTATION_CONTEXT ( 'NONE', 'WORKASPACE' ) );
#8559 = COLOUR_RGB ( '',0.8941176470588234615, 0.9137254901960784048, 0.9294117647058823817 ) ;
#8560 = SURFACE_SIDE_STYLE ('',( #1268 ) ) ;
#8561 = MECHANICAL_DESIGN_GEOMETRIC_PRESENTATION_REPRESENTATION (  '', ( #7653 ), #4473 ) ;
#8562 = SURFACE_STYLE_FILL_AREA ( #7307 ) ;
#8563 = VERTEX_POINT ( 'NONE', #8918 ) ;
#8564 = DIRECTION ( 'NONE',  ( 0.000000000000000000, -1.000000000000000000, 0.000000000000000000 ) ) ;
#8565 = ORIENTED_EDGE ( 'NONE', *, *, #1142, .F. ) ;
#8566 = CARTESIAN_POINT ( 'NONE',  ( 0.5000000000000004441, -0.1250000000000000000, -4.000000000000000000 ) ) ;
#8567 = ORIENTED_EDGE ( 'NONE', *, *, #6798, .T. ) ;
#8568 = PRESENTATION_LAYER_ASSIGNMENT (  '', '', ( #3232 ) ) ;
#8569 = EDGE_CURVE ( 'NONE', #4047, #219, #1779, .T. ) ;
#8570 =( GEOMETRIC_REPRESENTATION_CONTEXT ( 3 ) GLOBAL_UNCERTAINTY_ASSIGNED_CONTEXT ( ( #8912 ) ) GLOBAL_UNIT_ASSIGNED_CONTEXT ( ( #7143, #9225, #6984 ) ) REPRESENTATION_CONTEXT ( 'NONE', 'WORKASPACE' ) );
#8571 = CARTESIAN_POINT ( 'NONE',  ( -6.800000000000002487, -0.02500000000000000139, -8.799999999999995381 ) ) ;
#8572 = ORIENTED_EDGE ( 'NONE', *, *, #5709, .T. ) ;
#8573 = DIRECTION ( 'NONE',  ( 1.000000000000000000, 0.000000000000000000, 0.000000000000000000 ) ) ;
#8574 = STYLED_ITEM ( 'NONE', ( #4541 ), #7187 ) ;
#8575 = CIRCLE ( 'NONE', #3566, 0.1870828693386972497 ) ;
#8576 = FILL_AREA_STYLE_COLOUR ( '', #7815 ) ;
#8577 = CARTESIAN_POINT ( 'NONE',  ( 0.000000000000000000, 0.000000000000000000, 0.000000000000000000 ) ) ;
#8578 = ORIENTED_EDGE ( 'NONE', *, *, #9235, .F. ) ;
#8579 = FACE_BOUND ( 'NONE', #7553, .T. ) ;
#8580 = DIRECTION ( 'NONE',  ( 0.000000000000000000, -1.000000000000000000, 0.000000000000000000 ) ) ;
#8581 = DIRECTION ( 'NONE',  ( 0.000000000000000000, 0.000000000000000000, 1.000000000000000000 ) ) ;
#8582 = AXIS2_PLACEMENT_3D ( 'NONE', #2097, #2229, #7991 ) ;
#8583 = COLOUR_RGB ( '',0.8941176470588234615, 0.9137254901960784048, 0.9294117647058823817 ) ;
#8584 = FACE_OUTER_BOUND ( 'NONE', #400, .T. ) ;
#8585 = ORIENTED_EDGE ( 'NONE', *, *, #4267, .T. ) ;
#8586 = DIRECTION ( 'NONE',  ( 0.000000000000000000, 0.000000000000000000, -1.000000000000000000 ) ) ;
#8587 = ORIENTED_EDGE ( 'NONE', *, *, #7399, .F. ) ;
#8588 = CARTESIAN_POINT ( 'NONE',  ( -0.4999999999999995559, -0.3500000000000000333, 4.000000000000000000 ) ) ;
#8589 = PRESENTATION_LAYER_ASSIGNMENT (  '', '', ( #8738 ) ) ;
#8590 = SURFACE_STYLE_FILL_AREA ( #1343 ) ;
#8591 = UNCERTAINTY_MEASURE_WITH_UNIT (LENGTH_MEASURE( 1.000000000000000082E-05 ), #3869, 'distance_accuracy_value', 'NONE');
#8592 = SURFACE_STYLE_FILL_AREA ( #9366 ) ;
#8593 = DIRECTION ( 'NONE',  ( -1.000000000000000000, 0.000000000000000000, 0.000000000000000000 ) ) ;
#8594 = CARTESIAN_POINT ( 'NONE',  ( 1.500000000000000444, -0.1250000000000000000, -1.000000000000000000 ) ) ;
#8595 = AXIS2_PLACEMENT_3D ( 'NONE', #5364, #3783, #1584 ) ;
#8596 = EDGE_CURVE ( 'NONE', #8476, #2947, #7581, .T. ) ;
#8597 = VERTEX_POINT ( 'NONE', #8143 ) ;
#8598 = FACE_OUTER_BOUND ( 'NONE', #8274, .T. ) ;
#8599 = CARTESIAN_POINT ( 'NONE',  ( -0.4999999999999995559, -0.1250000000000000000, 2.999999999999999112 ) ) ;
#8600 = ORIENTED_EDGE ( 'NONE', *, *, #9176, .F. ) ;
#8601 = PRESENTATION_STYLE_ASSIGNMENT (( #664 ) ) ;
#8602 = FACE_OUTER_BOUND ( 'NONE', #6366, .T. ) ;
#8603 = FILL_AREA_STYLE ('',( #7145 ) ) ;
#8604 = EDGE_CURVE ( 'NONE', #4368, #4048, #7126, .T. ) ;
#8605 = DIRECTION ( 'NONE',  ( 0.000000000000000000, 0.000000000000000000, -1.000000000000000000 ) ) ;
#8607 = EDGE_CURVE ( 'NONE', #448, #1376, #3931, .T. ) ;
#8606 = AXIS2_PLACEMENT_3D ( 'NONE', #6771, #7415, #4556 ) ;
#8608 = ORIENTED_EDGE ( 'NONE', *, *, #7221, .F. ) ;
#8609 = CIRCLE ( 'NONE', #4987, 0.1870828693386971386 ) ;
#8610 = UNCERTAINTY_MEASURE_WITH_UNIT (LENGTH_MEASURE( 1.000000000000000082E-05 ), #5460, 'distance_accuracy_value', 'NONE');
#8611 = DIRECTION ( 'NONE',  ( 0.000000000000000000, -1.000000000000000000, 0.000000000000000000 ) ) ;
#8612 = CARTESIAN_POINT ( 'NONE',  ( -3.499999999999999556, -0.1250000000000000000, 8.000000000000000000 ) ) ;
#8613 = ORIENTED_EDGE ( 'NONE', *, *, #703, .T. ) ;
#8614 = ORIENTED_EDGE ( 'NONE', *, *, #1072, .T. ) ;
#8615 = PRESENTATION_LAYER_ASSIGNMENT (  '', '', ( #5888 ) ) ;
#8616 = VERTEX_POINT ( 'NONE', #2331 ) ;
#8617 = CARTESIAN_POINT ( 'NONE',  ( -5.100000000000002309, 0.8099999999999999423, -6.849999999999997868 ) ) ;
#8618 =( GEOMETRIC_REPRESENTATION_CONTEXT ( 3 ) GLOBAL_UNCERTAINTY_ASSIGNED_CONTEXT ( ( #4898 ) ) GLOBAL_UNIT_ASSIGNED_CONTEXT ( ( #8376, #1187, #1088 ) ) REPRESENTATION_CONTEXT ( 'NONE', 'WORKASPACE' ) );
#8619 = AXIS2_PLACEMENT_3D ( 'NONE', #2148, #7358, #6521 ) ;
#8620 = CIRCLE ( 'NONE', #4842, 0.1870828693386972497 ) ;
#8621 = CARTESIAN_POINT ( 'NONE',  ( 6.999999999999998224, 0.2599999999999997868, 9.000000000000000000 ) ) ;
#8622 = CARTESIAN_POINT ( 'NONE',  ( 0.5000000000000004441, -0.1250000000000000000, -3.000000000000000000 ) ) ;
#8623 = FACE_OUTER_BOUND ( 'NONE', #5862, .T. ) ;
#8624 = PRESENTATION_STYLE_ASSIGNMENT (( #6956 ) ) ;
#8625 = MECHANICAL_DESIGN_GEOMETRIC_PRESENTATION_REPRESENTATION (  '', ( #7426 ), #6490 ) ;
#8626 = EDGE_LOOP ( 'NONE', ( #6932, #9394 ) ) ;
#8627 = DIRECTION ( 'NONE',  ( -1.000000000000000000, 0.000000000000000000, 0.000000000000000000 ) ) ;
#8628 = FACE_BOUND ( 'NONE', #203, .T. ) ;
#8629 = CARTESIAN_POINT ( 'NONE',  ( -4.500000000000000000, 0.000000000000000000, 8.000000000000000000 ) ) ;
#8630 = SURFACE_STYLE_FILL_AREA ( #5211 ) ;
#8631 = DIRECTION ( 'NONE',  ( -0.000000000000000000, -0.000000000000000000, -1.000000000000000000 ) ) ;
#8632 = PRESENTATION_LAYER_ASSIGNMENT (  '', '', ( #5751 ) ) ;
#8633 = UNCERTAINTY_MEASURE_WITH_UNIT (LENGTH_MEASURE( 1.000000000000000082E-05 ), #9327, 'distance_accuracy_value', 'NONE');
#8634 = STYLED_ITEM ( 'NONE', ( #5471 ), #1631 ) ;
#8635 = EDGE_LOOP ( 'NONE', ( #3408, #5773, #7760 ) ) ;
#8636 = CARTESIAN_POINT ( 'NONE',  ( -5.100000000000002309, 0.8099999999999999423, -7.099999999999997868 ) ) ;
#8637 = ORIENTED_EDGE ( 'NONE', *, *, #85, .F. ) ;
#8638 = FILL_AREA_STYLE_COLOUR ( '', #8775 ) ;
#8639 =( NAMED_UNIT ( * ) PLANE_ANGLE_UNIT ( ) SI_UNIT ( $, .RADIAN. ) );
#8640 = SURFACE_SIDE_STYLE ('',( #5049 ) ) ;
#8641 =( NAMED_UNIT ( * ) PLANE_ANGLE_UNIT ( ) SI_UNIT ( $, .RADIAN. ) );
#8642 = VECTOR ( 'NONE', #8715, 1000.000000000000000 ) ;
#8643 = PRESENTATION_STYLE_ASSIGNMENT (( #4376 ) ) ;
#8644 = FILL_AREA_STYLE_COLOUR ( '', #7953 ) ;
#8645 = SURFACE_SIDE_STYLE ('',( #3340 ) ) ;
#8646 = CIRCLE ( 'NONE', #7136, 0.1870828693386972497 ) ;
#8647 = DIRECTION ( 'NONE',  ( 0.000000000000000000, 1.000000000000000000, 0.000000000000000000 ) ) ;
#8648 = SURFACE_SIDE_STYLE ('',( #4964 ) ) ;
#8649 = FILL_AREA_STYLE_COLOUR ( '', #6206 ) ;
#8650 = ORIENTED_EDGE ( 'NONE', *, *, #8768, .T. ) ;
#8651 = SPHERICAL_SURFACE ( 'NONE', #3575, 0.2250000000000000888 ) ;
#8652 = DIRECTION ( 'NONE',  ( 0.000000000000000000, -1.000000000000000000, 0.000000000000000000 ) ) ;
#8653 = ADVANCED_FACE ( 'NONE', ( #3101 ), #6858, .T. ) ;
#8654 = CIRCLE ( 'NONE', #465, 0.1870828693386972497 ) ;
#8655 = SURFACE_STYLE_USAGE ( .BOTH. , #5755 ) ;
#8656 = AXIS2_PLACEMENT_3D ( 'NONE', #4007, #6899, #5489 ) ;
#8657 = SURFACE_STYLE_FILL_AREA ( #2897 ) ;
#8658 = ORIENTED_EDGE ( 'NONE', *, *, #8020, .T. ) ;
#8659 = SURFACE_STYLE_FILL_AREA ( #5197 ) ;
#8660 = EDGE_CURVE ( 'NONE', #5427, #5558, #3008, .T. ) ;
#8662 = ORIENTED_EDGE ( 'NONE', *, *, #5593, .F. ) ;
#8661 =( NAMED_UNIT ( * ) PLANE_ANGLE_UNIT ( ) SI_UNIT ( $, .RADIAN. ) );
#8663 = COLOUR_RGB ( '',0.8941176470588234615, 0.9137254901960784048, 0.9294117647058823817 ) ;
#8664 = EDGE_CURVE ( 'NONE', #7924, #3438, #3158, .T. ) ;
#8665 =( NAMED_UNIT ( * ) PLANE_ANGLE_UNIT ( ) SI_UNIT ( $, .RADIAN. ) );
#8666 = EDGE_LOOP ( 'NONE', ( #6305, #8637 ) ) ;
#8667 =( NAMED_UNIT ( * ) PLANE_ANGLE_UNIT ( ) SI_UNIT ( $, .RADIAN. ) );
#8668 = CIRCLE ( 'NONE', #4284, 0.2250000000000000611 ) ;
#8669 = DIRECTION ( 'NONE',  ( -1.000000000000000000, 0.000000000000000000, 0.000000000000000000 ) ) ;
#8670 = DIRECTION ( 'NONE',  ( 0.000000000000000000, 0.000000000000000000, 1.000000000000000000 ) ) ;
#8671 = SURFACE_STYLE_FILL_AREA ( #4271 ) ;
#8672 = FACE_OUTER_BOUND ( 'NONE', #6891, .T. ) ;
#8673 = EDGE_CURVE ( 'NONE', #3798, #7883, #6648, .T. ) ;
#8674 = VERTEX_POINT ( 'NONE', #8192 ) ;
#8675 = DIRECTION ( 'NONE',  ( -1.000000000000000000, 0.000000000000000000, 0.000000000000000000 ) ) ;
#8676 = FACE_BOUND ( 'NONE', #4975, .T. ) ;
#8677 = DIRECTION ( 'NONE',  ( 0.000000000000000000, 0.000000000000000000, 1.000000000000000000 ) ) ;
#8678 = FACE_OUTER_BOUND ( 'NONE', #3315, .T. ) ;
#8679 = VERTEX_POINT ( 'NONE', #1662 ) ;
#8680 = ORIENTED_EDGE ( 'NONE', *, *, #2248, .T. ) ;
#8681 = CARTESIAN_POINT ( 'NONE',  ( 6.999999999999998224, 0.2599999999999998979, -8.999999999999998224 ) ) ;
#8682 = SURFACE_STYLE_USAGE ( .BOTH. , #6 ) ;
#8683 = UNCERTAINTY_MEASURE_WITH_UNIT (LENGTH_MEASURE( 1.000000000000000082E-05 ), #6511, 'distance_accuracy_value', 'NONE');
#8684 = DIRECTION ( 'NONE',  ( -0.000000000000000000, -0.000000000000000000, -1.000000000000000000 ) ) ;
#8685 = FILL_AREA_STYLE ('',( #8735 ) ) ;
#8686 = ADVANCED_FACE ( 'NONE', ( #8285 ), #5493, .T. ) ;
#8687 = PRESENTATION_STYLE_ASSIGNMENT (( #5270 ) ) ;
#8688 = PRESENTATION_LAYER_ASSIGNMENT (  '', '', ( #4302 ) ) ;
#8689 = DIRECTION ( 'NONE',  ( 1.000000000000000000, 0.000000000000000000, 0.000000000000000000 ) ) ;
#8690 = CARTESIAN_POINT ( 'NONE',  ( -2.499999999999999556, -0.1250000000000000000, 4.000000000000000000 ) ) ;
#8691 = EDGE_LOOP ( 'NONE', ( #1156, #9211, #5202 ) ) ;
#8692 = SURFACE_STYLE_USAGE ( .BOTH. , #2981 ) ;
#8693 = DIRECTION ( 'NONE',  ( -1.224646799147353207E-16, 0.000000000000000000, 1.000000000000000000 ) ) ;
#8694 = MECHANICAL_DESIGN_GEOMETRIC_PRESENTATION_REPRESENTATION (  '', ( #1532 ), #4457 ) ;
#8695 = MECHANICAL_DESIGN_GEOMETRIC_PRESENTATION_REPRESENTATION (  '', ( #4307 ), #7023 ) ;
#8696 = AXIS2_PLACEMENT_3D ( 'NONE', #9130, #4049, #6507 ) ;
#8697 = VERTEX_POINT ( 'NONE', #6135 ) ;
#8698 = DIRECTION ( 'NONE',  ( -1.000000000000000000, 0.000000000000000000, 0.000000000000000000 ) ) ;
#8699 = PRESENTATION_STYLE_ASSIGNMENT (( #5799 ) ) ;
#8700 = AXIS2_PLACEMENT_3D ( 'NONE', #4792, #8500, #512 ) ;
#8701 = ORIENTED_EDGE ( 'NONE', *, *, #3878, .F. ) ;
#8702 = DIRECTION ( 'NONE',  ( 1.000000000000000000, 0.000000000000000000, 0.000000000000000000 ) ) ;
#8703 = CARTESIAN_POINT ( 'NONE',  ( -5.100000000000002309, 0.8099999999999999423, -7.349999999999997868 ) ) ;
#8705 = EDGE_LOOP ( 'NONE', ( #3574, #1194, #7853 ) ) ;
#8704 = SURFACE_SIDE_STYLE ('',( #5199 ) ) ;
#8706 = DIRECTION ( 'NONE',  ( -1.000000000000000000, 0.000000000000000000, 0.000000000000000000 ) ) ;
#8707 = CARTESIAN_POINT ( 'NONE',  ( 1.500000000000000444, -0.1250000000000000000, 2.999999999999999112 ) ) ;
#8708 = PRESENTATION_LAYER_ASSIGNMENT (  '', '', ( #3371 ) ) ;
#8709 = PRESENTATION_LAYER_ASSIGNMENT (  '', '', ( #7804 ) ) ;
#8710 =( GEOMETRIC_REPRESENTATION_CONTEXT ( 3 ) GLOBAL_UNCERTAINTY_ASSIGNED_CONTEXT ( ( #1243 ) ) GLOBAL_UNIT_ASSIGNED_CONTEXT ( ( #3451, #4382, #3601 ) ) REPRESENTATION_CONTEXT ( 'NONE', 'WORKASPACE' ) );
#8712 = STYLED_ITEM ( 'NONE', ( #3473 ), #5700 ) ;
#8711 = PRESENTATION_STYLE_ASSIGNMENT (( #9400 ) ) ;
#8713 = ADVANCED_FACE ( 'NONE', ( #9094 ), #7678, .T. ) ;
#8714 = SURFACE_STYLE_USAGE ( .BOTH. , #2863 ) ;
#8715 = DIRECTION ( 'NONE',  ( -0.000000000000000000, 1.000000000000000000, -0.000000000000000000 ) ) ;
#8716 =( NAMED_UNIT ( * ) PLANE_ANGLE_UNIT ( ) SI_UNIT ( $, .RADIAN. ) );
#8717 = COLOUR_RGB ( '',0.8941176470588234615, 0.9137254901960784048, 0.9294117647058823817 ) ;
#8718 = COLOUR_RGB ( '',0.8941176470588234615, 0.9137254901960784048, 0.9294117647058823817 ) ;
#8719 = ORIENTED_EDGE ( 'NONE', *, *, #5131, .T. ) ;
#8720 = STYLED_ITEM ( 'NONE', ( #2982 ), #5972 ) ;
#8721 = FACE_BOUND ( 'NONE', #6464, .T. ) ;
#8722 =( LENGTH_UNIT ( ) NAMED_UNIT ( * ) SI_UNIT ( .MILLI., .METRE. ) );
#8723 = CARTESIAN_POINT ( 'NONE',  ( -0.4999999999999995559, -0.1250000000000000000, -1.000000000000000000 ) ) ;
#8724 = ADVANCED_FACE ( 'NONE', ( #7115 ), #4933, .T. ) ;
#8725 = AXIS2_PLACEMENT_3D ( 'NONE', #364, #8142, #6134 ) ;
#8726 =( NAMED_UNIT ( * ) PLANE_ANGLE_UNIT ( ) SI_UNIT ( $, .RADIAN. ) );
#8727 = AXIS2_PLACEMENT_3D ( 'NONE', #1211, #8611, #546 ) ;
#8728 = ORIENTED_EDGE ( 'NONE', *, *, #4086, .T. ) ;
#8729 = DIRECTION ( 'NONE',  ( -1.000000000000000000, 0.000000000000000000, 0.000000000000000000 ) ) ;
#8730 = PRESENTATION_STYLE_ASSIGNMENT (( #7175 ) ) ;
#8731 =( LENGTH_UNIT ( ) NAMED_UNIT ( * ) SI_UNIT ( .MILLI., .METRE. ) );
#8732 = CARTESIAN_POINT ( 'NONE',  ( 3.500000000000000444, 0.000000000000000000, -1.000000000000000000 ) ) ;
#8733 = AXIS2_PLACEMENT_3D ( 'NONE', #2991, #5066, #2265 ) ;
#8734 = AXIS2_PLACEMENT_3D ( 'NONE', #2146, #9349, #1423 ) ;
#8735 = FILL_AREA_STYLE_COLOUR ( '', #8982 ) ;
#8736 = DIRECTION ( 'NONE',  ( 0.000000000000000000, -1.000000000000000000, 0.000000000000000000 ) ) ;
#8737 = DIRECTION ( 'NONE',  ( 0.000000000000000000, 0.000000000000000000, -1.000000000000000000 ) ) ;
#8738 = STYLED_ITEM ( 'NONE', ( #6405 ), #7735 ) ;
#8739 =( GEOMETRIC_REPRESENTATION_CONTEXT ( 3 ) GLOBAL_UNCERTAINTY_ASSIGNED_CONTEXT ( ( #4706 ) ) GLOBAL_UNIT_ASSIGNED_CONTEXT ( ( #1698, #1601, #5440 ) ) REPRESENTATION_CONTEXT ( 'NONE', 'WORKASPACE' ) );
#8740 = CARTESIAN_POINT ( 'NONE',  ( -2.499999999999999556, -0.1250000000000000000, 1.000000000000000888 ) ) ;
#8741 = SPHERICAL_SURFACE ( 'NONE', #2834, 0.2250000000000000888 ) ;
#8742 = EDGE_CURVE ( 'NONE', #8889, #3655, #5297, .T. ) ;
#8743 = EDGE_LOOP ( 'NONE', ( #6100, #2239, #332 ) ) ;
#8744 = CARTESIAN_POINT ( 'NONE',  ( 3.500000000000000444, -0.3500000000000000333, 2.000000000000000000 ) ) ;
#8745 = SURFACE_STYLE_FILL_AREA ( #6502 ) ;
#8746 = CIRCLE ( 'NONE', #4973, 0.1870828693386972497 ) ;
#8747 =( NAMED_UNIT ( * ) SI_UNIT ( $, .STERADIAN. ) SOLID_ANGLE_UNIT ( ) );
#8748 = DIRECTION ( 'NONE',  ( -1.224646799147353207E-16, 0.000000000000000000, 1.000000000000000000 ) ) ;
#8749 =( NAMED_UNIT ( * ) SI_UNIT ( $, .STERADIAN. ) SOLID_ANGLE_UNIT ( ) );
#8750 = ORIENTED_EDGE ( 'NONE', *, *, #8125, .T. ) ;
#8751 = LINE ( 'NONE', #4482, #1904 ) ;
#8753 = ORIENTED_EDGE ( 'NONE', *, *, #4383, .T. ) ;
#8752 = CARTESIAN_POINT ( 'NONE',  ( 1.687082869338697666, 0.000000000000000000, 4.000000000000000000 ) ) ;
#8754 = CARTESIAN_POINT ( 'NONE',  ( 1.500000000000000444, -0.3500000000000000333, -2.000000000000000000 ) ) ;
#8755 = PRESENTATION_LAYER_ASSIGNMENT (  '', '', ( #3423 ) ) ;
#8756 = MECHANICAL_DESIGN_GEOMETRIC_PRESENTATION_REPRESENTATION (  '', ( #989 ), #7998 ) ;
#8757 = CARTESIAN_POINT ( 'NONE',  ( -3.499999999999999556, 0.000000000000000000, 0.000000000000000000 ) ) ;
#8758 = SURFACE_SIDE_STYLE ('',( #6611 ) ) ;
#8759 =( LENGTH_UNIT ( ) NAMED_UNIT ( * ) SI_UNIT ( .MILLI., .METRE. ) );
#8760 = MECHANICAL_DESIGN_GEOMETRIC_PRESENTATION_REPRESENTATION (  '', ( #6631 ), #994 ) ;
#8761 = FACE_OUTER_BOUND ( 'NONE', #5804, .T. ) ;
#8762 = ORIENTED_EDGE ( 'NONE', *, *, #6699, .T. ) ;
#8763 = FACE_OUTER_BOUND ( 'NONE', #3177, .T. ) ;
#8764 = FACE_BOUND ( 'NONE', #7253, .T. ) ;
#8765 = AXIS2_PLACEMENT_3D ( 'NONE', #2561, #8374, #4786 ) ;
#8766 = EDGE_CURVE ( 'NONE', #2842, #7659, #9085, .T. ) ;
#8767 =( GEOMETRIC_REPRESENTATION_CONTEXT ( 3 ) GLOBAL_UNCERTAINTY_ASSIGNED_CONTEXT ( ( #1102 ) ) GLOBAL_UNIT_ASSIGNED_CONTEXT ( ( #8964, #6778, #8112 ) ) REPRESENTATION_CONTEXT ( 'NONE', 'WORKASPACE' ) );
#8768 = EDGE_CURVE ( 'NONE', #498, #2403, #9253, .T. ) ;
#8769 = FILL_AREA_STYLE_COLOUR ( '', #5695 ) ;
#8770 = ORIENTED_EDGE ( 'NONE', *, *, #6089, .T. ) ;
#8771 = DIRECTION ( 'NONE',  ( 0.000000000000000000, 0.000000000000000000, 1.000000000000000000 ) ) ;
#8772 = COLOUR_RGB ( '',0.8941176470588234615, 0.9137254901960784048, 0.9294117647058823817 ) ;
#8773 = ORIENTED_EDGE ( 'NONE', *, *, #6034, .T. ) ;
#8775 = COLOUR_RGB ( '',1.000000000000000000, 1.000000000000000000, 0.000000000000000000 ) ;
#8774 = VECTOR ( 'NONE', #3668, 1000.000000000000000 ) ;
#8776 = DIRECTION ( 'NONE',  ( -1.000000000000000000, 0.000000000000000000, 0.000000000000000000 ) ) ;
#8777 = SURFACE_STYLE_USAGE ( .BOTH. , #5096 ) ;
#8778 = UNCERTAINTY_MEASURE_WITH_UNIT (LENGTH_MEASURE( 1.000000000000000082E-05 ), #5974, 'distance_accuracy_value', 'NONE');
#8779 = ADVANCED_FACE ( 'NONE', ( #738 ), #2817, .T. ) ;
#8780 = DIRECTION ( 'NONE',  ( 0.000000000000000000, -1.000000000000000000, 0.000000000000000000 ) ) ;
#8781 = EDGE_CURVE ( 'NONE', #6825, #290, #4550, .T. ) ;
#8782 = EDGE_CURVE ( 'NONE', #8051, #463, #7885, .T. ) ;
#8783 = CARTESIAN_POINT ( 'NONE',  ( -3.499999999999999556, -0.3500000000000000333, 1.000000000000000888 ) ) ;
#8784 = PRESENTATION_LAYER_ASSIGNMENT (  '', '', ( #7291 ) ) ;
#8785 = DIRECTION ( 'NONE',  ( 0.000000000000000000, 1.000000000000000000, 0.000000000000000000 ) ) ;
#8786 =( GEOMETRIC_REPRESENTATION_CONTEXT ( 3 ) GLOBAL_UNCERTAINTY_ASSIGNED_CONTEXT ( ( #4092 ) ) GLOBAL_UNIT_ASSIGNED_CONTEXT ( ( #7630, #8286, #4166 ) ) REPRESENTATION_CONTEXT ( 'NONE', 'WORKASPACE' ) );
#8787 = MECHANICAL_DESIGN_GEOMETRIC_PRESENTATION_REPRESENTATION (  '', ( #6495 ), #8486 ) ;
#8788 = CARTESIAN_POINT ( 'NONE',  ( -3.499999999999999556, 0.000000000000000000, 1.000000000000000888 ) ) ;
#8789 = SURFACE_SIDE_STYLE ('',( #2941 ) ) ;
#8790 =( NAMED_UNIT ( * ) PLANE_ANGLE_UNIT ( ) SI_UNIT ( $, .RADIAN. ) );
#8791 = CARTESIAN_POINT ( 'NONE',  ( 0.5000000000000004441, -0.1250000000000000000, 2.000000000000000000 ) ) ;
#8792 = CIRCLE ( 'NONE', #18, 0.1870828693386971664 ) ;
#8793 = ORIENTED_EDGE ( 'NONE', *, *, #6972, .F. ) ;
#8794 = FILL_AREA_STYLE_COLOUR ( '', #7070 ) ;
#8795 = CARTESIAN_POINT ( 'NONE',  ( -1.499999999999999556, -0.3500000000000000333, -3.000000000000000000 ) ) ;
#8797 = ORIENTED_EDGE ( 'NONE', *, *, #4104, .F. ) ;
#8796 =( NAMED_UNIT ( * ) SI_UNIT ( $, .STERADIAN. ) SOLID_ANGLE_UNIT ( ) );
#8798 =( NAMED_UNIT ( * ) SI_UNIT ( $, .STERADIAN. ) SOLID_ANGLE_UNIT ( ) );
#8799 = AXIS2_PLACEMENT_3D ( 'NONE', #4114, #1798, #9089 ) ;
#8800 = ADVANCED_FACE ( 'NONE', ( #2273 ), #2865, .T. ) ;
#8801 =( GEOMETRIC_REPRESENTATION_CONTEXT ( 3 ) GLOBAL_UNCERTAINTY_ASSIGNED_CONTEXT ( ( #9250 ) ) GLOBAL_UNIT_ASSIGNED_CONTEXT ( ( #3386, #3643, #1490 ) ) REPRESENTATION_CONTEXT ( 'NONE', 'WORKASPACE' ) );
#8802 = DIRECTION ( 'NONE',  ( 0.000000000000000000, 0.000000000000000000, -1.000000000000000000 ) ) ;
#8803 = STYLED_ITEM ( 'NONE', ( #4373 ), #3470 ) ;
#8804 =( NAMED_UNIT ( * ) SI_UNIT ( $, .STERADIAN. ) SOLID_ANGLE_UNIT ( ) );
#8805 = CARTESIAN_POINT ( 'NONE',  ( 4.500000000000001776, -0.1250000000000000000, -8.000000000000000000 ) ) ;
#8806 = ORIENTED_EDGE ( 'NONE', *, *, #5017, .T. ) ;
#8807 = ORIENTED_EDGE ( 'NONE', *, *, #3883, .F. ) ;
#8808 = STYLED_ITEM ( 'NONE', ( #1665 ), #2145 ) ;
#8809 = LINE ( 'NONE', #5865, #6280 ) ;
#8810 = DIRECTION ( 'NONE',  ( -1.000000000000000000, 0.000000000000000000, 0.000000000000000000 ) ) ;
#8811 = CIRCLE ( 'NONE', #2567, 0.2249999999999999500 ) ;
#8812 = CARTESIAN_POINT ( 'NONE',  ( -0.6870828693386967778, 0.000000000000000000, 2.999999999999999112 ) ) ;
#8813 =( NAMED_UNIT ( * ) PLANE_ANGLE_UNIT ( ) SI_UNIT ( $, .RADIAN. ) );
#8814 = CARTESIAN_POINT ( 'NONE',  ( -1.312917130661302334, 0.000000000000000000, -3.000000000000000000 ) ) ;
#8815 = FILL_AREA_STYLE ('',( #6630 ) ) ;
#8816 = PRESENTATION_STYLE_ASSIGNMENT (( #5787 ) ) ;
#8817 =( NAMED_UNIT ( * ) PLANE_ANGLE_UNIT ( ) SI_UNIT ( $, .RADIAN. ) );
#8818 = CARTESIAN_POINT ( 'NONE',  ( -4.500000000000000000, -0.1250000000000000000, -7.000000000000000000 ) ) ;
#8819 = EDGE_CURVE ( 'NONE', #9379, #7690, #7213, .T. ) ;
#8820 = CARTESIAN_POINT ( 'NONE',  ( -0.4999999999999995559, -0.1250000000000000000, 2.000000000000000000 ) ) ;
#8821 = DIRECTION ( 'NONE',  ( 1.000000000000000000, 0.000000000000000000, 0.000000000000000000 ) ) ;
#8822 = CARTESIAN_POINT ( 'NONE',  ( 0.5000000000000004441, -0.3500000000000000333, 5.000000000000000888 ) ) ;
#8823 = COLOUR_RGB ( '',0.8941176470588234615, 0.9137254901960784048, 0.9294117647058823817 ) ;
#8824 = SURFACE_STYLE_FILL_AREA ( #200 ) ;
#8825 = UNCERTAINTY_MEASURE_WITH_UNIT (LENGTH_MEASURE( 1.000000000000000082E-05 ), #7331, 'distance_accuracy_value', 'NONE');
#8826 = EDGE_CURVE ( 'NONE', #3638, #5985, #6643, .T. ) ;
#8827 = DIRECTION ( 'NONE',  ( -1.000000000000000000, 0.000000000000000000, 0.000000000000000000 ) ) ;
#8828 = ORIENTED_EDGE ( 'NONE', *, *, #2532, .F. ) ;
#8829 =( NAMED_UNIT ( * ) SI_UNIT ( $, .STERADIAN. ) SOLID_ANGLE_UNIT ( ) );
#8830 = STYLED_ITEM ( 'NONE', ( #8954 ), #636 ) ;
#8831 = PRESENTATION_LAYER_ASSIGNMENT (  '', '', ( #3213 ) ) ;
#8832 = ORIENTED_EDGE ( 'NONE', *, *, #2532, .T. ) ;
#8833 = DIRECTION ( 'NONE',  ( -0.000000000000000000, -0.000000000000000000, -1.000000000000000000 ) ) ;
#8834 = CARTESIAN_POINT ( 'NONE',  ( 0.5000000000000004441, -0.1250000000000000000, -5.000000000000000000 ) ) ;
#8835 = AXIS2_PLACEMENT_3D ( 'NONE', #9070, #4904, #2536 ) ;
#8836 = MECHANICAL_DESIGN_GEOMETRIC_PRESENTATION_REPRESENTATION (  '', ( #798 ), #6103 ) ;
#8837 = AXIS2_PLACEMENT_3D ( 'NONE', #3733, #7961, #696 ) ;
#8838 = CARTESIAN_POINT ( 'NONE',  ( 1.500000000000000444, -0.3500000000000000333, 1.000000000000000888 ) ) ;
#8839 = SURFACE_STYLE_FILL_AREA ( #5949 ) ;
#8840 = ORIENTED_EDGE ( 'NONE', *, *, #7000, .T. ) ;
#8841 = ADVANCED_FACE ( 'NONE', ( #6612 ), #3906, .T. ) ;
#8842 = DIRECTION ( 'NONE',  ( -1.000000000000000000, 0.000000000000000000, 0.000000000000000000 ) ) ;
#8843 = EDGE_LOOP ( 'NONE', ( #4131, #505, #4977 ) ) ;
#8844 = STYLED_ITEM ( 'NONE', ( #3717 ), #902 ) ;
#8845 = COLOUR_RGB ( '',1.000000000000000000, 1.000000000000000000, 1.000000000000000000 ) ;
#8846 = DIRECTION ( 'NONE',  ( -0.000000000000000000, -0.000000000000000000, -1.000000000000000000 ) ) ;
#8847 = PRESENTATION_LAYER_ASSIGNMENT (  '', '', ( #3541 ) ) ;
#8848 = CIRCLE ( 'NONE', #1558, 0.1870828693386963892 ) ;
#8849 = DIRECTION ( 'NONE',  ( -1.224646799147353207E-16, 0.000000000000000000, 1.000000000000000000 ) ) ;
#8850 = CARTESIAN_POINT ( 'NONE',  ( -3.499999999999999556, -0.1250000000000000000, -2.000000000000000000 ) ) ;
#8851 = MECHANICAL_DESIGN_GEOMETRIC_PRESENTATION_REPRESENTATION (  '', ( #5836 ), #2458 ) ;
#8852 = CIRCLE ( 'NONE', #7948, 0.2249999999999999500 ) ;
#8853 = AXIS2_PLACEMENT_3D ( 'NONE', #2752, #1358, #2800 ) ;
#8854 = CARTESIAN_POINT ( 'NONE',  ( 1.500000000000000444, -0.1250000000000000000, -2.000000000000000000 ) ) ;
#8855 = PRESENTATION_STYLE_ASSIGNMENT (( #6765 ) ) ;
#8856 =( NAMED_UNIT ( * ) SI_UNIT ( $, .STERADIAN. ) SOLID_ANGLE_UNIT ( ) );
#8857 = UNCERTAINTY_MEASURE_WITH_UNIT (LENGTH_MEASURE( 1.000000000000000082E-05 ), #5513, 'distance_accuracy_value', 'NONE');
#8858 =( NAMED_UNIT ( * ) PLANE_ANGLE_UNIT ( ) SI_UNIT ( $, .RADIAN. ) );
#8859 = FILL_AREA_STYLE ('',( #911 ) ) ;
#8860 = SPHERICAL_SURFACE ( 'NONE', #1459, 0.2250000000000000888 ) ;
#8861 =( GEOMETRIC_REPRESENTATION_CONTEXT ( 3 ) GLOBAL_UNCERTAINTY_ASSIGNED_CONTEXT ( ( #2065 ) ) GLOBAL_UNIT_ASSIGNED_CONTEXT ( ( #1174, #9292, #1953 ) ) REPRESENTATION_CONTEXT ( 'NONE', 'WORKASPACE' ) );
#8862 = STYLED_ITEM ( 'NONE', ( #8624 ), #7089 ) ;
#8863 = PRESENTATION_LAYER_ASSIGNMENT (  '', '', ( #2953 ) ) ;
#8864 =( NAMED_UNIT ( * ) SI_UNIT ( $, .STERADIAN. ) SOLID_ANGLE_UNIT ( ) );
#8865 =( NAMED_UNIT ( * ) SI_UNIT ( $, .STERADIAN. ) SOLID_ANGLE_UNIT ( ) );
#8866 = AXIS2_PLACEMENT_3D ( 'NONE', #5997, #8888, #1794 ) ;
#8867 = SURFACE_SIDE_STYLE ('',( #3829 ) ) ;
#8868 =( NAMED_UNIT ( * ) SI_UNIT ( $, .STERADIAN. ) SOLID_ANGLE_UNIT ( ) );
#8869 = EDGE_CURVE ( 'NONE', #8476, #4909, #4389, .T. ) ;
#8870 = EDGE_CURVE ( 'NONE', #7697, #3171, #289, .T. ) ;
#8871 = CIRCLE ( 'NONE', #4030, 0.1870828693386972497 ) ;
#8872 = AXIS2_PLACEMENT_3D ( 'NONE', #3477, #1178, #460 ) ;
#8873 = CARTESIAN_POINT ( 'NONE',  ( -3.499999999999999556, -0.1250000000000000000, -4.000000000000000000 ) ) ;
#8874 = DIRECTION ( 'NONE',  ( -1.000000000000000000, 0.000000000000000000, 0.000000000000000000 ) ) ;
#8875 = VERTEX_POINT ( 'NONE', #5344 ) ;
#8876 =( NAMED_UNIT ( * ) SI_UNIT ( $, .STERADIAN. ) SOLID_ANGLE_UNIT ( ) );
#8877 = COLOUR_RGB ( '',0.8941176470588234615, 0.9137254901960784048, 0.9294117647058823817 ) ;
#8879 = EDGE_LOOP ( 'NONE', ( #4891, #1649 ) ) ;
#8878 = SURFACE_STYLE_FILL_AREA ( #6747 ) ;
#8880 = SURFACE_STYLE_USAGE ( .BOTH. , #5988 ) ;
#8881 = ADVANCED_FACE ( 'NONE', ( #940 ), #6661, .T. ) ;
#8882 = DIRECTION ( 'NONE',  ( 0.000000000000000000, -1.000000000000000000, 0.000000000000000000 ) ) ;
#8883 = VERTEX_POINT ( 'NONE', #8887 ) ;
#8884 = COLOUR_RGB ( '',0.8941176470588234615, 0.9137254901960784048, 0.9294117647058823817 ) ;
#8885 =( LENGTH_UNIT ( ) NAMED_UNIT ( * ) SI_UNIT ( .MILLI., .METRE. ) );
#8886 = FILL_AREA_STYLE ('',( #173 ) ) ;
#8887 = CARTESIAN_POINT ( 'NONE',  ( 2.687082869338697666, 0.000000000000000000, -5.000000000000000000 ) ) ;
#8888 = DIRECTION ( 'NONE',  ( 0.000000000000000000, 0.000000000000000000, 1.000000000000000000 ) ) ;
#8889 = VERTEX_POINT ( 'NONE', #352 ) ;
#8890 =( NAMED_UNIT ( * ) SI_UNIT ( $, .STERADIAN. ) SOLID_ANGLE_UNIT ( ) );
#8891 = ORIENTED_EDGE ( 'NONE', *, *, #3677, .T. ) ;
#8892 = FACE_BOUND ( 'NONE', #6122, .T. ) ;
#8893 = FACE_OUTER_BOUND ( 'NONE', #4924, .T. ) ;
#8894 = DIRECTION ( 'NONE',  ( -1.000000000000000000, 0.000000000000000000, 0.000000000000000000 ) ) ;
#8895 =( GEOMETRIC_REPRESENTATION_CONTEXT ( 3 ) GLOBAL_UNCERTAINTY_ASSIGNED_CONTEXT ( ( #6266 ) ) GLOBAL_UNIT_ASSIGNED_CONTEXT ( ( #7802, #1528, #7288 ) ) REPRESENTATION_CONTEXT ( 'NONE', 'WORKASPACE' ) );
#8896 = CIRCLE ( 'NONE', #1143, 0.2249999999999999500 ) ;
#8897 = CARTESIAN_POINT ( 'NONE',  ( -3.687082869338696778, 0.000000000000000000, 4.000000000000000000 ) ) ;
#8898 = FILL_AREA_STYLE ('',( #144 ) ) ;
#8899 = SPHERICAL_SURFACE ( 'NONE', #2943, 0.2250000000000000888 ) ;
#8900 = AXIS2_PLACEMENT_3D ( 'NONE', #8352, #3256, #437 ) ;
#8901 = EDGE_LOOP ( 'NONE', ( #1997, #5586 ) ) ;
#8902 =( LENGTH_UNIT ( ) NAMED_UNIT ( * ) SI_UNIT ( .MILLI., .METRE. ) );
#8903 = COLOUR_RGB ( '',0.8941176470588234615, 0.9137254901960784048, 0.9294117647058823817 ) ;
#8904 = DIRECTION ( 'NONE',  ( 0.000000000000000000, 0.000000000000000000, -1.000000000000000000 ) ) ;
#8905 = DIRECTION ( 'NONE',  ( -1.000000000000000000, 0.000000000000000000, 0.000000000000000000 ) ) ;
#8906 =( LENGTH_UNIT ( ) NAMED_UNIT ( * ) SI_UNIT ( .MILLI., .METRE. ) );
#8907 =( GEOMETRIC_REPRESENTATION_CONTEXT ( 3 ) GLOBAL_UNCERTAINTY_ASSIGNED_CONTEXT ( ( #3512 ) ) GLOBAL_UNIT_ASSIGNED_CONTEXT ( ( #4586, #8941, #1840 ) ) REPRESENTATION_CONTEXT ( 'NONE', 'WORKASPACE' ) );
#8908 = FILL_AREA_STYLE ('',( #3052 ) ) ;
#8909 =( NAMED_UNIT ( * ) SI_UNIT ( $, .STERADIAN. ) SOLID_ANGLE_UNIT ( ) );
#8910 = AXIS2_PLACEMENT_3D ( 'NONE', #885, #6547, #8074 ) ;
#8911 =( GEOMETRIC_REPRESENTATION_CONTEXT ( 3 ) GLOBAL_UNCERTAINTY_ASSIGNED_CONTEXT ( ( #6392 ) ) GLOBAL_UNIT_ASSIGNED_CONTEXT ( ( #1786, #928, #8171 ) ) REPRESENTATION_CONTEXT ( 'NONE', 'WORKASPACE' ) );
#8912 = UNCERTAINTY_MEASURE_WITH_UNIT (LENGTH_MEASURE( 1.000000000000000082E-05 ), #7143, 'distance_accuracy_value', 'NONE');
#8913 = CIRCLE ( 'NONE', #2236, 0.2250000000000001443 ) ;
#8914 = ORIENTED_EDGE ( 'NONE', *, *, #6469, .T. ) ;
#8915 = CARTESIAN_POINT ( 'NONE',  ( -2.312917130661302334, 0.000000000000000000, -2.000000000000000000 ) ) ;
#8916 = CIRCLE ( 'NONE', #2848, 0.1870828693386972497 ) ;
#8917 = SURFACE_SIDE_STYLE ('',( #8115 ) ) ;
#8918 = CARTESIAN_POINT ( 'NONE',  ( 0.5000000000000004441, -0.3500000000000000333, 2.000000000000000000 ) ) ;
#8920 = MECHANICAL_DESIGN_GEOMETRIC_PRESENTATION_REPRESENTATION (  '', ( #1015 ), #2860 ) ;
#8919 = AXIS2_PLACEMENT_3D ( 'NONE', #3793, #9169, #6981 ) ;
#8921 = FILL_AREA_STYLE_COLOUR ( '', #5969 ) ;
#8922 = FACE_OUTER_BOUND ( 'NONE', #8978, .T. ) ;
#8923 = UNCERTAINTY_MEASURE_WITH_UNIT (LENGTH_MEASURE( 1.000000000000000082E-05 ), #3904, 'distance_accuracy_value', 'NONE');
#8924 = AXIS2_PLACEMENT_3D ( 'NONE', #6241, #567, #1917 ) ;
#8925 = PRESENTATION_LAYER_ASSIGNMENT (  '', '', ( #1015 ) ) ;
#8926 = EDGE_CURVE ( 'NONE', #8679, #8324, #7874, .T. ) ;
#8927 = VERTEX_POINT ( 'NONE', #5441 ) ;
#8928 = FACE_OUTER_BOUND ( 'NONE', #8980, .T. ) ;
#8930 = VERTEX_POINT ( 'NONE', #8838 ) ;
#8929 = FILL_AREA_STYLE_COLOUR ( '', #4689 ) ;
#8931 = DIRECTION ( 'NONE',  ( -1.000000000000000000, 0.000000000000000000, 0.000000000000000000 ) ) ;
#8932 = FILL_AREA_STYLE ('',( #1646 ) ) ;
#8933 = ADVANCED_FACE ( 'NONE', ( #1603 ), #7808, .T. ) ;
#8934 = VERTEX_POINT ( 'NONE', #896 ) ;
#8935 = CARTESIAN_POINT ( 'NONE',  ( 6.999999999999998224, 0.2599999999999997868, 9.000000000000000000 ) ) ;
#8936 = PRESENTATION_LAYER_ASSIGNMENT (  '', '', ( #605 ) ) ;
#8937 = EDGE_CURVE ( 'NONE', #9248, #8339, #5153, .T. ) ;
#8938 = FILL_AREA_STYLE ('',( #1562 ) ) ;
#8939 = EDGE_CURVE ( 'NONE', #4091, #8465, #7121, .T. ) ;
#8940 = ORIENTED_EDGE ( 'NONE', *, *, #2253, .F. ) ;
#8941 =( NAMED_UNIT ( * ) PLANE_ANGLE_UNIT ( ) SI_UNIT ( $, .RADIAN. ) );
#8942 = ORIENTED_EDGE ( 'NONE', *, *, #1129, .T. ) ;
#8943 = CIRCLE ( 'NONE', #168, 0.1870828693386971386 ) ;
#8944 = FACE_BOUND ( 'NONE', #6292, .T. ) ;
#8945 = STYLED_ITEM ( 'NONE', ( #2080 ), #1715 ) ;
#8946 = DIRECTION ( 'NONE',  ( -1.000000000000000000, 0.000000000000000000, 0.000000000000000000 ) ) ;
#8947 = SURFACE_STYLE_FILL_AREA ( #6854 ) ;
#8948 = CIRCLE ( 'NONE', #7911, 0.2250000000000001443 ) ;
#8949 = EDGE_CURVE ( 'NONE', #5393, #6404, #7282, .T. ) ;
#8950 = CARTESIAN_POINT ( 'NONE',  ( -3.499999999999999556, -0.1250000000000000000, 8.000000000000000000 ) ) ;
#8951 = COLOUR_RGB ( '',0.8941176470588234615, 0.9137254901960784048, 0.9294117647058823817 ) ;
#8952 = CARTESIAN_POINT ( 'NONE',  ( -2.499999999999999556, 0.000000000000000000, 5.000000000000000888 ) ) ;
#8953 = SURFACE_STYLE_FILL_AREA ( #1663 ) ;
#8954 = PRESENTATION_STYLE_ASSIGNMENT (( #229 ) ) ;
#8955 = ORIENTED_EDGE ( 'NONE', *, *, #3229, .T. ) ;
#8956 = SURFACE_STYLE_FILL_AREA ( #1576 ) ;
#8957 = FILL_AREA_STYLE_COLOUR ( '', #3740 ) ;
#8958 = SURFACE_SIDE_STYLE ('',( #7506 ) ) ;
#8959 = CIRCLE ( 'NONE', #4119, 0.1870828693386972497 ) ;
#8960 = SPHERICAL_SURFACE ( 'NONE', #6322, 0.2250000000000000888 ) ;
#8961 = EDGE_LOOP ( 'NONE', ( #9339, #3616, #3081 ) ) ;
#8962 = FACE_OUTER_BOUND ( 'NONE', #8137, .T. ) ;
#8963 = AXIS2_PLACEMENT_3D ( 'NONE', #1553, #394, #2404 ) ;
#8964 =( LENGTH_UNIT ( ) NAMED_UNIT ( * ) SI_UNIT ( .MILLI., .METRE. ) );
#8965 = PRESENTATION_STYLE_ASSIGNMENT (( #8204 ) ) ;
#8966 =( NAMED_UNIT ( * ) SI_UNIT ( $, .STERADIAN. ) SOLID_ANGLE_UNIT ( ) );
#8967 = EDGE_CURVE ( 'NONE', #5558, #5427, #2999, .T. ) ;
#8968 = FACE_OUTER_BOUND ( 'NONE', #3075, .T. ) ;
#8969 = FILL_AREA_STYLE_COLOUR ( '', #3198 ) ;
#8970 = EDGE_CURVE ( 'NONE', #8349, #1166, #142, .T. ) ;
#8971 = ORIENTED_EDGE ( 'NONE', *, *, #5670, .T. ) ;
#8972 = DIRECTION ( 'NONE',  ( -1.000000000000000000, 0.000000000000000000, 0.000000000000000000 ) ) ;
#8973 = SURFACE_STYLE_USAGE ( .BOTH. , #300 ) ;
#8974 = FILL_AREA_STYLE_COLOUR ( '', #3894 ) ;
#8975 = EDGE_LOOP ( 'NONE', ( #5613, #7085, #3787 ) ) ;
#8976 = DIRECTION ( 'NONE',  ( -1.000000000000000000, 0.000000000000000000, 0.000000000000000000 ) ) ;
#8978 = EDGE_LOOP ( 'NONE', ( #2324, #3995, #4812 ) ) ;
#8977 = DIRECTION ( 'NONE',  ( 1.000000000000000000, 0.000000000000000000, 0.000000000000000000 ) ) ;
#8979 = DIRECTION ( 'NONE',  ( 0.000000000000000000, -1.000000000000000000, 0.000000000000000000 ) ) ;
#8980 = EDGE_LOOP ( 'NONE', ( #1812, #7194, #7217 ) ) ;
#8981 = ORIENTED_EDGE ( 'NONE', *, *, #7399, .T. ) ;
#8982 = COLOUR_RGB ( '',0.8941176470588234615, 0.9137254901960784048, 0.9294117647058823817 ) ;
#8983 = CARTESIAN_POINT ( 'NONE',  ( -3.499999999999999556, -0.1250000000000000000, 2.000000000000000000 ) ) ;
#8984 = EDGE_LOOP ( 'NONE', ( #30, #7254, #1356, #4304 ) ) ;
#8985 = SURFACE_STYLE_FILL_AREA ( #4544 ) ;
#8986 = EDGE_LOOP ( 'NONE', ( #4214, #7954, #6196 ) ) ;
#8987 =( NAMED_UNIT ( * ) SI_UNIT ( $, .STERADIAN. ) SOLID_ANGLE_UNIT ( ) );
#8988 = CIRCLE ( 'NONE', #9318, 0.1870828693386971386 ) ;
#8989 = AXIS2_PLACEMENT_3D ( 'NONE', #6545, #9384, #7193 ) ;
#8991 = DIRECTION ( 'NONE',  ( 0.000000000000000000, 0.000000000000000000, -1.000000000000000000 ) ) ;
#8990 = MECHANICAL_DESIGN_GEOMETRIC_PRESENTATION_REPRESENTATION (  '', ( #3213 ), #2292 ) ;
#8992 = EDGE_CURVE ( 'NONE', #758, #5210, #6365, .T. ) ;
#8993 =( NAMED_UNIT ( * ) PLANE_ANGLE_UNIT ( ) SI_UNIT ( $, .RADIAN. ) );
#8994 = PRESENTATION_STYLE_ASSIGNMENT (( #228 ) ) ;
#8995 = CARTESIAN_POINT ( 'NONE',  ( 0.5000000000000004441, -0.3500000000000000333, -4.000000000000000000 ) ) ;
#8996 =( NAMED_UNIT ( * ) SI_UNIT ( $, .STERADIAN. ) SOLID_ANGLE_UNIT ( ) );
#8997 = MECHANICAL_DESIGN_GEOMETRIC_PRESENTATION_REPRESENTATION (  '', ( #5226 ), #8094 ) ;
#8998 = AXIS2_PLACEMENT_3D ( 'NONE', #8214, #8882, #980 ) ;
#8999 = AXIS2_PLACEMENT_3D ( 'NONE', #6299, #6489, #106 ) ;
#9000 = ORIENTED_EDGE ( 'NONE', *, *, #8065, .T. ) ;
#9001 = DIRECTION ( 'NONE',  ( -0.000000000000000000, -0.000000000000000000, -1.000000000000000000 ) ) ;
#9002 = AXIS2_PLACEMENT_3D ( 'NONE', #94, #8055, #826 ) ;
#9003 = SURFACE_STYLE_FILL_AREA ( #327 ) ;
#9004 = FACE_OUTER_BOUND ( 'NONE', #347, .T. ) ;
#9005 = CARTESIAN_POINT ( 'NONE',  ( 3.500000000000000444, 0.000000000000000000, 0.000000000000000000 ) ) ;
#9006 = EDGE_CURVE ( 'NONE', #2677, #9218, #1318, .T. ) ;
#9007 = CARTESIAN_POINT ( 'NONE',  ( -6.800000000000002487, -0.02500000000000000139, -8.799999999999995381 ) ) ;
#9008 = ORIENTED_EDGE ( 'NONE', *, *, #5580, .T. ) ;
#9009 = COLOUR_RGB ( '',0.8941176470588234615, 0.9137254901960784048, 0.9294117647058823817 ) ;
#9010 = AXIS2_PLACEMENT_3D ( 'NONE', #55, #2251, #191 ) ;
#9011 = PRESENTATION_LAYER_ASSIGNMENT (  '', '', ( #3696 ) ) ;
#9012 = AXIS2_PLACEMENT_3D ( 'NONE', #2608, #4778, #2764 ) ;
#9013 = ORIENTED_EDGE ( 'NONE', *, *, #6970, .T. ) ;
#9014 = SURFACE_STYLE_FILL_AREA ( #6102 ) ;
#9015 = SPHERICAL_SURFACE ( 'NONE', #4265, 0.2250000000000000888 ) ;
#9016 = DIRECTION ( 'NONE',  ( 0.000000000000000000, -1.000000000000000000, 0.000000000000000000 ) ) ;
#9017 = DIRECTION ( 'NONE',  ( 0.000000000000000000, 0.000000000000000000, -1.000000000000000000 ) ) ;
#9018 = PRESENTATION_LAYER_ASSIGNMENT (  '', '', ( #3551 ) ) ;
#9019 = FACE_OUTER_BOUND ( 'NONE', #5600, .T. ) ;
#9020 =( NAMED_UNIT ( * ) PLANE_ANGLE_UNIT ( ) SI_UNIT ( $, .RADIAN. ) );
#9021 = UNCERTAINTY_MEASURE_WITH_UNIT (LENGTH_MEASURE( 1.000000000000000082E-05 ), #6633, 'distance_accuracy_value', 'NONE');
#9022 = COLOUR_RGB ( '',0.8941176470588234615, 0.9137254901960784048, 0.9294117647058823817 ) ;
#9023 = EDGE_CURVE ( 'NONE', #1740, #7341, #3759, .T. ) ;
#9024 = CIRCLE ( 'NONE', #1267, 0.2250000000000001443 ) ;
#9025 = SURFACE_SIDE_STYLE ('',( #4754 ) ) ;
#9026 = ORIENTED_EDGE ( 'NONE', *, *, #5595, .F. ) ;
#9027 = FILL_AREA_STYLE ('',( #5574 ) ) ;
#9029 = ORIENTED_EDGE ( 'NONE', *, *, #5296, .F. ) ;
#9028 = CARTESIAN_POINT ( 'NONE',  ( 2.687082869338697666, 0.000000000000000000, -2.000000000000000000 ) ) ;
#9030 = LINE ( 'NONE', #3216, #3657 ) ;
#9031 = AXIS2_PLACEMENT_3D ( 'NONE', #6329, #2662, #9251 ) ;
#9032 = EDGE_LOOP ( 'NONE', ( #6165, #2495, #6175 ) ) ;
#9033 = FACE_OUTER_BOUND ( 'NONE', #5115, .T. ) ;
#9034 =( LENGTH_UNIT ( ) NAMED_UNIT ( * ) SI_UNIT ( .MILLI., .METRE. ) );
#9035 = PRESENTATION_STYLE_ASSIGNMENT (( #6845 ) ) ;
#9036 = CIRCLE ( 'NONE', #6605, 0.1870828693386972497 ) ;
#9037 =( NAMED_UNIT ( * ) PLANE_ANGLE_UNIT ( ) SI_UNIT ( $, .RADIAN. ) );
#9038 = EDGE_LOOP ( 'NONE', ( #502, #2212, #1767 ) ) ;
#9039 = CARTESIAN_POINT ( 'NONE',  ( -2.499999999999999556, -0.3500000000000000333, 4.000000000000000000 ) ) ;
#9040 = VERTEX_POINT ( 'NONE', #8360 ) ;
#9041 = PRESENTATION_LAYER_ASSIGNMENT (  '', '', ( #2972 ) ) ;
#9042 = DIRECTION ( 'NONE',  ( 0.000000000000000000, 0.000000000000000000, -1.000000000000000000 ) ) ;
#9043 = CARTESIAN_POINT ( 'NONE',  ( -3.499999999999999556, -0.1250000000000000000, -5.000000000000000000 ) ) ;
#9044 = SURFACE_STYLE_USAGE ( .BOTH. , #2460 ) ;
#9045 = SURFACE_SIDE_STYLE ('',( #5548 ) ) ;
#9046 = PRESENTATION_STYLE_ASSIGNMENT (( #2422 ) ) ;
#9047 =( LENGTH_UNIT ( ) NAMED_UNIT ( * ) SI_UNIT ( .MILLI., .METRE. ) );
#9048 = SPHERICAL_SURFACE ( 'NONE', #2717, 0.2250000000000000888 ) ;
#9049 = ADVANCED_FACE ( 'NONE', ( #7668 ), #2136, .T. ) ;
#9050 = ADVANCED_FACE ( 'NONE', ( #1169 ), #3513, .T. ) ;
#9051 = SPHERICAL_SURFACE ( 'NONE', #6636, 0.2250000000000000888 ) ;
#9052 = FILL_AREA_STYLE ('',( #3877 ) ) ;
#9053 = AXIS2_PLACEMENT_3D ( 'NONE', #910, #283, #2385 ) ;
#9054 = CARTESIAN_POINT ( 'NONE',  ( 1.500000000000000444, -0.1250000000000000000, -1.000000000000000000 ) ) ;
#9055 = DIRECTION ( 'NONE',  ( 0.000000000000000000, 0.000000000000000000, 1.000000000000000000 ) ) ;
#9056 =( GEOMETRIC_REPRESENTATION_CONTEXT ( 3 ) GLOBAL_UNCERTAINTY_ASSIGNED_CONTEXT ( ( #4598 ) ) GLOBAL_UNIT_ASSIGNED_CONTEXT ( ( #9323, #7933, #1354 ) ) REPRESENTATION_CONTEXT ( 'NONE', 'WORKASPACE' ) );
#9057 = ADVANCED_FACE ( 'NONE', ( #118 ), #2226, .T. ) ;
#9058 = DIRECTION ( 'NONE',  ( 0.000000000000000000, 0.000000000000000000, 1.000000000000000000 ) ) ;
#9059 = ADVANCED_FACE ( 'NONE', ( #6603 ), #161, .T. ) ;
#9060 = AXIS2_PLACEMENT_3D ( 'NONE', #1719, #3929, #329 ) ;
#9061 = PLANE ( 'NONE',  #7144 ) ;
#9062 = UNCERTAINTY_MEASURE_WITH_UNIT (LENGTH_MEASURE( 1.000000000000000082E-05 ), #3792, 'distance_accuracy_value', 'NONE');
#9063 =( GEOMETRIC_REPRESENTATION_CONTEXT ( 3 ) GLOBAL_UNCERTAINTY_ASSIGNED_CONTEXT ( ( #4972 ) ) GLOBAL_UNIT_ASSIGNED_CONTEXT ( ( #1416, #3619, #6467 ) ) REPRESENTATION_CONTEXT ( 'NONE', 'WORKASPACE' ) );
#9064 = ADVANCED_FACE ( 'NONE', ( #5762 ), #2349, .T. ) ;
#9065 =( LENGTH_UNIT ( ) NAMED_UNIT ( * ) SI_UNIT ( .MILLI., .METRE. ) );
#9066 = DIRECTION ( 'NONE',  ( 1.000000000000000000, 0.000000000000000000, 0.000000000000000000 ) ) ;
#9067 = STYLED_ITEM ( 'NONE', ( #7479 ), #8244 ) ;
#9068 =( GEOMETRIC_REPRESENTATION_CONTEXT ( 3 ) GLOBAL_UNCERTAINTY_ASSIGNED_CONTEXT ( ( #3295 ) ) GLOBAL_UNIT_ASSIGNED_CONTEXT ( ( #8341, #423, #1868 ) ) REPRESENTATION_CONTEXT ( 'NONE', 'WORKASPACE' ) );
#9069 = EDGE_LOOP ( 'NONE', ( #1330, #6000 ) ) ;
#9070 = CARTESIAN_POINT ( 'NONE',  ( -1.499999999999999556, -0.1250000000000000000, 0.000000000000000000 ) ) ;
#9071 = DIRECTION ( 'NONE',  ( 0.000000000000000000, 0.000000000000000000, 1.000000000000000000 ) ) ;
#9073 = COLOUR_RGB ( '',0.8941176470588234615, 0.9137254901960784048, 0.9294117647058823817 ) ;
#9072 = AXIS2_PLACEMENT_3D ( 'NONE', #1833, #2547, #5483 ) ;
#9074 = ORIENTED_EDGE ( 'NONE', *, *, #1384, .F. ) ;
#9075 = DIRECTION ( 'NONE',  ( -0.000000000000000000, -1.000000000000000000, -0.000000000000000000 ) ) ;
#9076 = PRESENTATION_STYLE_ASSIGNMENT (( #2491 ) ) ;
#9077 = ORIENTED_EDGE ( 'NONE', *, *, #5802, .T. ) ;
#9078 = CARTESIAN_POINT ( 'NONE',  ( -1.499999999999999556, -0.1250000000000000000, 1.000000000000000888 ) ) ;
#9079 = AXIS2_PLACEMENT_3D ( 'NONE', #3272, #6282, #1131 ) ;
#9080 = STYLED_ITEM ( 'NONE', ( #2149 ), #1591 ) ;
#9081 = ORIENTED_EDGE ( 'NONE', *, *, #7642, .F. ) ;
#9082 = DIRECTION ( 'NONE',  ( 1.000000000000000000, 0.000000000000000000, 0.000000000000000000 ) ) ;
#9083 = EDGE_LOOP ( 'NONE', ( #1271, #1608, #3134 ) ) ;
#9084 = DIRECTION ( 'NONE',  ( -0.000000000000000000, -0.000000000000000000, -1.000000000000000000 ) ) ;
#9085 = CIRCLE ( 'NONE', #1334, 0.1870828693386972497 ) ;
#9086 = ORIENTED_EDGE ( 'NONE', *, *, #988, .T. ) ;
#9087 = SURFACE_STYLE_USAGE ( .BOTH. , #7671 ) ;
#9088 = VERTEX_POINT ( 'NONE', #4479 ) ;
#9089 = DIRECTION ( 'NONE',  ( -1.000000000000000000, 0.000000000000000000, 0.000000000000000000 ) ) ;
#9090 = EDGE_CURVE ( 'NONE', #6161, #5584, #7724, .T. ) ;
#9091 = FACE_OUTER_BOUND ( 'NONE', #4672, .T. ) ;
#9092 = COLOUR_RGB ( '',0.8941176470588234615, 0.9137254901960784048, 0.9294117647058823817 ) ;
#9093 = SURFACE_SIDE_STYLE ('',( #557 ) ) ;
#9094 = FACE_OUTER_BOUND ( 'NONE', #9038, .T. ) ;
#9095 = CARTESIAN_POINT ( 'NONE',  ( -0.4999999999999995559, 0.000000000000000000, -1.000000000000000000 ) ) ;
#9096 = CARTESIAN_POINT ( 'NONE',  ( 1.500000000000000444, -0.1250000000000000000, 4.000000000000000000 ) ) ;
#9097 = DIRECTION ( 'NONE',  ( -1.224646799147353207E-16, 0.000000000000000000, 1.000000000000000000 ) ) ;
#9098 = CIRCLE ( 'NONE', #2725, 0.2250000000000001443 ) ;
#9099 = DIRECTION ( 'NONE',  ( -1.224646799147353207E-16, 0.000000000000000000, 1.000000000000000000 ) ) ;
#9100 = DIRECTION ( 'NONE',  ( 0.000000000000000000, 0.000000000000000000, -1.000000000000000000 ) ) ;
#9101 = CARTESIAN_POINT ( 'NONE',  ( 2.500000000000000444, -0.1250000000000000000, -3.000000000000000000 ) ) ;
#9102 = DIRECTION ( 'NONE',  ( 0.000000000000000000, 0.000000000000000000, -1.000000000000000000 ) ) ;
#9103 = FACE_OUTER_BOUND ( 'NONE', #7404, .T. ) ;
#9104 = AXIS2_PLACEMENT_3D ( 'NONE', #1124, #5446, #6999 ) ;
#9105 = VERTEX_POINT ( 'NONE', #1734 ) ;
#9106 = MECHANICAL_DESIGN_GEOMETRIC_PRESENTATION_REPRESENTATION (  '', ( #7150 ), #8053 ) ;
#9107 = ORIENTED_EDGE ( 'NONE', *, *, #6903, .T. ) ;
#9108 = SPHERICAL_SURFACE ( 'NONE', #5592, 0.2250000000000000888 ) ;
#9109 = SURFACE_SIDE_STYLE ('',( #4745 ) ) ;
#9110 =( NAMED_UNIT ( * ) PLANE_ANGLE_UNIT ( ) SI_UNIT ( $, .RADIAN. ) );
#9111 = DIRECTION ( 'NONE',  ( 0.000000000000000000, -1.000000000000000000, 0.000000000000000000 ) ) ;
#9112 =( GEOMETRIC_REPRESENTATION_CONTEXT ( 3 ) GLOBAL_UNCERTAINTY_ASSIGNED_CONTEXT ( ( #8470 ) ) GLOBAL_UNIT_ASSIGNED_CONTEXT ( ( #777, #2187, #5249 ) ) REPRESENTATION_CONTEXT ( 'NONE', 'WORKASPACE' ) );
#9113 = ADVANCED_FACE ( 'NONE', ( #8167 ), #8458, .T. ) ;
#9114 = ORIENTED_EDGE ( 'NONE', *, *, #2591, .F. ) ;
#9115 = UNCERTAINTY_MEASURE_WITH_UNIT (LENGTH_MEASURE( 1.000000000000000082E-05 ), #5094, 'distance_accuracy_value', 'NONE');
#9116 = SURFACE_STYLE_FILL_AREA ( #7794 ) ;
#9117 = DIRECTION ( 'NONE',  ( -1.000000000000000000, 0.000000000000000000, 0.000000000000000000 ) ) ;
#9118 = CARTESIAN_POINT ( 'NONE',  ( 2.500000000000000444, -0.1250000000000000000, -5.000000000000000000 ) ) ;
#9119 = ORIENTED_EDGE ( 'NONE', *, *, #5208, .T. ) ;
#9120 = PLANE ( 'NONE',  #1582 ) ;
#9122 = ORIENTED_EDGE ( 'NONE', *, *, #5980, .F. ) ;
#9121 = PRESENTATION_STYLE_ASSIGNMENT (( #4044 ) ) ;
#9123 = DIRECTION ( 'NONE',  ( -0.000000000000000000, -0.000000000000000000, -1.000000000000000000 ) ) ;
#9124 = EDGE_CURVE ( 'NONE', #8597, #56, #6038, .T. ) ;
#9125 = ADVANCED_FACE ( 'NONE', ( #340 ), #4094, .T. ) ;
#9126 = ORIENTED_EDGE ( 'NONE', *, *, #614, .T. ) ;
#9127 =( NAMED_UNIT ( * ) PLANE_ANGLE_UNIT ( ) SI_UNIT ( $, .RADIAN. ) );
#9128 = UNCERTAINTY_MEASURE_WITH_UNIT (LENGTH_MEASURE( 1.000000000000000082E-05 ), #6820, 'distance_accuracy_value', 'NONE');
#9129 = SURFACE_STYLE_FILL_AREA ( #2705 ) ;
#9130 = CARTESIAN_POINT ( 'NONE',  ( -3.499999999999999556, -0.1250000000000000000, -4.000000000000000000 ) ) ;
#9131 =( LENGTH_UNIT ( ) NAMED_UNIT ( * ) SI_UNIT ( .MILLI., .METRE. ) );
#9132 = VERTEX_POINT ( 'NONE', #6304 ) ;
#9133 = FACE_OUTER_BOUND ( 'NONE', #6423, .T. ) ;
#9134 = EDGE_LOOP ( 'NONE', ( #8357, #2806, #6550 ) ) ;
#9135 = SURFACE_STYLE_USAGE ( .BOTH. , #7720 ) ;
#9136 = EDGE_LOOP ( 'NONE', ( #2448, #4677, #4862, #3729 ) ) ;
#9137 = MECHANICAL_DESIGN_GEOMETRIC_PRESENTATION_REPRESENTATION (  '', ( #3817 ), #2160 ) ;
#9138 = ADVANCED_FACE ( 'NONE', ( #1933 ), #5622, .T. ) ;
#9139 = DIRECTION ( 'NONE',  ( 1.000000000000000000, 0.000000000000000000, 0.000000000000000000 ) ) ;
#9140 = VERTEX_POINT ( 'NONE', #7796 ) ;
#9141 = CARTESIAN_POINT ( 'NONE',  ( -0.3129171306613024450, 0.000000000000000000, -2.000000000000000000 ) ) ;
#9142 = CARTESIAN_POINT ( 'NONE',  ( -3.499999999999999556, -0.1250000000000000000, -4.000000000000000000 ) ) ;
#9143 = FACE_BOUND ( 'NONE', #5712, .T. ) ;
#9144 = CARTESIAN_POINT ( 'NONE',  ( 1.500000000000000444, -0.3500000000000000333, -4.000000000000000000 ) ) ;
#9145 = CIRCLE ( 'NONE', #2921, 0.1870828693386972497 ) ;
#9146 = CIRCLE ( 'NONE', #2435, 0.2250000000000000611 ) ;
#9147 = STYLED_ITEM ( 'NONE', ( #2706 ), #6568 ) ;
#9148 = SURFACE_STYLE_USAGE ( .BOTH. , #4843 ) ;
#9149 = PRESENTATION_STYLE_ASSIGNMENT (( #1140 ) ) ;
#9150 = DIRECTION ( 'NONE',  ( 0.000000000000000000, 0.000000000000000000, -1.000000000000000000 ) ) ;
#9151 = MECHANICAL_DESIGN_GEOMETRIC_PRESENTATION_REPRESENTATION (  '', ( #3090 ), #1263 ) ;
#9152 = ORIENTED_EDGE ( 'NONE', *, *, #2203, .F. ) ;
#9153 = DIRECTION ( 'NONE',  ( 1.000000000000000000, 0.000000000000000000, 0.000000000000000000 ) ) ;
#9154 = PRESENTATION_LAYER_ASSIGNMENT (  '', '', ( #7940 ) ) ;
#9155 = ORIENTED_EDGE ( 'NONE', *, *, #4038, .T. ) ;
#9156 = SPHERICAL_SURFACE ( 'NONE', #6526, 0.2250000000000000888 ) ;
#9157 = UNCERTAINTY_MEASURE_WITH_UNIT (LENGTH_MEASURE( 1.000000000000000082E-05 ), #3181, 'distance_accuracy_value', 'NONE');
#9158 = FILL_AREA_STYLE ('',( #7692 ) ) ;
#9159 = CARTESIAN_POINT ( 'NONE',  ( -3.499999999999999556, -0.3500000000000000333, 4.000000000000000000 ) ) ;
#9160 = DIRECTION ( 'NONE',  ( 1.000000000000000000, 0.000000000000000000, 0.000000000000000000 ) ) ;
#9161 =( GEOMETRIC_REPRESENTATION_CONTEXT ( 3 ) GLOBAL_UNCERTAINTY_ASSIGNED_CONTEXT ( ( #6435 ) ) GLOBAL_UNIT_ASSIGNED_CONTEXT ( ( #9346, #4406, #1329 ) ) REPRESENTATION_CONTEXT ( 'NONE', 'WORKASPACE' ) );
#9162 = COLOUR_RGB ( '',0.8941176470588234615, 0.9137254901960784048, 0.9294117647058823817 ) ;
#9163 = CIRCLE ( 'NONE', #5234, 0.2500000000000002220 ) ;
#9164 = SURFACE_STYLE_USAGE ( .BOTH. , #3392 ) ;
#9165 = AXIS2_PLACEMENT_3D ( 'NONE', #3311, #6219, #260 ) ;
#9166 = EDGE_LOOP ( 'NONE', ( #403, #2059, #720 ) ) ;
#9167 = VECTOR ( 'NONE', #4603, 1000.000000000000000 ) ;
#9168 = PRESENTATION_LAYER_ASSIGNMENT (  '', '', ( #4782 ) ) ;
#9169 = DIRECTION ( 'NONE',  ( -0.000000000000000000, -0.000000000000000000, -1.000000000000000000 ) ) ;
#9170 = ORIENTED_EDGE ( 'NONE', *, *, #3709, .T. ) ;
#9171 = SURFACE_STYLE_USAGE ( .BOTH. , #2586 ) ;
#9172 = SPHERICAL_SURFACE ( 'NONE', #4632, 0.2250000000000000888 ) ;
#9173 = FILL_AREA_STYLE ('',( #6885 ) ) ;
#9175 = VERTEX_POINT ( 'NONE', #6116 ) ;
#9174 = PRESENTATION_STYLE_ASSIGNMENT (( #255 ) ) ;
#9176 = EDGE_CURVE ( 'NONE', #8364, #6807, #1918, .T. ) ;
#9177 = EDGE_CURVE ( 'NONE', #2646, #7073, #854, .T. ) ;
#9178 = DIRECTION ( 'NONE',  ( -1.000000000000000000, 0.000000000000000000, 0.000000000000000000 ) ) ;
#9179 = PRESENTATION_LAYER_ASSIGNMENT (  '', '', ( #3090 ) ) ;
#9180 = CIRCLE ( 'NONE', #6739, 0.1870828693386972497 ) ;
#9181 = EDGE_LOOP ( 'NONE', ( #8492, #7938 ) ) ;
#9182 =( GEOMETRIC_REPRESENTATION_CONTEXT ( 3 ) GLOBAL_UNCERTAINTY_ASSIGNED_CONTEXT ( ( #8337 ) ) GLOBAL_UNIT_ASSIGNED_CONTEXT ( ( #2457, #8993, #7628 ) ) REPRESENTATION_CONTEXT ( 'NONE', 'WORKASPACE' ) );
#9183 = CARTESIAN_POINT ( 'NONE',  ( 0.5000000000000004441, -0.1250000000000000000, -3.000000000000000000 ) ) ;
#9184 = ORIENTED_EDGE ( 'NONE', *, *, #2909, .F. ) ;
#9185 = EDGE_CURVE ( 'NONE', #4960, #4793, #6163, .T. ) ;
#9186 = DIRECTION ( 'NONE',  ( -1.000000000000000000, 0.000000000000000000, 0.000000000000000000 ) ) ;
#9187 = CIRCLE ( 'NONE', #7240, 0.1870828693386972497 ) ;
#9188 = ADVANCED_FACE ( 'NONE', ( #6496 ), #3654, .T. ) ;
#9189 = ORIENTED_EDGE ( 'NONE', *, *, #3130, .T. ) ;
#9190 = CARTESIAN_POINT ( 'NONE',  ( 4.500000000000001776, -0.1250000000000000000, -7.000000000000000000 ) ) ;
#9191 = MECHANICAL_DESIGN_GEOMETRIC_PRESENTATION_REPRESENTATION (  '', ( #241 ), #105 ) ;
#9192 = EDGE_LOOP ( 'NONE', ( #6224, #1184, #924 ) ) ;
#9193 = DIRECTION ( 'NONE',  ( -1.224646799147353207E-16, 0.000000000000000000, 1.000000000000000000 ) ) ;
#9194 = ORIENTED_EDGE ( 'NONE', *, *, #5027, .F. ) ;
#9195 = DIRECTION ( 'NONE',  ( 0.000000000000000000, 0.000000000000000000, -1.000000000000000000 ) ) ;
#9196 = MECHANICAL_DESIGN_GEOMETRIC_PRESENTATION_REPRESENTATION (  '', ( #7976 ), #4361 ) ;
#9197 = MECHANICAL_DESIGN_GEOMETRIC_PRESENTATION_REPRESENTATION (  '', ( #1731 ), #1888 ) ;
#9198 = SURFACE_SIDE_STYLE ('',( #3422 ) ) ;
#9199 = CARTESIAN_POINT ( 'NONE',  ( 3.500000000000000444, -0.1250000000000000000, 0.000000000000000000 ) ) ;
#9200 = SURFACE_SIDE_STYLE ('',( #3369 ) ) ;
#9201 = CARTESIAN_POINT ( 'NONE',  ( -3.499999999999999556, 0.000000000000000000, -8.000000000000000000 ) ) ;
#9202 = APPLICATION_PROTOCOL_DEFINITION ( 'draft international standard', 'automotive_design', 1998, #1024 ) ;
#9203 = EDGE_LOOP ( 'NONE', ( #1144, #1938 ) ) ;
#9204 = CARTESIAN_POINT ( 'NONE',  ( 2.500000000000000444, 0.000000000000000000, -1.000000000000000000 ) ) ;
#9205 = FILL_AREA_STYLE_COLOUR ( '', #8471 ) ;
#9206 = FILL_AREA_STYLE_COLOUR ( '', #4365 ) ;
#9207 = CARTESIAN_POINT ( 'NONE',  ( -1.499999999999999556, 0.000000000000000000, 2.999999999999999112 ) ) ;
#9208 = COLOUR_RGB ( '',0.8941176470588234615, 0.9137254901960784048, 0.9294117647058823817 ) ;
#9209 = CARTESIAN_POINT ( 'NONE',  ( -7.000000000000001776, 0.2599999999999997868, 9.000000000000000000 ) ) ;
#9210 =( NAMED_UNIT ( * ) PLANE_ANGLE_UNIT ( ) SI_UNIT ( $, .RADIAN. ) );
#9211 = ORIENTED_EDGE ( 'NONE', *, *, #8596, .T. ) ;
#9212 = DIRECTION ( 'NONE',  ( 1.000000000000000000, 0.000000000000000000, 0.000000000000000000 ) ) ;
#9213 = FACE_OUTER_BOUND ( 'NONE', #4576, .T. ) ;
#9214 = MECHANICAL_DESIGN_GEOMETRIC_PRESENTATION_REPRESENTATION (  '', ( #2072 ), #4820 ) ;
#9215 = DIRECTION ( 'NONE',  ( -1.000000000000000000, 0.000000000000000000, 0.000000000000000000 ) ) ;
#9216 = CARTESIAN_POINT ( 'NONE',  ( -4.500000000000000000, -0.1250000000000000000, 8.000000000000000000 ) ) ;
#9217 = STYLED_ITEM ( 'NONE', ( #5570 ), #9138 ) ;
#9218 = VERTEX_POINT ( 'NONE', #9276 ) ;
#9219 = UNCERTAINTY_MEASURE_WITH_UNIT (LENGTH_MEASURE( 1.000000000000000082E-05 ), #3431, 'distance_accuracy_value', 'NONE');
#9220 = PRESENTATION_LAYER_ASSIGNMENT (  '', '', ( #6631 ) ) ;
#9221 = SURFACE_STYLE_FILL_AREA ( #6925 ) ;
#9222 = DIRECTION ( 'NONE',  ( -0.000000000000000000, -0.000000000000000000, -1.000000000000000000 ) ) ;
#9223 = ORIENTED_EDGE ( 'NONE', *, *, #8366, .T. ) ;
#9224 =( NAMED_UNIT ( * ) PLANE_ANGLE_UNIT ( ) SI_UNIT ( $, .RADIAN. ) );
#9225 =( NAMED_UNIT ( * ) PLANE_ANGLE_UNIT ( ) SI_UNIT ( $, .RADIAN. ) );
#9226 = DIRECTION ( 'NONE',  ( 0.000000000000000000, 0.000000000000000000, 1.000000000000000000 ) ) ;
#9227 = CIRCLE ( 'NONE', #127, 0.2249999999999999500 ) ;
#9228 = SPHERICAL_SURFACE ( 'NONE', #5608, 0.2250000000000000888 ) ;
#9229 = PRESENTATION_LAYER_ASSIGNMENT (  '', '', ( #2680 ) ) ;
#9230 = CARTESIAN_POINT ( 'NONE',  ( -3.687082869338696778, 0.000000000000000000, 8.000000000000000000 ) ) ;
#9231 = ORIENTED_EDGE ( 'NONE', *, *, #3310, .F. ) ;
#9232 = FILL_AREA_STYLE ('',( #3567 ) ) ;
#9233 = FILL_AREA_STYLE_COLOUR ( '', #6711 ) ;
#9234 = AXIS2_PLACEMENT_3D ( 'NONE', #304, #6164, #3797 ) ;
#9235 = EDGE_CURVE ( 'NONE', #4368, #6233, #1462, .T. ) ;
#9237 = STYLED_ITEM ( 'NONE', ( #1711 ), #1372 ) ;
#9236 = MECHANICAL_DESIGN_GEOMETRIC_PRESENTATION_REPRESENTATION (  '', ( #3446 ), #1008 ) ;
#9238 = FILL_AREA_STYLE_COLOUR ( '', #3825 ) ;
#9239 = MECHANICAL_DESIGN_GEOMETRIC_PRESENTATION_REPRESENTATION (  '', ( #7868 ), #5744 ) ;
#9240 = VERTEX_POINT ( 'NONE', #3557 ) ;
#9241 = SURFACE_SIDE_STYLE ('',( #3466 ) ) ;
#9242 = ORIENTED_EDGE ( 'NONE', *, *, #5186, .F. ) ;
#9243 = DIRECTION ( 'NONE',  ( 0.000000000000000000, 0.000000000000000000, 1.000000000000000000 ) ) ;
#9244 = EDGE_LOOP ( 'NONE', ( #6851, #574, #9013, #5820 ) ) ;
#9245 = CIRCLE ( 'NONE', #3283, 0.2250000000000000611 ) ;
#9246 = COLOUR_RGB ( '',0.8941176470588234615, 0.9137254901960784048, 0.9294117647058823817 ) ;
#9247 = FILL_AREA_STYLE_COLOUR ( '', #666 ) ;
#9248 = VERTEX_POINT ( 'NONE', #7243 ) ;
#9249 = ADVANCED_FACE ( 'NONE', ( #5012 ), #8741, .T. ) ;
#9250 = UNCERTAINTY_MEASURE_WITH_UNIT (LENGTH_MEASURE( 1.000000000000000082E-05 ), #3386, 'distance_accuracy_value', 'NONE');
#9251 = DIRECTION ( 'NONE',  ( 0.000000000000000000, 0.000000000000000000, -1.000000000000000000 ) ) ;
#9252 = AXIS2_PLACEMENT_3D ( 'NONE', #7882, #4849, #6345 ) ;
#9253 = LINE ( 'NONE', #689, #8642 ) ;
#9254 =( NAMED_UNIT ( * ) SI_UNIT ( $, .STERADIAN. ) SOLID_ANGLE_UNIT ( ) );
#9255 = FACE_OUTER_BOUND ( 'NONE', #4253, .T. ) ;
#9256 = EDGE_LOOP ( 'NONE', ( #4868, #2811 ) ) ;
#9257 = FILL_AREA_STYLE_COLOUR ( '', #8034 ) ;
#9258 = SPHERICAL_SURFACE ( 'NONE', #5134, 0.2250000000000000888 ) ;
#9259 = FILL_AREA_STYLE ('',( #32 ) ) ;
#9260 = DIRECTION ( 'NONE',  ( -1.000000000000000000, 0.000000000000000000, 0.000000000000000000 ) ) ;
#9261 = DIRECTION ( 'NONE',  ( 0.000000000000000000, 0.000000000000000000, 1.000000000000000000 ) ) ;
#9262 = EDGE_CURVE ( 'NONE', #6325, #6030, #7412, .T. ) ;
#9263 = EDGE_LOOP ( 'NONE', ( #6043, #4144, #907 ) ) ;
#9264 = AXIS2_PLACEMENT_3D ( 'NONE', #3743, #2295, #4292 ) ;
#9265 = CARTESIAN_POINT ( 'NONE',  ( -3.499999999999999556, -0.1250000000000000000, 2.000000000000000000 ) ) ;
#9266 = SURFACE_STYLE_FILL_AREA ( #1975 ) ;
#9267 = UNCERTAINTY_MEASURE_WITH_UNIT (LENGTH_MEASURE( 1.000000000000000082E-05 ), #2857, 'distance_accuracy_value', 'NONE');
#9268 = FILL_AREA_STYLE ('',( #1245 ) ) ;
#9269 = CIRCLE ( 'NONE', #9104, 0.1870828693386972497 ) ;
#9270 = DIRECTION ( 'NONE',  ( -1.224646799147353207E-16, 0.000000000000000000, 1.000000000000000000 ) ) ;
#9271 = DIRECTION ( 'NONE',  ( -1.000000000000000000, 0.000000000000000000, 0.000000000000000000 ) ) ;
#9272 = COLOUR_RGB ( '',0.8941176470588234615, 0.9137254901960784048, 0.9294117647058823817 ) ;
#9273 = EDGE_LOOP ( 'NONE', ( #6562, #7965, #1350 ) ) ;
#9274 = PRESENTATION_LAYER_ASSIGNMENT (  '', '', ( #8803 ) ) ;
#9275 = PRESENTATION_STYLE_ASSIGNMENT (( #7083 ) ) ;
#9276 = CARTESIAN_POINT ( 'NONE',  ( -1.312917130661302334, 0.000000000000000000, -4.000000000000000000 ) ) ;
#9277 = EDGE_CURVE ( 'NONE', #5906, #8883, #7856, .T. ) ;
#9278 = MECHANICAL_DESIGN_GEOMETRIC_PRESENTATION_REPRESENTATION (  '', ( #2257 ), #4712 ) ;
#9279 = ORIENTED_EDGE ( 'NONE', *, *, #3998, .T. ) ;
#9280 = FILL_AREA_STYLE_COLOUR ( '', #5385 ) ;
#9281 = SURFACE_SIDE_STYLE ('',( #102 ) ) ;
#9282 =( NAMED_UNIT ( * ) PLANE_ANGLE_UNIT ( ) SI_UNIT ( $, .RADIAN. ) );
#9283 = STYLED_ITEM ( 'NONE', ( #4402 ), #3746 ) ;
#9284 = ORIENTED_EDGE ( 'NONE', *, *, #7792, .T. ) ;
#9285 = SURFACE_SIDE_STYLE ('',( #2090 ) ) ;
#9286 = CARTESIAN_POINT ( 'NONE',  ( -2.499999999999999556, -0.1250000000000000000, -3.000000000000000000 ) ) ;
#9287 = ORIENTED_EDGE ( 'NONE', *, *, #284, .F. ) ;
#9288 = DIRECTION ( 'NONE',  ( 0.000000000000000000, -1.000000000000000000, 0.000000000000000000 ) ) ;
#9289 = EDGE_LOOP ( 'NONE', ( #7889, #7443 ) ) ;
#9290 = SURFACE_STYLE_FILL_AREA ( #6369 ) ;
#9291 = ORIENTED_EDGE ( 'NONE', *, *, #1506, .F. ) ;
#9292 =( NAMED_UNIT ( * ) PLANE_ANGLE_UNIT ( ) SI_UNIT ( $, .RADIAN. ) );
#9293 = VERTEX_POINT ( 'NONE', #2840 ) ;
#9294 = CARTESIAN_POINT ( 'NONE',  ( -4.500000000000000000, -0.3500000000000000333, -7.000000000000000000 ) ) ;
#9295 = DIRECTION ( 'NONE',  ( 0.000000000000000000, 0.000000000000000000, 1.000000000000000000 ) ) ;
#9296 = ORIENTED_EDGE ( 'NONE', *, *, #1572, .F. ) ;
#9297 =( NAMED_UNIT ( * ) PLANE_ANGLE_UNIT ( ) SI_UNIT ( $, .RADIAN. ) );
#9298 = FACE_BOUND ( 'NONE', #1743, .T. ) ;
#9299 = PRESENTATION_LAYER_ASSIGNMENT (  '', '', ( #5660 ) ) ;
#9300 = SURFACE_SIDE_STYLE ('',( #4125 ) ) ;
#9301 = EDGE_CURVE ( 'NONE', #6886, #3618, #8145, .T. ) ;
#9302 =( LENGTH_UNIT ( ) NAMED_UNIT ( * ) SI_UNIT ( .MILLI., .METRE. ) );
#9303 = DIRECTION ( 'NONE',  ( -1.000000000000000000, -0.000000000000000000, -0.000000000000000000 ) ) ;
#9304 = ORIENTED_EDGE ( 'NONE', *, *, #1017, .F. ) ;
#9305 = CARTESIAN_POINT ( 'NONE',  ( -3.499999999999999556, 0.000000000000000000, -1.000000000000000000 ) ) ;
#9306 = EDGE_LOOP ( 'NONE', ( #8042, #3542 ) ) ;
#9307 =( NAMED_UNIT ( * ) SI_UNIT ( $, .STERADIAN. ) SOLID_ANGLE_UNIT ( ) );
#9308 = CIRCLE ( 'NONE', #5361, 0.1870828693386972497 ) ;
#9309 = CIRCLE ( 'NONE', #5213, 0.2250000000000003664 ) ;
#9310 = AXIS2_PLACEMENT_3D ( 'NONE', #5283, #1683, #7433 ) ;
#9311 = EDGE_CURVE ( 'NONE', #4397, #4341, #9227, .T. ) ;
#9312 = DIRECTION ( 'NONE',  ( 0.000000000000000000, 0.000000000000000000, -1.000000000000000000 ) ) ;
#9313 = CARTESIAN_POINT ( 'NONE',  ( 0.6870828693386975550, 0.000000000000000000, -4.000000000000000000 ) ) ;
#9314 = ADVANCED_FACE ( 'NONE', ( #6908 ), #4516, .T. ) ;
#9315 = DIRECTION ( 'NONE',  ( -1.224646799147353207E-16, 0.000000000000000000, 1.000000000000000000 ) ) ;
#9316 = DIRECTION ( 'NONE',  ( 0.000000000000000000, -1.000000000000000000, 0.000000000000000000 ) ) ;
#9317 = PRESENTATION_STYLE_ASSIGNMENT (( #9164 ) ) ;
#9318 = AXIS2_PLACEMENT_3D ( 'NONE', #2590, #5525, #1886 ) ;
#9319 = STYLED_ITEM ( 'NONE', ( #3705 ), #6623 ) ;
#9320 = ORIENTED_EDGE ( 'NONE', *, *, #3006, .F. ) ;
#9321 = DIRECTION ( 'NONE',  ( -1.224646799147353207E-16, 0.000000000000000000, 1.000000000000000000 ) ) ;
#9322 = CARTESIAN_POINT ( 'NONE',  ( 0.5000000000000004441, -0.1250000000000000000, 5.000000000000000888 ) ) ;
#9323 =( LENGTH_UNIT ( ) NAMED_UNIT ( * ) SI_UNIT ( .MILLI., .METRE. ) );
#9324 = FACE_OUTER_BOUND ( 'NONE', #941, .T. ) ;
#9325 = VERTEX_POINT ( 'NONE', #916 ) ;
#9326 = CIRCLE ( 'NONE', #1850, 0.1870828693386972497 ) ;
#9327 =( LENGTH_UNIT ( ) NAMED_UNIT ( * ) SI_UNIT ( .MILLI., .METRE. ) );
#9328 = AXIS2_PLACEMENT_3D ( 'NONE', #6921, #3832, #3117 ) ;
#9329 = STYLED_ITEM ( 'NONE', ( #7780 ), #5285 ) ;
#9330 = SURFACE_SIDE_STYLE ('',( #3459 ) ) ;
#9331 = AXIS2_PLACEMENT_3D ( 'NONE', #6991, #8469, #671 ) ;
#9332 = CIRCLE ( 'NONE', #8727, 0.1870828693386971386 ) ;
#9333 = CARTESIAN_POINT ( 'NONE',  ( 3.500000000000000444, 0.000000000000000000, 8.000000000000000000 ) ) ;
#9334 = ORIENTED_EDGE ( 'NONE', *, *, #8869, .T. ) ;
#9335 = EDGE_CURVE ( 'NONE', #6825, #7912, #3437, .T. ) ;
#9336 = PRESENTATION_LAYER_ASSIGNMENT (  '', '', ( #5233 ) ) ;
#9337 = CIRCLE ( 'NONE', #5970, 0.2250000000000000611 ) ;
#9338 = PRESENTATION_LAYER_ASSIGNMENT (  '', '', ( #4010 ) ) ;
#9339 = ORIENTED_EDGE ( 'NONE', *, *, #1310, .F. ) ;
#9340 = PRESENTATION_STYLE_ASSIGNMENT (( #9391 ) ) ;
#9341 = EDGE_LOOP ( 'NONE', ( #6032, #2595 ) ) ;
#9342 = EDGE_LOOP ( 'NONE', ( #1919, #7130, #6036 ) ) ;
#9343 = PRESENTATION_LAYER_ASSIGNMENT (  '', '', ( #4015 ) ) ;
#9344 =( GEOMETRIC_REPRESENTATION_CONTEXT ( 3 ) GLOBAL_UNCERTAINTY_ASSIGNED_CONTEXT ( ( #3644 ) ) GLOBAL_UNIT_ASSIGNED_CONTEXT ( ( #8432, #3481, #462 ) ) REPRESENTATION_CONTEXT ( 'NONE', 'WORKASPACE' ) );
#9345 = AXIS2_PLACEMENT_3D ( 'NONE', #4519, #8032, #883 ) ;
#9346 =( LENGTH_UNIT ( ) NAMED_UNIT ( * ) SI_UNIT ( .MILLI., .METRE. ) );
#9347 = ORIENTED_EDGE ( 'NONE', *, *, #3415, .T. ) ;
#9348 =( LENGTH_UNIT ( ) NAMED_UNIT ( * ) SI_UNIT ( .MILLI., .METRE. ) );
#9349 = DIRECTION ( 'NONE',  ( -1.224646799147353207E-16, 0.000000000000000000, 1.000000000000000000 ) ) ;
#9350 = PRESENTATION_LAYER_ASSIGNMENT (  '', '', ( #8574 ) ) ;
#9351 = COLOUR_RGB ( '',0.8941176470588234615, 0.9137254901960784048, 0.9294117647058823817 ) ;
#9352 = SURFACE_STYLE_USAGE ( .BOTH. , #5910 ) ;
#9353 =( LENGTH_UNIT ( ) NAMED_UNIT ( * ) SI_UNIT ( .MILLI., .METRE. ) );
#9354 = VERTEX_POINT ( 'NONE', #5455 ) ;
#9355 = FACE_BOUND ( 'NONE', #2990, .T. ) ;
#9356 = FACE_OUTER_BOUND ( 'NONE', #7758, .T. ) ;
#9357 = CIRCLE ( 'NONE', #4350, 0.1870828693386972497 ) ;
#9358 = AXIS2_PLACEMENT_3D ( 'NONE', #9043, #4014, #6004 ) ;
#9359 = DIRECTION ( 'NONE',  ( -1.224646799147353207E-16, 0.000000000000000000, 1.000000000000000000 ) ) ;
#9360 = CARTESIAN_POINT ( 'NONE',  ( -0.4999999999999995559, -0.3500000000000000333, -1.000000000000000000 ) ) ;
#9361 = ADVANCED_FACE ( 'NONE', ( #6594 ), #5274, .T. ) ;
#9362 = CARTESIAN_POINT ( 'NONE',  ( 3.500000000000000444, -0.1250000000000000000, -2.000000000000000000 ) ) ;
#9363 = DIRECTION ( 'NONE',  ( -1.000000000000000000, 0.000000000000000000, 0.000000000000000000 ) ) ;
#9364 = SURFACE_STYLE_USAGE ( .BOTH. , #7 ) ;
#9365 = UNCERTAINTY_MEASURE_WITH_UNIT (LENGTH_MEASURE( 1.000000000000000082E-05 ), #3973, 'distance_accuracy_value', 'NONE');
#9366 = FILL_AREA_STYLE ('',( #6442 ) ) ;
#9367 = CARTESIAN_POINT ( 'NONE',  ( 4.312917130661304554, 0.000000000000000000, -8.000000000000000000 ) ) ;
#9368 = SURFACE_STYLE_USAGE ( .BOTH. , #920 ) ;
#9369 =( LENGTH_UNIT ( ) NAMED_UNIT ( * ) SI_UNIT ( .MILLI., .METRE. ) );
#9370 = DIRECTION ( 'NONE',  ( -1.000000000000000000, 0.000000000000000000, 0.000000000000000000 ) ) ;
#9371 = MECHANICAL_DESIGN_GEOMETRIC_PRESENTATION_REPRESENTATION (  '', ( #2972 ), #7841 ) ;
#9372 = VERTEX_POINT ( 'NONE', #4731 ) ;
#9373 = EDGE_CURVE ( 'NONE', #1592, #2051, #6022, .T. ) ;
#9374 = EDGE_CURVE ( 'NONE', #5463, #6833, #6326, .T. ) ;
#9375 = DIRECTION ( 'NONE',  ( -1.000000000000000000, 0.000000000000000000, 0.000000000000000000 ) ) ;
#9376 = CARTESIAN_POINT ( 'NONE',  ( 1.500000000000000444, -0.3500000000000000333, -3.000000000000000000 ) ) ;
#9377 = DIRECTION ( 'NONE',  ( 0.000000000000000000, 0.000000000000000000, -1.000000000000000000 ) ) ;
#9378 = CARTESIAN_POINT ( 'NONE',  ( -1.499999999999999556, -0.1250000000000000000, -4.000000000000000000 ) ) ;
#9379 = VERTEX_POINT ( 'NONE', #6957 ) ;
#9380 = SPHERICAL_SURFACE ( 'NONE', #6141, 0.2250000000000000888 ) ;
#9381 =( NAMED_UNIT ( * ) SI_UNIT ( $, .STERADIAN. ) SOLID_ANGLE_UNIT ( ) );
#9382 = SPHERICAL_SURFACE ( 'NONE', #2167, 0.2250000000000000888 ) ;
#9383 =( GEOMETRIC_REPRESENTATION_CONTEXT ( 3 ) GLOBAL_UNCERTAINTY_ASSIGNED_CONTEXT ( ( #7547 ) ) GLOBAL_UNIT_ASSIGNED_CONTEXT ( ( #6791, #1020, #1546 ) ) REPRESENTATION_CONTEXT ( 'NONE', 'WORKASPACE' ) );
#9384 = DIRECTION ( 'NONE',  ( 0.000000000000000000, -1.000000000000000000, 0.000000000000000000 ) ) ;
#9385 = CIRCLE ( 'NONE', #6774, 0.2249999999999999500 ) ;
#9386 = CIRCLE ( 'NONE', #4366, 0.2250000000000000611 ) ;
#9387 = ADVANCED_FACE ( 'NONE', ( #3327 ), #4272, .T. ) ;
#9388 = SURFACE_STYLE_FILL_AREA ( #7939 ) ;
#9389 =( GEOMETRIC_REPRESENTATION_CONTEXT ( 3 ) GLOBAL_UNCERTAINTY_ASSIGNED_CONTEXT ( ( #8105 ) ) GLOBAL_UNIT_ASSIGNED_CONTEXT ( ( #5934, #2343, #1533 ) ) REPRESENTATION_CONTEXT ( 'NONE', 'WORKASPACE' ) );
#9390 = ORIENTED_EDGE ( 'NONE', *, *, #4404, .T. ) ;
#9391 = SURFACE_STYLE_USAGE ( .BOTH. , #5163 ) ;
#9392 = SURFACE_STYLE_USAGE ( .BOTH. , #772 ) ;
#9394 = ORIENTED_EDGE ( 'NONE', *, *, #8544, .F. ) ;
#9393 =( LENGTH_UNIT ( ) NAMED_UNIT ( * ) SI_UNIT ( .MILLI., .METRE. ) );
#9395 = AXIS2_PLACEMENT_3D ( 'NONE', #3859, #7539, #8842 ) ;
#9396 = FILL_AREA_STYLE ('',( #6608 ) ) ;
#9397 = CIRCLE ( 'NONE', #8910, 0.1870828693386972497 ) ;
#9398 = EDGE_LOOP ( 'NONE', ( #1839, #5109, #8039 ) ) ;
#9399 = AXIS2_PLACEMENT_3D ( 'NONE', #5164, #2142, #8041 ) ;
#9400 = SURFACE_STYLE_USAGE ( .BOTH. , #4118 ) ;
#9402 =( GEOMETRIC_REPRESENTATION_CONTEXT ( 3 ) GLOBAL_UNCERTAINTY_ASSIGNED_CONTEXT ( ( #7604 ) ) GLOBAL_UNIT_ASSIGNED_CONTEXT ( ( #5272, #7596, #8865 ) ) REPRESENTATION_CONTEXT ( 'NONE', 'WORKASPACE' ) );
#9401 = PRESENTATION_LAYER_ASSIGNMENT (  '', '', ( #5740 ) ) ;
#9403 = STYLED_ITEM ( 'NONE', ( #9076 ), #2835 ) ;
#9404 = DIRECTION ( 'NONE',  ( 0.000000000000000000, 0.000000000000000000, 1.000000000000000000 ) ) ;
#9405 = FILL_AREA_STYLE_COLOUR ( '', #879 ) ;
#9406 = PRESENTATION_STYLE_ASSIGNMENT (( #8004 ) ) ;
#9407 =( NAMED_UNIT ( * ) PLANE_ANGLE_UNIT ( ) SI_UNIT ( $, .RADIAN. ) );
#9408 = AXIS2_PLACEMENT_3D ( 'NONE', #7738, #7783, #9153 ) ;
#9409 = EDGE_LOOP ( 'NONE', ( #3355, #5271 ) ) ;
#9410 = EDGE_CURVE ( 'NONE', #4004, #9354, #2833, .T. ) ;
#9412 = STYLED_ITEM ( 'NONE', ( #8855 ), #1326 ) ;
#9411 = STYLED_ITEM ( 'NONE', ( #3942 ), #9113 ) ;
#9413 = FACE_BOUND ( 'NONE', #1954, .T. ) ;
ENDSEC;
END-ISO-10303-21;
