ISO-10303-21;
HEADER;
/* Generated by software containing ST-Developer
 * from STEP Tools, Inc. (www.steptools.com) 
 */

FILE_DESCRIPTION(
/* description */ (''),
/* implementation_level */ '2;1');

FILE_NAME(
/* name */ 'SQJ161ELP-T1_GE3.stp',
/* time_stamp */ '2026-04-07T12:30:07+02:00',
/* author */ ('Ryzen 5'),
/* organization */ (''),
/* preprocessor_version */ 'ST-DEVELOPER v20',
/* originating_system */ 'Autodesk Inventor 2025',
/* authorisation */ '');

FILE_SCHEMA (('AUTOMOTIVE_DESIGN { 1 0 10303 214 3 1 1 }'));
ENDSEC;

DATA;
#10=MECHANICAL_DESIGN_GEOMETRIC_PRESENTATION_REPRESENTATION('',(#2809,#2810,
#2811,#2812,#2813,#2814,#2815,#2816,#2817,#2818,#2819,#2820,#2821,#2822,
#2823,#2824,#2825,#2826,#2827,#2828,#2829,#2830,#2831,#2832,#2833,#2834,
#2835,#2836,#2837,#2838,#2839,#2840,#2841,#2842,#2843,#2844,#2845,#2846,
#2847,#2848,#2849,#2850,#2851,#2852,#2853,#2854,#2855,#2856,#2857,#2858,
#2859,#2860,#2861,#2862,#2863,#2864,#2865,#2866,#2867,#2868,#2869,#2870,
#2871,#2872,#2873,#2874,#2875,#2876,#2877,#2878,#2879,#2880,#2881,#2882,
#2883,#2884,#2885,#2886,#2887,#2888,#2889,#2890,#2891,#2892,#2893,#2894,
#2895,#2896,#2897,#2898,#2899,#2900,#2901,#2902,#2903,#2904,#2905,#2906,
#2907,#2908,#2909,#2910,#2911,#2912,#2913,#2914,#2915,#2916,#2917,#2918,
#2919,#2920,#2921,#2922,#2923,#2924,#2925,#2926,#2927,#2928,#2929,#2930,
#2931,#2932,#2933,#2934,#2935,#2936,#2937,#2938,#2939,#2940,#2941,#2942,
#2943,#2944,#2945,#2946,#2947,#2948,#2949,#2950,#2951,#2952,#2953,#2954,
#2955,#2956,#2957,#2958,#2959,#2960,#2961,#2962,#2963,#2964,#2965,#2966,
#2967,#2968,#2969,#2970,#2971,#2972,#2973),#5201);
#11=SHAPE_REPRESENTATION_RELATIONSHIP('SRR','None',#5208,#12);
#12=ADVANCED_BREP_SHAPE_REPRESENTATION('',(#182,#183,#184,#185,#186,#187),
#5200);
#13=CIRCLE('',#3172,0.05);
#14=CIRCLE('',#3173,0.05);
#15=CIRCLE('',#3176,0.05);
#16=CIRCLE('',#3177,0.05);
#17=CIRCLE('',#3179,0.05);
#18=CIRCLE('',#3180,0.05);
#19=CIRCLE('',#3181,0.05);
#20=CIRCLE('',#3182,0.05);
#21=CIRCLE('',#3183,0.05);
#22=CIRCLE('',#3184,0.05);
#23=CIRCLE('',#3185,0.05);
#24=CIRCLE('',#3186,0.05);
#25=CIRCLE('',#3187,0.05);
#26=CIRCLE('',#3188,0.05);
#27=CIRCLE('',#3189,0.05);
#28=CIRCLE('',#3190,0.05);
#29=CIRCLE('',#3191,0.05);
#30=CIRCLE('',#3192,0.05);
#31=CIRCLE('',#3193,0.05);
#32=CIRCLE('',#3194,0.05);
#33=CIRCLE('',#3195,0.05);
#34=CIRCLE('',#3196,0.05);
#35=CIRCLE('',#3197,0.05);
#36=CIRCLE('',#3198,0.05);
#37=CIRCLE('',#3199,0.05);
#38=CIRCLE('',#3200,0.05);
#39=CIRCLE('',#3201,0.05);
#40=CIRCLE('',#3202,0.05);
#41=CIRCLE('',#3203,0.05);
#42=CIRCLE('',#3206,0.05);
#43=CIRCLE('',#3208,0.05);
#44=CIRCLE('',#3211,0.05);
#45=CIRCLE('',#3214,0.05);
#46=CIRCLE('',#3217,0.05);
#47=CIRCLE('',#3219,0.05);
#48=CIRCLE('',#3222,0.05);
#49=CIRCLE('',#3225,0.05);
#50=CIRCLE('',#3228,0.05);
#51=CIRCLE('',#3230,0.05);
#52=CIRCLE('',#3233,0.05);
#53=CIRCLE('',#3236,0.05);
#54=CIRCLE('',#3239,0.05);
#55=CIRCLE('',#3242,0.05);
#56=CIRCLE('',#3244,0.05);
#57=CIRCLE('',#3247,0.05);
#58=CIRCLE('',#3250,0.05);
#59=CIRCLE('',#3253,0.05);
#60=CIRCLE('',#3256,0.05);
#61=CIRCLE('',#3259,0.05);
#62=CIRCLE('',#3262,0.05);
#63=CIRCLE('',#3265,0.05);
#64=CIRCLE('',#3268,0.05);
#65=CIRCLE('',#3270,0.05);
#66=CIRCLE('',#3273,0.05);
#67=CIRCLE('',#3288,0.58150430732145);
#68=CIRCLE('',#3289,0.447305366512553);
#69=CIRCLE('',#3292,0.470135837457762);
#70=CIRCLE('',#3293,0.604334778266659);
#71=CIRCLE('',#3297,0.58150430732145);
#72=CIRCLE('',#3298,0.447305366512553);
#73=CIRCLE('',#3301,0.470135837457762);
#74=CIRCLE('',#3302,0.604334778266659);
#75=CIRCLE('',#3305,0.470135837457762);
#76=CIRCLE('',#3307,0.447305366512553);
#77=CIRCLE('',#3308,0.447305366512553);
#78=CIRCLE('',#3313,0.604334778266659);
#79=CIRCLE('',#3314,0.604334778266659);
#80=CIRCLE('',#3316,0.470135837457762);
#81=CIRCLE('',#3317,0.470135837457762);
#82=CIRCLE('',#3318,0.470135837457762);
#83=CIRCLE('',#3321,0.58150430732145);
#84=CIRCLE('',#3324,0.58150430732145);
#85=CIRCLE('',#3328,0.58150430732145);
#86=CIRCLE('',#3329,0.447305366512553);
#87=CIRCLE('',#3332,0.470135837457762);
#88=CIRCLE('',#3333,0.604334778266659);
#89=CIRCLE('',#3337,0.58150430732145);
#90=CIRCLE('',#3338,0.447305366512553);
#91=CIRCLE('',#3341,0.470135837457762);
#92=CIRCLE('',#3342,0.604334778266659);
#93=CIRCLE('',#3345,0.470135837457762);
#94=CIRCLE('',#3347,0.447305366512553);
#95=CIRCLE('',#3348,0.447305366512553);
#96=CIRCLE('',#3353,0.604334778266659);
#97=CIRCLE('',#3354,0.604334778266659);
#98=CIRCLE('',#3356,0.470135837457762);
#99=CIRCLE('',#3357,0.470135837457762);
#100=CIRCLE('',#3358,0.470135837457762);
#101=CIRCLE('',#3361,0.58150430732145);
#102=CIRCLE('',#3364,0.58150430732145);
#103=CIRCLE('',#3368,0.58150430732145);
#104=CIRCLE('',#3369,0.447305366512553);
#105=CIRCLE('',#3372,0.470135837457762);
#106=CIRCLE('',#3373,0.604334778266659);
#107=CIRCLE('',#3377,0.58150430732145);
#108=CIRCLE('',#3378,0.447305366512553);
#109=CIRCLE('',#3381,0.470135837457762);
#110=CIRCLE('',#3382,0.604334778266659);
#111=CIRCLE('',#3385,0.470135837457762);
#112=CIRCLE('',#3387,0.447305366512553);
#113=CIRCLE('',#3388,0.447305366512553);
#114=CIRCLE('',#3393,0.604334778266659);
#115=CIRCLE('',#3394,0.604334778266659);
#116=CIRCLE('',#3396,0.470135837457762);
#117=CIRCLE('',#3397,0.470135837457762);
#118=CIRCLE('',#3398,0.470135837457762);
#119=CIRCLE('',#3401,0.58150430732145);
#120=CIRCLE('',#3404,0.58150430732145);
#121=CIRCLE('',#3408,0.58150430732145);
#122=CIRCLE('',#3409,0.447305366512553);
#123=CIRCLE('',#3412,0.470135837457762);
#124=CIRCLE('',#3413,0.604334778266659);
#125=CIRCLE('',#3417,0.58150430732145);
#126=CIRCLE('',#3418,0.447305366512553);
#127=CIRCLE('',#3421,0.470135837457762);
#128=CIRCLE('',#3422,0.604334778266659);
#129=CIRCLE('',#3425,0.470135837457762);
#130=CIRCLE('',#3427,0.447305366512553);
#131=CIRCLE('',#3428,0.447305366512553);
#132=CIRCLE('',#3433,0.604334778266659);
#133=CIRCLE('',#3434,0.604334778266659);
#134=CIRCLE('',#3436,0.470135837457762);
#135=CIRCLE('',#3437,0.470135837457762);
#136=CIRCLE('',#3438,0.470135837457762);
#137=CIRCLE('',#3441,0.58150430732145);
#138=CIRCLE('',#3444,0.58150430732145);
#139=CYLINDRICAL_SURFACE('',#3171,0.05);
#140=CYLINDRICAL_SURFACE('',#3175,0.05);
#141=CYLINDRICAL_SURFACE('',#3205,0.05);
#142=CYLINDRICAL_SURFACE('',#3207,0.05);
#143=CYLINDRICAL_SURFACE('',#3210,0.05);
#144=CYLINDRICAL_SURFACE('',#3213,0.05);
#145=CYLINDRICAL_SURFACE('',#3216,0.05);
#146=CYLINDRICAL_SURFACE('',#3218,0.05);
#147=CYLINDRICAL_SURFACE('',#3221,0.05);
#148=CYLINDRICAL_SURFACE('',#3224,0.05);
#149=CYLINDRICAL_SURFACE('',#3227,0.05);
#150=CYLINDRICAL_SURFACE('',#3229,0.05);
#151=CYLINDRICAL_SURFACE('',#3232,0.05);
#152=CYLINDRICAL_SURFACE('',#3235,0.05);
#153=CYLINDRICAL_SURFACE('',#3238,0.05);
#154=CYLINDRICAL_SURFACE('',#3241,0.05);
#155=CYLINDRICAL_SURFACE('',#3243,0.05);
#156=CYLINDRICAL_SURFACE('',#3246,0.05);
#157=CYLINDRICAL_SURFACE('',#3249,0.05);
#158=CYLINDRICAL_SURFACE('',#3252,0.05);
#159=CYLINDRICAL_SURFACE('',#3255,0.05);
#160=CYLINDRICAL_SURFACE('',#3258,0.05);
#161=CYLINDRICAL_SURFACE('',#3261,0.05);
#162=CYLINDRICAL_SURFACE('',#3264,0.05);
#163=CYLINDRICAL_SURFACE('',#3267,0.05);
#164=CYLINDRICAL_SURFACE('',#3269,0.05);
#165=CYLINDRICAL_SURFACE('',#3272,0.05);
#166=CYLINDRICAL_SURFACE('',#3306,0.447305366512553);
#167=CYLINDRICAL_SURFACE('',#3312,0.604334778266659);
#168=CYLINDRICAL_SURFACE('',#3315,0.470135837457762);
#169=CYLINDRICAL_SURFACE('',#3323,0.58150430732145);
#170=CYLINDRICAL_SURFACE('',#3346,0.447305366512553);
#171=CYLINDRICAL_SURFACE('',#3352,0.604334778266659);
#172=CYLINDRICAL_SURFACE('',#3355,0.470135837457762);
#173=CYLINDRICAL_SURFACE('',#3363,0.58150430732145);
#174=CYLINDRICAL_SURFACE('',#3386,0.447305366512553);
#175=CYLINDRICAL_SURFACE('',#3392,0.604334778266659);
#176=CYLINDRICAL_SURFACE('',#3395,0.470135837457762);
#177=CYLINDRICAL_SURFACE('',#3403,0.58150430732145);
#178=CYLINDRICAL_SURFACE('',#3426,0.447305366512553);
#179=CYLINDRICAL_SURFACE('',#3432,0.604334778266659);
#180=CYLINDRICAL_SURFACE('',#3435,0.470135837457762);
#181=CYLINDRICAL_SURFACE('',#3443,0.58150430732145);
#182=MANIFOLD_SOLID_BREP('Solid1',#3133);
#183=MANIFOLD_SOLID_BREP('Solid2',#3134);
#184=MANIFOLD_SOLID_BREP('Solid3',#3135);
#185=MANIFOLD_SOLID_BREP('Solid3',#3136);
#186=MANIFOLD_SOLID_BREP('Solid3',#3137);
#187=MANIFOLD_SOLID_BREP('Solid3',#3138);
#188=FACE_OUTER_BOUND('',#347,.T.);
#189=FACE_OUTER_BOUND('',#348,.T.);
#190=FACE_OUTER_BOUND('',#349,.T.);
#191=FACE_OUTER_BOUND('',#350,.T.);
#192=FACE_OUTER_BOUND('',#351,.T.);
#193=FACE_OUTER_BOUND('',#352,.T.);
#194=FACE_OUTER_BOUND('',#353,.T.);
#195=FACE_OUTER_BOUND('',#354,.T.);
#196=FACE_OUTER_BOUND('',#355,.T.);
#197=FACE_OUTER_BOUND('',#356,.T.);
#198=FACE_OUTER_BOUND('',#357,.T.);
#199=FACE_OUTER_BOUND('',#358,.T.);
#200=FACE_OUTER_BOUND('',#359,.T.);
#201=FACE_OUTER_BOUND('',#360,.T.);
#202=FACE_OUTER_BOUND('',#361,.T.);
#203=FACE_OUTER_BOUND('',#362,.T.);
#204=FACE_OUTER_BOUND('',#363,.T.);
#205=FACE_OUTER_BOUND('',#364,.T.);
#206=FACE_OUTER_BOUND('',#365,.T.);
#207=FACE_OUTER_BOUND('',#366,.T.);
#208=FACE_OUTER_BOUND('',#367,.T.);
#209=FACE_OUTER_BOUND('',#368,.T.);
#210=FACE_OUTER_BOUND('',#369,.T.);
#211=FACE_OUTER_BOUND('',#370,.T.);
#212=FACE_OUTER_BOUND('',#371,.T.);
#213=FACE_OUTER_BOUND('',#372,.T.);
#214=FACE_OUTER_BOUND('',#373,.T.);
#215=FACE_OUTER_BOUND('',#374,.T.);
#216=FACE_OUTER_BOUND('',#375,.T.);
#217=FACE_OUTER_BOUND('',#376,.T.);
#218=FACE_OUTER_BOUND('',#377,.T.);
#219=FACE_OUTER_BOUND('',#378,.T.);
#220=FACE_OUTER_BOUND('',#379,.T.);
#221=FACE_OUTER_BOUND('',#380,.T.);
#222=FACE_OUTER_BOUND('',#381,.T.);
#223=FACE_OUTER_BOUND('',#382,.T.);
#224=FACE_OUTER_BOUND('',#383,.T.);
#225=FACE_OUTER_BOUND('',#384,.T.);
#226=FACE_OUTER_BOUND('',#385,.T.);
#227=FACE_OUTER_BOUND('',#386,.T.);
#228=FACE_OUTER_BOUND('',#387,.T.);
#229=FACE_OUTER_BOUND('',#388,.T.);
#230=FACE_OUTER_BOUND('',#389,.T.);
#231=FACE_OUTER_BOUND('',#390,.T.);
#232=FACE_OUTER_BOUND('',#391,.T.);
#233=FACE_OUTER_BOUND('',#392,.T.);
#234=FACE_OUTER_BOUND('',#393,.T.);
#235=FACE_OUTER_BOUND('',#394,.T.);
#236=FACE_OUTER_BOUND('',#395,.T.);
#237=FACE_OUTER_BOUND('',#396,.T.);
#238=FACE_OUTER_BOUND('',#397,.T.);
#239=FACE_OUTER_BOUND('',#398,.T.);
#240=FACE_OUTER_BOUND('',#399,.T.);
#241=FACE_OUTER_BOUND('',#400,.T.);
#242=FACE_OUTER_BOUND('',#401,.T.);
#243=FACE_OUTER_BOUND('',#402,.T.);
#244=FACE_OUTER_BOUND('',#403,.T.);
#245=FACE_OUTER_BOUND('',#404,.T.);
#246=FACE_OUTER_BOUND('',#405,.T.);
#247=FACE_OUTER_BOUND('',#406,.T.);
#248=FACE_OUTER_BOUND('',#407,.T.);
#249=FACE_OUTER_BOUND('',#408,.T.);
#250=FACE_OUTER_BOUND('',#409,.T.);
#251=FACE_OUTER_BOUND('',#410,.T.);
#252=FACE_OUTER_BOUND('',#411,.T.);
#253=FACE_OUTER_BOUND('',#412,.T.);
#254=FACE_OUTER_BOUND('',#413,.T.);
#255=FACE_OUTER_BOUND('',#414,.T.);
#256=FACE_OUTER_BOUND('',#415,.T.);
#257=FACE_OUTER_BOUND('',#416,.T.);
#258=FACE_OUTER_BOUND('',#417,.T.);
#259=FACE_OUTER_BOUND('',#418,.T.);
#260=FACE_OUTER_BOUND('',#419,.T.);
#261=FACE_OUTER_BOUND('',#420,.T.);
#262=FACE_OUTER_BOUND('',#421,.T.);
#263=FACE_OUTER_BOUND('',#422,.T.);
#264=FACE_OUTER_BOUND('',#423,.T.);
#265=FACE_OUTER_BOUND('',#424,.T.);
#266=FACE_OUTER_BOUND('',#425,.T.);
#267=FACE_OUTER_BOUND('',#426,.T.);
#268=FACE_OUTER_BOUND('',#427,.T.);
#269=FACE_OUTER_BOUND('',#428,.T.);
#270=FACE_OUTER_BOUND('',#429,.T.);
#271=FACE_OUTER_BOUND('',#430,.T.);
#272=FACE_OUTER_BOUND('',#431,.T.);
#273=FACE_OUTER_BOUND('',#432,.T.);
#274=FACE_OUTER_BOUND('',#433,.T.);
#275=FACE_OUTER_BOUND('',#434,.T.);
#276=FACE_OUTER_BOUND('',#435,.T.);
#277=FACE_OUTER_BOUND('',#436,.T.);
#278=FACE_OUTER_BOUND('',#437,.T.);
#279=FACE_OUTER_BOUND('',#438,.T.);
#280=FACE_OUTER_BOUND('',#439,.T.);
#281=FACE_OUTER_BOUND('',#440,.T.);
#282=FACE_OUTER_BOUND('',#441,.T.);
#283=FACE_OUTER_BOUND('',#442,.T.);
#284=FACE_OUTER_BOUND('',#443,.T.);
#285=FACE_OUTER_BOUND('',#444,.T.);
#286=FACE_OUTER_BOUND('',#445,.T.);
#287=FACE_OUTER_BOUND('',#446,.T.);
#288=FACE_OUTER_BOUND('',#447,.T.);
#289=FACE_OUTER_BOUND('',#448,.T.);
#290=FACE_OUTER_BOUND('',#449,.T.);
#291=FACE_OUTER_BOUND('',#450,.T.);
#292=FACE_OUTER_BOUND('',#451,.T.);
#293=FACE_OUTER_BOUND('',#452,.T.);
#294=FACE_OUTER_BOUND('',#453,.T.);
#295=FACE_OUTER_BOUND('',#454,.T.);
#296=FACE_OUTER_BOUND('',#455,.T.);
#297=FACE_OUTER_BOUND('',#456,.T.);
#298=FACE_OUTER_BOUND('',#457,.T.);
#299=FACE_OUTER_BOUND('',#458,.T.);
#300=FACE_OUTER_BOUND('',#459,.T.);
#301=FACE_OUTER_BOUND('',#460,.T.);
#302=FACE_OUTER_BOUND('',#461,.T.);
#303=FACE_OUTER_BOUND('',#462,.T.);
#304=FACE_OUTER_BOUND('',#463,.T.);
#305=FACE_OUTER_BOUND('',#464,.T.);
#306=FACE_OUTER_BOUND('',#465,.T.);
#307=FACE_OUTER_BOUND('',#466,.T.);
#308=FACE_OUTER_BOUND('',#467,.T.);
#309=FACE_OUTER_BOUND('',#468,.T.);
#310=FACE_OUTER_BOUND('',#469,.T.);
#311=FACE_OUTER_BOUND('',#470,.T.);
#312=FACE_OUTER_BOUND('',#471,.T.);
#313=FACE_OUTER_BOUND('',#472,.T.);
#314=FACE_OUTER_BOUND('',#473,.T.);
#315=FACE_OUTER_BOUND('',#474,.T.);
#316=FACE_OUTER_BOUND('',#475,.T.);
#317=FACE_OUTER_BOUND('',#476,.T.);
#318=FACE_OUTER_BOUND('',#477,.T.);
#319=FACE_OUTER_BOUND('',#478,.T.);
#320=FACE_OUTER_BOUND('',#479,.T.);
#321=FACE_OUTER_BOUND('',#480,.T.);
#322=FACE_OUTER_BOUND('',#481,.T.);
#323=FACE_OUTER_BOUND('',#482,.T.);
#324=FACE_OUTER_BOUND('',#483,.T.);
#325=FACE_OUTER_BOUND('',#484,.T.);
#326=FACE_OUTER_BOUND('',#485,.T.);
#327=FACE_OUTER_BOUND('',#486,.T.);
#328=FACE_OUTER_BOUND('',#487,.T.);
#329=FACE_OUTER_BOUND('',#488,.T.);
#330=FACE_OUTER_BOUND('',#489,.T.);
#331=FACE_OUTER_BOUND('',#490,.T.);
#332=FACE_OUTER_BOUND('',#491,.T.);
#333=FACE_OUTER_BOUND('',#492,.T.);
#334=FACE_OUTER_BOUND('',#493,.T.);
#335=FACE_OUTER_BOUND('',#494,.T.);
#336=FACE_OUTER_BOUND('',#495,.T.);
#337=FACE_OUTER_BOUND('',#496,.T.);
#338=FACE_OUTER_BOUND('',#497,.T.);
#339=FACE_OUTER_BOUND('',#498,.T.);
#340=FACE_OUTER_BOUND('',#499,.T.);
#341=FACE_OUTER_BOUND('',#500,.T.);
#342=FACE_OUTER_BOUND('',#501,.T.);
#343=FACE_OUTER_BOUND('',#502,.T.);
#344=FACE_OUTER_BOUND('',#503,.T.);
#345=FACE_OUTER_BOUND('',#504,.T.);
#346=FACE_OUTER_BOUND('',#505,.T.);
#347=EDGE_LOOP('',(#1831,#1832,#1833,#1834));
#348=EDGE_LOOP('',(#1835,#1836,#1837,#1838,#1839,#1840));
#349=EDGE_LOOP('',(#1841,#1842,#1843,#1844));
#350=EDGE_LOOP('',(#1845,#1846,#1847,#1848));
#351=EDGE_LOOP('',(#1849,#1850,#1851,#1852));
#352=EDGE_LOOP('',(#1853,#1854,#1855,#1856));
#353=EDGE_LOOP('',(#1857,#1858,#1859,#1860));
#354=EDGE_LOOP('',(#1861,#1862,#1863,#1864,#1865));
#355=EDGE_LOOP('',(#1866,#1867,#1868,#1869,#1870));
#356=EDGE_LOOP('',(#1871,#1872,#1873,#1874));
#357=EDGE_LOOP('',(#1875,#1876,#1877,#1878));
#358=EDGE_LOOP('',(#1879,#1880,#1881,#1882));
#359=EDGE_LOOP('',(#1883,#1884,#1885,#1886));
#360=EDGE_LOOP('',(#1887,#1888,#1889,#1890,#1891,#1892,#1893,#1894,#1895,
#1896,#1897,#1898,#1899,#1900,#1901,#1902,#1903,#1904,#1905,#1906,#1907,
#1908,#1909,#1910,#1911,#1912,#1913,#1914,#1915,#1916,#1917,#1918,#1919,
#1920,#1921,#1922,#1923,#1924,#1925,#1926,#1927,#1928,#1929,#1930,#1931,
#1932,#1933,#1934,#1935,#1936,#1937,#1938,#1939,#1940,#1941,#1942,#1943,
#1944,#1945));
#361=EDGE_LOOP('',(#1946,#1947,#1948,#1949));
#362=EDGE_LOOP('',(#1950,#1951,#1952,#1953));
#363=EDGE_LOOP('',(#1954,#1955,#1956,#1957));
#364=EDGE_LOOP('',(#1958,#1959,#1960,#1961));
#365=EDGE_LOOP('',(#1962,#1963,#1964,#1965));
#366=EDGE_LOOP('',(#1966,#1967,#1968,#1969));
#367=EDGE_LOOP('',(#1970,#1971,#1972,#1973));
#368=EDGE_LOOP('',(#1974,#1975,#1976,#1977));
#369=EDGE_LOOP('',(#1978,#1979,#1980,#1981));
#370=EDGE_LOOP('',(#1982,#1983,#1984,#1985));
#371=EDGE_LOOP('',(#1986,#1987,#1988,#1989));
#372=EDGE_LOOP('',(#1990,#1991,#1992,#1993));
#373=EDGE_LOOP('',(#1994,#1995,#1996,#1997));
#374=EDGE_LOOP('',(#1998,#1999,#2000,#2001));
#375=EDGE_LOOP('',(#2002,#2003,#2004,#2005));
#376=EDGE_LOOP('',(#2006,#2007,#2008,#2009));
#377=EDGE_LOOP('',(#2010,#2011,#2012,#2013));
#378=EDGE_LOOP('',(#2014,#2015,#2016,#2017));
#379=EDGE_LOOP('',(#2018,#2019,#2020,#2021));
#380=EDGE_LOOP('',(#2022,#2023,#2024,#2025));
#381=EDGE_LOOP('',(#2026,#2027,#2028,#2029));
#382=EDGE_LOOP('',(#2030,#2031,#2032,#2033));
#383=EDGE_LOOP('',(#2034,#2035,#2036,#2037));
#384=EDGE_LOOP('',(#2038,#2039,#2040,#2041));
#385=EDGE_LOOP('',(#2042,#2043,#2044,#2045));
#386=EDGE_LOOP('',(#2046,#2047,#2048,#2049));
#387=EDGE_LOOP('',(#2050,#2051,#2052,#2053));
#388=EDGE_LOOP('',(#2054,#2055,#2056,#2057));
#389=EDGE_LOOP('',(#2058,#2059,#2060,#2061));
#390=EDGE_LOOP('',(#2062,#2063,#2064,#2065));
#391=EDGE_LOOP('',(#2066,#2067,#2068,#2069));
#392=EDGE_LOOP('',(#2070,#2071,#2072,#2073));
#393=EDGE_LOOP('',(#2074,#2075,#2076,#2077));
#394=EDGE_LOOP('',(#2078,#2079,#2080,#2081));
#395=EDGE_LOOP('',(#2082,#2083,#2084,#2085));
#396=EDGE_LOOP('',(#2086,#2087,#2088,#2089));
#397=EDGE_LOOP('',(#2090,#2091,#2092,#2093));
#398=EDGE_LOOP('',(#2094,#2095,#2096,#2097));
#399=EDGE_LOOP('',(#2098,#2099,#2100,#2101));
#400=EDGE_LOOP('',(#2102,#2103,#2104,#2105));
#401=EDGE_LOOP('',(#2106,#2107,#2108,#2109));
#402=EDGE_LOOP('',(#2110,#2111,#2112,#2113));
#403=EDGE_LOOP('',(#2114,#2115,#2116,#2117));
#404=EDGE_LOOP('',(#2118,#2119,#2120,#2121));
#405=EDGE_LOOP('',(#2122,#2123,#2124,#2125));
#406=EDGE_LOOP('',(#2126,#2127,#2128,#2129));
#407=EDGE_LOOP('',(#2130,#2131,#2132,#2133));
#408=EDGE_LOOP('',(#2134,#2135,#2136,#2137));
#409=EDGE_LOOP('',(#2138,#2139,#2140,#2141));
#410=EDGE_LOOP('',(#2142,#2143,#2144,#2145));
#411=EDGE_LOOP('',(#2146,#2147,#2148,#2149));
#412=EDGE_LOOP('',(#2150,#2151,#2152,#2153));
#413=EDGE_LOOP('',(#2154,#2155,#2156,#2157));
#414=EDGE_LOOP('',(#2158,#2159,#2160,#2161));
#415=EDGE_LOOP('',(#2162,#2163,#2164,#2165));
#416=EDGE_LOOP('',(#2166,#2167,#2168,#2169));
#417=EDGE_LOOP('',(#2170,#2171,#2172,#2173,#2174,#2175,#2176,#2177,#2178,
#2179,#2180,#2181,#2182,#2183,#2184,#2185,#2186,#2187,#2188,#2189,#2190,
#2191,#2192,#2193,#2194,#2195,#2196,#2197,#2198,#2199,#2200,#2201,#2202,
#2203,#2204,#2205,#2206,#2207,#2208,#2209,#2210,#2211,#2212,#2213,#2214,
#2215,#2216,#2217,#2218,#2219,#2220,#2221,#2222,#2223,#2224,#2225,#2226,
#2227,#2228));
#418=EDGE_LOOP('',(#2229,#2230,#2231,#2232));
#419=EDGE_LOOP('',(#2233,#2234,#2235,#2236,#2237,#2238));
#420=EDGE_LOOP('',(#2239,#2240,#2241,#2242));
#421=EDGE_LOOP('',(#2243,#2244,#2245,#2246));
#422=EDGE_LOOP('',(#2247,#2248,#2249,#2250));
#423=EDGE_LOOP('',(#2251,#2252,#2253,#2254));
#424=EDGE_LOOP('',(#2255,#2256,#2257,#2258,#2259,#2260));
#425=EDGE_LOOP('',(#2261,#2262,#2263,#2264));
#426=EDGE_LOOP('',(#2265,#2266,#2267,#2268));
#427=EDGE_LOOP('',(#2269,#2270,#2271,#2272));
#428=EDGE_LOOP('',(#2273,#2274,#2275));
#429=EDGE_LOOP('',(#2276,#2277,#2278,#2279,#2280,#2281,#2282,#2283));
#430=EDGE_LOOP('',(#2284,#2285,#2286,#2287));
#431=EDGE_LOOP('',(#2288,#2289,#2290,#2291));
#432=EDGE_LOOP('',(#2292,#2293,#2294,#2295));
#433=EDGE_LOOP('',(#2296,#2297,#2298,#2299,#2300,#2301,#2302,#2303));
#434=EDGE_LOOP('',(#2304,#2305,#2306,#2307,#2308,#2309,#2310,#2311,#2312,
#2313,#2314,#2315));
#435=EDGE_LOOP('',(#2316,#2317,#2318));
#436=EDGE_LOOP('',(#2319,#2320,#2321,#2322,#2323,#2324));
#437=EDGE_LOOP('',(#2325,#2326,#2327,#2328,#2329,#2330));
#438=EDGE_LOOP('',(#2331,#2332,#2333,#2334,#2335,#2336,#2337,#2338));
#439=EDGE_LOOP('',(#2339,#2340,#2341,#2342,#2343,#2344));
#440=EDGE_LOOP('',(#2345,#2346,#2347,#2348));
#441=EDGE_LOOP('',(#2349,#2350,#2351,#2352,#2353,#2354));
#442=EDGE_LOOP('',(#2355,#2356,#2357,#2358));
#443=EDGE_LOOP('',(#2359,#2360,#2361,#2362));
#444=EDGE_LOOP('',(#2363,#2364,#2365,#2366));
#445=EDGE_LOOP('',(#2367,#2368,#2369,#2370));
#446=EDGE_LOOP('',(#2371,#2372,#2373,#2374,#2375,#2376));
#447=EDGE_LOOP('',(#2377,#2378,#2379,#2380));
#448=EDGE_LOOP('',(#2381,#2382,#2383,#2384));
#449=EDGE_LOOP('',(#2385,#2386,#2387,#2388));
#450=EDGE_LOOP('',(#2389,#2390,#2391));
#451=EDGE_LOOP('',(#2392,#2393,#2394,#2395,#2396,#2397,#2398,#2399));
#452=EDGE_LOOP('',(#2400,#2401,#2402,#2403));
#453=EDGE_LOOP('',(#2404,#2405,#2406,#2407));
#454=EDGE_LOOP('',(#2408,#2409,#2410,#2411));
#455=EDGE_LOOP('',(#2412,#2413,#2414,#2415,#2416,#2417,#2418,#2419));
#456=EDGE_LOOP('',(#2420,#2421,#2422,#2423,#2424,#2425,#2426,#2427,#2428,
#2429,#2430,#2431));
#457=EDGE_LOOP('',(#2432,#2433,#2434));
#458=EDGE_LOOP('',(#2435,#2436,#2437,#2438,#2439,#2440));
#459=EDGE_LOOP('',(#2441,#2442,#2443,#2444,#2445,#2446));
#460=EDGE_LOOP('',(#2447,#2448,#2449,#2450,#2451,#2452,#2453,#2454));
#461=EDGE_LOOP('',(#2455,#2456,#2457,#2458,#2459,#2460));
#462=EDGE_LOOP('',(#2461,#2462,#2463,#2464));
#463=EDGE_LOOP('',(#2465,#2466,#2467,#2468,#2469,#2470));
#464=EDGE_LOOP('',(#2471,#2472,#2473,#2474));
#465=EDGE_LOOP('',(#2475,#2476,#2477,#2478));
#466=EDGE_LOOP('',(#2479,#2480,#2481,#2482));
#467=EDGE_LOOP('',(#2483,#2484,#2485,#2486));
#468=EDGE_LOOP('',(#2487,#2488,#2489,#2490,#2491,#2492));
#469=EDGE_LOOP('',(#2493,#2494,#2495,#2496));
#470=EDGE_LOOP('',(#2497,#2498,#2499,#2500));
#471=EDGE_LOOP('',(#2501,#2502,#2503,#2504));
#472=EDGE_LOOP('',(#2505,#2506,#2507));
#473=EDGE_LOOP('',(#2508,#2509,#2510,#2511,#2512,#2513,#2514,#2515));
#474=EDGE_LOOP('',(#2516,#2517,#2518,#2519));
#475=EDGE_LOOP('',(#2520,#2521,#2522,#2523));
#476=EDGE_LOOP('',(#2524,#2525,#2526,#2527));
#477=EDGE_LOOP('',(#2528,#2529,#2530,#2531,#2532,#2533,#2534,#2535));
#478=EDGE_LOOP('',(#2536,#2537,#2538,#2539,#2540,#2541,#2542,#2543,#2544,
#2545,#2546,#2547));
#479=EDGE_LOOP('',(#2548,#2549,#2550));
#480=EDGE_LOOP('',(#2551,#2552,#2553,#2554,#2555,#2556));
#481=EDGE_LOOP('',(#2557,#2558,#2559,#2560,#2561,#2562));
#482=EDGE_LOOP('',(#2563,#2564,#2565,#2566,#2567,#2568,#2569,#2570));
#483=EDGE_LOOP('',(#2571,#2572,#2573,#2574,#2575,#2576));
#484=EDGE_LOOP('',(#2577,#2578,#2579,#2580));
#485=EDGE_LOOP('',(#2581,#2582,#2583,#2584,#2585,#2586));
#486=EDGE_LOOP('',(#2587,#2588,#2589,#2590));
#487=EDGE_LOOP('',(#2591,#2592,#2593,#2594));
#488=EDGE_LOOP('',(#2595,#2596,#2597,#2598));
#489=EDGE_LOOP('',(#2599,#2600,#2601,#2602));
#490=EDGE_LOOP('',(#2603,#2604,#2605,#2606,#2607,#2608));
#491=EDGE_LOOP('',(#2609,#2610,#2611,#2612));
#492=EDGE_LOOP('',(#2613,#2614,#2615,#2616));
#493=EDGE_LOOP('',(#2617,#2618,#2619,#2620));
#494=EDGE_LOOP('',(#2621,#2622,#2623));
#495=EDGE_LOOP('',(#2624,#2625,#2626,#2627,#2628,#2629,#2630,#2631));
#496=EDGE_LOOP('',(#2632,#2633,#2634,#2635));
#497=EDGE_LOOP('',(#2636,#2637,#2638,#2639));
#498=EDGE_LOOP('',(#2640,#2641,#2642,#2643));
#499=EDGE_LOOP('',(#2644,#2645,#2646,#2647,#2648,#2649,#2650,#2651));
#500=EDGE_LOOP('',(#2652,#2653,#2654,#2655,#2656,#2657,#2658,#2659,#2660,
#2661,#2662,#2663));
#501=EDGE_LOOP('',(#2664,#2665,#2666));
#502=EDGE_LOOP('',(#2667,#2668,#2669,#2670,#2671,#2672));
#503=EDGE_LOOP('',(#2673,#2674,#2675,#2676,#2677,#2678));
#504=EDGE_LOOP('',(#2679,#2680,#2681,#2682,#2683,#2684,#2685,#2686));
#505=EDGE_LOOP('',(#2687,#2688,#2689,#2690,#2691,#2692));
#506=LINE('',#4327,#811);
#507=LINE('',#4329,#812);
#508=LINE('',#4331,#813);
#509=LINE('',#4332,#814);
#510=LINE('',#4335,#815);
#511=LINE('',#4337,#816);
#512=LINE('',#4339,#817);
#513=LINE('',#4341,#818);
#514=LINE('',#4342,#819);
#515=LINE('',#4345,#820);
#516=LINE('',#4346,#821);
#517=LINE('',#4349,#822);
#518=LINE('',#4351,#823);
#519=LINE('',#4352,#824);
#520=LINE('',#4355,#825);
#521=LINE('',#4356,#826);
#522=LINE('',#4359,#827);
#523=LINE('',#4361,#828);
#524=LINE('',#4362,#829);
#525=LINE('',#4364,#830);
#526=LINE('',#4366,#831);
#527=LINE('',#4368,#832);
#528=LINE('',#4375,#833);
#529=LINE('',#4378,#834);
#530=LINE('',#4381,#835);
#531=LINE('',#4383,#836);
#532=LINE('',#4384,#837);
#533=LINE('',#4390,#838);
#534=LINE('',#4393,#839);
#535=LINE('',#4396,#840);
#536=LINE('',#4400,#841);
#537=LINE('',#4404,#842);
#538=LINE('',#4408,#843);
#539=LINE('',#4412,#844);
#540=LINE('',#4416,#845);
#541=LINE('',#4420,#846);
#542=LINE('',#4422,#847);
#543=LINE('',#4426,#848);
#544=LINE('',#4430,#849);
#545=LINE('',#4434,#850);
#546=LINE('',#4438,#851);
#547=LINE('',#4442,#852);
#548=LINE('',#4446,#853);
#549=LINE('',#4450,#854);
#550=LINE('',#4454,#855);
#551=LINE('',#4458,#856);
#552=LINE('',#4462,#857);
#553=LINE('',#4466,#858);
#554=LINE('',#4470,#859);
#555=LINE('',#4474,#860);
#556=LINE('',#4476,#861);
#557=LINE('',#4478,#862);
#558=LINE('',#4482,#863);
#559=LINE('',#4486,#864);
#560=LINE('',#4488,#865);
#561=LINE('',#4490,#866);
#562=LINE('',#4494,#867);
#563=LINE('',#4498,#868);
#564=LINE('',#4502,#869);
#565=LINE('',#4504,#870);
#566=LINE('',#4507,#871);
#567=LINE('',#4508,#872);
#568=LINE('',#4512,#873);
#569=LINE('',#4517,#874);
#570=LINE('',#4518,#875);
#571=LINE('',#4520,#876);
#572=LINE('',#4523,#877);
#573=LINE('',#4526,#878);
#574=LINE('',#4529,#879);
#575=LINE('',#4530,#880);
#576=LINE('',#4535,#881);
#577=LINE('',#4536,#882);
#578=LINE('',#4539,#883);
#579=LINE('',#4540,#884);
#580=LINE('',#4544,#885);
#581=LINE('',#4548,#886);
#582=LINE('',#4550,#887);
#583=LINE('',#4555,#888);
#584=LINE('',#4556,#889);
#585=LINE('',#4559,#890);
#586=LINE('',#4560,#891);
#587=LINE('',#4563,#892);
#588=LINE('',#4566,#893);
#589=LINE('',#4569,#894);
#590=LINE('',#4570,#895);
#591=LINE('',#4574,#896);
#592=LINE('',#4579,#897);
#593=LINE('',#4580,#898);
#594=LINE('',#4582,#899);
#595=LINE('',#4587,#900);
#596=LINE('',#4588,#901);
#597=LINE('',#4591,#902);
#598=LINE('',#4592,#903);
#599=LINE('',#4595,#904);
#600=LINE('',#4598,#905);
#601=LINE('',#4603,#906);
#602=LINE('',#4604,#907);
#603=LINE('',#4607,#908);
#604=LINE('',#4608,#909);
#605=LINE('',#4612,#910);
#606=LINE('',#4616,#911);
#607=LINE('',#4618,#912);
#608=LINE('',#4621,#913);
#609=LINE('',#4624,#914);
#610=LINE('',#4627,#915);
#611=LINE('',#4628,#916);
#612=LINE('',#4631,#917);
#613=LINE('',#4634,#918);
#614=LINE('',#4637,#919);
#615=LINE('',#4638,#920);
#616=LINE('',#4641,#921);
#617=LINE('',#4644,#922);
#618=LINE('',#4646,#923);
#619=LINE('',#4649,#924);
#620=LINE('',#4652,#925);
#621=LINE('',#4655,#926);
#622=LINE('',#4656,#927);
#623=LINE('',#4659,#928);
#624=LINE('',#4662,#929);
#625=LINE('',#4664,#930);
#626=LINE('',#4667,#931);
#627=LINE('',#4671,#932);
#628=LINE('',#4672,#933);
#629=LINE('',#4677,#934);
#630=LINE('',#4678,#935);
#631=LINE('',#4681,#936);
#632=LINE('',#4682,#937);
#633=LINE('',#4689,#938);
#634=LINE('',#4690,#939);
#635=LINE('',#4692,#940);
#636=LINE('',#4696,#941);
#637=LINE('',#4698,#942);
#638=LINE('',#4700,#943);
#639=LINE('',#4703,#944);
#640=LINE('',#4704,#945);
#641=LINE('',#4706,#946);
#642=LINE('',#4709,#947);
#643=LINE('',#4710,#948);
#644=LINE('',#4712,#949);
#645=LINE('',#4714,#950);
#646=LINE('',#4716,#951);
#647=LINE('',#4718,#952);
#648=LINE('',#4721,#953);
#649=LINE('',#4722,#954);
#650=LINE('',#4724,#955);
#651=LINE('',#4729,#956);
#652=LINE('',#4731,#957);
#653=LINE('',#4733,#958);
#654=LINE('',#4734,#959);
#655=LINE('',#4738,#960);
#656=LINE('',#4743,#961);
#657=LINE('',#4744,#962);
#658=LINE('',#4748,#963);
#659=LINE('',#4750,#964);
#660=LINE('',#4752,#965);
#661=LINE('',#4753,#966);
#662=LINE('',#4758,#967);
#663=LINE('',#4762,#968);
#664=LINE('',#4764,#969);
#665=LINE('',#4765,#970);
#666=LINE('',#4769,#971);
#667=LINE('',#4771,#972);
#668=LINE('',#4773,#973);
#669=LINE('',#4774,#974);
#670=LINE('',#4779,#975);
#671=LINE('',#4781,#976);
#672=LINE('',#4783,#977);
#673=LINE('',#4788,#978);
#674=LINE('',#4790,#979);
#675=LINE('',#4792,#980);
#676=LINE('',#4793,#981);
#677=LINE('',#4798,#982);
#678=LINE('',#4802,#983);
#679=LINE('',#4804,#984);
#680=LINE('',#4805,#985);
#681=LINE('',#4809,#986);
#682=LINE('',#4814,#987);
#683=LINE('',#4816,#988);
#684=LINE('',#4818,#989);
#685=LINE('',#4819,#990);
#686=LINE('',#4821,#991);
#687=LINE('',#4824,#992);
#688=LINE('',#4831,#993);
#689=LINE('',#4835,#994);
#690=LINE('',#4837,#995);
#691=LINE('',#4847,#996);
#692=LINE('',#4849,#997);
#693=LINE('',#4851,#998);
#694=LINE('',#4852,#999);
#695=LINE('',#4856,#1000);
#696=LINE('',#4861,#1001);
#697=LINE('',#4862,#1002);
#698=LINE('',#4866,#1003);
#699=LINE('',#4868,#1004);
#700=LINE('',#4870,#1005);
#701=LINE('',#4871,#1006);
#702=LINE('',#4876,#1007);
#703=LINE('',#4880,#1008);
#704=LINE('',#4882,#1009);
#705=LINE('',#4883,#1010);
#706=LINE('',#4887,#1011);
#707=LINE('',#4889,#1012);
#708=LINE('',#4891,#1013);
#709=LINE('',#4892,#1014);
#710=LINE('',#4897,#1015);
#711=LINE('',#4899,#1016);
#712=LINE('',#4901,#1017);
#713=LINE('',#4906,#1018);
#714=LINE('',#4908,#1019);
#715=LINE('',#4910,#1020);
#716=LINE('',#4911,#1021);
#717=LINE('',#4916,#1022);
#718=LINE('',#4920,#1023);
#719=LINE('',#4922,#1024);
#720=LINE('',#4923,#1025);
#721=LINE('',#4927,#1026);
#722=LINE('',#4932,#1027);
#723=LINE('',#4934,#1028);
#724=LINE('',#4936,#1029);
#725=LINE('',#4937,#1030);
#726=LINE('',#4939,#1031);
#727=LINE('',#4942,#1032);
#728=LINE('',#4949,#1033);
#729=LINE('',#4953,#1034);
#730=LINE('',#4955,#1035);
#731=LINE('',#4965,#1036);
#732=LINE('',#4967,#1037);
#733=LINE('',#4969,#1038);
#734=LINE('',#4970,#1039);
#735=LINE('',#4974,#1040);
#736=LINE('',#4979,#1041);
#737=LINE('',#4980,#1042);
#738=LINE('',#4984,#1043);
#739=LINE('',#4986,#1044);
#740=LINE('',#4988,#1045);
#741=LINE('',#4989,#1046);
#742=LINE('',#4994,#1047);
#743=LINE('',#4998,#1048);
#744=LINE('',#5000,#1049);
#745=LINE('',#5001,#1050);
#746=LINE('',#5005,#1051);
#747=LINE('',#5007,#1052);
#748=LINE('',#5009,#1053);
#749=LINE('',#5010,#1054);
#750=LINE('',#5015,#1055);
#751=LINE('',#5017,#1056);
#752=LINE('',#5019,#1057);
#753=LINE('',#5024,#1058);
#754=LINE('',#5026,#1059);
#755=LINE('',#5028,#1060);
#756=LINE('',#5029,#1061);
#757=LINE('',#5034,#1062);
#758=LINE('',#5038,#1063);
#759=LINE('',#5040,#1064);
#760=LINE('',#5041,#1065);
#761=LINE('',#5045,#1066);
#762=LINE('',#5050,#1067);
#763=LINE('',#5052,#1068);
#764=LINE('',#5054,#1069);
#765=LINE('',#5055,#1070);
#766=LINE('',#5057,#1071);
#767=LINE('',#5060,#1072);
#768=LINE('',#5067,#1073);
#769=LINE('',#5071,#1074);
#770=LINE('',#5073,#1075);
#771=LINE('',#5083,#1076);
#772=LINE('',#5085,#1077);
#773=LINE('',#5087,#1078);
#774=LINE('',#5088,#1079);
#775=LINE('',#5092,#1080);
#776=LINE('',#5097,#1081);
#777=LINE('',#5098,#1082);
#778=LINE('',#5102,#1083);
#779=LINE('',#5104,#1084);
#780=LINE('',#5106,#1085);
#781=LINE('',#5107,#1086);
#782=LINE('',#5112,#1087);
#783=LINE('',#5116,#1088);
#784=LINE('',#5118,#1089);
#785=LINE('',#5119,#1090);
#786=LINE('',#5123,#1091);
#787=LINE('',#5125,#1092);
#788=LINE('',#5127,#1093);
#789=LINE('',#5128,#1094);
#790=LINE('',#5133,#1095);
#791=LINE('',#5135,#1096);
#792=LINE('',#5137,#1097);
#793=LINE('',#5142,#1098);
#794=LINE('',#5144,#1099);
#795=LINE('',#5146,#1100);
#796=LINE('',#5147,#1101);
#797=LINE('',#5152,#1102);
#798=LINE('',#5156,#1103);
#799=LINE('',#5158,#1104);
#800=LINE('',#5159,#1105);
#801=LINE('',#5163,#1106);
#802=LINE('',#5168,#1107);
#803=LINE('',#5170,#1108);
#804=LINE('',#5172,#1109);
#805=LINE('',#5173,#1110);
#806=LINE('',#5175,#1111);
#807=LINE('',#5178,#1112);
#808=LINE('',#5185,#1113);
#809=LINE('',#5189,#1114);
#810=LINE('',#5191,#1115);
#811=VECTOR('',#3450,10.);
#812=VECTOR('',#3451,10.);
#813=VECTOR('',#3452,10.);
#814=VECTOR('',#3453,10.);
#815=VECTOR('',#3456,10.);
#816=VECTOR('',#3457,10.);
#817=VECTOR('',#3458,10.);
#818=VECTOR('',#3459,10.);
#819=VECTOR('',#3460,10.);
#820=VECTOR('',#3463,10.);
#821=VECTOR('',#3464,10.);
#822=VECTOR('',#3467,10.);
#823=VECTOR('',#3468,10.);
#824=VECTOR('',#3469,10.);
#825=VECTOR('',#3472,10.);
#826=VECTOR('',#3473,10.);
#827=VECTOR('',#3476,10.);
#828=VECTOR('',#3477,10.);
#829=VECTOR('',#3478,10.);
#830=VECTOR('',#3481,10.);
#831=VECTOR('',#3484,10.);
#832=VECTOR('',#3487,10.);
#833=VECTOR('',#3494,10.);
#834=VECTOR('',#3497,10.);
#835=VECTOR('',#3500,10.);
#836=VECTOR('',#3501,10.);
#837=VECTOR('',#3502,10.);
#838=VECTOR('',#3507,10.);
#839=VECTOR('',#3510,10.);
#840=VECTOR('',#3513,10.);
#841=VECTOR('',#3516,10.);
#842=VECTOR('',#3519,10.);
#843=VECTOR('',#3522,10.);
#844=VECTOR('',#3525,10.);
#845=VECTOR('',#3528,10.);
#846=VECTOR('',#3531,10.);
#847=VECTOR('',#3532,10.);
#848=VECTOR('',#3535,10.);
#849=VECTOR('',#3538,10.);
#850=VECTOR('',#3541,10.);
#851=VECTOR('',#3544,10.);
#852=VECTOR('',#3547,10.);
#853=VECTOR('',#3550,10.);
#854=VECTOR('',#3553,10.);
#855=VECTOR('',#3556,10.);
#856=VECTOR('',#3559,10.);
#857=VECTOR('',#3562,10.);
#858=VECTOR('',#3565,10.);
#859=VECTOR('',#3568,10.);
#860=VECTOR('',#3571,10.);
#861=VECTOR('',#3572,10.);
#862=VECTOR('',#3573,10.);
#863=VECTOR('',#3576,10.);
#864=VECTOR('',#3579,10.);
#865=VECTOR('',#3580,10.);
#866=VECTOR('',#3581,10.);
#867=VECTOR('',#3584,10.);
#868=VECTOR('',#3587,10.);
#869=VECTOR('',#3590,10.);
#870=VECTOR('',#3593,10.);
#871=VECTOR('',#3596,10.);
#872=VECTOR('',#3597,10.);
#873=VECTOR('',#3602,10.);
#874=VECTOR('',#3607,10.);
#875=VECTOR('',#3608,10.);
#876=VECTOR('',#3611,10.);
#877=VECTOR('',#3614,10.);
#878=VECTOR('',#3617,10.);
#879=VECTOR('',#3620,10.);
#880=VECTOR('',#3621,10.);
#881=VECTOR('',#3626,10.);
#882=VECTOR('',#3627,10.);
#883=VECTOR('',#3630,10.);
#884=VECTOR('',#3631,10.);
#885=VECTOR('',#3636,10.);
#886=VECTOR('',#3641,10.);
#887=VECTOR('',#3644,10.);
#888=VECTOR('',#3649,10.);
#889=VECTOR('',#3650,10.);
#890=VECTOR('',#3653,10.);
#891=VECTOR('',#3654,10.);
#892=VECTOR('',#3657,10.);
#893=VECTOR('',#3660,10.);
#894=VECTOR('',#3663,10.);
#895=VECTOR('',#3664,10.);
#896=VECTOR('',#3669,10.);
#897=VECTOR('',#3674,10.);
#898=VECTOR('',#3675,10.);
#899=VECTOR('',#3678,10.);
#900=VECTOR('',#3683,10.);
#901=VECTOR('',#3684,10.);
#902=VECTOR('',#3687,10.);
#903=VECTOR('',#3688,10.);
#904=VECTOR('',#3691,10.);
#905=VECTOR('',#3696,10.);
#906=VECTOR('',#3701,10.);
#907=VECTOR('',#3702,10.);
#908=VECTOR('',#3705,10.);
#909=VECTOR('',#3706,10.);
#910=VECTOR('',#3711,10.);
#911=VECTOR('',#3716,10.);
#912=VECTOR('',#3719,10.);
#913=VECTOR('',#3722,10.);
#914=VECTOR('',#3725,10.);
#915=VECTOR('',#3728,10.);
#916=VECTOR('',#3729,10.);
#917=VECTOR('',#3732,10.);
#918=VECTOR('',#3735,10.);
#919=VECTOR('',#3738,10.);
#920=VECTOR('',#3739,10.);
#921=VECTOR('',#3742,10.);
#922=VECTOR('',#3745,10.);
#923=VECTOR('',#3748,10.);
#924=VECTOR('',#3751,10.);
#925=VECTOR('',#3754,10.);
#926=VECTOR('',#3757,10.);
#927=VECTOR('',#3758,10.);
#928=VECTOR('',#3761,10.);
#929=VECTOR('',#3764,10.);
#930=VECTOR('',#3767,10.);
#931=VECTOR('',#3770,10.);
#932=VECTOR('',#3775,10.);
#933=VECTOR('',#3776,10.);
#934=VECTOR('',#3781,10.);
#935=VECTOR('',#3782,10.);
#936=VECTOR('',#3785,10.);
#937=VECTOR('',#3786,10.);
#938=VECTOR('',#3795,10.);
#939=VECTOR('',#3796,10.);
#940=VECTOR('',#3799,10.);
#941=VECTOR('',#3804,10.);
#942=VECTOR('',#3807,10.);
#943=VECTOR('',#3810,10.);
#944=VECTOR('',#3813,10.);
#945=VECTOR('',#3814,10.);
#946=VECTOR('',#3817,10.);
#947=VECTOR('',#3820,10.);
#948=VECTOR('',#3821,10.);
#949=VECTOR('',#3824,10.);
#950=VECTOR('',#3827,10.);
#951=VECTOR('',#3830,10.);
#952=VECTOR('',#3833,10.);
#953=VECTOR('',#3836,10.);
#954=VECTOR('',#3837,10.);
#955=VECTOR('',#3840,10.);
#956=VECTOR('',#3845,10.);
#957=VECTOR('',#3846,10.);
#958=VECTOR('',#3847,10.);
#959=VECTOR('',#3848,10.);
#960=VECTOR('',#3851,10.);
#961=VECTOR('',#3856,10.);
#962=VECTOR('',#3857,10.);
#963=VECTOR('',#3860,10.);
#964=VECTOR('',#3861,10.);
#965=VECTOR('',#3862,10.);
#966=VECTOR('',#3863,10.);
#967=VECTOR('',#3868,10.);
#968=VECTOR('',#3873,10.);
#969=VECTOR('',#3874,10.);
#970=VECTOR('',#3875,10.);
#971=VECTOR('',#3878,10.);
#972=VECTOR('',#3879,10.);
#973=VECTOR('',#3880,10.);
#974=VECTOR('',#3881,10.);
#975=VECTOR('',#3886,10.);
#976=VECTOR('',#3887,10.);
#977=VECTOR('',#3888,10.);
#978=VECTOR('',#3893,10.);
#979=VECTOR('',#3894,10.);
#980=VECTOR('',#3895,10.);
#981=VECTOR('',#3896,10.);
#982=VECTOR('',#3901,10.);
#983=VECTOR('',#3906,10.);
#984=VECTOR('',#3907,10.);
#985=VECTOR('',#3908,10.);
#986=VECTOR('',#3913,10.);
#987=VECTOR('',#3918,10.);
#988=VECTOR('',#3921,10.);
#989=VECTOR('',#3924,10.);
#990=VECTOR('',#3925,10.);
#991=VECTOR('',#3928,10.);
#992=VECTOR('',#3933,10.);
#993=VECTOR('',#3942,10.);
#994=VECTOR('',#3947,10.);
#995=VECTOR('',#3950,10.);
#996=VECTOR('',#3965,10.);
#997=VECTOR('',#3966,10.);
#998=VECTOR('',#3967,10.);
#999=VECTOR('',#3968,10.);
#1000=VECTOR('',#3971,10.);
#1001=VECTOR('',#3976,10.);
#1002=VECTOR('',#3977,10.);
#1003=VECTOR('',#3980,10.);
#1004=VECTOR('',#3981,10.);
#1005=VECTOR('',#3982,10.);
#1006=VECTOR('',#3983,10.);
#1007=VECTOR('',#3988,10.);
#1008=VECTOR('',#3993,10.);
#1009=VECTOR('',#3994,10.);
#1010=VECTOR('',#3995,10.);
#1011=VECTOR('',#3998,10.);
#1012=VECTOR('',#3999,10.);
#1013=VECTOR('',#4000,10.);
#1014=VECTOR('',#4001,10.);
#1015=VECTOR('',#4006,10.);
#1016=VECTOR('',#4007,10.);
#1017=VECTOR('',#4008,10.);
#1018=VECTOR('',#4013,10.);
#1019=VECTOR('',#4014,10.);
#1020=VECTOR('',#4015,10.);
#1021=VECTOR('',#4016,10.);
#1022=VECTOR('',#4021,10.);
#1023=VECTOR('',#4026,10.);
#1024=VECTOR('',#4027,10.);
#1025=VECTOR('',#4028,10.);
#1026=VECTOR('',#4033,10.);
#1027=VECTOR('',#4038,10.);
#1028=VECTOR('',#4041,10.);
#1029=VECTOR('',#4044,10.);
#1030=VECTOR('',#4045,10.);
#1031=VECTOR('',#4048,10.);
#1032=VECTOR('',#4053,10.);
#1033=VECTOR('',#4062,10.);
#1034=VECTOR('',#4067,10.);
#1035=VECTOR('',#4070,10.);
#1036=VECTOR('',#4085,10.);
#1037=VECTOR('',#4086,10.);
#1038=VECTOR('',#4087,10.);
#1039=VECTOR('',#4088,10.);
#1040=VECTOR('',#4091,10.);
#1041=VECTOR('',#4096,10.);
#1042=VECTOR('',#4097,10.);
#1043=VECTOR('',#4100,10.);
#1044=VECTOR('',#4101,10.);
#1045=VECTOR('',#4102,10.);
#1046=VECTOR('',#4103,10.);
#1047=VECTOR('',#4108,10.);
#1048=VECTOR('',#4113,10.);
#1049=VECTOR('',#4114,10.);
#1050=VECTOR('',#4115,10.);
#1051=VECTOR('',#4118,10.);
#1052=VECTOR('',#4119,10.);
#1053=VECTOR('',#4120,10.);
#1054=VECTOR('',#4121,10.);
#1055=VECTOR('',#4126,10.);
#1056=VECTOR('',#4127,10.);
#1057=VECTOR('',#4128,10.);
#1058=VECTOR('',#4133,10.);
#1059=VECTOR('',#4134,10.);
#1060=VECTOR('',#4135,10.);
#1061=VECTOR('',#4136,10.);
#1062=VECTOR('',#4141,10.);
#1063=VECTOR('',#4146,10.);
#1064=VECTOR('',#4147,10.);
#1065=VECTOR('',#4148,10.);
#1066=VECTOR('',#4153,10.);
#1067=VECTOR('',#4158,10.);
#1068=VECTOR('',#4161,10.);
#1069=VECTOR('',#4164,10.);
#1070=VECTOR('',#4165,10.);
#1071=VECTOR('',#4168,10.);
#1072=VECTOR('',#4173,10.);
#1073=VECTOR('',#4182,10.);
#1074=VECTOR('',#4187,10.);
#1075=VECTOR('',#4190,10.);
#1076=VECTOR('',#4205,10.);
#1077=VECTOR('',#4206,10.);
#1078=VECTOR('',#4207,10.);
#1079=VECTOR('',#4208,10.);
#1080=VECTOR('',#4211,10.);
#1081=VECTOR('',#4216,10.);
#1082=VECTOR('',#4217,10.);
#1083=VECTOR('',#4220,10.);
#1084=VECTOR('',#4221,10.);
#1085=VECTOR('',#4222,10.);
#1086=VECTOR('',#4223,10.);
#1087=VECTOR('',#4228,10.);
#1088=VECTOR('',#4233,10.);
#1089=VECTOR('',#4234,10.);
#1090=VECTOR('',#4235,10.);
#1091=VECTOR('',#4238,10.);
#1092=VECTOR('',#4239,10.);
#1093=VECTOR('',#4240,10.);
#1094=VECTOR('',#4241,10.);
#1095=VECTOR('',#4246,10.);
#1096=VECTOR('',#4247,10.);
#1097=VECTOR('',#4248,10.);
#1098=VECTOR('',#4253,10.);
#1099=VECTOR('',#4254,10.);
#1100=VECTOR('',#4255,10.);
#1101=VECTOR('',#4256,10.);
#1102=VECTOR('',#4261,10.);
#1103=VECTOR('',#4266,10.);
#1104=VECTOR('',#4267,10.);
#1105=VECTOR('',#4268,10.);
#1106=VECTOR('',#4273,10.);
#1107=VECTOR('',#4278,10.);
#1108=VECTOR('',#4281,10.);
#1109=VECTOR('',#4284,10.);
#1110=VECTOR('',#4285,10.);
#1111=VECTOR('',#4288,10.);
#1112=VECTOR('',#4293,10.);
#1113=VECTOR('',#4302,10.);
#1114=VECTOR('',#4307,10.);
#1115=VECTOR('',#4310,10.);
#1116=VERTEX_POINT('',#4325);
#1117=VERTEX_POINT('',#4326);
#1118=VERTEX_POINT('',#4328);
#1119=VERTEX_POINT('',#4330);
#1120=VERTEX_POINT('',#4334);
#1121=VERTEX_POINT('',#4336);
#1122=VERTEX_POINT('',#4338);
#1123=VERTEX_POINT('',#4340);
#1124=VERTEX_POINT('',#4344);
#1125=VERTEX_POINT('',#4348);
#1126=VERTEX_POINT('',#4350);
#1127=VERTEX_POINT('',#4354);
#1128=VERTEX_POINT('',#4358);
#1129=VERTEX_POINT('',#4360);
#1130=VERTEX_POINT('',#4371);
#1131=VERTEX_POINT('',#4372);
#1132=VERTEX_POINT('',#4374);
#1133=VERTEX_POINT('',#4376);
#1134=VERTEX_POINT('',#4380);
#1135=VERTEX_POINT('',#4382);
#1136=VERTEX_POINT('',#4386);
#1137=VERTEX_POINT('',#4387);
#1138=VERTEX_POINT('',#4389);
#1139=VERTEX_POINT('',#4391);
#1140=VERTEX_POINT('',#4395);
#1141=VERTEX_POINT('',#4397);
#1142=VERTEX_POINT('',#4399);
#1143=VERTEX_POINT('',#4401);
#1144=VERTEX_POINT('',#4403);
#1145=VERTEX_POINT('',#4405);
#1146=VERTEX_POINT('',#4407);
#1147=VERTEX_POINT('',#4409);
#1148=VERTEX_POINT('',#4411);
#1149=VERTEX_POINT('',#4413);
#1150=VERTEX_POINT('',#4415);
#1151=VERTEX_POINT('',#4417);
#1152=VERTEX_POINT('',#4419);
#1153=VERTEX_POINT('',#4421);
#1154=VERTEX_POINT('',#4423);
#1155=VERTEX_POINT('',#4425);
#1156=VERTEX_POINT('',#4427);
#1157=VERTEX_POINT('',#4429);
#1158=VERTEX_POINT('',#4431);
#1159=VERTEX_POINT('',#4433);
#1160=VERTEX_POINT('',#4435);
#1161=VERTEX_POINT('',#4437);
#1162=VERTEX_POINT('',#4439);
#1163=VERTEX_POINT('',#4441);
#1164=VERTEX_POINT('',#4443);
#1165=VERTEX_POINT('',#4445);
#1166=VERTEX_POINT('',#4447);
#1167=VERTEX_POINT('',#4449);
#1168=VERTEX_POINT('',#4451);
#1169=VERTEX_POINT('',#4453);
#1170=VERTEX_POINT('',#4455);
#1171=VERTEX_POINT('',#4457);
#1172=VERTEX_POINT('',#4459);
#1173=VERTEX_POINT('',#4461);
#1174=VERTEX_POINT('',#4463);
#1175=VERTEX_POINT('',#4465);
#1176=VERTEX_POINT('',#4467);
#1177=VERTEX_POINT('',#4469);
#1178=VERTEX_POINT('',#4471);
#1179=VERTEX_POINT('',#4473);
#1180=VERTEX_POINT('',#4475);
#1181=VERTEX_POINT('',#4477);
#1182=VERTEX_POINT('',#4479);
#1183=VERTEX_POINT('',#4481);
#1184=VERTEX_POINT('',#4483);
#1185=VERTEX_POINT('',#4485);
#1186=VERTEX_POINT('',#4487);
#1187=VERTEX_POINT('',#4489);
#1188=VERTEX_POINT('',#4491);
#1189=VERTEX_POINT('',#4493);
#1190=VERTEX_POINT('',#4495);
#1191=VERTEX_POINT('',#4497);
#1192=VERTEX_POINT('',#4499);
#1193=VERTEX_POINT('',#4501);
#1194=VERTEX_POINT('',#4506);
#1195=VERTEX_POINT('',#4510);
#1196=VERTEX_POINT('',#4514);
#1197=VERTEX_POINT('',#4515);
#1198=VERTEX_POINT('',#4522);
#1199=VERTEX_POINT('',#4524);
#1200=VERTEX_POINT('',#4528);
#1201=VERTEX_POINT('',#4532);
#1202=VERTEX_POINT('',#4533);
#1203=VERTEX_POINT('',#4538);
#1204=VERTEX_POINT('',#4542);
#1205=VERTEX_POINT('',#4546);
#1206=VERTEX_POINT('',#4552);
#1207=VERTEX_POINT('',#4553);
#1208=VERTEX_POINT('',#4558);
#1209=VERTEX_POINT('',#4562);
#1210=VERTEX_POINT('',#4564);
#1211=VERTEX_POINT('',#4568);
#1212=VERTEX_POINT('',#4572);
#1213=VERTEX_POINT('',#4576);
#1214=VERTEX_POINT('',#4577);
#1215=VERTEX_POINT('',#4584);
#1216=VERTEX_POINT('',#4585);
#1217=VERTEX_POINT('',#4590);
#1218=VERTEX_POINT('',#4594);
#1219=VERTEX_POINT('',#4600);
#1220=VERTEX_POINT('',#4601);
#1221=VERTEX_POINT('',#4606);
#1222=VERTEX_POINT('',#4610);
#1223=VERTEX_POINT('',#4614);
#1224=VERTEX_POINT('',#4620);
#1225=VERTEX_POINT('',#4622);
#1226=VERTEX_POINT('',#4626);
#1227=VERTEX_POINT('',#4630);
#1228=VERTEX_POINT('',#4632);
#1229=VERTEX_POINT('',#4636);
#1230=VERTEX_POINT('',#4640);
#1231=VERTEX_POINT('',#4642);
#1232=VERTEX_POINT('',#4648);
#1233=VERTEX_POINT('',#4650);
#1234=VERTEX_POINT('',#4654);
#1235=VERTEX_POINT('',#4658);
#1236=VERTEX_POINT('',#4660);
#1237=VERTEX_POINT('',#4666);
#1238=VERTEX_POINT('',#4670);
#1239=VERTEX_POINT('',#4674);
#1240=VERTEX_POINT('',#4675);
#1241=VERTEX_POINT('',#4680);
#1242=VERTEX_POINT('',#4686);
#1243=VERTEX_POINT('',#4687);
#1244=VERTEX_POINT('',#4694);
#1245=VERTEX_POINT('',#4702);
#1246=VERTEX_POINT('',#4708);
#1247=VERTEX_POINT('',#4720);
#1248=VERTEX_POINT('',#4727);
#1249=VERTEX_POINT('',#4728);
#1250=VERTEX_POINT('',#4730);
#1251=VERTEX_POINT('',#4732);
#1252=VERTEX_POINT('',#4736);
#1253=VERTEX_POINT('',#4737);
#1254=VERTEX_POINT('',#4740);
#1255=VERTEX_POINT('',#4742);
#1256=VERTEX_POINT('',#4746);
#1257=VERTEX_POINT('',#4747);
#1258=VERTEX_POINT('',#4749);
#1259=VERTEX_POINT('',#4751);
#1260=VERTEX_POINT('',#4755);
#1261=VERTEX_POINT('',#4757);
#1262=VERTEX_POINT('',#4761);
#1263=VERTEX_POINT('',#4763);
#1264=VERTEX_POINT('',#4767);
#1265=VERTEX_POINT('',#4768);
#1266=VERTEX_POINT('',#4770);
#1267=VERTEX_POINT('',#4772);
#1268=VERTEX_POINT('',#4776);
#1269=VERTEX_POINT('',#4778);
#1270=VERTEX_POINT('',#4780);
#1271=VERTEX_POINT('',#4782);
#1272=VERTEX_POINT('',#4786);
#1273=VERTEX_POINT('',#4787);
#1274=VERTEX_POINT('',#4789);
#1275=VERTEX_POINT('',#4791);
#1276=VERTEX_POINT('',#4795);
#1277=VERTEX_POINT('',#4797);
#1278=VERTEX_POINT('',#4801);
#1279=VERTEX_POINT('',#4803);
#1280=VERTEX_POINT('',#4807);
#1281=VERTEX_POINT('',#4811);
#1282=VERTEX_POINT('',#4813);
#1283=VERTEX_POINT('',#4828);
#1284=VERTEX_POINT('',#4830);
#1285=VERTEX_POINT('',#4833);
#1286=VERTEX_POINT('',#4845);
#1287=VERTEX_POINT('',#4846);
#1288=VERTEX_POINT('',#4848);
#1289=VERTEX_POINT('',#4850);
#1290=VERTEX_POINT('',#4854);
#1291=VERTEX_POINT('',#4855);
#1292=VERTEX_POINT('',#4858);
#1293=VERTEX_POINT('',#4860);
#1294=VERTEX_POINT('',#4864);
#1295=VERTEX_POINT('',#4865);
#1296=VERTEX_POINT('',#4867);
#1297=VERTEX_POINT('',#4869);
#1298=VERTEX_POINT('',#4873);
#1299=VERTEX_POINT('',#4875);
#1300=VERTEX_POINT('',#4879);
#1301=VERTEX_POINT('',#4881);
#1302=VERTEX_POINT('',#4885);
#1303=VERTEX_POINT('',#4886);
#1304=VERTEX_POINT('',#4888);
#1305=VERTEX_POINT('',#4890);
#1306=VERTEX_POINT('',#4894);
#1307=VERTEX_POINT('',#4896);
#1308=VERTEX_POINT('',#4898);
#1309=VERTEX_POINT('',#4900);
#1310=VERTEX_POINT('',#4904);
#1311=VERTEX_POINT('',#4905);
#1312=VERTEX_POINT('',#4907);
#1313=VERTEX_POINT('',#4909);
#1314=VERTEX_POINT('',#4913);
#1315=VERTEX_POINT('',#4915);
#1316=VERTEX_POINT('',#4919);
#1317=VERTEX_POINT('',#4921);
#1318=VERTEX_POINT('',#4925);
#1319=VERTEX_POINT('',#4929);
#1320=VERTEX_POINT('',#4931);
#1321=VERTEX_POINT('',#4946);
#1322=VERTEX_POINT('',#4948);
#1323=VERTEX_POINT('',#4951);
#1324=VERTEX_POINT('',#4963);
#1325=VERTEX_POINT('',#4964);
#1326=VERTEX_POINT('',#4966);
#1327=VERTEX_POINT('',#4968);
#1328=VERTEX_POINT('',#4972);
#1329=VERTEX_POINT('',#4973);
#1330=VERTEX_POINT('',#4976);
#1331=VERTEX_POINT('',#4978);
#1332=VERTEX_POINT('',#4982);
#1333=VERTEX_POINT('',#4983);
#1334=VERTEX_POINT('',#4985);
#1335=VERTEX_POINT('',#4987);
#1336=VERTEX_POINT('',#4991);
#1337=VERTEX_POINT('',#4993);
#1338=VERTEX_POINT('',#4997);
#1339=VERTEX_POINT('',#4999);
#1340=VERTEX_POINT('',#5003);
#1341=VERTEX_POINT('',#5004);
#1342=VERTEX_POINT('',#5006);
#1343=VERTEX_POINT('',#5008);
#1344=VERTEX_POINT('',#5012);
#1345=VERTEX_POINT('',#5014);
#1346=VERTEX_POINT('',#5016);
#1347=VERTEX_POINT('',#5018);
#1348=VERTEX_POINT('',#5022);
#1349=VERTEX_POINT('',#5023);
#1350=VERTEX_POINT('',#5025);
#1351=VERTEX_POINT('',#5027);
#1352=VERTEX_POINT('',#5031);
#1353=VERTEX_POINT('',#5033);
#1354=VERTEX_POINT('',#5037);
#1355=VERTEX_POINT('',#5039);
#1356=VERTEX_POINT('',#5043);
#1357=VERTEX_POINT('',#5047);
#1358=VERTEX_POINT('',#5049);
#1359=VERTEX_POINT('',#5064);
#1360=VERTEX_POINT('',#5066);
#1361=VERTEX_POINT('',#5069);
#1362=VERTEX_POINT('',#5081);
#1363=VERTEX_POINT('',#5082);
#1364=VERTEX_POINT('',#5084);
#1365=VERTEX_POINT('',#5086);
#1366=VERTEX_POINT('',#5090);
#1367=VERTEX_POINT('',#5091);
#1368=VERTEX_POINT('',#5094);
#1369=VERTEX_POINT('',#5096);
#1370=VERTEX_POINT('',#5100);
#1371=VERTEX_POINT('',#5101);
#1372=VERTEX_POINT('',#5103);
#1373=VERTEX_POINT('',#5105);
#1374=VERTEX_POINT('',#5109);
#1375=VERTEX_POINT('',#5111);
#1376=VERTEX_POINT('',#5115);
#1377=VERTEX_POINT('',#5117);
#1378=VERTEX_POINT('',#5121);
#1379=VERTEX_POINT('',#5122);
#1380=VERTEX_POINT('',#5124);
#1381=VERTEX_POINT('',#5126);
#1382=VERTEX_POINT('',#5130);
#1383=VERTEX_POINT('',#5132);
#1384=VERTEX_POINT('',#5134);
#1385=VERTEX_POINT('',#5136);
#1386=VERTEX_POINT('',#5140);
#1387=VERTEX_POINT('',#5141);
#1388=VERTEX_POINT('',#5143);
#1389=VERTEX_POINT('',#5145);
#1390=VERTEX_POINT('',#5149);
#1391=VERTEX_POINT('',#5151);
#1392=VERTEX_POINT('',#5155);
#1393=VERTEX_POINT('',#5157);
#1394=VERTEX_POINT('',#5161);
#1395=VERTEX_POINT('',#5165);
#1396=VERTEX_POINT('',#5167);
#1397=VERTEX_POINT('',#5182);
#1398=VERTEX_POINT('',#5184);
#1399=VERTEX_POINT('',#5187);
#1400=EDGE_CURVE('',#1116,#1117,#506,.T.);
#1401=EDGE_CURVE('',#1118,#1116,#507,.T.);
#1402=EDGE_CURVE('',#1119,#1118,#508,.T.);
#1403=EDGE_CURVE('',#1117,#1119,#509,.T.);
#1404=EDGE_CURVE('',#1120,#1118,#510,.T.);
#1405=EDGE_CURVE('',#1121,#1120,#511,.T.);
#1406=EDGE_CURVE('',#1122,#1121,#512,.T.);
#1407=EDGE_CURVE('',#1123,#1122,#513,.T.);
#1408=EDGE_CURVE('',#1119,#1123,#514,.T.);
#1409=EDGE_CURVE('',#1116,#1124,#515,.T.);
#1410=EDGE_CURVE('',#1124,#1120,#516,.T.);
#1411=EDGE_CURVE('',#1125,#1121,#517,.T.);
#1412=EDGE_CURVE('',#1126,#1125,#518,.T.);
#1413=EDGE_CURVE('',#1122,#1126,#519,.T.);
#1414=EDGE_CURVE('',#1127,#1117,#520,.T.);
#1415=EDGE_CURVE('',#1127,#1124,#521,.T.);
#1416=EDGE_CURVE('',#1124,#1128,#522,.T.);
#1417=EDGE_CURVE('',#1129,#1127,#523,.T.);
#1418=EDGE_CURVE('',#1128,#1129,#524,.T.);
#1419=EDGE_CURVE('',#1127,#1123,#525,.T.);
#1420=EDGE_CURVE('',#1129,#1126,#526,.T.);
#1421=EDGE_CURVE('',#1125,#1128,#527,.T.);
#1422=EDGE_CURVE('',#1130,#1131,#13,.T.);
#1423=EDGE_CURVE('',#1131,#1132,#528,.T.);
#1424=EDGE_CURVE('',#1132,#1133,#14,.T.);
#1425=EDGE_CURVE('',#1133,#1130,#529,.T.);
#1426=EDGE_CURVE('',#1134,#1131,#530,.T.);
#1427=EDGE_CURVE('',#1135,#1134,#531,.T.);
#1428=EDGE_CURVE('',#1132,#1135,#532,.T.);
#1429=EDGE_CURVE('',#1136,#1137,#15,.T.);
#1430=EDGE_CURVE('',#1137,#1138,#533,.T.);
#1431=EDGE_CURVE('',#1138,#1139,#16,.T.);
#1432=EDGE_CURVE('',#1139,#1136,#534,.T.);
#1433=EDGE_CURVE('',#1138,#1140,#535,.T.);
#1434=EDGE_CURVE('',#1141,#1140,#17,.T.);
#1435=EDGE_CURVE('',#1141,#1142,#536,.T.);
#1436=EDGE_CURVE('',#1143,#1142,#18,.T.);
#1437=EDGE_CURVE('',#1143,#1144,#537,.T.);
#1438=EDGE_CURVE('',#1145,#1144,#19,.T.);
#1439=EDGE_CURVE('',#1145,#1146,#538,.T.);
#1440=EDGE_CURVE('',#1147,#1146,#20,.T.);
#1441=EDGE_CURVE('',#1147,#1148,#539,.T.);
#1442=EDGE_CURVE('',#1149,#1148,#21,.T.);
#1443=EDGE_CURVE('',#1149,#1150,#540,.T.);
#1444=EDGE_CURVE('',#1151,#1150,#22,.T.);
#1445=EDGE_CURVE('',#1151,#1152,#541,.T.);
#1446=EDGE_CURVE('',#1152,#1153,#542,.T.);
#1447=EDGE_CURVE('',#1154,#1153,#23,.T.);
#1448=EDGE_CURVE('',#1154,#1155,#543,.T.);
#1449=EDGE_CURVE('',#1156,#1155,#24,.T.);
#1450=EDGE_CURVE('',#1156,#1157,#544,.T.);
#1451=EDGE_CURVE('',#1158,#1157,#25,.T.);
#1452=EDGE_CURVE('',#1158,#1159,#545,.T.);
#1453=EDGE_CURVE('',#1160,#1159,#26,.T.);
#1454=EDGE_CURVE('',#1160,#1161,#546,.T.);
#1455=EDGE_CURVE('',#1162,#1161,#27,.T.);
#1456=EDGE_CURVE('',#1162,#1163,#547,.T.);
#1457=EDGE_CURVE('',#1164,#1163,#28,.T.);
#1458=EDGE_CURVE('',#1164,#1165,#548,.T.);
#1459=EDGE_CURVE('',#1166,#1165,#29,.T.);
#1460=EDGE_CURVE('',#1166,#1167,#549,.T.);
#1461=EDGE_CURVE('',#1168,#1167,#30,.T.);
#1462=EDGE_CURVE('',#1168,#1169,#550,.T.);
#1463=EDGE_CURVE('',#1170,#1169,#31,.T.);
#1464=EDGE_CURVE('',#1170,#1171,#551,.T.);
#1465=EDGE_CURVE('',#1172,#1171,#32,.T.);
#1466=EDGE_CURVE('',#1172,#1173,#552,.T.);
#1467=EDGE_CURVE('',#1174,#1173,#33,.T.);
#1468=EDGE_CURVE('',#1174,#1175,#553,.T.);
#1469=EDGE_CURVE('',#1176,#1175,#34,.T.);
#1470=EDGE_CURVE('',#1176,#1177,#554,.T.);
#1471=EDGE_CURVE('',#1178,#1177,#35,.T.);
#1472=EDGE_CURVE('',#1178,#1179,#555,.T.);
#1473=EDGE_CURVE('',#1179,#1180,#556,.T.);
#1474=EDGE_CURVE('',#1180,#1181,#557,.T.);
#1475=EDGE_CURVE('',#1182,#1181,#36,.T.);
#1476=EDGE_CURVE('',#1182,#1183,#558,.T.);
#1477=EDGE_CURVE('',#1184,#1183,#37,.T.);
#1478=EDGE_CURVE('',#1184,#1185,#559,.T.);
#1479=EDGE_CURVE('',#1185,#1186,#560,.T.);
#1480=EDGE_CURVE('',#1186,#1187,#561,.T.);
#1481=EDGE_CURVE('',#1188,#1187,#38,.T.);
#1482=EDGE_CURVE('',#1188,#1189,#562,.T.);
#1483=EDGE_CURVE('',#1190,#1189,#39,.T.);
#1484=EDGE_CURVE('',#1190,#1191,#563,.T.);
#1485=EDGE_CURVE('',#1192,#1191,#40,.T.);
#1486=EDGE_CURVE('',#1192,#1193,#564,.T.);
#1487=EDGE_CURVE('',#1134,#1193,#41,.T.);
#1488=EDGE_CURVE('',#1130,#1139,#565,.T.);
#1489=EDGE_CURVE('',#1194,#1137,#566,.T.);
#1490=EDGE_CURVE('',#1140,#1194,#567,.T.);
#1491=EDGE_CURVE('',#1194,#1195,#42,.T.);
#1492=EDGE_CURVE('',#1195,#1141,#568,.T.);
#1493=EDGE_CURVE('',#1196,#1197,#43,.T.);
#1494=EDGE_CURVE('',#1197,#1143,#569,.T.);
#1495=EDGE_CURVE('',#1142,#1196,#570,.T.);
#1496=EDGE_CURVE('',#1196,#1195,#571,.T.);
#1497=EDGE_CURVE('',#1146,#1198,#572,.T.);
#1498=EDGE_CURVE('',#1198,#1199,#44,.T.);
#1499=EDGE_CURVE('',#1199,#1147,#573,.T.);
#1500=EDGE_CURVE('',#1200,#1145,#574,.T.);
#1501=EDGE_CURVE('',#1198,#1200,#575,.T.);
#1502=EDGE_CURVE('',#1201,#1202,#45,.T.);
#1503=EDGE_CURVE('',#1202,#1149,#576,.T.);
#1504=EDGE_CURVE('',#1148,#1201,#577,.T.);
#1505=EDGE_CURVE('',#1203,#1202,#578,.T.);
#1506=EDGE_CURVE('',#1150,#1203,#579,.T.);
#1507=EDGE_CURVE('',#1203,#1204,#46,.T.);
#1508=EDGE_CURVE('',#1204,#1151,#580,.T.);
#1509=EDGE_CURVE('',#1205,#1200,#47,.T.);
#1510=EDGE_CURVE('',#1144,#1205,#581,.T.);
#1511=EDGE_CURVE('',#1205,#1197,#582,.T.);
#1512=EDGE_CURVE('',#1206,#1207,#48,.T.);
#1513=EDGE_CURVE('',#1207,#1154,#583,.T.);
#1514=EDGE_CURVE('',#1153,#1206,#584,.T.);
#1515=EDGE_CURVE('',#1208,#1207,#585,.T.);
#1516=EDGE_CURVE('',#1155,#1208,#586,.T.);
#1517=EDGE_CURVE('',#1169,#1209,#587,.T.);
#1518=EDGE_CURVE('',#1209,#1210,#49,.T.);
#1519=EDGE_CURVE('',#1210,#1170,#588,.T.);
#1520=EDGE_CURVE('',#1211,#1168,#589,.T.);
#1521=EDGE_CURVE('',#1209,#1211,#590,.T.);
#1522=EDGE_CURVE('',#1208,#1212,#50,.T.);
#1523=EDGE_CURVE('',#1212,#1156,#591,.T.);
#1524=EDGE_CURVE('',#1213,#1214,#51,.T.);
#1525=EDGE_CURVE('',#1214,#1158,#592,.T.);
#1526=EDGE_CURVE('',#1157,#1213,#593,.T.);
#1527=EDGE_CURVE('',#1213,#1212,#594,.T.);
#1528=EDGE_CURVE('',#1215,#1216,#52,.T.);
#1529=EDGE_CURVE('',#1216,#1162,#595,.T.);
#1530=EDGE_CURVE('',#1161,#1215,#596,.T.);
#1531=EDGE_CURVE('',#1217,#1160,#597,.T.);
#1532=EDGE_CURVE('',#1215,#1217,#598,.T.);
#1533=EDGE_CURVE('',#1159,#1218,#599,.T.);
#1534=EDGE_CURVE('',#1218,#1217,#53,.T.);
#1535=EDGE_CURVE('',#1218,#1214,#600,.T.);
#1536=EDGE_CURVE('',#1219,#1220,#54,.T.);
#1537=EDGE_CURVE('',#1220,#1164,#601,.T.);
#1538=EDGE_CURVE('',#1163,#1219,#602,.T.);
#1539=EDGE_CURVE('',#1221,#1220,#603,.T.);
#1540=EDGE_CURVE('',#1165,#1221,#604,.T.);
#1541=EDGE_CURVE('',#1221,#1222,#55,.T.);
#1542=EDGE_CURVE('',#1222,#1166,#605,.T.);
#1543=EDGE_CURVE('',#1223,#1211,#56,.T.);
#1544=EDGE_CURVE('',#1167,#1223,#606,.T.);
#1545=EDGE_CURVE('',#1223,#1222,#607,.T.);
#1546=EDGE_CURVE('',#1177,#1224,#608,.T.);
#1547=EDGE_CURVE('',#1224,#1225,#57,.T.);
#1548=EDGE_CURVE('',#1225,#1178,#609,.T.);
#1549=EDGE_CURVE('',#1226,#1176,#610,.T.);
#1550=EDGE_CURVE('',#1224,#1226,#611,.T.);
#1551=EDGE_CURVE('',#1181,#1227,#612,.T.);
#1552=EDGE_CURVE('',#1227,#1228,#58,.T.);
#1553=EDGE_CURVE('',#1228,#1182,#613,.T.);
#1554=EDGE_CURVE('',#1180,#1229,#614,.T.);
#1555=EDGE_CURVE('',#1227,#1229,#615,.T.);
#1556=EDGE_CURVE('',#1183,#1230,#616,.T.);
#1557=EDGE_CURVE('',#1230,#1231,#59,.T.);
#1558=EDGE_CURVE('',#1231,#1184,#617,.T.);
#1559=EDGE_CURVE('',#1230,#1228,#618,.T.);
#1560=EDGE_CURVE('',#1187,#1232,#619,.T.);
#1561=EDGE_CURVE('',#1232,#1233,#60,.T.);
#1562=EDGE_CURVE('',#1233,#1188,#620,.T.);
#1563=EDGE_CURVE('',#1186,#1234,#621,.T.);
#1564=EDGE_CURVE('',#1232,#1234,#622,.T.);
#1565=EDGE_CURVE('',#1171,#1235,#623,.T.);
#1566=EDGE_CURVE('',#1235,#1236,#61,.T.);
#1567=EDGE_CURVE('',#1236,#1172,#624,.T.);
#1568=EDGE_CURVE('',#1235,#1210,#625,.T.);
#1569=EDGE_CURVE('',#1193,#1237,#626,.T.);
#1570=EDGE_CURVE('',#1237,#1135,#62,.T.);
#1571=EDGE_CURVE('',#1238,#1192,#627,.T.);
#1572=EDGE_CURVE('',#1237,#1238,#628,.T.);
#1573=EDGE_CURVE('',#1239,#1240,#63,.T.);
#1574=EDGE_CURVE('',#1240,#1190,#629,.T.);
#1575=EDGE_CURVE('',#1189,#1239,#630,.T.);
#1576=EDGE_CURVE('',#1241,#1240,#631,.T.);
#1577=EDGE_CURVE('',#1191,#1241,#632,.T.);
#1578=EDGE_CURVE('',#1241,#1238,#64,.T.);
#1579=EDGE_CURVE('',#1242,#1243,#65,.T.);
#1580=EDGE_CURVE('',#1243,#1174,#633,.T.);
#1581=EDGE_CURVE('',#1173,#1242,#634,.T.);
#1582=EDGE_CURVE('',#1242,#1236,#635,.T.);
#1583=EDGE_CURVE('',#1244,#1226,#66,.T.);
#1584=EDGE_CURVE('',#1175,#1244,#636,.T.);
#1585=EDGE_CURVE('',#1219,#1216,#637,.T.);
#1586=EDGE_CURVE('',#1244,#1243,#638,.T.);
#1587=EDGE_CURVE('',#1245,#1225,#639,.T.);
#1588=EDGE_CURVE('',#1179,#1245,#640,.T.);
#1589=EDGE_CURVE('',#1229,#1245,#641,.T.);
#1590=EDGE_CURVE('',#1246,#1231,#642,.T.);
#1591=EDGE_CURVE('',#1185,#1246,#643,.T.);
#1592=EDGE_CURVE('',#1234,#1246,#644,.T.);
#1593=EDGE_CURVE('',#1239,#1233,#645,.T.);
#1594=EDGE_CURVE('',#1136,#1133,#646,.T.);
#1595=EDGE_CURVE('',#1201,#1199,#647,.T.);
#1596=EDGE_CURVE('',#1247,#1204,#648,.T.);
#1597=EDGE_CURVE('',#1152,#1247,#649,.T.);
#1598=EDGE_CURVE('',#1206,#1247,#650,.T.);
#1599=EDGE_CURVE('',#1248,#1249,#651,.T.);
#1600=EDGE_CURVE('',#1250,#1248,#652,.T.);
#1601=EDGE_CURVE('',#1251,#1250,#653,.T.);
#1602=EDGE_CURVE('',#1251,#1249,#654,.T.);
#1603=EDGE_CURVE('',#1252,#1253,#655,.T.);
#1604=EDGE_CURVE('',#1249,#1252,#67,.T.);
#1605=EDGE_CURVE('',#1254,#1251,#68,.T.);
#1606=EDGE_CURVE('',#1255,#1254,#656,.T.);
#1607=EDGE_CURVE('',#1253,#1255,#657,.T.);
#1608=EDGE_CURVE('',#1256,#1257,#658,.T.);
#1609=EDGE_CURVE('',#1258,#1256,#659,.T.);
#1610=EDGE_CURVE('',#1259,#1258,#660,.T.);
#1611=EDGE_CURVE('',#1257,#1259,#661,.T.);
#1612=EDGE_CURVE('',#1260,#1256,#69,.T.);
#1613=EDGE_CURVE('',#1260,#1261,#662,.T.);
#1614=EDGE_CURVE('',#1258,#1261,#70,.T.);
#1615=EDGE_CURVE('',#1262,#1260,#663,.T.);
#1616=EDGE_CURVE('',#1263,#1262,#664,.T.);
#1617=EDGE_CURVE('',#1263,#1261,#665,.T.);
#1618=EDGE_CURVE('',#1264,#1265,#666,.T.);
#1619=EDGE_CURVE('',#1264,#1266,#667,.T.);
#1620=EDGE_CURVE('',#1267,#1266,#668,.T.);
#1621=EDGE_CURVE('',#1265,#1267,#669,.T.);
#1622=EDGE_CURVE('',#1268,#1264,#71,.T.);
#1623=EDGE_CURVE('',#1269,#1268,#670,.T.);
#1624=EDGE_CURVE('',#1270,#1269,#671,.T.);
#1625=EDGE_CURVE('',#1271,#1270,#672,.T.);
#1626=EDGE_CURVE('',#1266,#1271,#72,.T.);
#1627=EDGE_CURVE('',#1272,#1273,#673,.T.);
#1628=EDGE_CURVE('',#1274,#1272,#674,.T.);
#1629=EDGE_CURVE('',#1274,#1275,#675,.T.);
#1630=EDGE_CURVE('',#1273,#1275,#676,.T.);
#1631=EDGE_CURVE('',#1276,#1272,#73,.T.);
#1632=EDGE_CURVE('',#1276,#1277,#677,.T.);
#1633=EDGE_CURVE('',#1274,#1277,#74,.T.);
#1634=EDGE_CURVE('',#1278,#1276,#678,.T.);
#1635=EDGE_CURVE('',#1279,#1278,#679,.T.);
#1636=EDGE_CURVE('',#1277,#1279,#680,.T.);
#1637=EDGE_CURVE('',#1262,#1280,#75,.T.);
#1638=EDGE_CURVE('',#1280,#1263,#681,.T.);
#1639=EDGE_CURVE('',#1281,#1250,#76,.T.);
#1640=EDGE_CURVE('',#1282,#1281,#682,.T.);
#1641=EDGE_CURVE('',#1267,#1282,#77,.T.);
#1642=EDGE_CURVE('',#1271,#1254,#683,.T.);
#1643=EDGE_CURVE('',#1269,#1253,#684,.T.);
#1644=EDGE_CURVE('',#1268,#1252,#685,.T.);
#1645=EDGE_CURVE('',#1270,#1255,#686,.T.);
#1646=EDGE_CURVE('',#1261,#1274,#687,.T.);
#1647=EDGE_CURVE('',#1282,#1279,#78,.T.);
#1648=EDGE_CURVE('',#1259,#1281,#79,.T.);
#1649=EDGE_CURVE('',#1283,#1257,#80,.T.);
#1650=EDGE_CURVE('',#1284,#1283,#688,.T.);
#1651=EDGE_CURVE('',#1278,#1284,#81,.T.);
#1652=EDGE_CURVE('',#1285,#1273,#82,.T.);
#1653=EDGE_CURVE('',#1285,#1280,#689,.T.);
#1654=EDGE_CURVE('',#1275,#1285,#690,.T.);
#1655=EDGE_CURVE('',#1284,#1265,#83,.T.);
#1656=EDGE_CURVE('',#1248,#1283,#84,.T.);
#1657=EDGE_CURVE('',#1286,#1287,#691,.T.);
#1658=EDGE_CURVE('',#1288,#1286,#692,.T.);
#1659=EDGE_CURVE('',#1289,#1288,#693,.T.);
#1660=EDGE_CURVE('',#1289,#1287,#694,.T.);
#1661=EDGE_CURVE('',#1290,#1291,#695,.T.);
#1662=EDGE_CURVE('',#1287,#1290,#85,.T.);
#1663=EDGE_CURVE('',#1292,#1289,#86,.T.);
#1664=EDGE_CURVE('',#1293,#1292,#696,.T.);
#1665=EDGE_CURVE('',#1291,#1293,#697,.T.);
#1666=EDGE_CURVE('',#1294,#1295,#698,.T.);
#1667=EDGE_CURVE('',#1296,#1294,#699,.T.);
#1668=EDGE_CURVE('',#1297,#1296,#700,.T.);
#1669=EDGE_CURVE('',#1295,#1297,#701,.T.);
#1670=EDGE_CURVE('',#1298,#1294,#87,.T.);
#1671=EDGE_CURVE('',#1298,#1299,#702,.T.);
#1672=EDGE_CURVE('',#1296,#1299,#88,.T.);
#1673=EDGE_CURVE('',#1300,#1298,#703,.T.);
#1674=EDGE_CURVE('',#1301,#1300,#704,.T.);
#1675=EDGE_CURVE('',#1301,#1299,#705,.T.);
#1676=EDGE_CURVE('',#1302,#1303,#706,.T.);
#1677=EDGE_CURVE('',#1302,#1304,#707,.T.);
#1678=EDGE_CURVE('',#1305,#1304,#708,.T.);
#1679=EDGE_CURVE('',#1303,#1305,#709,.T.);
#1680=EDGE_CURVE('',#1306,#1302,#89,.T.);
#1681=EDGE_CURVE('',#1307,#1306,#710,.T.);
#1682=EDGE_CURVE('',#1308,#1307,#711,.T.);
#1683=EDGE_CURVE('',#1309,#1308,#712,.T.);
#1684=EDGE_CURVE('',#1304,#1309,#90,.T.);
#1685=EDGE_CURVE('',#1310,#1311,#713,.T.);
#1686=EDGE_CURVE('',#1312,#1310,#714,.T.);
#1687=EDGE_CURVE('',#1312,#1313,#715,.T.);
#1688=EDGE_CURVE('',#1311,#1313,#716,.T.);
#1689=EDGE_CURVE('',#1314,#1310,#91,.T.);
#1690=EDGE_CURVE('',#1314,#1315,#717,.T.);
#1691=EDGE_CURVE('',#1312,#1315,#92,.T.);
#1692=EDGE_CURVE('',#1316,#1314,#718,.T.);
#1693=EDGE_CURVE('',#1317,#1316,#719,.T.);
#1694=EDGE_CURVE('',#1315,#1317,#720,.T.);
#1695=EDGE_CURVE('',#1300,#1318,#93,.T.);
#1696=EDGE_CURVE('',#1318,#1301,#721,.T.);
#1697=EDGE_CURVE('',#1319,#1288,#94,.T.);
#1698=EDGE_CURVE('',#1320,#1319,#722,.T.);
#1699=EDGE_CURVE('',#1305,#1320,#95,.T.);
#1700=EDGE_CURVE('',#1309,#1292,#723,.T.);
#1701=EDGE_CURVE('',#1307,#1291,#724,.T.);
#1702=EDGE_CURVE('',#1306,#1290,#725,.T.);
#1703=EDGE_CURVE('',#1308,#1293,#726,.T.);
#1704=EDGE_CURVE('',#1299,#1312,#727,.T.);
#1705=EDGE_CURVE('',#1320,#1317,#96,.T.);
#1706=EDGE_CURVE('',#1297,#1319,#97,.T.);
#1707=EDGE_CURVE('',#1321,#1295,#98,.T.);
#1708=EDGE_CURVE('',#1322,#1321,#728,.T.);
#1709=EDGE_CURVE('',#1316,#1322,#99,.T.);
#1710=EDGE_CURVE('',#1323,#1311,#100,.T.);
#1711=EDGE_CURVE('',#1323,#1318,#729,.T.);
#1712=EDGE_CURVE('',#1313,#1323,#730,.T.);
#1713=EDGE_CURVE('',#1322,#1303,#101,.T.);
#1714=EDGE_CURVE('',#1286,#1321,#102,.T.);
#1715=EDGE_CURVE('',#1324,#1325,#731,.T.);
#1716=EDGE_CURVE('',#1326,#1324,#732,.T.);
#1717=EDGE_CURVE('',#1327,#1326,#733,.T.);
#1718=EDGE_CURVE('',#1327,#1325,#734,.T.);
#1719=EDGE_CURVE('',#1328,#1329,#735,.T.);
#1720=EDGE_CURVE('',#1325,#1328,#103,.T.);
#1721=EDGE_CURVE('',#1330,#1327,#104,.T.);
#1722=EDGE_CURVE('',#1331,#1330,#736,.T.);
#1723=EDGE_CURVE('',#1329,#1331,#737,.T.);
#1724=EDGE_CURVE('',#1332,#1333,#738,.T.);
#1725=EDGE_CURVE('',#1334,#1332,#739,.T.);
#1726=EDGE_CURVE('',#1335,#1334,#740,.T.);
#1727=EDGE_CURVE('',#1333,#1335,#741,.T.);
#1728=EDGE_CURVE('',#1336,#1332,#105,.T.);
#1729=EDGE_CURVE('',#1336,#1337,#742,.T.);
#1730=EDGE_CURVE('',#1334,#1337,#106,.T.);
#1731=EDGE_CURVE('',#1338,#1336,#743,.T.);
#1732=EDGE_CURVE('',#1339,#1338,#744,.T.);
#1733=EDGE_CURVE('',#1339,#1337,#745,.T.);
#1734=EDGE_CURVE('',#1340,#1341,#746,.T.);
#1735=EDGE_CURVE('',#1340,#1342,#747,.T.);
#1736=EDGE_CURVE('',#1343,#1342,#748,.T.);
#1737=EDGE_CURVE('',#1341,#1343,#749,.T.);
#1738=EDGE_CURVE('',#1344,#1340,#107,.T.);
#1739=EDGE_CURVE('',#1345,#1344,#750,.T.);
#1740=EDGE_CURVE('',#1346,#1345,#751,.T.);
#1741=EDGE_CURVE('',#1347,#1346,#752,.T.);
#1742=EDGE_CURVE('',#1342,#1347,#108,.T.);
#1743=EDGE_CURVE('',#1348,#1349,#753,.T.);
#1744=EDGE_CURVE('',#1350,#1348,#754,.T.);
#1745=EDGE_CURVE('',#1350,#1351,#755,.T.);
#1746=EDGE_CURVE('',#1349,#1351,#756,.T.);
#1747=EDGE_CURVE('',#1352,#1348,#109,.T.);
#1748=EDGE_CURVE('',#1352,#1353,#757,.T.);
#1749=EDGE_CURVE('',#1350,#1353,#110,.T.);
#1750=EDGE_CURVE('',#1354,#1352,#758,.T.);
#1751=EDGE_CURVE('',#1355,#1354,#759,.T.);
#1752=EDGE_CURVE('',#1353,#1355,#760,.T.);
#1753=EDGE_CURVE('',#1338,#1356,#111,.T.);
#1754=EDGE_CURVE('',#1356,#1339,#761,.T.);
#1755=EDGE_CURVE('',#1357,#1326,#112,.T.);
#1756=EDGE_CURVE('',#1358,#1357,#762,.T.);
#1757=EDGE_CURVE('',#1343,#1358,#113,.T.);
#1758=EDGE_CURVE('',#1347,#1330,#763,.T.);
#1759=EDGE_CURVE('',#1345,#1329,#764,.T.);
#1760=EDGE_CURVE('',#1344,#1328,#765,.T.);
#1761=EDGE_CURVE('',#1346,#1331,#766,.T.);
#1762=EDGE_CURVE('',#1337,#1350,#767,.T.);
#1763=EDGE_CURVE('',#1358,#1355,#114,.T.);
#1764=EDGE_CURVE('',#1335,#1357,#115,.T.);
#1765=EDGE_CURVE('',#1359,#1333,#116,.T.);
#1766=EDGE_CURVE('',#1360,#1359,#768,.T.);
#1767=EDGE_CURVE('',#1354,#1360,#117,.T.);
#1768=EDGE_CURVE('',#1361,#1349,#118,.T.);
#1769=EDGE_CURVE('',#1361,#1356,#769,.T.);
#1770=EDGE_CURVE('',#1351,#1361,#770,.T.);
#1771=EDGE_CURVE('',#1360,#1341,#119,.T.);
#1772=EDGE_CURVE('',#1324,#1359,#120,.T.);
#1773=EDGE_CURVE('',#1362,#1363,#771,.T.);
#1774=EDGE_CURVE('',#1364,#1362,#772,.T.);
#1775=EDGE_CURVE('',#1365,#1364,#773,.T.);
#1776=EDGE_CURVE('',#1365,#1363,#774,.T.);
#1777=EDGE_CURVE('',#1366,#1367,#775,.T.);
#1778=EDGE_CURVE('',#1363,#1366,#121,.T.);
#1779=EDGE_CURVE('',#1368,#1365,#122,.T.);
#1780=EDGE_CURVE('',#1369,#1368,#776,.T.);
#1781=EDGE_CURVE('',#1367,#1369,#777,.T.);
#1782=EDGE_CURVE('',#1370,#1371,#778,.T.);
#1783=EDGE_CURVE('',#1372,#1370,#779,.T.);
#1784=EDGE_CURVE('',#1373,#1372,#780,.T.);
#1785=EDGE_CURVE('',#1371,#1373,#781,.T.);
#1786=EDGE_CURVE('',#1374,#1370,#123,.T.);
#1787=EDGE_CURVE('',#1374,#1375,#782,.T.);
#1788=EDGE_CURVE('',#1372,#1375,#124,.T.);
#1789=EDGE_CURVE('',#1376,#1374,#783,.T.);
#1790=EDGE_CURVE('',#1377,#1376,#784,.T.);
#1791=EDGE_CURVE('',#1377,#1375,#785,.T.);
#1792=EDGE_CURVE('',#1378,#1379,#786,.T.);
#1793=EDGE_CURVE('',#1378,#1380,#787,.T.);
#1794=EDGE_CURVE('',#1381,#1380,#788,.T.);
#1795=EDGE_CURVE('',#1379,#1381,#789,.T.);
#1796=EDGE_CURVE('',#1382,#1378,#125,.T.);
#1797=EDGE_CURVE('',#1383,#1382,#790,.T.);
#1798=EDGE_CURVE('',#1384,#1383,#791,.T.);
#1799=EDGE_CURVE('',#1385,#1384,#792,.T.);
#1800=EDGE_CURVE('',#1380,#1385,#126,.T.);
#1801=EDGE_CURVE('',#1386,#1387,#793,.T.);
#1802=EDGE_CURVE('',#1388,#1386,#794,.T.);
#1803=EDGE_CURVE('',#1388,#1389,#795,.T.);
#1804=EDGE_CURVE('',#1387,#1389,#796,.T.);
#1805=EDGE_CURVE('',#1390,#1386,#127,.T.);
#1806=EDGE_CURVE('',#1390,#1391,#797,.T.);
#1807=EDGE_CURVE('',#1388,#1391,#128,.T.);
#1808=EDGE_CURVE('',#1392,#1390,#798,.T.);
#1809=EDGE_CURVE('',#1393,#1392,#799,.T.);
#1810=EDGE_CURVE('',#1391,#1393,#800,.T.);
#1811=EDGE_CURVE('',#1376,#1394,#129,.T.);
#1812=EDGE_CURVE('',#1394,#1377,#801,.T.);
#1813=EDGE_CURVE('',#1395,#1364,#130,.T.);
#1814=EDGE_CURVE('',#1396,#1395,#802,.T.);
#1815=EDGE_CURVE('',#1381,#1396,#131,.T.);
#1816=EDGE_CURVE('',#1385,#1368,#803,.T.);
#1817=EDGE_CURVE('',#1383,#1367,#804,.T.);
#1818=EDGE_CURVE('',#1382,#1366,#805,.T.);
#1819=EDGE_CURVE('',#1384,#1369,#806,.T.);
#1820=EDGE_CURVE('',#1375,#1388,#807,.T.);
#1821=EDGE_CURVE('',#1396,#1393,#132,.T.);
#1822=EDGE_CURVE('',#1373,#1395,#133,.T.);
#1823=EDGE_CURVE('',#1397,#1371,#134,.T.);
#1824=EDGE_CURVE('',#1398,#1397,#808,.T.);
#1825=EDGE_CURVE('',#1392,#1398,#135,.T.);
#1826=EDGE_CURVE('',#1399,#1387,#136,.T.);
#1827=EDGE_CURVE('',#1399,#1394,#809,.T.);
#1828=EDGE_CURVE('',#1389,#1399,#810,.T.);
#1829=EDGE_CURVE('',#1398,#1379,#137,.T.);
#1830=EDGE_CURVE('',#1362,#1397,#138,.T.);
#1831=ORIENTED_EDGE('',*,*,#1400,.F.);
#1832=ORIENTED_EDGE('',*,*,#1401,.F.);
#1833=ORIENTED_EDGE('',*,*,#1402,.F.);
#1834=ORIENTED_EDGE('',*,*,#1403,.F.);
#1835=ORIENTED_EDGE('',*,*,#1402,.T.);
#1836=ORIENTED_EDGE('',*,*,#1404,.F.);
#1837=ORIENTED_EDGE('',*,*,#1405,.F.);
#1838=ORIENTED_EDGE('',*,*,#1406,.F.);
#1839=ORIENTED_EDGE('',*,*,#1407,.F.);
#1840=ORIENTED_EDGE('',*,*,#1408,.F.);
#1841=ORIENTED_EDGE('',*,*,#1401,.T.);
#1842=ORIENTED_EDGE('',*,*,#1409,.T.);
#1843=ORIENTED_EDGE('',*,*,#1410,.T.);
#1844=ORIENTED_EDGE('',*,*,#1404,.T.);
#1845=ORIENTED_EDGE('',*,*,#1411,.F.);
#1846=ORIENTED_EDGE('',*,*,#1412,.F.);
#1847=ORIENTED_EDGE('',*,*,#1413,.F.);
#1848=ORIENTED_EDGE('',*,*,#1406,.T.);
#1849=ORIENTED_EDGE('',*,*,#1400,.T.);
#1850=ORIENTED_EDGE('',*,*,#1414,.F.);
#1851=ORIENTED_EDGE('',*,*,#1415,.T.);
#1852=ORIENTED_EDGE('',*,*,#1409,.F.);
#1853=ORIENTED_EDGE('',*,*,#1416,.F.);
#1854=ORIENTED_EDGE('',*,*,#1415,.F.);
#1855=ORIENTED_EDGE('',*,*,#1417,.F.);
#1856=ORIENTED_EDGE('',*,*,#1418,.F.);
#1857=ORIENTED_EDGE('',*,*,#1403,.T.);
#1858=ORIENTED_EDGE('',*,*,#1408,.T.);
#1859=ORIENTED_EDGE('',*,*,#1419,.F.);
#1860=ORIENTED_EDGE('',*,*,#1414,.T.);
#1861=ORIENTED_EDGE('',*,*,#1407,.T.);
#1862=ORIENTED_EDGE('',*,*,#1413,.T.);
#1863=ORIENTED_EDGE('',*,*,#1420,.F.);
#1864=ORIENTED_EDGE('',*,*,#1417,.T.);
#1865=ORIENTED_EDGE('',*,*,#1419,.T.);
#1866=ORIENTED_EDGE('',*,*,#1405,.T.);
#1867=ORIENTED_EDGE('',*,*,#1410,.F.);
#1868=ORIENTED_EDGE('',*,*,#1416,.T.);
#1869=ORIENTED_EDGE('',*,*,#1421,.F.);
#1870=ORIENTED_EDGE('',*,*,#1411,.T.);
#1871=ORIENTED_EDGE('',*,*,#1412,.T.);
#1872=ORIENTED_EDGE('',*,*,#1421,.T.);
#1873=ORIENTED_EDGE('',*,*,#1418,.T.);
#1874=ORIENTED_EDGE('',*,*,#1420,.T.);
#1875=ORIENTED_EDGE('',*,*,#1422,.T.);
#1876=ORIENTED_EDGE('',*,*,#1423,.T.);
#1877=ORIENTED_EDGE('',*,*,#1424,.T.);
#1878=ORIENTED_EDGE('',*,*,#1425,.T.);
#1879=ORIENTED_EDGE('',*,*,#1423,.F.);
#1880=ORIENTED_EDGE('',*,*,#1426,.F.);
#1881=ORIENTED_EDGE('',*,*,#1427,.F.);
#1882=ORIENTED_EDGE('',*,*,#1428,.F.);
#1883=ORIENTED_EDGE('',*,*,#1429,.T.);
#1884=ORIENTED_EDGE('',*,*,#1430,.T.);
#1885=ORIENTED_EDGE('',*,*,#1431,.T.);
#1886=ORIENTED_EDGE('',*,*,#1432,.T.);
#1887=ORIENTED_EDGE('',*,*,#1431,.F.);
#1888=ORIENTED_EDGE('',*,*,#1433,.T.);
#1889=ORIENTED_EDGE('',*,*,#1434,.F.);
#1890=ORIENTED_EDGE('',*,*,#1435,.T.);
#1891=ORIENTED_EDGE('',*,*,#1436,.F.);
#1892=ORIENTED_EDGE('',*,*,#1437,.T.);
#1893=ORIENTED_EDGE('',*,*,#1438,.F.);
#1894=ORIENTED_EDGE('',*,*,#1439,.T.);
#1895=ORIENTED_EDGE('',*,*,#1440,.F.);
#1896=ORIENTED_EDGE('',*,*,#1441,.T.);
#1897=ORIENTED_EDGE('',*,*,#1442,.F.);
#1898=ORIENTED_EDGE('',*,*,#1443,.T.);
#1899=ORIENTED_EDGE('',*,*,#1444,.F.);
#1900=ORIENTED_EDGE('',*,*,#1445,.T.);
#1901=ORIENTED_EDGE('',*,*,#1446,.T.);
#1902=ORIENTED_EDGE('',*,*,#1447,.F.);
#1903=ORIENTED_EDGE('',*,*,#1448,.T.);
#1904=ORIENTED_EDGE('',*,*,#1449,.F.);
#1905=ORIENTED_EDGE('',*,*,#1450,.T.);
#1906=ORIENTED_EDGE('',*,*,#1451,.F.);
#1907=ORIENTED_EDGE('',*,*,#1452,.T.);
#1908=ORIENTED_EDGE('',*,*,#1453,.F.);
#1909=ORIENTED_EDGE('',*,*,#1454,.T.);
#1910=ORIENTED_EDGE('',*,*,#1455,.F.);
#1911=ORIENTED_EDGE('',*,*,#1456,.T.);
#1912=ORIENTED_EDGE('',*,*,#1457,.F.);
#1913=ORIENTED_EDGE('',*,*,#1458,.T.);
#1914=ORIENTED_EDGE('',*,*,#1459,.F.);
#1915=ORIENTED_EDGE('',*,*,#1460,.T.);
#1916=ORIENTED_EDGE('',*,*,#1461,.F.);
#1917=ORIENTED_EDGE('',*,*,#1462,.T.);
#1918=ORIENTED_EDGE('',*,*,#1463,.F.);
#1919=ORIENTED_EDGE('',*,*,#1464,.T.);
#1920=ORIENTED_EDGE('',*,*,#1465,.F.);
#1921=ORIENTED_EDGE('',*,*,#1466,.T.);
#1922=ORIENTED_EDGE('',*,*,#1467,.F.);
#1923=ORIENTED_EDGE('',*,*,#1468,.T.);
#1924=ORIENTED_EDGE('',*,*,#1469,.F.);
#1925=ORIENTED_EDGE('',*,*,#1470,.T.);
#1926=ORIENTED_EDGE('',*,*,#1471,.F.);
#1927=ORIENTED_EDGE('',*,*,#1472,.T.);
#1928=ORIENTED_EDGE('',*,*,#1473,.T.);
#1929=ORIENTED_EDGE('',*,*,#1474,.T.);
#1930=ORIENTED_EDGE('',*,*,#1475,.F.);
#1931=ORIENTED_EDGE('',*,*,#1476,.T.);
#1932=ORIENTED_EDGE('',*,*,#1477,.F.);
#1933=ORIENTED_EDGE('',*,*,#1478,.T.);
#1934=ORIENTED_EDGE('',*,*,#1479,.T.);
#1935=ORIENTED_EDGE('',*,*,#1480,.T.);
#1936=ORIENTED_EDGE('',*,*,#1481,.F.);
#1937=ORIENTED_EDGE('',*,*,#1482,.T.);
#1938=ORIENTED_EDGE('',*,*,#1483,.F.);
#1939=ORIENTED_EDGE('',*,*,#1484,.T.);
#1940=ORIENTED_EDGE('',*,*,#1485,.F.);
#1941=ORIENTED_EDGE('',*,*,#1486,.T.);
#1942=ORIENTED_EDGE('',*,*,#1487,.F.);
#1943=ORIENTED_EDGE('',*,*,#1426,.T.);
#1944=ORIENTED_EDGE('',*,*,#1422,.F.);
#1945=ORIENTED_EDGE('',*,*,#1488,.T.);
#1946=ORIENTED_EDGE('',*,*,#1430,.F.);
#1947=ORIENTED_EDGE('',*,*,#1489,.F.);
#1948=ORIENTED_EDGE('',*,*,#1490,.F.);
#1949=ORIENTED_EDGE('',*,*,#1433,.F.);
#1950=ORIENTED_EDGE('',*,*,#1434,.T.);
#1951=ORIENTED_EDGE('',*,*,#1490,.T.);
#1952=ORIENTED_EDGE('',*,*,#1491,.T.);
#1953=ORIENTED_EDGE('',*,*,#1492,.T.);
#1954=ORIENTED_EDGE('',*,*,#1493,.T.);
#1955=ORIENTED_EDGE('',*,*,#1494,.T.);
#1956=ORIENTED_EDGE('',*,*,#1436,.T.);
#1957=ORIENTED_EDGE('',*,*,#1495,.T.);
#1958=ORIENTED_EDGE('',*,*,#1492,.F.);
#1959=ORIENTED_EDGE('',*,*,#1496,.F.);
#1960=ORIENTED_EDGE('',*,*,#1495,.F.);
#1961=ORIENTED_EDGE('',*,*,#1435,.F.);
#1962=ORIENTED_EDGE('',*,*,#1440,.T.);
#1963=ORIENTED_EDGE('',*,*,#1497,.T.);
#1964=ORIENTED_EDGE('',*,*,#1498,.T.);
#1965=ORIENTED_EDGE('',*,*,#1499,.T.);
#1966=ORIENTED_EDGE('',*,*,#1497,.F.);
#1967=ORIENTED_EDGE('',*,*,#1439,.F.);
#1968=ORIENTED_EDGE('',*,*,#1500,.F.);
#1969=ORIENTED_EDGE('',*,*,#1501,.F.);
#1970=ORIENTED_EDGE('',*,*,#1502,.T.);
#1971=ORIENTED_EDGE('',*,*,#1503,.T.);
#1972=ORIENTED_EDGE('',*,*,#1442,.T.);
#1973=ORIENTED_EDGE('',*,*,#1504,.T.);
#1974=ORIENTED_EDGE('',*,*,#1503,.F.);
#1975=ORIENTED_EDGE('',*,*,#1505,.F.);
#1976=ORIENTED_EDGE('',*,*,#1506,.F.);
#1977=ORIENTED_EDGE('',*,*,#1443,.F.);
#1978=ORIENTED_EDGE('',*,*,#1444,.T.);
#1979=ORIENTED_EDGE('',*,*,#1506,.T.);
#1980=ORIENTED_EDGE('',*,*,#1507,.T.);
#1981=ORIENTED_EDGE('',*,*,#1508,.T.);
#1982=ORIENTED_EDGE('',*,*,#1509,.T.);
#1983=ORIENTED_EDGE('',*,*,#1500,.T.);
#1984=ORIENTED_EDGE('',*,*,#1438,.T.);
#1985=ORIENTED_EDGE('',*,*,#1510,.T.);
#1986=ORIENTED_EDGE('',*,*,#1494,.F.);
#1987=ORIENTED_EDGE('',*,*,#1511,.F.);
#1988=ORIENTED_EDGE('',*,*,#1510,.F.);
#1989=ORIENTED_EDGE('',*,*,#1437,.F.);
#1990=ORIENTED_EDGE('',*,*,#1512,.T.);
#1991=ORIENTED_EDGE('',*,*,#1513,.T.);
#1992=ORIENTED_EDGE('',*,*,#1447,.T.);
#1993=ORIENTED_EDGE('',*,*,#1514,.T.);
#1994=ORIENTED_EDGE('',*,*,#1513,.F.);
#1995=ORIENTED_EDGE('',*,*,#1515,.F.);
#1996=ORIENTED_EDGE('',*,*,#1516,.F.);
#1997=ORIENTED_EDGE('',*,*,#1448,.F.);
#1998=ORIENTED_EDGE('',*,*,#1463,.T.);
#1999=ORIENTED_EDGE('',*,*,#1517,.T.);
#2000=ORIENTED_EDGE('',*,*,#1518,.T.);
#2001=ORIENTED_EDGE('',*,*,#1519,.T.);
#2002=ORIENTED_EDGE('',*,*,#1517,.F.);
#2003=ORIENTED_EDGE('',*,*,#1462,.F.);
#2004=ORIENTED_EDGE('',*,*,#1520,.F.);
#2005=ORIENTED_EDGE('',*,*,#1521,.F.);
#2006=ORIENTED_EDGE('',*,*,#1449,.T.);
#2007=ORIENTED_EDGE('',*,*,#1516,.T.);
#2008=ORIENTED_EDGE('',*,*,#1522,.T.);
#2009=ORIENTED_EDGE('',*,*,#1523,.T.);
#2010=ORIENTED_EDGE('',*,*,#1524,.T.);
#2011=ORIENTED_EDGE('',*,*,#1525,.T.);
#2012=ORIENTED_EDGE('',*,*,#1451,.T.);
#2013=ORIENTED_EDGE('',*,*,#1526,.T.);
#2014=ORIENTED_EDGE('',*,*,#1523,.F.);
#2015=ORIENTED_EDGE('',*,*,#1527,.F.);
#2016=ORIENTED_EDGE('',*,*,#1526,.F.);
#2017=ORIENTED_EDGE('',*,*,#1450,.F.);
#2018=ORIENTED_EDGE('',*,*,#1528,.T.);
#2019=ORIENTED_EDGE('',*,*,#1529,.T.);
#2020=ORIENTED_EDGE('',*,*,#1455,.T.);
#2021=ORIENTED_EDGE('',*,*,#1530,.T.);
#2022=ORIENTED_EDGE('',*,*,#1530,.F.);
#2023=ORIENTED_EDGE('',*,*,#1454,.F.);
#2024=ORIENTED_EDGE('',*,*,#1531,.F.);
#2025=ORIENTED_EDGE('',*,*,#1532,.F.);
#2026=ORIENTED_EDGE('',*,*,#1453,.T.);
#2027=ORIENTED_EDGE('',*,*,#1533,.T.);
#2028=ORIENTED_EDGE('',*,*,#1534,.T.);
#2029=ORIENTED_EDGE('',*,*,#1531,.T.);
#2030=ORIENTED_EDGE('',*,*,#1525,.F.);
#2031=ORIENTED_EDGE('',*,*,#1535,.F.);
#2032=ORIENTED_EDGE('',*,*,#1533,.F.);
#2033=ORIENTED_EDGE('',*,*,#1452,.F.);
#2034=ORIENTED_EDGE('',*,*,#1536,.T.);
#2035=ORIENTED_EDGE('',*,*,#1537,.T.);
#2036=ORIENTED_EDGE('',*,*,#1457,.T.);
#2037=ORIENTED_EDGE('',*,*,#1538,.T.);
#2038=ORIENTED_EDGE('',*,*,#1537,.F.);
#2039=ORIENTED_EDGE('',*,*,#1539,.F.);
#2040=ORIENTED_EDGE('',*,*,#1540,.F.);
#2041=ORIENTED_EDGE('',*,*,#1458,.F.);
#2042=ORIENTED_EDGE('',*,*,#1459,.T.);
#2043=ORIENTED_EDGE('',*,*,#1540,.T.);
#2044=ORIENTED_EDGE('',*,*,#1541,.T.);
#2045=ORIENTED_EDGE('',*,*,#1542,.T.);
#2046=ORIENTED_EDGE('',*,*,#1543,.T.);
#2047=ORIENTED_EDGE('',*,*,#1520,.T.);
#2048=ORIENTED_EDGE('',*,*,#1461,.T.);
#2049=ORIENTED_EDGE('',*,*,#1544,.T.);
#2050=ORIENTED_EDGE('',*,*,#1542,.F.);
#2051=ORIENTED_EDGE('',*,*,#1545,.F.);
#2052=ORIENTED_EDGE('',*,*,#1544,.F.);
#2053=ORIENTED_EDGE('',*,*,#1460,.F.);
#2054=ORIENTED_EDGE('',*,*,#1471,.T.);
#2055=ORIENTED_EDGE('',*,*,#1546,.T.);
#2056=ORIENTED_EDGE('',*,*,#1547,.T.);
#2057=ORIENTED_EDGE('',*,*,#1548,.T.);
#2058=ORIENTED_EDGE('',*,*,#1546,.F.);
#2059=ORIENTED_EDGE('',*,*,#1470,.F.);
#2060=ORIENTED_EDGE('',*,*,#1549,.F.);
#2061=ORIENTED_EDGE('',*,*,#1550,.F.);
#2062=ORIENTED_EDGE('',*,*,#1475,.T.);
#2063=ORIENTED_EDGE('',*,*,#1551,.T.);
#2064=ORIENTED_EDGE('',*,*,#1552,.T.);
#2065=ORIENTED_EDGE('',*,*,#1553,.T.);
#2066=ORIENTED_EDGE('',*,*,#1551,.F.);
#2067=ORIENTED_EDGE('',*,*,#1474,.F.);
#2068=ORIENTED_EDGE('',*,*,#1554,.T.);
#2069=ORIENTED_EDGE('',*,*,#1555,.F.);
#2070=ORIENTED_EDGE('',*,*,#1477,.T.);
#2071=ORIENTED_EDGE('',*,*,#1556,.T.);
#2072=ORIENTED_EDGE('',*,*,#1557,.T.);
#2073=ORIENTED_EDGE('',*,*,#1558,.T.);
#2074=ORIENTED_EDGE('',*,*,#1553,.F.);
#2075=ORIENTED_EDGE('',*,*,#1559,.F.);
#2076=ORIENTED_EDGE('',*,*,#1556,.F.);
#2077=ORIENTED_EDGE('',*,*,#1476,.F.);
#2078=ORIENTED_EDGE('',*,*,#1481,.T.);
#2079=ORIENTED_EDGE('',*,*,#1560,.T.);
#2080=ORIENTED_EDGE('',*,*,#1561,.T.);
#2081=ORIENTED_EDGE('',*,*,#1562,.T.);
#2082=ORIENTED_EDGE('',*,*,#1560,.F.);
#2083=ORIENTED_EDGE('',*,*,#1480,.F.);
#2084=ORIENTED_EDGE('',*,*,#1563,.T.);
#2085=ORIENTED_EDGE('',*,*,#1564,.F.);
#2086=ORIENTED_EDGE('',*,*,#1465,.T.);
#2087=ORIENTED_EDGE('',*,*,#1565,.T.);
#2088=ORIENTED_EDGE('',*,*,#1566,.T.);
#2089=ORIENTED_EDGE('',*,*,#1567,.T.);
#2090=ORIENTED_EDGE('',*,*,#1519,.F.);
#2091=ORIENTED_EDGE('',*,*,#1568,.F.);
#2092=ORIENTED_EDGE('',*,*,#1565,.F.);
#2093=ORIENTED_EDGE('',*,*,#1464,.F.);
#2094=ORIENTED_EDGE('',*,*,#1487,.T.);
#2095=ORIENTED_EDGE('',*,*,#1569,.T.);
#2096=ORIENTED_EDGE('',*,*,#1570,.T.);
#2097=ORIENTED_EDGE('',*,*,#1427,.T.);
#2098=ORIENTED_EDGE('',*,*,#1569,.F.);
#2099=ORIENTED_EDGE('',*,*,#1486,.F.);
#2100=ORIENTED_EDGE('',*,*,#1571,.F.);
#2101=ORIENTED_EDGE('',*,*,#1572,.F.);
#2102=ORIENTED_EDGE('',*,*,#1573,.T.);
#2103=ORIENTED_EDGE('',*,*,#1574,.T.);
#2104=ORIENTED_EDGE('',*,*,#1483,.T.);
#2105=ORIENTED_EDGE('',*,*,#1575,.T.);
#2106=ORIENTED_EDGE('',*,*,#1574,.F.);
#2107=ORIENTED_EDGE('',*,*,#1576,.F.);
#2108=ORIENTED_EDGE('',*,*,#1577,.F.);
#2109=ORIENTED_EDGE('',*,*,#1484,.F.);
#2110=ORIENTED_EDGE('',*,*,#1578,.T.);
#2111=ORIENTED_EDGE('',*,*,#1571,.T.);
#2112=ORIENTED_EDGE('',*,*,#1485,.T.);
#2113=ORIENTED_EDGE('',*,*,#1577,.T.);
#2114=ORIENTED_EDGE('',*,*,#1579,.T.);
#2115=ORIENTED_EDGE('',*,*,#1580,.T.);
#2116=ORIENTED_EDGE('',*,*,#1467,.T.);
#2117=ORIENTED_EDGE('',*,*,#1581,.T.);
#2118=ORIENTED_EDGE('',*,*,#1567,.F.);
#2119=ORIENTED_EDGE('',*,*,#1582,.F.);
#2120=ORIENTED_EDGE('',*,*,#1581,.F.);
#2121=ORIENTED_EDGE('',*,*,#1466,.F.);
#2122=ORIENTED_EDGE('',*,*,#1583,.T.);
#2123=ORIENTED_EDGE('',*,*,#1549,.T.);
#2124=ORIENTED_EDGE('',*,*,#1469,.T.);
#2125=ORIENTED_EDGE('',*,*,#1584,.T.);
#2126=ORIENTED_EDGE('',*,*,#1529,.F.);
#2127=ORIENTED_EDGE('',*,*,#1585,.F.);
#2128=ORIENTED_EDGE('',*,*,#1538,.F.);
#2129=ORIENTED_EDGE('',*,*,#1456,.F.);
#2130=ORIENTED_EDGE('',*,*,#1580,.F.);
#2131=ORIENTED_EDGE('',*,*,#1586,.F.);
#2132=ORIENTED_EDGE('',*,*,#1584,.F.);
#2133=ORIENTED_EDGE('',*,*,#1468,.F.);
#2134=ORIENTED_EDGE('',*,*,#1548,.F.);
#2135=ORIENTED_EDGE('',*,*,#1587,.F.);
#2136=ORIENTED_EDGE('',*,*,#1588,.F.);
#2137=ORIENTED_EDGE('',*,*,#1472,.F.);
#2138=ORIENTED_EDGE('',*,*,#1473,.F.);
#2139=ORIENTED_EDGE('',*,*,#1588,.T.);
#2140=ORIENTED_EDGE('',*,*,#1589,.F.);
#2141=ORIENTED_EDGE('',*,*,#1554,.F.);
#2142=ORIENTED_EDGE('',*,*,#1558,.F.);
#2143=ORIENTED_EDGE('',*,*,#1590,.F.);
#2144=ORIENTED_EDGE('',*,*,#1591,.F.);
#2145=ORIENTED_EDGE('',*,*,#1478,.F.);
#2146=ORIENTED_EDGE('',*,*,#1479,.F.);
#2147=ORIENTED_EDGE('',*,*,#1591,.T.);
#2148=ORIENTED_EDGE('',*,*,#1592,.F.);
#2149=ORIENTED_EDGE('',*,*,#1563,.F.);
#2150=ORIENTED_EDGE('',*,*,#1562,.F.);
#2151=ORIENTED_EDGE('',*,*,#1593,.F.);
#2152=ORIENTED_EDGE('',*,*,#1575,.F.);
#2153=ORIENTED_EDGE('',*,*,#1482,.F.);
#2154=ORIENTED_EDGE('',*,*,#1425,.F.);
#2155=ORIENTED_EDGE('',*,*,#1594,.F.);
#2156=ORIENTED_EDGE('',*,*,#1432,.F.);
#2157=ORIENTED_EDGE('',*,*,#1488,.F.);
#2158=ORIENTED_EDGE('',*,*,#1499,.F.);
#2159=ORIENTED_EDGE('',*,*,#1595,.F.);
#2160=ORIENTED_EDGE('',*,*,#1504,.F.);
#2161=ORIENTED_EDGE('',*,*,#1441,.F.);
#2162=ORIENTED_EDGE('',*,*,#1508,.F.);
#2163=ORIENTED_EDGE('',*,*,#1596,.F.);
#2164=ORIENTED_EDGE('',*,*,#1597,.F.);
#2165=ORIENTED_EDGE('',*,*,#1445,.F.);
#2166=ORIENTED_EDGE('',*,*,#1514,.F.);
#2167=ORIENTED_EDGE('',*,*,#1446,.F.);
#2168=ORIENTED_EDGE('',*,*,#1597,.T.);
#2169=ORIENTED_EDGE('',*,*,#1598,.F.);
#2170=ORIENTED_EDGE('',*,*,#1429,.F.);
#2171=ORIENTED_EDGE('',*,*,#1594,.T.);
#2172=ORIENTED_EDGE('',*,*,#1424,.F.);
#2173=ORIENTED_EDGE('',*,*,#1428,.T.);
#2174=ORIENTED_EDGE('',*,*,#1570,.F.);
#2175=ORIENTED_EDGE('',*,*,#1572,.T.);
#2176=ORIENTED_EDGE('',*,*,#1578,.F.);
#2177=ORIENTED_EDGE('',*,*,#1576,.T.);
#2178=ORIENTED_EDGE('',*,*,#1573,.F.);
#2179=ORIENTED_EDGE('',*,*,#1593,.T.);
#2180=ORIENTED_EDGE('',*,*,#1561,.F.);
#2181=ORIENTED_EDGE('',*,*,#1564,.T.);
#2182=ORIENTED_EDGE('',*,*,#1592,.T.);
#2183=ORIENTED_EDGE('',*,*,#1590,.T.);
#2184=ORIENTED_EDGE('',*,*,#1557,.F.);
#2185=ORIENTED_EDGE('',*,*,#1559,.T.);
#2186=ORIENTED_EDGE('',*,*,#1552,.F.);
#2187=ORIENTED_EDGE('',*,*,#1555,.T.);
#2188=ORIENTED_EDGE('',*,*,#1589,.T.);
#2189=ORIENTED_EDGE('',*,*,#1587,.T.);
#2190=ORIENTED_EDGE('',*,*,#1547,.F.);
#2191=ORIENTED_EDGE('',*,*,#1550,.T.);
#2192=ORIENTED_EDGE('',*,*,#1583,.F.);
#2193=ORIENTED_EDGE('',*,*,#1586,.T.);
#2194=ORIENTED_EDGE('',*,*,#1579,.F.);
#2195=ORIENTED_EDGE('',*,*,#1582,.T.);
#2196=ORIENTED_EDGE('',*,*,#1566,.F.);
#2197=ORIENTED_EDGE('',*,*,#1568,.T.);
#2198=ORIENTED_EDGE('',*,*,#1518,.F.);
#2199=ORIENTED_EDGE('',*,*,#1521,.T.);
#2200=ORIENTED_EDGE('',*,*,#1543,.F.);
#2201=ORIENTED_EDGE('',*,*,#1545,.T.);
#2202=ORIENTED_EDGE('',*,*,#1541,.F.);
#2203=ORIENTED_EDGE('',*,*,#1539,.T.);
#2204=ORIENTED_EDGE('',*,*,#1536,.F.);
#2205=ORIENTED_EDGE('',*,*,#1585,.T.);
#2206=ORIENTED_EDGE('',*,*,#1528,.F.);
#2207=ORIENTED_EDGE('',*,*,#1532,.T.);
#2208=ORIENTED_EDGE('',*,*,#1534,.F.);
#2209=ORIENTED_EDGE('',*,*,#1535,.T.);
#2210=ORIENTED_EDGE('',*,*,#1524,.F.);
#2211=ORIENTED_EDGE('',*,*,#1527,.T.);
#2212=ORIENTED_EDGE('',*,*,#1522,.F.);
#2213=ORIENTED_EDGE('',*,*,#1515,.T.);
#2214=ORIENTED_EDGE('',*,*,#1512,.F.);
#2215=ORIENTED_EDGE('',*,*,#1598,.T.);
#2216=ORIENTED_EDGE('',*,*,#1596,.T.);
#2217=ORIENTED_EDGE('',*,*,#1507,.F.);
#2218=ORIENTED_EDGE('',*,*,#1505,.T.);
#2219=ORIENTED_EDGE('',*,*,#1502,.F.);
#2220=ORIENTED_EDGE('',*,*,#1595,.T.);
#2221=ORIENTED_EDGE('',*,*,#1498,.F.);
#2222=ORIENTED_EDGE('',*,*,#1501,.T.);
#2223=ORIENTED_EDGE('',*,*,#1509,.F.);
#2224=ORIENTED_EDGE('',*,*,#1511,.T.);
#2225=ORIENTED_EDGE('',*,*,#1493,.F.);
#2226=ORIENTED_EDGE('',*,*,#1496,.T.);
#2227=ORIENTED_EDGE('',*,*,#1491,.F.);
#2228=ORIENTED_EDGE('',*,*,#1489,.T.);
#2229=ORIENTED_EDGE('',*,*,#1599,.F.);
#2230=ORIENTED_EDGE('',*,*,#1600,.F.);
#2231=ORIENTED_EDGE('',*,*,#1601,.F.);
#2232=ORIENTED_EDGE('',*,*,#1602,.T.);
#2233=ORIENTED_EDGE('',*,*,#1603,.F.);
#2234=ORIENTED_EDGE('',*,*,#1604,.F.);
#2235=ORIENTED_EDGE('',*,*,#1602,.F.);
#2236=ORIENTED_EDGE('',*,*,#1605,.F.);
#2237=ORIENTED_EDGE('',*,*,#1606,.F.);
#2238=ORIENTED_EDGE('',*,*,#1607,.F.);
#2239=ORIENTED_EDGE('',*,*,#1608,.F.);
#2240=ORIENTED_EDGE('',*,*,#1609,.F.);
#2241=ORIENTED_EDGE('',*,*,#1610,.F.);
#2242=ORIENTED_EDGE('',*,*,#1611,.F.);
#2243=ORIENTED_EDGE('',*,*,#1612,.F.);
#2244=ORIENTED_EDGE('',*,*,#1613,.T.);
#2245=ORIENTED_EDGE('',*,*,#1614,.F.);
#2246=ORIENTED_EDGE('',*,*,#1609,.T.);
#2247=ORIENTED_EDGE('',*,*,#1615,.F.);
#2248=ORIENTED_EDGE('',*,*,#1616,.F.);
#2249=ORIENTED_EDGE('',*,*,#1617,.T.);
#2250=ORIENTED_EDGE('',*,*,#1613,.F.);
#2251=ORIENTED_EDGE('',*,*,#1618,.F.);
#2252=ORIENTED_EDGE('',*,*,#1619,.T.);
#2253=ORIENTED_EDGE('',*,*,#1620,.F.);
#2254=ORIENTED_EDGE('',*,*,#1621,.F.);
#2255=ORIENTED_EDGE('',*,*,#1622,.F.);
#2256=ORIENTED_EDGE('',*,*,#1623,.F.);
#2257=ORIENTED_EDGE('',*,*,#1624,.F.);
#2258=ORIENTED_EDGE('',*,*,#1625,.F.);
#2259=ORIENTED_EDGE('',*,*,#1626,.F.);
#2260=ORIENTED_EDGE('',*,*,#1619,.F.);
#2261=ORIENTED_EDGE('',*,*,#1627,.F.);
#2262=ORIENTED_EDGE('',*,*,#1628,.F.);
#2263=ORIENTED_EDGE('',*,*,#1629,.T.);
#2264=ORIENTED_EDGE('',*,*,#1630,.F.);
#2265=ORIENTED_EDGE('',*,*,#1631,.F.);
#2266=ORIENTED_EDGE('',*,*,#1632,.T.);
#2267=ORIENTED_EDGE('',*,*,#1633,.F.);
#2268=ORIENTED_EDGE('',*,*,#1628,.T.);
#2269=ORIENTED_EDGE('',*,*,#1634,.F.);
#2270=ORIENTED_EDGE('',*,*,#1635,.F.);
#2271=ORIENTED_EDGE('',*,*,#1636,.F.);
#2272=ORIENTED_EDGE('',*,*,#1632,.F.);
#2273=ORIENTED_EDGE('',*,*,#1616,.T.);
#2274=ORIENTED_EDGE('',*,*,#1637,.T.);
#2275=ORIENTED_EDGE('',*,*,#1638,.T.);
#2276=ORIENTED_EDGE('',*,*,#1605,.T.);
#2277=ORIENTED_EDGE('',*,*,#1601,.T.);
#2278=ORIENTED_EDGE('',*,*,#1639,.F.);
#2279=ORIENTED_EDGE('',*,*,#1640,.F.);
#2280=ORIENTED_EDGE('',*,*,#1641,.F.);
#2281=ORIENTED_EDGE('',*,*,#1620,.T.);
#2282=ORIENTED_EDGE('',*,*,#1626,.T.);
#2283=ORIENTED_EDGE('',*,*,#1642,.T.);
#2284=ORIENTED_EDGE('',*,*,#1603,.T.);
#2285=ORIENTED_EDGE('',*,*,#1643,.F.);
#2286=ORIENTED_EDGE('',*,*,#1623,.T.);
#2287=ORIENTED_EDGE('',*,*,#1644,.T.);
#2288=ORIENTED_EDGE('',*,*,#1606,.T.);
#2289=ORIENTED_EDGE('',*,*,#1642,.F.);
#2290=ORIENTED_EDGE('',*,*,#1625,.T.);
#2291=ORIENTED_EDGE('',*,*,#1645,.T.);
#2292=ORIENTED_EDGE('',*,*,#1607,.T.);
#2293=ORIENTED_EDGE('',*,*,#1645,.F.);
#2294=ORIENTED_EDGE('',*,*,#1624,.T.);
#2295=ORIENTED_EDGE('',*,*,#1643,.T.);
#2296=ORIENTED_EDGE('',*,*,#1610,.T.);
#2297=ORIENTED_EDGE('',*,*,#1614,.T.);
#2298=ORIENTED_EDGE('',*,*,#1646,.T.);
#2299=ORIENTED_EDGE('',*,*,#1633,.T.);
#2300=ORIENTED_EDGE('',*,*,#1636,.T.);
#2301=ORIENTED_EDGE('',*,*,#1647,.F.);
#2302=ORIENTED_EDGE('',*,*,#1640,.T.);
#2303=ORIENTED_EDGE('',*,*,#1648,.F.);
#2304=ORIENTED_EDGE('',*,*,#1615,.T.);
#2305=ORIENTED_EDGE('',*,*,#1612,.T.);
#2306=ORIENTED_EDGE('',*,*,#1608,.T.);
#2307=ORIENTED_EDGE('',*,*,#1649,.F.);
#2308=ORIENTED_EDGE('',*,*,#1650,.F.);
#2309=ORIENTED_EDGE('',*,*,#1651,.F.);
#2310=ORIENTED_EDGE('',*,*,#1634,.T.);
#2311=ORIENTED_EDGE('',*,*,#1631,.T.);
#2312=ORIENTED_EDGE('',*,*,#1627,.T.);
#2313=ORIENTED_EDGE('',*,*,#1652,.F.);
#2314=ORIENTED_EDGE('',*,*,#1653,.T.);
#2315=ORIENTED_EDGE('',*,*,#1637,.F.);
#2316=ORIENTED_EDGE('',*,*,#1630,.T.);
#2317=ORIENTED_EDGE('',*,*,#1654,.T.);
#2318=ORIENTED_EDGE('',*,*,#1652,.T.);
#2319=ORIENTED_EDGE('',*,*,#1621,.T.);
#2320=ORIENTED_EDGE('',*,*,#1641,.T.);
#2321=ORIENTED_EDGE('',*,*,#1647,.T.);
#2322=ORIENTED_EDGE('',*,*,#1635,.T.);
#2323=ORIENTED_EDGE('',*,*,#1651,.T.);
#2324=ORIENTED_EDGE('',*,*,#1655,.T.);
#2325=ORIENTED_EDGE('',*,*,#1617,.F.);
#2326=ORIENTED_EDGE('',*,*,#1638,.F.);
#2327=ORIENTED_EDGE('',*,*,#1653,.F.);
#2328=ORIENTED_EDGE('',*,*,#1654,.F.);
#2329=ORIENTED_EDGE('',*,*,#1629,.F.);
#2330=ORIENTED_EDGE('',*,*,#1646,.F.);
#2331=ORIENTED_EDGE('',*,*,#1604,.T.);
#2332=ORIENTED_EDGE('',*,*,#1644,.F.);
#2333=ORIENTED_EDGE('',*,*,#1622,.T.);
#2334=ORIENTED_EDGE('',*,*,#1618,.T.);
#2335=ORIENTED_EDGE('',*,*,#1655,.F.);
#2336=ORIENTED_EDGE('',*,*,#1650,.T.);
#2337=ORIENTED_EDGE('',*,*,#1656,.F.);
#2338=ORIENTED_EDGE('',*,*,#1599,.T.);
#2339=ORIENTED_EDGE('',*,*,#1600,.T.);
#2340=ORIENTED_EDGE('',*,*,#1656,.T.);
#2341=ORIENTED_EDGE('',*,*,#1649,.T.);
#2342=ORIENTED_EDGE('',*,*,#1611,.T.);
#2343=ORIENTED_EDGE('',*,*,#1648,.T.);
#2344=ORIENTED_EDGE('',*,*,#1639,.T.);
#2345=ORIENTED_EDGE('',*,*,#1657,.F.);
#2346=ORIENTED_EDGE('',*,*,#1658,.F.);
#2347=ORIENTED_EDGE('',*,*,#1659,.F.);
#2348=ORIENTED_EDGE('',*,*,#1660,.T.);
#2349=ORIENTED_EDGE('',*,*,#1661,.F.);
#2350=ORIENTED_EDGE('',*,*,#1662,.F.);
#2351=ORIENTED_EDGE('',*,*,#1660,.F.);
#2352=ORIENTED_EDGE('',*,*,#1663,.F.);
#2353=ORIENTED_EDGE('',*,*,#1664,.F.);
#2354=ORIENTED_EDGE('',*,*,#1665,.F.);
#2355=ORIENTED_EDGE('',*,*,#1666,.F.);
#2356=ORIENTED_EDGE('',*,*,#1667,.F.);
#2357=ORIENTED_EDGE('',*,*,#1668,.F.);
#2358=ORIENTED_EDGE('',*,*,#1669,.F.);
#2359=ORIENTED_EDGE('',*,*,#1670,.F.);
#2360=ORIENTED_EDGE('',*,*,#1671,.T.);
#2361=ORIENTED_EDGE('',*,*,#1672,.F.);
#2362=ORIENTED_EDGE('',*,*,#1667,.T.);
#2363=ORIENTED_EDGE('',*,*,#1673,.F.);
#2364=ORIENTED_EDGE('',*,*,#1674,.F.);
#2365=ORIENTED_EDGE('',*,*,#1675,.T.);
#2366=ORIENTED_EDGE('',*,*,#1671,.F.);
#2367=ORIENTED_EDGE('',*,*,#1676,.F.);
#2368=ORIENTED_EDGE('',*,*,#1677,.T.);
#2369=ORIENTED_EDGE('',*,*,#1678,.F.);
#2370=ORIENTED_EDGE('',*,*,#1679,.F.);
#2371=ORIENTED_EDGE('',*,*,#1680,.F.);
#2372=ORIENTED_EDGE('',*,*,#1681,.F.);
#2373=ORIENTED_EDGE('',*,*,#1682,.F.);
#2374=ORIENTED_EDGE('',*,*,#1683,.F.);
#2375=ORIENTED_EDGE('',*,*,#1684,.F.);
#2376=ORIENTED_EDGE('',*,*,#1677,.F.);
#2377=ORIENTED_EDGE('',*,*,#1685,.F.);
#2378=ORIENTED_EDGE('',*,*,#1686,.F.);
#2379=ORIENTED_EDGE('',*,*,#1687,.T.);
#2380=ORIENTED_EDGE('',*,*,#1688,.F.);
#2381=ORIENTED_EDGE('',*,*,#1689,.F.);
#2382=ORIENTED_EDGE('',*,*,#1690,.T.);
#2383=ORIENTED_EDGE('',*,*,#1691,.F.);
#2384=ORIENTED_EDGE('',*,*,#1686,.T.);
#2385=ORIENTED_EDGE('',*,*,#1692,.F.);
#2386=ORIENTED_EDGE('',*,*,#1693,.F.);
#2387=ORIENTED_EDGE('',*,*,#1694,.F.);
#2388=ORIENTED_EDGE('',*,*,#1690,.F.);
#2389=ORIENTED_EDGE('',*,*,#1674,.T.);
#2390=ORIENTED_EDGE('',*,*,#1695,.T.);
#2391=ORIENTED_EDGE('',*,*,#1696,.T.);
#2392=ORIENTED_EDGE('',*,*,#1663,.T.);
#2393=ORIENTED_EDGE('',*,*,#1659,.T.);
#2394=ORIENTED_EDGE('',*,*,#1697,.F.);
#2395=ORIENTED_EDGE('',*,*,#1698,.F.);
#2396=ORIENTED_EDGE('',*,*,#1699,.F.);
#2397=ORIENTED_EDGE('',*,*,#1678,.T.);
#2398=ORIENTED_EDGE('',*,*,#1684,.T.);
#2399=ORIENTED_EDGE('',*,*,#1700,.T.);
#2400=ORIENTED_EDGE('',*,*,#1661,.T.);
#2401=ORIENTED_EDGE('',*,*,#1701,.F.);
#2402=ORIENTED_EDGE('',*,*,#1681,.T.);
#2403=ORIENTED_EDGE('',*,*,#1702,.T.);
#2404=ORIENTED_EDGE('',*,*,#1664,.T.);
#2405=ORIENTED_EDGE('',*,*,#1700,.F.);
#2406=ORIENTED_EDGE('',*,*,#1683,.T.);
#2407=ORIENTED_EDGE('',*,*,#1703,.T.);
#2408=ORIENTED_EDGE('',*,*,#1665,.T.);
#2409=ORIENTED_EDGE('',*,*,#1703,.F.);
#2410=ORIENTED_EDGE('',*,*,#1682,.T.);
#2411=ORIENTED_EDGE('',*,*,#1701,.T.);
#2412=ORIENTED_EDGE('',*,*,#1668,.T.);
#2413=ORIENTED_EDGE('',*,*,#1672,.T.);
#2414=ORIENTED_EDGE('',*,*,#1704,.T.);
#2415=ORIENTED_EDGE('',*,*,#1691,.T.);
#2416=ORIENTED_EDGE('',*,*,#1694,.T.);
#2417=ORIENTED_EDGE('',*,*,#1705,.F.);
#2418=ORIENTED_EDGE('',*,*,#1698,.T.);
#2419=ORIENTED_EDGE('',*,*,#1706,.F.);
#2420=ORIENTED_EDGE('',*,*,#1673,.T.);
#2421=ORIENTED_EDGE('',*,*,#1670,.T.);
#2422=ORIENTED_EDGE('',*,*,#1666,.T.);
#2423=ORIENTED_EDGE('',*,*,#1707,.F.);
#2424=ORIENTED_EDGE('',*,*,#1708,.F.);
#2425=ORIENTED_EDGE('',*,*,#1709,.F.);
#2426=ORIENTED_EDGE('',*,*,#1692,.T.);
#2427=ORIENTED_EDGE('',*,*,#1689,.T.);
#2428=ORIENTED_EDGE('',*,*,#1685,.T.);
#2429=ORIENTED_EDGE('',*,*,#1710,.F.);
#2430=ORIENTED_EDGE('',*,*,#1711,.T.);
#2431=ORIENTED_EDGE('',*,*,#1695,.F.);
#2432=ORIENTED_EDGE('',*,*,#1688,.T.);
#2433=ORIENTED_EDGE('',*,*,#1712,.T.);
#2434=ORIENTED_EDGE('',*,*,#1710,.T.);
#2435=ORIENTED_EDGE('',*,*,#1679,.T.);
#2436=ORIENTED_EDGE('',*,*,#1699,.T.);
#2437=ORIENTED_EDGE('',*,*,#1705,.T.);
#2438=ORIENTED_EDGE('',*,*,#1693,.T.);
#2439=ORIENTED_EDGE('',*,*,#1709,.T.);
#2440=ORIENTED_EDGE('',*,*,#1713,.T.);
#2441=ORIENTED_EDGE('',*,*,#1675,.F.);
#2442=ORIENTED_EDGE('',*,*,#1696,.F.);
#2443=ORIENTED_EDGE('',*,*,#1711,.F.);
#2444=ORIENTED_EDGE('',*,*,#1712,.F.);
#2445=ORIENTED_EDGE('',*,*,#1687,.F.);
#2446=ORIENTED_EDGE('',*,*,#1704,.F.);
#2447=ORIENTED_EDGE('',*,*,#1662,.T.);
#2448=ORIENTED_EDGE('',*,*,#1702,.F.);
#2449=ORIENTED_EDGE('',*,*,#1680,.T.);
#2450=ORIENTED_EDGE('',*,*,#1676,.T.);
#2451=ORIENTED_EDGE('',*,*,#1713,.F.);
#2452=ORIENTED_EDGE('',*,*,#1708,.T.);
#2453=ORIENTED_EDGE('',*,*,#1714,.F.);
#2454=ORIENTED_EDGE('',*,*,#1657,.T.);
#2455=ORIENTED_EDGE('',*,*,#1658,.T.);
#2456=ORIENTED_EDGE('',*,*,#1714,.T.);
#2457=ORIENTED_EDGE('',*,*,#1707,.T.);
#2458=ORIENTED_EDGE('',*,*,#1669,.T.);
#2459=ORIENTED_EDGE('',*,*,#1706,.T.);
#2460=ORIENTED_EDGE('',*,*,#1697,.T.);
#2461=ORIENTED_EDGE('',*,*,#1715,.F.);
#2462=ORIENTED_EDGE('',*,*,#1716,.F.);
#2463=ORIENTED_EDGE('',*,*,#1717,.F.);
#2464=ORIENTED_EDGE('',*,*,#1718,.T.);
#2465=ORIENTED_EDGE('',*,*,#1719,.F.);
#2466=ORIENTED_EDGE('',*,*,#1720,.F.);
#2467=ORIENTED_EDGE('',*,*,#1718,.F.);
#2468=ORIENTED_EDGE('',*,*,#1721,.F.);
#2469=ORIENTED_EDGE('',*,*,#1722,.F.);
#2470=ORIENTED_EDGE('',*,*,#1723,.F.);
#2471=ORIENTED_EDGE('',*,*,#1724,.F.);
#2472=ORIENTED_EDGE('',*,*,#1725,.F.);
#2473=ORIENTED_EDGE('',*,*,#1726,.F.);
#2474=ORIENTED_EDGE('',*,*,#1727,.F.);
#2475=ORIENTED_EDGE('',*,*,#1728,.F.);
#2476=ORIENTED_EDGE('',*,*,#1729,.T.);
#2477=ORIENTED_EDGE('',*,*,#1730,.F.);
#2478=ORIENTED_EDGE('',*,*,#1725,.T.);
#2479=ORIENTED_EDGE('',*,*,#1731,.F.);
#2480=ORIENTED_EDGE('',*,*,#1732,.F.);
#2481=ORIENTED_EDGE('',*,*,#1733,.T.);
#2482=ORIENTED_EDGE('',*,*,#1729,.F.);
#2483=ORIENTED_EDGE('',*,*,#1734,.F.);
#2484=ORIENTED_EDGE('',*,*,#1735,.T.);
#2485=ORIENTED_EDGE('',*,*,#1736,.F.);
#2486=ORIENTED_EDGE('',*,*,#1737,.F.);
#2487=ORIENTED_EDGE('',*,*,#1738,.F.);
#2488=ORIENTED_EDGE('',*,*,#1739,.F.);
#2489=ORIENTED_EDGE('',*,*,#1740,.F.);
#2490=ORIENTED_EDGE('',*,*,#1741,.F.);
#2491=ORIENTED_EDGE('',*,*,#1742,.F.);
#2492=ORIENTED_EDGE('',*,*,#1735,.F.);
#2493=ORIENTED_EDGE('',*,*,#1743,.F.);
#2494=ORIENTED_EDGE('',*,*,#1744,.F.);
#2495=ORIENTED_EDGE('',*,*,#1745,.T.);
#2496=ORIENTED_EDGE('',*,*,#1746,.F.);
#2497=ORIENTED_EDGE('',*,*,#1747,.F.);
#2498=ORIENTED_EDGE('',*,*,#1748,.T.);
#2499=ORIENTED_EDGE('',*,*,#1749,.F.);
#2500=ORIENTED_EDGE('',*,*,#1744,.T.);
#2501=ORIENTED_EDGE('',*,*,#1750,.F.);
#2502=ORIENTED_EDGE('',*,*,#1751,.F.);
#2503=ORIENTED_EDGE('',*,*,#1752,.F.);
#2504=ORIENTED_EDGE('',*,*,#1748,.F.);
#2505=ORIENTED_EDGE('',*,*,#1732,.T.);
#2506=ORIENTED_EDGE('',*,*,#1753,.T.);
#2507=ORIENTED_EDGE('',*,*,#1754,.T.);
#2508=ORIENTED_EDGE('',*,*,#1721,.T.);
#2509=ORIENTED_EDGE('',*,*,#1717,.T.);
#2510=ORIENTED_EDGE('',*,*,#1755,.F.);
#2511=ORIENTED_EDGE('',*,*,#1756,.F.);
#2512=ORIENTED_EDGE('',*,*,#1757,.F.);
#2513=ORIENTED_EDGE('',*,*,#1736,.T.);
#2514=ORIENTED_EDGE('',*,*,#1742,.T.);
#2515=ORIENTED_EDGE('',*,*,#1758,.T.);
#2516=ORIENTED_EDGE('',*,*,#1719,.T.);
#2517=ORIENTED_EDGE('',*,*,#1759,.F.);
#2518=ORIENTED_EDGE('',*,*,#1739,.T.);
#2519=ORIENTED_EDGE('',*,*,#1760,.T.);
#2520=ORIENTED_EDGE('',*,*,#1722,.T.);
#2521=ORIENTED_EDGE('',*,*,#1758,.F.);
#2522=ORIENTED_EDGE('',*,*,#1741,.T.);
#2523=ORIENTED_EDGE('',*,*,#1761,.T.);
#2524=ORIENTED_EDGE('',*,*,#1723,.T.);
#2525=ORIENTED_EDGE('',*,*,#1761,.F.);
#2526=ORIENTED_EDGE('',*,*,#1740,.T.);
#2527=ORIENTED_EDGE('',*,*,#1759,.T.);
#2528=ORIENTED_EDGE('',*,*,#1726,.T.);
#2529=ORIENTED_EDGE('',*,*,#1730,.T.);
#2530=ORIENTED_EDGE('',*,*,#1762,.T.);
#2531=ORIENTED_EDGE('',*,*,#1749,.T.);
#2532=ORIENTED_EDGE('',*,*,#1752,.T.);
#2533=ORIENTED_EDGE('',*,*,#1763,.F.);
#2534=ORIENTED_EDGE('',*,*,#1756,.T.);
#2535=ORIENTED_EDGE('',*,*,#1764,.F.);
#2536=ORIENTED_EDGE('',*,*,#1731,.T.);
#2537=ORIENTED_EDGE('',*,*,#1728,.T.);
#2538=ORIENTED_EDGE('',*,*,#1724,.T.);
#2539=ORIENTED_EDGE('',*,*,#1765,.F.);
#2540=ORIENTED_EDGE('',*,*,#1766,.F.);
#2541=ORIENTED_EDGE('',*,*,#1767,.F.);
#2542=ORIENTED_EDGE('',*,*,#1750,.T.);
#2543=ORIENTED_EDGE('',*,*,#1747,.T.);
#2544=ORIENTED_EDGE('',*,*,#1743,.T.);
#2545=ORIENTED_EDGE('',*,*,#1768,.F.);
#2546=ORIENTED_EDGE('',*,*,#1769,.T.);
#2547=ORIENTED_EDGE('',*,*,#1753,.F.);
#2548=ORIENTED_EDGE('',*,*,#1746,.T.);
#2549=ORIENTED_EDGE('',*,*,#1770,.T.);
#2550=ORIENTED_EDGE('',*,*,#1768,.T.);
#2551=ORIENTED_EDGE('',*,*,#1737,.T.);
#2552=ORIENTED_EDGE('',*,*,#1757,.T.);
#2553=ORIENTED_EDGE('',*,*,#1763,.T.);
#2554=ORIENTED_EDGE('',*,*,#1751,.T.);
#2555=ORIENTED_EDGE('',*,*,#1767,.T.);
#2556=ORIENTED_EDGE('',*,*,#1771,.T.);
#2557=ORIENTED_EDGE('',*,*,#1733,.F.);
#2558=ORIENTED_EDGE('',*,*,#1754,.F.);
#2559=ORIENTED_EDGE('',*,*,#1769,.F.);
#2560=ORIENTED_EDGE('',*,*,#1770,.F.);
#2561=ORIENTED_EDGE('',*,*,#1745,.F.);
#2562=ORIENTED_EDGE('',*,*,#1762,.F.);
#2563=ORIENTED_EDGE('',*,*,#1720,.T.);
#2564=ORIENTED_EDGE('',*,*,#1760,.F.);
#2565=ORIENTED_EDGE('',*,*,#1738,.T.);
#2566=ORIENTED_EDGE('',*,*,#1734,.T.);
#2567=ORIENTED_EDGE('',*,*,#1771,.F.);
#2568=ORIENTED_EDGE('',*,*,#1766,.T.);
#2569=ORIENTED_EDGE('',*,*,#1772,.F.);
#2570=ORIENTED_EDGE('',*,*,#1715,.T.);
#2571=ORIENTED_EDGE('',*,*,#1716,.T.);
#2572=ORIENTED_EDGE('',*,*,#1772,.T.);
#2573=ORIENTED_EDGE('',*,*,#1765,.T.);
#2574=ORIENTED_EDGE('',*,*,#1727,.T.);
#2575=ORIENTED_EDGE('',*,*,#1764,.T.);
#2576=ORIENTED_EDGE('',*,*,#1755,.T.);
#2577=ORIENTED_EDGE('',*,*,#1773,.F.);
#2578=ORIENTED_EDGE('',*,*,#1774,.F.);
#2579=ORIENTED_EDGE('',*,*,#1775,.F.);
#2580=ORIENTED_EDGE('',*,*,#1776,.T.);
#2581=ORIENTED_EDGE('',*,*,#1777,.F.);
#2582=ORIENTED_EDGE('',*,*,#1778,.F.);
#2583=ORIENTED_EDGE('',*,*,#1776,.F.);
#2584=ORIENTED_EDGE('',*,*,#1779,.F.);
#2585=ORIENTED_EDGE('',*,*,#1780,.F.);
#2586=ORIENTED_EDGE('',*,*,#1781,.F.);
#2587=ORIENTED_EDGE('',*,*,#1782,.F.);
#2588=ORIENTED_EDGE('',*,*,#1783,.F.);
#2589=ORIENTED_EDGE('',*,*,#1784,.F.);
#2590=ORIENTED_EDGE('',*,*,#1785,.F.);
#2591=ORIENTED_EDGE('',*,*,#1786,.F.);
#2592=ORIENTED_EDGE('',*,*,#1787,.T.);
#2593=ORIENTED_EDGE('',*,*,#1788,.F.);
#2594=ORIENTED_EDGE('',*,*,#1783,.T.);
#2595=ORIENTED_EDGE('',*,*,#1789,.F.);
#2596=ORIENTED_EDGE('',*,*,#1790,.F.);
#2597=ORIENTED_EDGE('',*,*,#1791,.T.);
#2598=ORIENTED_EDGE('',*,*,#1787,.F.);
#2599=ORIENTED_EDGE('',*,*,#1792,.F.);
#2600=ORIENTED_EDGE('',*,*,#1793,.T.);
#2601=ORIENTED_EDGE('',*,*,#1794,.F.);
#2602=ORIENTED_EDGE('',*,*,#1795,.F.);
#2603=ORIENTED_EDGE('',*,*,#1796,.F.);
#2604=ORIENTED_EDGE('',*,*,#1797,.F.);
#2605=ORIENTED_EDGE('',*,*,#1798,.F.);
#2606=ORIENTED_EDGE('',*,*,#1799,.F.);
#2607=ORIENTED_EDGE('',*,*,#1800,.F.);
#2608=ORIENTED_EDGE('',*,*,#1793,.F.);
#2609=ORIENTED_EDGE('',*,*,#1801,.F.);
#2610=ORIENTED_EDGE('',*,*,#1802,.F.);
#2611=ORIENTED_EDGE('',*,*,#1803,.T.);
#2612=ORIENTED_EDGE('',*,*,#1804,.F.);
#2613=ORIENTED_EDGE('',*,*,#1805,.F.);
#2614=ORIENTED_EDGE('',*,*,#1806,.T.);
#2615=ORIENTED_EDGE('',*,*,#1807,.F.);
#2616=ORIENTED_EDGE('',*,*,#1802,.T.);
#2617=ORIENTED_EDGE('',*,*,#1808,.F.);
#2618=ORIENTED_EDGE('',*,*,#1809,.F.);
#2619=ORIENTED_EDGE('',*,*,#1810,.F.);
#2620=ORIENTED_EDGE('',*,*,#1806,.F.);
#2621=ORIENTED_EDGE('',*,*,#1790,.T.);
#2622=ORIENTED_EDGE('',*,*,#1811,.T.);
#2623=ORIENTED_EDGE('',*,*,#1812,.T.);
#2624=ORIENTED_EDGE('',*,*,#1779,.T.);
#2625=ORIENTED_EDGE('',*,*,#1775,.T.);
#2626=ORIENTED_EDGE('',*,*,#1813,.F.);
#2627=ORIENTED_EDGE('',*,*,#1814,.F.);
#2628=ORIENTED_EDGE('',*,*,#1815,.F.);
#2629=ORIENTED_EDGE('',*,*,#1794,.T.);
#2630=ORIENTED_EDGE('',*,*,#1800,.T.);
#2631=ORIENTED_EDGE('',*,*,#1816,.T.);
#2632=ORIENTED_EDGE('',*,*,#1777,.T.);
#2633=ORIENTED_EDGE('',*,*,#1817,.F.);
#2634=ORIENTED_EDGE('',*,*,#1797,.T.);
#2635=ORIENTED_EDGE('',*,*,#1818,.T.);
#2636=ORIENTED_EDGE('',*,*,#1780,.T.);
#2637=ORIENTED_EDGE('',*,*,#1816,.F.);
#2638=ORIENTED_EDGE('',*,*,#1799,.T.);
#2639=ORIENTED_EDGE('',*,*,#1819,.T.);
#2640=ORIENTED_EDGE('',*,*,#1781,.T.);
#2641=ORIENTED_EDGE('',*,*,#1819,.F.);
#2642=ORIENTED_EDGE('',*,*,#1798,.T.);
#2643=ORIENTED_EDGE('',*,*,#1817,.T.);
#2644=ORIENTED_EDGE('',*,*,#1784,.T.);
#2645=ORIENTED_EDGE('',*,*,#1788,.T.);
#2646=ORIENTED_EDGE('',*,*,#1820,.T.);
#2647=ORIENTED_EDGE('',*,*,#1807,.T.);
#2648=ORIENTED_EDGE('',*,*,#1810,.T.);
#2649=ORIENTED_EDGE('',*,*,#1821,.F.);
#2650=ORIENTED_EDGE('',*,*,#1814,.T.);
#2651=ORIENTED_EDGE('',*,*,#1822,.F.);
#2652=ORIENTED_EDGE('',*,*,#1789,.T.);
#2653=ORIENTED_EDGE('',*,*,#1786,.T.);
#2654=ORIENTED_EDGE('',*,*,#1782,.T.);
#2655=ORIENTED_EDGE('',*,*,#1823,.F.);
#2656=ORIENTED_EDGE('',*,*,#1824,.F.);
#2657=ORIENTED_EDGE('',*,*,#1825,.F.);
#2658=ORIENTED_EDGE('',*,*,#1808,.T.);
#2659=ORIENTED_EDGE('',*,*,#1805,.T.);
#2660=ORIENTED_EDGE('',*,*,#1801,.T.);
#2661=ORIENTED_EDGE('',*,*,#1826,.F.);
#2662=ORIENTED_EDGE('',*,*,#1827,.T.);
#2663=ORIENTED_EDGE('',*,*,#1811,.F.);
#2664=ORIENTED_EDGE('',*,*,#1804,.T.);
#2665=ORIENTED_EDGE('',*,*,#1828,.T.);
#2666=ORIENTED_EDGE('',*,*,#1826,.T.);
#2667=ORIENTED_EDGE('',*,*,#1795,.T.);
#2668=ORIENTED_EDGE('',*,*,#1815,.T.);
#2669=ORIENTED_EDGE('',*,*,#1821,.T.);
#2670=ORIENTED_EDGE('',*,*,#1809,.T.);
#2671=ORIENTED_EDGE('',*,*,#1825,.T.);
#2672=ORIENTED_EDGE('',*,*,#1829,.T.);
#2673=ORIENTED_EDGE('',*,*,#1791,.F.);
#2674=ORIENTED_EDGE('',*,*,#1812,.F.);
#2675=ORIENTED_EDGE('',*,*,#1827,.F.);
#2676=ORIENTED_EDGE('',*,*,#1828,.F.);
#2677=ORIENTED_EDGE('',*,*,#1803,.F.);
#2678=ORIENTED_EDGE('',*,*,#1820,.F.);
#2679=ORIENTED_EDGE('',*,*,#1778,.T.);
#2680=ORIENTED_EDGE('',*,*,#1818,.F.);
#2681=ORIENTED_EDGE('',*,*,#1796,.T.);
#2682=ORIENTED_EDGE('',*,*,#1792,.T.);
#2683=ORIENTED_EDGE('',*,*,#1829,.F.);
#2684=ORIENTED_EDGE('',*,*,#1824,.T.);
#2685=ORIENTED_EDGE('',*,*,#1830,.F.);
#2686=ORIENTED_EDGE('',*,*,#1773,.T.);
#2687=ORIENTED_EDGE('',*,*,#1774,.T.);
#2688=ORIENTED_EDGE('',*,*,#1830,.T.);
#2689=ORIENTED_EDGE('',*,*,#1823,.T.);
#2690=ORIENTED_EDGE('',*,*,#1785,.T.);
#2691=ORIENTED_EDGE('',*,*,#1822,.T.);
#2692=ORIENTED_EDGE('',*,*,#1813,.T.);
#2693=PLANE('',#3161);
#2694=PLANE('',#3162);
#2695=PLANE('',#3163);
#2696=PLANE('',#3164);
#2697=PLANE('',#3165);
#2698=PLANE('',#3166);
#2699=PLANE('',#3167);
#2700=PLANE('',#3168);
#2701=PLANE('',#3169);
#2702=PLANE('',#3170);
#2703=PLANE('',#3174);
#2704=PLANE('',#3178);
#2705=PLANE('',#3204);
#2706=PLANE('',#3209);
#2707=PLANE('',#3212);
#2708=PLANE('',#3215);
#2709=PLANE('',#3220);
#2710=PLANE('',#3223);
#2711=PLANE('',#3226);
#2712=PLANE('',#3231);
#2713=PLANE('',#3234);
#2714=PLANE('',#3237);
#2715=PLANE('',#3240);
#2716=PLANE('',#3245);
#2717=PLANE('',#3248);
#2718=PLANE('',#3251);
#2719=PLANE('',#3254);
#2720=PLANE('',#3257);
#2721=PLANE('',#3260);
#2722=PLANE('',#3263);
#2723=PLANE('',#3266);
#2724=PLANE('',#3271);
#2725=PLANE('',#3274);
#2726=PLANE('',#3275);
#2727=PLANE('',#3276);
#2728=PLANE('',#3277);
#2729=PLANE('',#3278);
#2730=PLANE('',#3279);
#2731=PLANE('',#3280);
#2732=PLANE('',#3281);
#2733=PLANE('',#3282);
#2734=PLANE('',#3283);
#2735=PLANE('',#3284);
#2736=PLANE('',#3285);
#2737=PLANE('',#3286);
#2738=PLANE('',#3287);
#2739=PLANE('',#3290);
#2740=PLANE('',#3291);
#2741=PLANE('',#3294);
#2742=PLANE('',#3295);
#2743=PLANE('',#3296);
#2744=PLANE('',#3299);
#2745=PLANE('',#3300);
#2746=PLANE('',#3303);
#2747=PLANE('',#3304);
#2748=PLANE('',#3309);
#2749=PLANE('',#3310);
#2750=PLANE('',#3311);
#2751=PLANE('',#3319);
#2752=PLANE('',#3320);
#2753=PLANE('',#3322);
#2754=PLANE('',#3325);
#2755=PLANE('',#3326);
#2756=PLANE('',#3327);
#2757=PLANE('',#3330);
#2758=PLANE('',#3331);
#2759=PLANE('',#3334);
#2760=PLANE('',#3335);
#2761=PLANE('',#3336);
#2762=PLANE('',#3339);
#2763=PLANE('',#3340);
#2764=PLANE('',#3343);
#2765=PLANE('',#3344);
#2766=PLANE('',#3349);
#2767=PLANE('',#3350);
#2768=PLANE('',#3351);
#2769=PLANE('',#3359);
#2770=PLANE('',#3360);
#2771=PLANE('',#3362);
#2772=PLANE('',#3365);
#2773=PLANE('',#3366);
#2774=PLANE('',#3367);
#2775=PLANE('',#3370);
#2776=PLANE('',#3371);
#2777=PLANE('',#3374);
#2778=PLANE('',#3375);
#2779=PLANE('',#3376);
#2780=PLANE('',#3379);
#2781=PLANE('',#3380);
#2782=PLANE('',#3383);
#2783=PLANE('',#3384);
#2784=PLANE('',#3389);
#2785=PLANE('',#3390);
#2786=PLANE('',#3391);
#2787=PLANE('',#3399);
#2788=PLANE('',#3400);
#2789=PLANE('',#3402);
#2790=PLANE('',#3405);
#2791=PLANE('',#3406);
#2792=PLANE('',#3407);
#2793=PLANE('',#3410);
#2794=PLANE('',#3411);
#2795=PLANE('',#3414);
#2796=PLANE('',#3415);
#2797=PLANE('',#3416);
#2798=PLANE('',#3419);
#2799=PLANE('',#3420);
#2800=PLANE('',#3423);
#2801=PLANE('',#3424);
#2802=PLANE('',#3429);
#2803=PLANE('',#3430);
#2804=PLANE('',#3431);
#2805=PLANE('',#3439);
#2806=PLANE('',#3440);
#2807=PLANE('',#3442);
#2808=PLANE('',#3445);
#2809=STYLED_ITEM('',(#5218),#2974);
#2810=STYLED_ITEM('',(#5218),#2975);
#2811=STYLED_ITEM('',(#5218),#2976);
#2812=STYLED_ITEM('',(#5218),#2977);
#2813=STYLED_ITEM('',(#5218),#2978);
#2814=STYLED_ITEM('',(#5218),#2979);
#2815=STYLED_ITEM('',(#5218),#2980);
#2816=STYLED_ITEM('',(#5218),#2981);
#2817=STYLED_ITEM('',(#5218),#2982);
#2818=STYLED_ITEM('',(#5218),#2983);
#2819=STYLED_ITEM('',(#5217),#182);
#2820=STYLED_ITEM('',(#5219),#2984);
#2821=STYLED_ITEM('',(#5219),#2985);
#2822=STYLED_ITEM('',(#5219),#2986);
#2823=STYLED_ITEM('',(#5219),#2987);
#2824=STYLED_ITEM('',(#5219),#2988);
#2825=STYLED_ITEM('',(#5219),#2989);
#2826=STYLED_ITEM('',(#5219),#2990);
#2827=STYLED_ITEM('',(#5219),#2991);
#2828=STYLED_ITEM('',(#5219),#2992);
#2829=STYLED_ITEM('',(#5219),#2993);
#2830=STYLED_ITEM('',(#5219),#2994);
#2831=STYLED_ITEM('',(#5219),#2995);
#2832=STYLED_ITEM('',(#5219),#2996);
#2833=STYLED_ITEM('',(#5219),#2997);
#2834=STYLED_ITEM('',(#5219),#2998);
#2835=STYLED_ITEM('',(#5219),#2999);
#2836=STYLED_ITEM('',(#5219),#3000);
#2837=STYLED_ITEM('',(#5219),#3001);
#2838=STYLED_ITEM('',(#5219),#3002);
#2839=STYLED_ITEM('',(#5219),#3003);
#2840=STYLED_ITEM('',(#5219),#3004);
#2841=STYLED_ITEM('',(#5219),#3005);
#2842=STYLED_ITEM('',(#5219),#3006);
#2843=STYLED_ITEM('',(#5219),#3007);
#2844=STYLED_ITEM('',(#5219),#3008);
#2845=STYLED_ITEM('',(#5219),#3009);
#2846=STYLED_ITEM('',(#5219),#3010);
#2847=STYLED_ITEM('',(#5219),#3011);
#2848=STYLED_ITEM('',(#5219),#3012);
#2849=STYLED_ITEM('',(#5219),#3013);
#2850=STYLED_ITEM('',(#5219),#3014);
#2851=STYLED_ITEM('',(#5219),#3015);
#2852=STYLED_ITEM('',(#5219),#3016);
#2853=STYLED_ITEM('',(#5219),#3017);
#2854=STYLED_ITEM('',(#5219),#3018);
#2855=STYLED_ITEM('',(#5219),#3019);
#2856=STYLED_ITEM('',(#5219),#3020);
#2857=STYLED_ITEM('',(#5219),#3021);
#2858=STYLED_ITEM('',(#5219),#3022);
#2859=STYLED_ITEM('',(#5219),#3023);
#2860=STYLED_ITEM('',(#5219),#3024);
#2861=STYLED_ITEM('',(#5219),#3025);
#2862=STYLED_ITEM('',(#5219),#3026);
#2863=STYLED_ITEM('',(#5219),#3027);
#2864=STYLED_ITEM('',(#5219),#3028);
#2865=STYLED_ITEM('',(#5219),#3029);
#2866=STYLED_ITEM('',(#5219),#3030);
#2867=STYLED_ITEM('',(#5219),#3031);
#2868=STYLED_ITEM('',(#5219),#3032);
#2869=STYLED_ITEM('',(#5219),#3033);
#2870=STYLED_ITEM('',(#5219),#3034);
#2871=STYLED_ITEM('',(#5219),#3035);
#2872=STYLED_ITEM('',(#5219),#3036);
#2873=STYLED_ITEM('',(#5219),#3037);
#2874=STYLED_ITEM('',(#5219),#3038);
#2875=STYLED_ITEM('',(#5219),#3039);
#2876=STYLED_ITEM('',(#5219),#3040);
#2877=STYLED_ITEM('',(#5219),#3041);
#2878=STYLED_ITEM('',(#5219),#3042);
#2879=STYLED_ITEM('',(#5219),#3043);
#2880=STYLED_ITEM('',(#5219),#3044);
#2881=STYLED_ITEM('',(#5217),#183);
#2882=STYLED_ITEM('',(#5219),#3045);
#2883=STYLED_ITEM('',(#5219),#3046);
#2884=STYLED_ITEM('',(#5219),#3047);
#2885=STYLED_ITEM('',(#5219),#3048);
#2886=STYLED_ITEM('',(#5219),#3049);
#2887=STYLED_ITEM('',(#5219),#3050);
#2888=STYLED_ITEM('',(#5219),#3051);
#2889=STYLED_ITEM('',(#5219),#3052);
#2890=STYLED_ITEM('',(#5219),#3053);
#2891=STYLED_ITEM('',(#5219),#3054);
#2892=STYLED_ITEM('',(#5219),#3055);
#2893=STYLED_ITEM('',(#5219),#3056);
#2894=STYLED_ITEM('',(#5219),#3057);
#2895=STYLED_ITEM('',(#5219),#3058);
#2896=STYLED_ITEM('',(#5219),#3059);
#2897=STYLED_ITEM('',(#5219),#3060);
#2898=STYLED_ITEM('',(#5219),#3061);
#2899=STYLED_ITEM('',(#5219),#3062);
#2900=STYLED_ITEM('',(#5219),#3063);
#2901=STYLED_ITEM('',(#5219),#3064);
#2902=STYLED_ITEM('',(#5219),#3065);
#2903=STYLED_ITEM('',(#5219),#3066);
#2904=STYLED_ITEM('',(#5217),#184);
#2905=STYLED_ITEM('',(#5219),#3067);
#2906=STYLED_ITEM('',(#5219),#3068);
#2907=STYLED_ITEM('',(#5219),#3069);
#2908=STYLED_ITEM('',(#5219),#3070);
#2909=STYLED_ITEM('',(#5219),#3071);
#2910=STYLED_ITEM('',(#5219),#3072);
#2911=STYLED_ITEM('',(#5219),#3073);
#2912=STYLED_ITEM('',(#5219),#3074);
#2913=STYLED_ITEM('',(#5219),#3075);
#2914=STYLED_ITEM('',(#5219),#3076);
#2915=STYLED_ITEM('',(#5219),#3077);
#2916=STYLED_ITEM('',(#5219),#3078);
#2917=STYLED_ITEM('',(#5219),#3079);
#2918=STYLED_ITEM('',(#5219),#3080);
#2919=STYLED_ITEM('',(#5219),#3081);
#2920=STYLED_ITEM('',(#5219),#3082);
#2921=STYLED_ITEM('',(#5219),#3083);
#2922=STYLED_ITEM('',(#5219),#3084);
#2923=STYLED_ITEM('',(#5219),#3085);
#2924=STYLED_ITEM('',(#5219),#3086);
#2925=STYLED_ITEM('',(#5219),#3087);
#2926=STYLED_ITEM('',(#5219),#3088);
#2927=STYLED_ITEM('',(#5217),#185);
#2928=STYLED_ITEM('',(#5219),#3089);
#2929=STYLED_ITEM('',(#5219),#3090);
#2930=STYLED_ITEM('',(#5219),#3091);
#2931=STYLED_ITEM('',(#5219),#3092);
#2932=STYLED_ITEM('',(#5219),#3093);
#2933=STYLED_ITEM('',(#5219),#3094);
#2934=STYLED_ITEM('',(#5219),#3095);
#2935=STYLED_ITEM('',(#5219),#3096);
#2936=STYLED_ITEM('',(#5219),#3097);
#2937=STYLED_ITEM('',(#5219),#3098);
#2938=STYLED_ITEM('',(#5219),#3099);
#2939=STYLED_ITEM('',(#5219),#3100);
#2940=STYLED_ITEM('',(#5219),#3101);
#2941=STYLED_ITEM('',(#5219),#3102);
#2942=STYLED_ITEM('',(#5219),#3103);
#2943=STYLED_ITEM('',(#5219),#3104);
#2944=STYLED_ITEM('',(#5219),#3105);
#2945=STYLED_ITEM('',(#5219),#3106);
#2946=STYLED_ITEM('',(#5219),#3107);
#2947=STYLED_ITEM('',(#5219),#3108);
#2948=STYLED_ITEM('',(#5219),#3109);
#2949=STYLED_ITEM('',(#5219),#3110);
#2950=STYLED_ITEM('',(#5217),#186);
#2951=STYLED_ITEM('',(#5219),#3111);
#2952=STYLED_ITEM('',(#5219),#3112);
#2953=STYLED_ITEM('',(#5219),#3113);
#2954=STYLED_ITEM('',(#5219),#3114);
#2955=STYLED_ITEM('',(#5219),#3115);
#2956=STYLED_ITEM('',(#5219),#3116);
#2957=STYLED_ITEM('',(#5219),#3117);
#2958=STYLED_ITEM('',(#5219),#3118);
#2959=STYLED_ITEM('',(#5219),#3119);
#2960=STYLED_ITEM('',(#5219),#3120);
#2961=STYLED_ITEM('',(#5219),#3121);
#2962=STYLED_ITEM('',(#5219),#3122);
#2963=STYLED_ITEM('',(#5219),#3123);
#2964=STYLED_ITEM('',(#5219),#3124);
#2965=STYLED_ITEM('',(#5219),#3125);
#2966=STYLED_ITEM('',(#5219),#3126);
#2967=STYLED_ITEM('',(#5219),#3127);
#2968=STYLED_ITEM('',(#5219),#3128);
#2969=STYLED_ITEM('',(#5219),#3129);
#2970=STYLED_ITEM('',(#5219),#3130);
#2971=STYLED_ITEM('',(#5219),#3131);
#2972=STYLED_ITEM('',(#5219),#3132);
#2973=STYLED_ITEM('',(#5217),#187);
#2974=ADVANCED_FACE('',(#188),#2693,.F.);
#2975=ADVANCED_FACE('',(#189),#2694,.F.);
#2976=ADVANCED_FACE('',(#190),#2695,.F.);
#2977=ADVANCED_FACE('',(#191),#2696,.F.);
#2978=ADVANCED_FACE('',(#192),#2697,.F.);
#2979=ADVANCED_FACE('',(#193),#2698,.F.);
#2980=ADVANCED_FACE('',(#194),#2699,.F.);
#2981=ADVANCED_FACE('',(#195),#2700,.F.);
#2982=ADVANCED_FACE('',(#196),#2701,.F.);
#2983=ADVANCED_FACE('',(#197),#2702,.T.);
#2984=ADVANCED_FACE('',(#198),#139,.F.);
#2985=ADVANCED_FACE('',(#199),#2703,.T.);
#2986=ADVANCED_FACE('',(#200),#140,.T.);
#2987=ADVANCED_FACE('',(#201),#2704,.T.);
#2988=ADVANCED_FACE('',(#202),#2705,.T.);
#2989=ADVANCED_FACE('',(#203),#141,.F.);
#2990=ADVANCED_FACE('',(#204),#142,.T.);
#2991=ADVANCED_FACE('',(#205),#2706,.T.);
#2992=ADVANCED_FACE('',(#206),#143,.F.);
#2993=ADVANCED_FACE('',(#207),#2707,.T.);
#2994=ADVANCED_FACE('',(#208),#144,.T.);
#2995=ADVANCED_FACE('',(#209),#2708,.T.);
#2996=ADVANCED_FACE('',(#210),#145,.F.);
#2997=ADVANCED_FACE('',(#211),#146,.T.);
#2998=ADVANCED_FACE('',(#212),#2709,.T.);
#2999=ADVANCED_FACE('',(#213),#147,.T.);
#3000=ADVANCED_FACE('',(#214),#2710,.T.);
#3001=ADVANCED_FACE('',(#215),#148,.F.);
#3002=ADVANCED_FACE('',(#216),#2711,.T.);
#3003=ADVANCED_FACE('',(#217),#149,.F.);
#3004=ADVANCED_FACE('',(#218),#150,.T.);
#3005=ADVANCED_FACE('',(#219),#2712,.T.);
#3006=ADVANCED_FACE('',(#220),#151,.T.);
#3007=ADVANCED_FACE('',(#221),#2713,.T.);
#3008=ADVANCED_FACE('',(#222),#152,.F.);
#3009=ADVANCED_FACE('',(#223),#2714,.T.);
#3010=ADVANCED_FACE('',(#224),#153,.T.);
#3011=ADVANCED_FACE('',(#225),#2715,.T.);
#3012=ADVANCED_FACE('',(#226),#154,.F.);
#3013=ADVANCED_FACE('',(#227),#155,.T.);
#3014=ADVANCED_FACE('',(#228),#2716,.T.);
#3015=ADVANCED_FACE('',(#229),#156,.F.);
#3016=ADVANCED_FACE('',(#230),#2717,.T.);
#3017=ADVANCED_FACE('',(#231),#157,.F.);
#3018=ADVANCED_FACE('',(#232),#2718,.T.);
#3019=ADVANCED_FACE('',(#233),#158,.F.);
#3020=ADVANCED_FACE('',(#234),#2719,.T.);
#3021=ADVANCED_FACE('',(#235),#159,.F.);
#3022=ADVANCED_FACE('',(#236),#2720,.T.);
#3023=ADVANCED_FACE('',(#237),#160,.F.);
#3024=ADVANCED_FACE('',(#238),#2721,.T.);
#3025=ADVANCED_FACE('',(#239),#161,.F.);
#3026=ADVANCED_FACE('',(#240),#2722,.T.);
#3027=ADVANCED_FACE('',(#241),#162,.T.);
#3028=ADVANCED_FACE('',(#242),#2723,.T.);
#3029=ADVANCED_FACE('',(#243),#163,.T.);
#3030=ADVANCED_FACE('',(#244),#164,.T.);
#3031=ADVANCED_FACE('',(#245),#2724,.T.);
#3032=ADVANCED_FACE('',(#246),#165,.T.);
#3033=ADVANCED_FACE('',(#247),#2725,.T.);
#3034=ADVANCED_FACE('',(#248),#2726,.T.);
#3035=ADVANCED_FACE('',(#249),#2727,.T.);
#3036=ADVANCED_FACE('',(#250),#2728,.T.);
#3037=ADVANCED_FACE('',(#251),#2729,.T.);
#3038=ADVANCED_FACE('',(#252),#2730,.T.);
#3039=ADVANCED_FACE('',(#253),#2731,.T.);
#3040=ADVANCED_FACE('',(#254),#2732,.T.);
#3041=ADVANCED_FACE('',(#255),#2733,.T.);
#3042=ADVANCED_FACE('',(#256),#2734,.T.);
#3043=ADVANCED_FACE('',(#257),#2735,.T.);
#3044=ADVANCED_FACE('',(#258),#2736,.T.);
#3045=ADVANCED_FACE('',(#259),#2737,.F.);
#3046=ADVANCED_FACE('',(#260),#2738,.F.);
#3047=ADVANCED_FACE('',(#261),#2739,.F.);
#3048=ADVANCED_FACE('',(#262),#2740,.F.);
#3049=ADVANCED_FACE('',(#263),#2741,.F.);
#3050=ADVANCED_FACE('',(#264),#2742,.F.);
#3051=ADVANCED_FACE('',(#265),#2743,.F.);
#3052=ADVANCED_FACE('',(#266),#2744,.F.);
#3053=ADVANCED_FACE('',(#267),#2745,.F.);
#3054=ADVANCED_FACE('',(#268),#2746,.F.);
#3055=ADVANCED_FACE('',(#269),#2747,.T.);
#3056=ADVANCED_FACE('',(#270),#166,.F.);
#3057=ADVANCED_FACE('',(#271),#2748,.T.);
#3058=ADVANCED_FACE('',(#272),#2749,.T.);
#3059=ADVANCED_FACE('',(#273),#2750,.T.);
#3060=ADVANCED_FACE('',(#274),#167,.T.);
#3061=ADVANCED_FACE('',(#275),#168,.F.);
#3062=ADVANCED_FACE('',(#276),#2751,.F.);
#3063=ADVANCED_FACE('',(#277),#2752,.F.);
#3064=ADVANCED_FACE('',(#278),#2753,.T.);
#3065=ADVANCED_FACE('',(#279),#169,.T.);
#3066=ADVANCED_FACE('',(#280),#2754,.T.);
#3067=ADVANCED_FACE('',(#281),#2755,.F.);
#3068=ADVANCED_FACE('',(#282),#2756,.F.);
#3069=ADVANCED_FACE('',(#283),#2757,.F.);
#3070=ADVANCED_FACE('',(#284),#2758,.F.);
#3071=ADVANCED_FACE('',(#285),#2759,.F.);
#3072=ADVANCED_FACE('',(#286),#2760,.F.);
#3073=ADVANCED_FACE('',(#287),#2761,.F.);
#3074=ADVANCED_FACE('',(#288),#2762,.F.);
#3075=ADVANCED_FACE('',(#289),#2763,.F.);
#3076=ADVANCED_FACE('',(#290),#2764,.F.);
#3077=ADVANCED_FACE('',(#291),#2765,.T.);
#3078=ADVANCED_FACE('',(#292),#170,.F.);
#3079=ADVANCED_FACE('',(#293),#2766,.T.);
#3080=ADVANCED_FACE('',(#294),#2767,.T.);
#3081=ADVANCED_FACE('',(#295),#2768,.T.);
#3082=ADVANCED_FACE('',(#296),#171,.T.);
#3083=ADVANCED_FACE('',(#297),#172,.F.);
#3084=ADVANCED_FACE('',(#298),#2769,.F.);
#3085=ADVANCED_FACE('',(#299),#2770,.F.);
#3086=ADVANCED_FACE('',(#300),#2771,.T.);
#3087=ADVANCED_FACE('',(#301),#173,.T.);
#3088=ADVANCED_FACE('',(#302),#2772,.T.);
#3089=ADVANCED_FACE('',(#303),#2773,.F.);
#3090=ADVANCED_FACE('',(#304),#2774,.F.);
#3091=ADVANCED_FACE('',(#305),#2775,.F.);
#3092=ADVANCED_FACE('',(#306),#2776,.F.);
#3093=ADVANCED_FACE('',(#307),#2777,.F.);
#3094=ADVANCED_FACE('',(#308),#2778,.F.);
#3095=ADVANCED_FACE('',(#309),#2779,.F.);
#3096=ADVANCED_FACE('',(#310),#2780,.F.);
#3097=ADVANCED_FACE('',(#311),#2781,.F.);
#3098=ADVANCED_FACE('',(#312),#2782,.F.);
#3099=ADVANCED_FACE('',(#313),#2783,.T.);
#3100=ADVANCED_FACE('',(#314),#174,.F.);
#3101=ADVANCED_FACE('',(#315),#2784,.T.);
#3102=ADVANCED_FACE('',(#316),#2785,.T.);
#3103=ADVANCED_FACE('',(#317),#2786,.T.);
#3104=ADVANCED_FACE('',(#318),#175,.T.);
#3105=ADVANCED_FACE('',(#319),#176,.F.);
#3106=ADVANCED_FACE('',(#320),#2787,.F.);
#3107=ADVANCED_FACE('',(#321),#2788,.F.);
#3108=ADVANCED_FACE('',(#322),#2789,.T.);
#3109=ADVANCED_FACE('',(#323),#177,.T.);
#3110=ADVANCED_FACE('',(#324),#2790,.T.);
#3111=ADVANCED_FACE('',(#325),#2791,.F.);
#3112=ADVANCED_FACE('',(#326),#2792,.F.);
#3113=ADVANCED_FACE('',(#327),#2793,.F.);
#3114=ADVANCED_FACE('',(#328),#2794,.F.);
#3115=ADVANCED_FACE('',(#329),#2795,.F.);
#3116=ADVANCED_FACE('',(#330),#2796,.F.);
#3117=ADVANCED_FACE('',(#331),#2797,.F.);
#3118=ADVANCED_FACE('',(#332),#2798,.F.);
#3119=ADVANCED_FACE('',(#333),#2799,.F.);
#3120=ADVANCED_FACE('',(#334),#2800,.F.);
#3121=ADVANCED_FACE('',(#335),#2801,.T.);
#3122=ADVANCED_FACE('',(#336),#178,.F.);
#3123=ADVANCED_FACE('',(#337),#2802,.T.);
#3124=ADVANCED_FACE('',(#338),#2803,.T.);
#3125=ADVANCED_FACE('',(#339),#2804,.T.);
#3126=ADVANCED_FACE('',(#340),#179,.T.);
#3127=ADVANCED_FACE('',(#341),#180,.F.);
#3128=ADVANCED_FACE('',(#342),#2805,.F.);
#3129=ADVANCED_FACE('',(#343),#2806,.F.);
#3130=ADVANCED_FACE('',(#344),#2807,.T.);
#3131=ADVANCED_FACE('',(#345),#181,.T.);
#3132=ADVANCED_FACE('',(#346),#2808,.T.);
#3133=CLOSED_SHELL('',(#2974,#2975,#2976,#2977,#2978,#2979,#2980,#2981,
#2982,#2983));
#3134=CLOSED_SHELL('',(#2984,#2985,#2986,#2987,#2988,#2989,#2990,#2991,
#2992,#2993,#2994,#2995,#2996,#2997,#2998,#2999,#3000,#3001,#3002,#3003,
#3004,#3005,#3006,#3007,#3008,#3009,#3010,#3011,#3012,#3013,#3014,#3015,
#3016,#3017,#3018,#3019,#3020,#3021,#3022,#3023,#3024,#3025,#3026,#3027,
#3028,#3029,#3030,#3031,#3032,#3033,#3034,#3035,#3036,#3037,#3038,#3039,
#3040,#3041,#3042,#3043,#3044));
#3135=CLOSED_SHELL('',(#3045,#3046,#3047,#3048,#3049,#3050,#3051,#3052,
#3053,#3054,#3055,#3056,#3057,#3058,#3059,#3060,#3061,#3062,#3063,#3064,
#3065,#3066));
#3136=CLOSED_SHELL('',(#3067,#3068,#3069,#3070,#3071,#3072,#3073,#3074,
#3075,#3076,#3077,#3078,#3079,#3080,#3081,#3082,#3083,#3084,#3085,#3086,
#3087,#3088));
#3137=CLOSED_SHELL('',(#3089,#3090,#3091,#3092,#3093,#3094,#3095,#3096,
#3097,#3098,#3099,#3100,#3101,#3102,#3103,#3104,#3105,#3106,#3107,#3108,
#3109,#3110));
#3138=CLOSED_SHELL('',(#3111,#3112,#3113,#3114,#3115,#3116,#3117,#3118,
#3119,#3120,#3121,#3122,#3123,#3124,#3125,#3126,#3127,#3128,#3129,#3130,
#3131,#3132));
#3139=DERIVED_UNIT_ELEMENT(#3142,1.);
#3140=DERIVED_UNIT_ELEMENT(#5203,-3.);
#3141=DIMENSIONAL_EXPONENTS(0.,1.,0.,0.,0.,0.,0.);
#3142=(
CONVERSION_BASED_UNIT('gram',#3144)
MASS_UNIT()
NAMED_UNIT(#3141)
);
#3143=(
MASS_UNIT()
NAMED_UNIT(*)
SI_UNIT(.KILO.,.GRAM.)
);
#3144=MASS_MEASURE_WITH_UNIT(MASS_MEASURE(0.001),#3143);
#3145=DERIVED_UNIT((#3139,#3140));
#3146=MEASURE_REPRESENTATION_ITEM('density measure',
POSITIVE_RATIO_MEASURE(1.),#3145);
#3147=PROPERTY_DEFINITION_REPRESENTATION(#3152,#3149);
#3148=PROPERTY_DEFINITION_REPRESENTATION(#3153,#3150);
#3149=REPRESENTATION('material name',(#3151),#5200);
#3150=REPRESENTATION('density',(#3146),#5200);
#3151=DESCRIPTIVE_REPRESENTATION_ITEM('Generic','Generic');
#3152=PROPERTY_DEFINITION('material property','material name',#5210);
#3153=PROPERTY_DEFINITION('material property','density of part',#5210);
#3154=DATE_TIME_ROLE('creation_date');
#3155=APPLIED_DATE_AND_TIME_ASSIGNMENT(#3156,#3154,(#5210));
#3156=DATE_AND_TIME(#3157,#3158);
#3157=CALENDAR_DATE(2026,7,4);
#3158=LOCAL_TIME(0,0,0.,#3159);
#3159=COORDINATED_UNIVERSAL_TIME_OFFSET(0,0,.BEHIND.);
#3160=AXIS2_PLACEMENT_3D('',#4323,#3446,#3447);
#3161=AXIS2_PLACEMENT_3D('',#4324,#3448,#3449);
#3162=AXIS2_PLACEMENT_3D('',#4333,#3454,#3455);
#3163=AXIS2_PLACEMENT_3D('',#4343,#3461,#3462);
#3164=AXIS2_PLACEMENT_3D('',#4347,#3465,#3466);
#3165=AXIS2_PLACEMENT_3D('',#4353,#3470,#3471);
#3166=AXIS2_PLACEMENT_3D('',#4357,#3474,#3475);
#3167=AXIS2_PLACEMENT_3D('',#4363,#3479,#3480);
#3168=AXIS2_PLACEMENT_3D('',#4365,#3482,#3483);
#3169=AXIS2_PLACEMENT_3D('',#4367,#3485,#3486);
#3170=AXIS2_PLACEMENT_3D('',#4369,#3488,#3489);
#3171=AXIS2_PLACEMENT_3D('',#4370,#3490,#3491);
#3172=AXIS2_PLACEMENT_3D('',#4373,#3492,#3493);
#3173=AXIS2_PLACEMENT_3D('',#4377,#3495,#3496);
#3174=AXIS2_PLACEMENT_3D('',#4379,#3498,#3499);
#3175=AXIS2_PLACEMENT_3D('',#4385,#3503,#3504);
#3176=AXIS2_PLACEMENT_3D('',#4388,#3505,#3506);
#3177=AXIS2_PLACEMENT_3D('',#4392,#3508,#3509);
#3178=AXIS2_PLACEMENT_3D('',#4394,#3511,#3512);
#3179=AXIS2_PLACEMENT_3D('',#4398,#3514,#3515);
#3180=AXIS2_PLACEMENT_3D('',#4402,#3517,#3518);
#3181=AXIS2_PLACEMENT_3D('',#4406,#3520,#3521);
#3182=AXIS2_PLACEMENT_3D('',#4410,#3523,#3524);
#3183=AXIS2_PLACEMENT_3D('',#4414,#3526,#3527);
#3184=AXIS2_PLACEMENT_3D('',#4418,#3529,#3530);
#3185=AXIS2_PLACEMENT_3D('',#4424,#3533,#3534);
#3186=AXIS2_PLACEMENT_3D('',#4428,#3536,#3537);
#3187=AXIS2_PLACEMENT_3D('',#4432,#3539,#3540);
#3188=AXIS2_PLACEMENT_3D('',#4436,#3542,#3543);
#3189=AXIS2_PLACEMENT_3D('',#4440,#3545,#3546);
#3190=AXIS2_PLACEMENT_3D('',#4444,#3548,#3549);
#3191=AXIS2_PLACEMENT_3D('',#4448,#3551,#3552);
#3192=AXIS2_PLACEMENT_3D('',#4452,#3554,#3555);
#3193=AXIS2_PLACEMENT_3D('',#4456,#3557,#3558);
#3194=AXIS2_PLACEMENT_3D('',#4460,#3560,#3561);
#3195=AXIS2_PLACEMENT_3D('',#4464,#3563,#3564);
#3196=AXIS2_PLACEMENT_3D('',#4468,#3566,#3567);
#3197=AXIS2_PLACEMENT_3D('',#4472,#3569,#3570);
#3198=AXIS2_PLACEMENT_3D('',#4480,#3574,#3575);
#3199=AXIS2_PLACEMENT_3D('',#4484,#3577,#3578);
#3200=AXIS2_PLACEMENT_3D('',#4492,#3582,#3583);
#3201=AXIS2_PLACEMENT_3D('',#4496,#3585,#3586);
#3202=AXIS2_PLACEMENT_3D('',#4500,#3588,#3589);
#3203=AXIS2_PLACEMENT_3D('',#4503,#3591,#3592);
#3204=AXIS2_PLACEMENT_3D('',#4505,#3594,#3595);
#3205=AXIS2_PLACEMENT_3D('',#4509,#3598,#3599);
#3206=AXIS2_PLACEMENT_3D('',#4511,#3600,#3601);
#3207=AXIS2_PLACEMENT_3D('',#4513,#3603,#3604);
#3208=AXIS2_PLACEMENT_3D('',#4516,#3605,#3606);
#3209=AXIS2_PLACEMENT_3D('',#4519,#3609,#3610);
#3210=AXIS2_PLACEMENT_3D('',#4521,#3612,#3613);
#3211=AXIS2_PLACEMENT_3D('',#4525,#3615,#3616);
#3212=AXIS2_PLACEMENT_3D('',#4527,#3618,#3619);
#3213=AXIS2_PLACEMENT_3D('',#4531,#3622,#3623);
#3214=AXIS2_PLACEMENT_3D('',#4534,#3624,#3625);
#3215=AXIS2_PLACEMENT_3D('',#4537,#3628,#3629);
#3216=AXIS2_PLACEMENT_3D('',#4541,#3632,#3633);
#3217=AXIS2_PLACEMENT_3D('',#4543,#3634,#3635);
#3218=AXIS2_PLACEMENT_3D('',#4545,#3637,#3638);
#3219=AXIS2_PLACEMENT_3D('',#4547,#3639,#3640);
#3220=AXIS2_PLACEMENT_3D('',#4549,#3642,#3643);
#3221=AXIS2_PLACEMENT_3D('',#4551,#3645,#3646);
#3222=AXIS2_PLACEMENT_3D('',#4554,#3647,#3648);
#3223=AXIS2_PLACEMENT_3D('',#4557,#3651,#3652);
#3224=AXIS2_PLACEMENT_3D('',#4561,#3655,#3656);
#3225=AXIS2_PLACEMENT_3D('',#4565,#3658,#3659);
#3226=AXIS2_PLACEMENT_3D('',#4567,#3661,#3662);
#3227=AXIS2_PLACEMENT_3D('',#4571,#3665,#3666);
#3228=AXIS2_PLACEMENT_3D('',#4573,#3667,#3668);
#3229=AXIS2_PLACEMENT_3D('',#4575,#3670,#3671);
#3230=AXIS2_PLACEMENT_3D('',#4578,#3672,#3673);
#3231=AXIS2_PLACEMENT_3D('',#4581,#3676,#3677);
#3232=AXIS2_PLACEMENT_3D('',#4583,#3679,#3680);
#3233=AXIS2_PLACEMENT_3D('',#4586,#3681,#3682);
#3234=AXIS2_PLACEMENT_3D('',#4589,#3685,#3686);
#3235=AXIS2_PLACEMENT_3D('',#4593,#3689,#3690);
#3236=AXIS2_PLACEMENT_3D('',#4596,#3692,#3693);
#3237=AXIS2_PLACEMENT_3D('',#4597,#3694,#3695);
#3238=AXIS2_PLACEMENT_3D('',#4599,#3697,#3698);
#3239=AXIS2_PLACEMENT_3D('',#4602,#3699,#3700);
#3240=AXIS2_PLACEMENT_3D('',#4605,#3703,#3704);
#3241=AXIS2_PLACEMENT_3D('',#4609,#3707,#3708);
#3242=AXIS2_PLACEMENT_3D('',#4611,#3709,#3710);
#3243=AXIS2_PLACEMENT_3D('',#4613,#3712,#3713);
#3244=AXIS2_PLACEMENT_3D('',#4615,#3714,#3715);
#3245=AXIS2_PLACEMENT_3D('',#4617,#3717,#3718);
#3246=AXIS2_PLACEMENT_3D('',#4619,#3720,#3721);
#3247=AXIS2_PLACEMENT_3D('',#4623,#3723,#3724);
#3248=AXIS2_PLACEMENT_3D('',#4625,#3726,#3727);
#3249=AXIS2_PLACEMENT_3D('',#4629,#3730,#3731);
#3250=AXIS2_PLACEMENT_3D('',#4633,#3733,#3734);
#3251=AXIS2_PLACEMENT_3D('',#4635,#3736,#3737);
#3252=AXIS2_PLACEMENT_3D('',#4639,#3740,#3741);
#3253=AXIS2_PLACEMENT_3D('',#4643,#3743,#3744);
#3254=AXIS2_PLACEMENT_3D('',#4645,#3746,#3747);
#3255=AXIS2_PLACEMENT_3D('',#4647,#3749,#3750);
#3256=AXIS2_PLACEMENT_3D('',#4651,#3752,#3753);
#3257=AXIS2_PLACEMENT_3D('',#4653,#3755,#3756);
#3258=AXIS2_PLACEMENT_3D('',#4657,#3759,#3760);
#3259=AXIS2_PLACEMENT_3D('',#4661,#3762,#3763);
#3260=AXIS2_PLACEMENT_3D('',#4663,#3765,#3766);
#3261=AXIS2_PLACEMENT_3D('',#4665,#3768,#3769);
#3262=AXIS2_PLACEMENT_3D('',#4668,#3771,#3772);
#3263=AXIS2_PLACEMENT_3D('',#4669,#3773,#3774);
#3264=AXIS2_PLACEMENT_3D('',#4673,#3777,#3778);
#3265=AXIS2_PLACEMENT_3D('',#4676,#3779,#3780);
#3266=AXIS2_PLACEMENT_3D('',#4679,#3783,#3784);
#3267=AXIS2_PLACEMENT_3D('',#4683,#3787,#3788);
#3268=AXIS2_PLACEMENT_3D('',#4684,#3789,#3790);
#3269=AXIS2_PLACEMENT_3D('',#4685,#3791,#3792);
#3270=AXIS2_PLACEMENT_3D('',#4688,#3793,#3794);
#3271=AXIS2_PLACEMENT_3D('',#4691,#3797,#3798);
#3272=AXIS2_PLACEMENT_3D('',#4693,#3800,#3801);
#3273=AXIS2_PLACEMENT_3D('',#4695,#3802,#3803);
#3274=AXIS2_PLACEMENT_3D('',#4697,#3805,#3806);
#3275=AXIS2_PLACEMENT_3D('',#4699,#3808,#3809);
#3276=AXIS2_PLACEMENT_3D('',#4701,#3811,#3812);
#3277=AXIS2_PLACEMENT_3D('',#4705,#3815,#3816);
#3278=AXIS2_PLACEMENT_3D('',#4707,#3818,#3819);
#3279=AXIS2_PLACEMENT_3D('',#4711,#3822,#3823);
#3280=AXIS2_PLACEMENT_3D('',#4713,#3825,#3826);
#3281=AXIS2_PLACEMENT_3D('',#4715,#3828,#3829);
#3282=AXIS2_PLACEMENT_3D('',#4717,#3831,#3832);
#3283=AXIS2_PLACEMENT_3D('',#4719,#3834,#3835);
#3284=AXIS2_PLACEMENT_3D('',#4723,#3838,#3839);
#3285=AXIS2_PLACEMENT_3D('',#4725,#3841,#3842);
#3286=AXIS2_PLACEMENT_3D('',#4726,#3843,#3844);
#3287=AXIS2_PLACEMENT_3D('',#4735,#3849,#3850);
#3288=AXIS2_PLACEMENT_3D('',#4739,#3852,#3853);
#3289=AXIS2_PLACEMENT_3D('',#4741,#3854,#3855);
#3290=AXIS2_PLACEMENT_3D('',#4745,#3858,#3859);
#3291=AXIS2_PLACEMENT_3D('',#4754,#3864,#3865);
#3292=AXIS2_PLACEMENT_3D('',#4756,#3866,#3867);
#3293=AXIS2_PLACEMENT_3D('',#4759,#3869,#3870);
#3294=AXIS2_PLACEMENT_3D('',#4760,#3871,#3872);
#3295=AXIS2_PLACEMENT_3D('',#4766,#3876,#3877);
#3296=AXIS2_PLACEMENT_3D('',#4775,#3882,#3883);
#3297=AXIS2_PLACEMENT_3D('',#4777,#3884,#3885);
#3298=AXIS2_PLACEMENT_3D('',#4784,#3889,#3890);
#3299=AXIS2_PLACEMENT_3D('',#4785,#3891,#3892);
#3300=AXIS2_PLACEMENT_3D('',#4794,#3897,#3898);
#3301=AXIS2_PLACEMENT_3D('',#4796,#3899,#3900);
#3302=AXIS2_PLACEMENT_3D('',#4799,#3902,#3903);
#3303=AXIS2_PLACEMENT_3D('',#4800,#3904,#3905);
#3304=AXIS2_PLACEMENT_3D('',#4806,#3909,#3910);
#3305=AXIS2_PLACEMENT_3D('',#4808,#3911,#3912);
#3306=AXIS2_PLACEMENT_3D('',#4810,#3914,#3915);
#3307=AXIS2_PLACEMENT_3D('',#4812,#3916,#3917);
#3308=AXIS2_PLACEMENT_3D('',#4815,#3919,#3920);
#3309=AXIS2_PLACEMENT_3D('',#4817,#3922,#3923);
#3310=AXIS2_PLACEMENT_3D('',#4820,#3926,#3927);
#3311=AXIS2_PLACEMENT_3D('',#4822,#3929,#3930);
#3312=AXIS2_PLACEMENT_3D('',#4823,#3931,#3932);
#3313=AXIS2_PLACEMENT_3D('',#4825,#3934,#3935);
#3314=AXIS2_PLACEMENT_3D('',#4826,#3936,#3937);
#3315=AXIS2_PLACEMENT_3D('',#4827,#3938,#3939);
#3316=AXIS2_PLACEMENT_3D('',#4829,#3940,#3941);
#3317=AXIS2_PLACEMENT_3D('',#4832,#3943,#3944);
#3318=AXIS2_PLACEMENT_3D('',#4834,#3945,#3946);
#3319=AXIS2_PLACEMENT_3D('',#4836,#3948,#3949);
#3320=AXIS2_PLACEMENT_3D('',#4838,#3951,#3952);
#3321=AXIS2_PLACEMENT_3D('',#4839,#3953,#3954);
#3322=AXIS2_PLACEMENT_3D('',#4840,#3955,#3956);
#3323=AXIS2_PLACEMENT_3D('',#4841,#3957,#3958);
#3324=AXIS2_PLACEMENT_3D('',#4842,#3959,#3960);
#3325=AXIS2_PLACEMENT_3D('',#4843,#3961,#3962);
#3326=AXIS2_PLACEMENT_3D('',#4844,#3963,#3964);
#3327=AXIS2_PLACEMENT_3D('',#4853,#3969,#3970);
#3328=AXIS2_PLACEMENT_3D('',#4857,#3972,#3973);
#3329=AXIS2_PLACEMENT_3D('',#4859,#3974,#3975);
#3330=AXIS2_PLACEMENT_3D('',#4863,#3978,#3979);
#3331=AXIS2_PLACEMENT_3D('',#4872,#3984,#3985);
#3332=AXIS2_PLACEMENT_3D('',#4874,#3986,#3987);
#3333=AXIS2_PLACEMENT_3D('',#4877,#3989,#3990);
#3334=AXIS2_PLACEMENT_3D('',#4878,#3991,#3992);
#3335=AXIS2_PLACEMENT_3D('',#4884,#3996,#3997);
#3336=AXIS2_PLACEMENT_3D('',#4893,#4002,#4003);
#3337=AXIS2_PLACEMENT_3D('',#4895,#4004,#4005);
#3338=AXIS2_PLACEMENT_3D('',#4902,#4009,#4010);
#3339=AXIS2_PLACEMENT_3D('',#4903,#4011,#4012);
#3340=AXIS2_PLACEMENT_3D('',#4912,#4017,#4018);
#3341=AXIS2_PLACEMENT_3D('',#4914,#4019,#4020);
#3342=AXIS2_PLACEMENT_3D('',#4917,#4022,#4023);
#3343=AXIS2_PLACEMENT_3D('',#4918,#4024,#4025);
#3344=AXIS2_PLACEMENT_3D('',#4924,#4029,#4030);
#3345=AXIS2_PLACEMENT_3D('',#4926,#4031,#4032);
#3346=AXIS2_PLACEMENT_3D('',#4928,#4034,#4035);
#3347=AXIS2_PLACEMENT_3D('',#4930,#4036,#4037);
#3348=AXIS2_PLACEMENT_3D('',#4933,#4039,#4040);
#3349=AXIS2_PLACEMENT_3D('',#4935,#4042,#4043);
#3350=AXIS2_PLACEMENT_3D('',#4938,#4046,#4047);
#3351=AXIS2_PLACEMENT_3D('',#4940,#4049,#4050);
#3352=AXIS2_PLACEMENT_3D('',#4941,#4051,#4052);
#3353=AXIS2_PLACEMENT_3D('',#4943,#4054,#4055);
#3354=AXIS2_PLACEMENT_3D('',#4944,#4056,#4057);
#3355=AXIS2_PLACEMENT_3D('',#4945,#4058,#4059);
#3356=AXIS2_PLACEMENT_3D('',#4947,#4060,#4061);
#3357=AXIS2_PLACEMENT_3D('',#4950,#4063,#4064);
#3358=AXIS2_PLACEMENT_3D('',#4952,#4065,#4066);
#3359=AXIS2_PLACEMENT_3D('',#4954,#4068,#4069);
#3360=AXIS2_PLACEMENT_3D('',#4956,#4071,#4072);
#3361=AXIS2_PLACEMENT_3D('',#4957,#4073,#4074);
#3362=AXIS2_PLACEMENT_3D('',#4958,#4075,#4076);
#3363=AXIS2_PLACEMENT_3D('',#4959,#4077,#4078);
#3364=AXIS2_PLACEMENT_3D('',#4960,#4079,#4080);
#3365=AXIS2_PLACEMENT_3D('',#4961,#4081,#4082);
#3366=AXIS2_PLACEMENT_3D('',#4962,#4083,#4084);
#3367=AXIS2_PLACEMENT_3D('',#4971,#4089,#4090);
#3368=AXIS2_PLACEMENT_3D('',#4975,#4092,#4093);
#3369=AXIS2_PLACEMENT_3D('',#4977,#4094,#4095);
#3370=AXIS2_PLACEMENT_3D('',#4981,#4098,#4099);
#3371=AXIS2_PLACEMENT_3D('',#4990,#4104,#4105);
#3372=AXIS2_PLACEMENT_3D('',#4992,#4106,#4107);
#3373=AXIS2_PLACEMENT_3D('',#4995,#4109,#4110);
#3374=AXIS2_PLACEMENT_3D('',#4996,#4111,#4112);
#3375=AXIS2_PLACEMENT_3D('',#5002,#4116,#4117);
#3376=AXIS2_PLACEMENT_3D('',#5011,#4122,#4123);
#3377=AXIS2_PLACEMENT_3D('',#5013,#4124,#4125);
#3378=AXIS2_PLACEMENT_3D('',#5020,#4129,#4130);
#3379=AXIS2_PLACEMENT_3D('',#5021,#4131,#4132);
#3380=AXIS2_PLACEMENT_3D('',#5030,#4137,#4138);
#3381=AXIS2_PLACEMENT_3D('',#5032,#4139,#4140);
#3382=AXIS2_PLACEMENT_3D('',#5035,#4142,#4143);
#3383=AXIS2_PLACEMENT_3D('',#5036,#4144,#4145);
#3384=AXIS2_PLACEMENT_3D('',#5042,#4149,#4150);
#3385=AXIS2_PLACEMENT_3D('',#5044,#4151,#4152);
#3386=AXIS2_PLACEMENT_3D('',#5046,#4154,#4155);
#3387=AXIS2_PLACEMENT_3D('',#5048,#4156,#4157);
#3388=AXIS2_PLACEMENT_3D('',#5051,#4159,#4160);
#3389=AXIS2_PLACEMENT_3D('',#5053,#4162,#4163);
#3390=AXIS2_PLACEMENT_3D('',#5056,#4166,#4167);
#3391=AXIS2_PLACEMENT_3D('',#5058,#4169,#4170);
#3392=AXIS2_PLACEMENT_3D('',#5059,#4171,#4172);
#3393=AXIS2_PLACEMENT_3D('',#5061,#4174,#4175);
#3394=AXIS2_PLACEMENT_3D('',#5062,#4176,#4177);
#3395=AXIS2_PLACEMENT_3D('',#5063,#4178,#4179);
#3396=AXIS2_PLACEMENT_3D('',#5065,#4180,#4181);
#3397=AXIS2_PLACEMENT_3D('',#5068,#4183,#4184);
#3398=AXIS2_PLACEMENT_3D('',#5070,#4185,#4186);
#3399=AXIS2_PLACEMENT_3D('',#5072,#4188,#4189);
#3400=AXIS2_PLACEMENT_3D('',#5074,#4191,#4192);
#3401=AXIS2_PLACEMENT_3D('',#5075,#4193,#4194);
#3402=AXIS2_PLACEMENT_3D('',#5076,#4195,#4196);
#3403=AXIS2_PLACEMENT_3D('',#5077,#4197,#4198);
#3404=AXIS2_PLACEMENT_3D('',#5078,#4199,#4200);
#3405=AXIS2_PLACEMENT_3D('',#5079,#4201,#4202);
#3406=AXIS2_PLACEMENT_3D('',#5080,#4203,#4204);
#3407=AXIS2_PLACEMENT_3D('',#5089,#4209,#4210);
#3408=AXIS2_PLACEMENT_3D('',#5093,#4212,#4213);
#3409=AXIS2_PLACEMENT_3D('',#5095,#4214,#4215);
#3410=AXIS2_PLACEMENT_3D('',#5099,#4218,#4219);
#3411=AXIS2_PLACEMENT_3D('',#5108,#4224,#4225);
#3412=AXIS2_PLACEMENT_3D('',#5110,#4226,#4227);
#3413=AXIS2_PLACEMENT_3D('',#5113,#4229,#4230);
#3414=AXIS2_PLACEMENT_3D('',#5114,#4231,#4232);
#3415=AXIS2_PLACEMENT_3D('',#5120,#4236,#4237);
#3416=AXIS2_PLACEMENT_3D('',#5129,#4242,#4243);
#3417=AXIS2_PLACEMENT_3D('',#5131,#4244,#4245);
#3418=AXIS2_PLACEMENT_3D('',#5138,#4249,#4250);
#3419=AXIS2_PLACEMENT_3D('',#5139,#4251,#4252);
#3420=AXIS2_PLACEMENT_3D('',#5148,#4257,#4258);
#3421=AXIS2_PLACEMENT_3D('',#5150,#4259,#4260);
#3422=AXIS2_PLACEMENT_3D('',#5153,#4262,#4263);
#3423=AXIS2_PLACEMENT_3D('',#5154,#4264,#4265);
#3424=AXIS2_PLACEMENT_3D('',#5160,#4269,#4270);
#3425=AXIS2_PLACEMENT_3D('',#5162,#4271,#4272);
#3426=AXIS2_PLACEMENT_3D('',#5164,#4274,#4275);
#3427=AXIS2_PLACEMENT_3D('',#5166,#4276,#4277);
#3428=AXIS2_PLACEMENT_3D('',#5169,#4279,#4280);
#3429=AXIS2_PLACEMENT_3D('',#5171,#4282,#4283);
#3430=AXIS2_PLACEMENT_3D('',#5174,#4286,#4287);
#3431=AXIS2_PLACEMENT_3D('',#5176,#4289,#4290);
#3432=AXIS2_PLACEMENT_3D('',#5177,#4291,#4292);
#3433=AXIS2_PLACEMENT_3D('',#5179,#4294,#4295);
#3434=AXIS2_PLACEMENT_3D('',#5180,#4296,#4297);
#3435=AXIS2_PLACEMENT_3D('',#5181,#4298,#4299);
#3436=AXIS2_PLACEMENT_3D('',#5183,#4300,#4301);
#3437=AXIS2_PLACEMENT_3D('',#5186,#4303,#4304);
#3438=AXIS2_PLACEMENT_3D('',#5188,#4305,#4306);
#3439=AXIS2_PLACEMENT_3D('',#5190,#4308,#4309);
#3440=AXIS2_PLACEMENT_3D('',#5192,#4311,#4312);
#3441=AXIS2_PLACEMENT_3D('',#5193,#4313,#4314);
#3442=AXIS2_PLACEMENT_3D('',#5194,#4315,#4316);
#3443=AXIS2_PLACEMENT_3D('',#5195,#4317,#4318);
#3444=AXIS2_PLACEMENT_3D('',#5196,#4319,#4320);
#3445=AXIS2_PLACEMENT_3D('',#5197,#4321,#4322);
#3446=DIRECTION('axis',(0.,0.,1.));
#3447=DIRECTION('refdir',(1.,0.,0.));
#3448=DIRECTION('center_axis',(0.,1.,0.));
#3449=DIRECTION('ref_axis',(0.,0.,1.));
#3450=DIRECTION('',(-1.,0.,0.));
#3451=DIRECTION('',(-2.22044604925031E-16,0.,-1.));
#3452=DIRECTION('',(1.,0.,0.));
#3453=DIRECTION('',(2.22044604925031E-16,0.,1.));
#3454=DIRECTION('center_axis',(0.,0.112939277427364,-0.99360189191355));
#3455=DIRECTION('ref_axis',(0.,0.99360189191355,0.112939277427364));
#3456=DIRECTION('',(-0.170127650388925,-0.979117196045464,-0.11129285233658));
#3457=DIRECTION('',(0.162329853249802,-0.980423302717987,-0.111441312947453));
#3458=DIRECTION('',(1.,-1.9534739779489E-15,-2.22044604925031E-16));
#3459=DIRECTION('',(0.162329853249802,0.980423302717987,0.111441312947453));
#3460=DIRECTION('',(-0.170127650388925,0.979117196045464,0.11129285233658));
#3461=DIRECTION('center_axis',(-0.985237834476577,0.171191149058309,2.18766745713545E-16));
#3462=DIRECTION('ref_axis',(-0.171191149058309,-0.985237834476578,3.80120710593144E-17));
#3463=DIRECTION('',(0.144938095057838,0.834146483001329,-0.532158428945289));
#3464=DIRECTION('',(1.24186020651583E-16,5.91036303378148E-16,1.));
#3465=DIRECTION('center_axis',(0.,-0.258828717036074,-0.965923234650384));
#3466=DIRECTION('ref_axis',(0.,0.965923234650384,-0.258828717036074));
#3467=DIRECTION('',(0.157922199159012,-0.953802402776182,0.255580819842106));
#3468=DIRECTION('',(1.,0.,0.));
#3469=DIRECTION('',(0.157922199159012,0.953802402776182,-0.255580819842106));
#3470=DIRECTION('center_axis',(0.,0.537837604026619,0.843048463431911));
#3471=DIRECTION('ref_axis',(0.,-0.843048463431911,0.537837604026619));
#3472=DIRECTION('',(0.144938095057838,-0.834146483001329,0.532158428945289));
#3473=DIRECTION('',(1.,-2.7464639577006E-15,-4.44089209850063E-16));
#3474=DIRECTION('center_axis',(0.,-0.159621688155598,0.987178259824616));
#3475=DIRECTION('ref_axis',(0.,-0.987178259824616,-0.159621688155598));
#3476=DIRECTION('',(-0.161307785151924,0.974250319991377,0.157531306241269));
#3477=DIRECTION('',(-0.161307785151924,-0.974250319991377,-0.157531306241269));
#3478=DIRECTION('',(-1.,0.,0.));
#3479=DIRECTION('center_axis',(0.985237834476577,0.171191149058309,-2.18766745713545E-16));
#3480=DIRECTION('ref_axis',(-0.171191149058309,0.985237834476578,3.80120710593144E-17));
#3481=DIRECTION('',(0.,1.27790920802238E-15,1.));
#3482=DIRECTION('center_axis',(0.986568622122183,-0.163347341098459,-2.19062239930553E-16));
#3483=DIRECTION('ref_axis',(0.163347341098459,0.986568622122183,-3.62703958197617E-17));
#3484=DIRECTION('',(2.22044604925031E-16,0.,1.));
#3485=DIRECTION('center_axis',(-0.986568622122183,-0.16334734109846,2.19062239930553E-16));
#3486=DIRECTION('ref_axis',(0.16334734109846,-0.986568622122183,-3.62703958197618E-17));
#3487=DIRECTION('',(-2.22044604925031E-16,0.,-1.));
#3488=DIRECTION('center_axis',(0.,1.,0.));
#3489=DIRECTION('ref_axis',(0.,0.,1.));
#3490=DIRECTION('center_axis',(0.,1.,0.));
#3491=DIRECTION('ref_axis',(-0.707106781186548,0.,0.707106781186547));
#3492=DIRECTION('center_axis',(0.,-1.,0.));
#3493=DIRECTION('ref_axis',(-0.707106781186548,0.,0.707106781186547));
#3494=DIRECTION('',(0.,1.,0.));
#3495=DIRECTION('center_axis',(0.,1.,0.));
#3496=DIRECTION('ref_axis',(-0.707106781186548,0.,0.707106781186547));
#3497=DIRECTION('',(0.,-1.,0.));
#3498=DIRECTION('center_axis',(1.,0.,1.79068229778251E-16));
#3499=DIRECTION('ref_axis',(1.79068229778251E-16,0.,-1.));
#3500=DIRECTION('',(-1.79068229778251E-16,0.,1.));
#3501=DIRECTION('',(0.,-1.,0.));
#3502=DIRECTION('',(1.79068229778251E-16,0.,-1.));
#3503=DIRECTION('center_axis',(0.,1.,0.));
#3504=DIRECTION('ref_axis',(0.258819045102521,0.,-0.965925826289068));
#3505=DIRECTION('center_axis',(0.,-1.,0.));
#3506=DIRECTION('ref_axis',(0.258819045102521,0.,-0.965925826289068));
#3507=DIRECTION('',(0.,-1.,0.));
#3508=DIRECTION('center_axis',(0.,1.,0.));
#3509=DIRECTION('ref_axis',(0.258819045102521,0.,-0.965925826289068));
#3510=DIRECTION('',(0.,1.,0.));
#3511=DIRECTION('center_axis',(0.,-1.,0.));
#3512=DIRECTION('ref_axis',(0.,0.,-1.));
#3513=DIRECTION('',(0.866025403784439,0.,0.5));
#3514=DIRECTION('center_axis',(0.,-1.,0.));
#3515=DIRECTION('ref_axis',(-0.258819045102521,0.,0.965925826289068));
#3516=DIRECTION('',(1.,0.,0.));
#3517=DIRECTION('center_axis',(0.,1.,0.));
#3518=DIRECTION('ref_axis',(0.707106781186548,0.,-0.707106781186547));
#3519=DIRECTION('',(0.,0.,1.));
#3520=DIRECTION('center_axis',(0.,1.,0.));
#3521=DIRECTION('ref_axis',(0.707106781186548,0.,0.707106781186548));
#3522=DIRECTION('',(-1.,0.,-3.08395284618099E-16));
#3523=DIRECTION('center_axis',(0.,-1.,0.));
#3524=DIRECTION('ref_axis',(-0.258819045102521,0.,-0.965925826289068));
#3525=DIRECTION('',(-0.866025403784439,0.,0.5));
#3526=DIRECTION('center_axis',(0.,1.,0.));
#3527=DIRECTION('ref_axis',(0.258819045102521,0.,0.965925826289068));
#3528=DIRECTION('',(-1.,0.,0.));
#3529=DIRECTION('center_axis',(0.,-1.,0.));
#3530=DIRECTION('ref_axis',(-0.707106781186548,0.,-0.707106781186548));
#3531=DIRECTION('',(-1.79068229778251E-16,0.,1.));
#3532=DIRECTION('',(-1.,0.,-1.51669812107262E-16));
#3533=DIRECTION('center_axis',(0.,1.,0.));
#3534=DIRECTION('ref_axis',(-0.707106781186548,0.,0.707106781186548));
#3535=DIRECTION('',(-1.79068229778251E-16,0.,-1.));
#3536=DIRECTION('center_axis',(0.,-1.,0.));
#3537=DIRECTION('ref_axis',(0.707106781186548,0.,-0.707106781186548));
#3538=DIRECTION('',(-1.,0.,0.));
#3539=DIRECTION('center_axis',(0.,1.,0.));
#3540=DIRECTION('ref_axis',(-0.258819045102521,0.,0.965925826289068));
#3541=DIRECTION('',(-0.866025403784439,0.,-0.5));
#3542=DIRECTION('center_axis',(0.,-1.,0.));
#3543=DIRECTION('ref_axis',(0.25881904510252,0.,-0.965925826289069));
#3544=DIRECTION('',(-1.,0.,3.08395284618099E-16));
#3545=DIRECTION('center_axis',(0.,1.,0.));
#3546=DIRECTION('ref_axis',(-0.707106781186548,0.,0.707106781186548));
#3547=DIRECTION('',(0.,0.,-1.));
#3548=DIRECTION('center_axis',(0.,1.,0.));
#3549=DIRECTION('ref_axis',(-0.707106781186548,0.,-0.707106781186548));
#3550=DIRECTION('',(1.,0.,0.));
#3551=DIRECTION('center_axis',(0.,-1.,0.));
#3552=DIRECTION('ref_axis',(0.258819045102521,0.,0.965925826289068));
#3553=DIRECTION('',(0.866025403784439,0.,-0.5));
#3554=DIRECTION('center_axis',(0.,1.,0.));
#3555=DIRECTION('ref_axis',(-0.258819045102521,0.,-0.965925826289068));
#3556=DIRECTION('',(1.,0.,2.72085985597394E-16));
#3557=DIRECTION('center_axis',(0.,-1.,0.));
#3558=DIRECTION('ref_axis',(0.707106781186548,0.,0.707106781186547));
#3559=DIRECTION('',(-1.79068229778251E-16,0.,-1.));
#3560=DIRECTION('center_axis',(0.,-1.,0.));
#3561=DIRECTION('ref_axis',(0.707106781186548,0.,-0.707106781186548));
#3562=DIRECTION('',(-1.,0.,-3.46944695195361E-16));
#3563=DIRECTION('center_axis',(0.,1.,0.));
#3564=DIRECTION('ref_axis',(-0.707106781186548,0.,0.707106781186548));
#3565=DIRECTION('',(1.32169407693471E-15,0.,-1.));
#3566=DIRECTION('center_axis',(0.,1.,0.));
#3567=DIRECTION('ref_axis',(-0.707106781186548,0.,-0.707106781186548));
#3568=DIRECTION('',(1.,0.,2.31296463463574E-16));
#3569=DIRECTION('center_axis',(0.,-1.,0.));
#3570=DIRECTION('ref_axis',(0.707106781186548,0.,0.707106781186548));
#3571=DIRECTION('',(0.,0.,-1.));
#3572=DIRECTION('',(1.,0.,0.));
#3573=DIRECTION('',(0.,0.,1.));
#3574=DIRECTION('center_axis',(0.,-1.,0.));
#3575=DIRECTION('ref_axis',(-0.707106781186548,0.,0.707106781186548));
#3576=DIRECTION('',(1.,0.,2.31296463463574E-16));
#3577=DIRECTION('center_axis',(0.,-1.,0.));
#3578=DIRECTION('ref_axis',(0.707106781186548,0.,0.707106781186548));
#3579=DIRECTION('',(0.,0.,-1.));
#3580=DIRECTION('',(1.,0.,0.));
#3581=DIRECTION('',(0.,0.,1.));
#3582=DIRECTION('center_axis',(0.,-1.,0.));
#3583=DIRECTION('ref_axis',(-0.707106781186548,0.,0.707106781186548));
#3584=DIRECTION('',(1.,0.,2.31296463463574E-16));
#3585=DIRECTION('center_axis',(0.,1.,0.));
#3586=DIRECTION('ref_axis',(0.707106781186548,0.,-0.707106781186548));
#3587=DIRECTION('',(-2.64338815386942E-15,0.,1.));
#3588=DIRECTION('center_axis',(0.,1.,0.));
#3589=DIRECTION('ref_axis',(0.707106781186548,0.,0.707106781186548));
#3590=DIRECTION('',(-1.,0.,-3.46944695195361E-16));
#3591=DIRECTION('center_axis',(0.,-1.,0.));
#3592=DIRECTION('ref_axis',(-0.707106781186548,0.,-0.707106781186548));
#3593=DIRECTION('',(1.,0.,-2.72085985597394E-16));
#3594=DIRECTION('center_axis',(0.5,0.,-0.866025403784439));
#3595=DIRECTION('ref_axis',(-0.866025403784439,0.,-0.5));
#3596=DIRECTION('',(-0.866025403784439,0.,-0.5));
#3597=DIRECTION('',(0.,1.,0.));
#3598=DIRECTION('center_axis',(0.,1.,0.));
#3599=DIRECTION('ref_axis',(-0.258819045102521,0.,0.965925826289068));
#3600=DIRECTION('center_axis',(0.,1.,0.));
#3601=DIRECTION('ref_axis',(-0.258819045102521,0.,0.965925826289068));
#3602=DIRECTION('',(0.,-1.,0.));
#3603=DIRECTION('center_axis',(0.,1.,0.));
#3604=DIRECTION('ref_axis',(0.707106781186548,0.,-0.707106781186547));
#3605=DIRECTION('center_axis',(0.,-1.,0.));
#3606=DIRECTION('ref_axis',(0.707106781186548,0.,-0.707106781186547));
#3607=DIRECTION('',(0.,-1.,0.));
#3608=DIRECTION('',(0.,1.,0.));
#3609=DIRECTION('center_axis',(0.,0.,-1.));
#3610=DIRECTION('ref_axis',(-1.,0.,0.));
#3611=DIRECTION('',(-1.,0.,0.));
#3612=DIRECTION('center_axis',(0.,1.,0.));
#3613=DIRECTION('ref_axis',(-0.258819045102521,0.,-0.965925826289068));
#3614=DIRECTION('',(0.,1.,0.));
#3615=DIRECTION('center_axis',(0.,1.,0.));
#3616=DIRECTION('ref_axis',(-0.258819045102521,0.,-0.965925826289068));
#3617=DIRECTION('',(0.,-1.,0.));
#3618=DIRECTION('center_axis',(-3.08395284618099E-16,0.,1.));
#3619=DIRECTION('ref_axis',(1.,0.,3.08395284618099E-16));
#3620=DIRECTION('',(0.,-1.,0.));
#3621=DIRECTION('',(1.,0.,3.08395284618099E-16));
#3622=DIRECTION('center_axis',(0.,1.,0.));
#3623=DIRECTION('ref_axis',(0.258819045102521,0.,0.965925826289068));
#3624=DIRECTION('center_axis',(0.,-1.,0.));
#3625=DIRECTION('ref_axis',(0.258819045102521,0.,0.965925826289068));
#3626=DIRECTION('',(0.,-1.,0.));
#3627=DIRECTION('',(0.,1.,0.));
#3628=DIRECTION('center_axis',(0.,0.,1.));
#3629=DIRECTION('ref_axis',(1.,0.,0.));
#3630=DIRECTION('',(1.,0.,0.));
#3631=DIRECTION('',(0.,1.,0.));
#3632=DIRECTION('center_axis',(0.,1.,0.));
#3633=DIRECTION('ref_axis',(-0.707106781186548,0.,-0.707106781186548));
#3634=DIRECTION('center_axis',(0.,1.,0.));
#3635=DIRECTION('ref_axis',(-0.707106781186548,0.,-0.707106781186548));
#3636=DIRECTION('',(0.,-1.,0.));
#3637=DIRECTION('center_axis',(0.,1.,0.));
#3638=DIRECTION('ref_axis',(0.707106781186548,0.,0.707106781186548));
#3639=DIRECTION('center_axis',(0.,-1.,0.));
#3640=DIRECTION('ref_axis',(0.707106781186548,0.,0.707106781186548));
#3641=DIRECTION('',(0.,1.,0.));
#3642=DIRECTION('center_axis',(1.,0.,0.));
#3643=DIRECTION('ref_axis',(0.,0.,-1.));
#3644=DIRECTION('',(0.,0.,-1.));
#3645=DIRECTION('center_axis',(0.,1.,0.));
#3646=DIRECTION('ref_axis',(-0.707106781186548,0.,0.707106781186548));
#3647=DIRECTION('center_axis',(0.,-1.,0.));
#3648=DIRECTION('ref_axis',(-0.707106781186548,0.,0.707106781186548));
#3649=DIRECTION('',(0.,-1.,0.));
#3650=DIRECTION('',(0.,1.,0.));
#3651=DIRECTION('center_axis',(-1.,0.,1.79068229778251E-16));
#3652=DIRECTION('ref_axis',(1.79068229778251E-16,0.,1.));
#3653=DIRECTION('',(1.79068229778251E-16,0.,1.));
#3654=DIRECTION('',(0.,1.,0.));
#3655=DIRECTION('center_axis',(0.,1.,0.));
#3656=DIRECTION('ref_axis',(0.707106781186548,0.,0.707106781186547));
#3657=DIRECTION('',(0.,1.,0.));
#3658=DIRECTION('center_axis',(0.,1.,0.));
#3659=DIRECTION('ref_axis',(0.707106781186548,0.,0.707106781186547));
#3660=DIRECTION('',(0.,-1.,0.));
#3661=DIRECTION('center_axis',(2.72085985597394E-16,0.,-1.));
#3662=DIRECTION('ref_axis',(-1.,0.,-2.72085985597394E-16));
#3663=DIRECTION('',(0.,-1.,0.));
#3664=DIRECTION('',(-1.,0.,-2.72085985597394E-16));
#3665=DIRECTION('center_axis',(0.,1.,0.));
#3666=DIRECTION('ref_axis',(0.707106781186548,0.,-0.707106781186548));
#3667=DIRECTION('center_axis',(0.,1.,0.));
#3668=DIRECTION('ref_axis',(0.707106781186548,0.,-0.707106781186548));
#3669=DIRECTION('',(0.,-1.,0.));
#3670=DIRECTION('center_axis',(0.,1.,0.));
#3671=DIRECTION('ref_axis',(-0.258819045102521,0.,0.965925826289068));
#3672=DIRECTION('center_axis',(0.,-1.,0.));
#3673=DIRECTION('ref_axis',(-0.258819045102521,0.,0.965925826289068));
#3674=DIRECTION('',(0.,-1.,0.));
#3675=DIRECTION('',(0.,1.,0.));
#3676=DIRECTION('center_axis',(0.,0.,1.));
#3677=DIRECTION('ref_axis',(1.,0.,0.));
#3678=DIRECTION('',(1.,0.,0.));
#3679=DIRECTION('center_axis',(0.,1.,0.));
#3680=DIRECTION('ref_axis',(-0.707106781186548,0.,0.707106781186548));
#3681=DIRECTION('center_axis',(0.,-1.,0.));
#3682=DIRECTION('ref_axis',(-0.707106781186548,0.,0.707106781186548));
#3683=DIRECTION('',(0.,-1.,0.));
#3684=DIRECTION('',(0.,1.,0.));
#3685=DIRECTION('center_axis',(3.08395284618099E-16,0.,1.));
#3686=DIRECTION('ref_axis',(1.,0.,-3.08395284618099E-16));
#3687=DIRECTION('',(0.,-1.,0.));
#3688=DIRECTION('',(1.,0.,-3.08395284618099E-16));
#3689=DIRECTION('center_axis',(0.,1.,0.));
#3690=DIRECTION('ref_axis',(0.25881904510252,0.,-0.965925826289069));
#3691=DIRECTION('',(0.,1.,0.));
#3692=DIRECTION('center_axis',(0.,1.,0.));
#3693=DIRECTION('ref_axis',(0.25881904510252,0.,-0.965925826289069));
#3694=DIRECTION('center_axis',(-0.5,0.,0.866025403784439));
#3695=DIRECTION('ref_axis',(0.866025403784439,0.,0.5));
#3696=DIRECTION('',(0.866025403784439,0.,0.5));
#3697=DIRECTION('center_axis',(0.,1.,0.));
#3698=DIRECTION('ref_axis',(-0.707106781186548,0.,-0.707106781186548));
#3699=DIRECTION('center_axis',(0.,-1.,0.));
#3700=DIRECTION('ref_axis',(-0.707106781186548,0.,-0.707106781186548));
#3701=DIRECTION('',(0.,-1.,0.));
#3702=DIRECTION('',(0.,1.,0.));
#3703=DIRECTION('center_axis',(0.,0.,-1.));
#3704=DIRECTION('ref_axis',(-1.,0.,0.));
#3705=DIRECTION('',(-1.,0.,0.));
#3706=DIRECTION('',(0.,1.,0.));
#3707=DIRECTION('center_axis',(0.,1.,0.));
#3708=DIRECTION('ref_axis',(0.258819045102521,0.,0.965925826289068));
#3709=DIRECTION('center_axis',(0.,1.,0.));
#3710=DIRECTION('ref_axis',(0.258819045102521,0.,0.965925826289068));
#3711=DIRECTION('',(0.,-1.,0.));
#3712=DIRECTION('center_axis',(0.,1.,0.));
#3713=DIRECTION('ref_axis',(-0.258819045102521,0.,-0.965925826289068));
#3714=DIRECTION('center_axis',(0.,-1.,0.));
#3715=DIRECTION('ref_axis',(-0.258819045102521,0.,-0.965925826289068));
#3716=DIRECTION('',(0.,1.,0.));
#3717=DIRECTION('center_axis',(-0.5,0.,-0.866025403784439));
#3718=DIRECTION('ref_axis',(-0.866025403784439,0.,0.5));
#3719=DIRECTION('',(-0.866025403784439,0.,0.5));
#3720=DIRECTION('center_axis',(0.,1.,0.));
#3721=DIRECTION('ref_axis',(0.707106781186548,0.,0.707106781186548));
#3722=DIRECTION('',(0.,1.,0.));
#3723=DIRECTION('center_axis',(0.,1.,0.));
#3724=DIRECTION('ref_axis',(0.707106781186548,0.,0.707106781186548));
#3725=DIRECTION('',(0.,-1.,0.));
#3726=DIRECTION('center_axis',(2.31296463463574E-16,0.,-1.));
#3727=DIRECTION('ref_axis',(-1.,0.,-2.31296463463574E-16));
#3728=DIRECTION('',(0.,-1.,0.));
#3729=DIRECTION('',(-1.,0.,-2.31296463463574E-16));
#3730=DIRECTION('center_axis',(0.,1.,0.));
#3731=DIRECTION('ref_axis',(-0.707106781186548,0.,0.707106781186548));
#3732=DIRECTION('',(0.,1.,0.));
#3733=DIRECTION('center_axis',(0.,1.,0.));
#3734=DIRECTION('ref_axis',(-0.707106781186548,0.,0.707106781186548));
#3735=DIRECTION('',(0.,-1.,0.));
#3736=DIRECTION('center_axis',(1.,0.,0.));
#3737=DIRECTION('ref_axis',(0.,0.,-1.));
#3738=DIRECTION('',(0.,1.,0.));
#3739=DIRECTION('',(0.,0.,-1.));
#3740=DIRECTION('center_axis',(0.,1.,0.));
#3741=DIRECTION('ref_axis',(0.707106781186548,0.,0.707106781186548));
#3742=DIRECTION('',(0.,1.,0.));
#3743=DIRECTION('center_axis',(0.,1.,0.));
#3744=DIRECTION('ref_axis',(0.707106781186548,0.,0.707106781186548));
#3745=DIRECTION('',(0.,-1.,0.));
#3746=DIRECTION('center_axis',(2.31296463463574E-16,0.,-1.));
#3747=DIRECTION('ref_axis',(-1.,0.,-2.31296463463574E-16));
#3748=DIRECTION('',(-1.,0.,-2.31296463463574E-16));
#3749=DIRECTION('center_axis',(0.,1.,0.));
#3750=DIRECTION('ref_axis',(-0.707106781186548,0.,0.707106781186548));
#3751=DIRECTION('',(0.,1.,0.));
#3752=DIRECTION('center_axis',(0.,1.,0.));
#3753=DIRECTION('ref_axis',(-0.707106781186548,0.,0.707106781186548));
#3754=DIRECTION('',(0.,-1.,0.));
#3755=DIRECTION('center_axis',(1.,0.,0.));
#3756=DIRECTION('ref_axis',(0.,0.,-1.));
#3757=DIRECTION('',(0.,1.,0.));
#3758=DIRECTION('',(0.,0.,-1.));
#3759=DIRECTION('center_axis',(0.,1.,0.));
#3760=DIRECTION('ref_axis',(0.707106781186548,0.,-0.707106781186548));
#3761=DIRECTION('',(0.,1.,0.));
#3762=DIRECTION('center_axis',(0.,1.,0.));
#3763=DIRECTION('ref_axis',(0.707106781186548,0.,-0.707106781186548));
#3764=DIRECTION('',(0.,-1.,0.));
#3765=DIRECTION('center_axis',(-1.,0.,1.79068229778251E-16));
#3766=DIRECTION('ref_axis',(1.79068229778251E-16,0.,1.));
#3767=DIRECTION('',(1.79068229778251E-16,0.,1.));
#3768=DIRECTION('center_axis',(0.,1.,0.));
#3769=DIRECTION('ref_axis',(-0.707106781186548,0.,-0.707106781186548));
#3770=DIRECTION('',(0.,1.,0.));
#3771=DIRECTION('center_axis',(0.,1.,0.));
#3772=DIRECTION('ref_axis',(-0.707106781186548,0.,-0.707106781186548));
#3773=DIRECTION('center_axis',(-3.46944695195361E-16,0.,1.));
#3774=DIRECTION('ref_axis',(1.,0.,3.46944695195361E-16));
#3775=DIRECTION('',(0.,-1.,0.));
#3776=DIRECTION('',(1.,0.,3.46944695195361E-16));
#3777=DIRECTION('center_axis',(0.,1.,0.));
#3778=DIRECTION('ref_axis',(0.707106781186548,0.,-0.707106781186548));
#3779=DIRECTION('center_axis',(0.,-1.,0.));
#3780=DIRECTION('ref_axis',(0.707106781186548,0.,-0.707106781186548));
#3781=DIRECTION('',(0.,-1.,0.));
#3782=DIRECTION('',(0.,1.,0.));
#3783=DIRECTION('center_axis',(1.,0.,2.64338815386942E-15));
#3784=DIRECTION('ref_axis',(2.64338815386942E-15,0.,-1.));
#3785=DIRECTION('',(2.64338815386942E-15,0.,-1.));
#3786=DIRECTION('',(0.,1.,0.));
#3787=DIRECTION('center_axis',(0.,1.,0.));
#3788=DIRECTION('ref_axis',(0.707106781186548,0.,0.707106781186548));
#3789=DIRECTION('center_axis',(0.,-1.,0.));
#3790=DIRECTION('ref_axis',(0.707106781186548,0.,0.707106781186548));
#3791=DIRECTION('center_axis',(0.,1.,0.));
#3792=DIRECTION('ref_axis',(-0.707106781186548,0.,0.707106781186548));
#3793=DIRECTION('center_axis',(0.,-1.,0.));
#3794=DIRECTION('ref_axis',(-0.707106781186548,0.,0.707106781186548));
#3795=DIRECTION('',(0.,-1.,0.));
#3796=DIRECTION('',(0.,1.,0.));
#3797=DIRECTION('center_axis',(-3.46944695195361E-16,0.,1.));
#3798=DIRECTION('ref_axis',(1.,0.,3.46944695195361E-16));
#3799=DIRECTION('',(1.,0.,3.46944695195361E-16));
#3800=DIRECTION('center_axis',(0.,1.,0.));
#3801=DIRECTION('ref_axis',(-0.707106781186548,0.,-0.707106781186548));
#3802=DIRECTION('center_axis',(0.,-1.,0.));
#3803=DIRECTION('ref_axis',(-0.707106781186548,0.,-0.707106781186548));
#3804=DIRECTION('',(0.,1.,0.));
#3805=DIRECTION('center_axis',(-1.,0.,0.));
#3806=DIRECTION('ref_axis',(0.,0.,1.));
#3807=DIRECTION('',(0.,0.,1.));
#3808=DIRECTION('center_axis',(-1.,0.,-1.32169407693471E-15));
#3809=DIRECTION('ref_axis',(-1.32169407693471E-15,0.,1.));
#3810=DIRECTION('',(-1.32169407693471E-15,0.,1.));
#3811=DIRECTION('center_axis',(-1.,0.,0.));
#3812=DIRECTION('ref_axis',(0.,0.,1.));
#3813=DIRECTION('',(0.,0.,1.));
#3814=DIRECTION('',(0.,1.,0.));
#3815=DIRECTION('center_axis',(0.,0.,-1.));
#3816=DIRECTION('ref_axis',(-1.,0.,0.));
#3817=DIRECTION('',(-1.,0.,0.));
#3818=DIRECTION('center_axis',(-1.,0.,0.));
#3819=DIRECTION('ref_axis',(0.,0.,1.));
#3820=DIRECTION('',(0.,0.,1.));
#3821=DIRECTION('',(0.,1.,0.));
#3822=DIRECTION('center_axis',(0.,0.,-1.));
#3823=DIRECTION('ref_axis',(-1.,0.,0.));
#3824=DIRECTION('',(-1.,0.,0.));
#3825=DIRECTION('center_axis',(2.31296463463574E-16,0.,-1.));
#3826=DIRECTION('ref_axis',(-1.,0.,-2.31296463463574E-16));
#3827=DIRECTION('',(-1.,0.,-2.31296463463574E-16));
#3828=DIRECTION('center_axis',(-2.72085985597394E-16,0.,-1.));
#3829=DIRECTION('ref_axis',(-1.,0.,2.72085985597394E-16));
#3830=DIRECTION('',(-1.,0.,2.72085985597394E-16));
#3831=DIRECTION('center_axis',(0.5,0.,0.866025403784439));
#3832=DIRECTION('ref_axis',(0.866025403784439,0.,-0.5));
#3833=DIRECTION('',(0.866025403784439,0.,-0.5));
#3834=DIRECTION('center_axis',(1.,0.,1.79068229778251E-16));
#3835=DIRECTION('ref_axis',(1.79068229778251E-16,0.,-1.));
#3836=DIRECTION('',(1.79068229778251E-16,0.,-1.));
#3837=DIRECTION('',(0.,1.,0.));
#3838=DIRECTION('center_axis',(-1.51669812107262E-16,0.,1.));
#3839=DIRECTION('ref_axis',(1.,0.,1.51669812107262E-16));
#3840=DIRECTION('',(1.,0.,1.51669812107262E-16));
#3841=DIRECTION('center_axis',(0.,1.,0.));
#3842=DIRECTION('ref_axis',(0.,0.,1.));
#3843=DIRECTION('center_axis',(0.,0.,-1.));
#3844=DIRECTION('ref_axis',(-1.,0.,0.));
#3845=DIRECTION('',(-1.,0.,0.));
#3846=DIRECTION('',(0.,-1.,0.));
#3847=DIRECTION('',(1.,0.,0.));
#3848=DIRECTION('',(0.,-1.,0.));
#3849=DIRECTION('center_axis',(-1.,0.,2.42753699838457E-16));
#3850=DIRECTION('ref_axis',(2.42753699838457E-16,1.73066301066785E-16,1.));
#3851=DIRECTION('',(2.42753699838457E-16,0.,1.));
#3852=DIRECTION('center_axis',(-1.,0.,2.42753699838457E-16));
#3853=DIRECTION('ref_axis',(0.,-1.,0.));
#3854=DIRECTION('center_axis',(1.,0.,-2.42753699838457E-16));
#3855=DIRECTION('ref_axis',(0.,1.,0.));
#3856=DIRECTION('',(-2.42753699838457E-16,-1.73066301066785E-16,-1.));
#3857=DIRECTION('',(0.,1.,0.));
#3858=DIRECTION('center_axis',(0.,2.77555756156289E-16,1.));
#3859=DIRECTION('ref_axis',(1.,0.,0.));
#3860=DIRECTION('',(1.,0.,0.));
#3861=DIRECTION('',(0.,-1.,2.77555756156289E-16));
#3862=DIRECTION('',(-1.,0.,0.));
#3863=DIRECTION('',(0.,1.,-2.77555756156289E-16));
#3864=DIRECTION('center_axis',(-1.,1.53170343646687E-31,5.51854322057146E-16));
#3865=DIRECTION('ref_axis',(5.51854322057146E-16,1.73066301066785E-16,1.));
#3866=DIRECTION('center_axis',(1.,-1.53170343646687E-31,-5.51854322057146E-16));
#3867=DIRECTION('ref_axis',(0.,-0.976644458235313,-0.214861821174104));
#3868=DIRECTION('',(0.,1.,-2.77555756156289E-16));
#3869=DIRECTION('center_axis',(-1.,1.53170343646687E-31,5.51854322057146E-16));
#3870=DIRECTION('ref_axis',(0.,0.981329646471275,0.192333369326706));
#3871=DIRECTION('center_axis',(0.,-2.77555756156289E-16,-1.));
#3872=DIRECTION('ref_axis',(-1.,0.,0.));
#3873=DIRECTION('',(-1.,0.,0.));
#3874=DIRECTION('',(0.,-1.,2.77555756156289E-16));
#3875=DIRECTION('',(-1.,0.,0.));
#3876=DIRECTION('center_axis',(0.,0.,-1.));
#3877=DIRECTION('ref_axis',(-1.,0.,0.));
#3878=DIRECTION('',(-1.,0.,0.));
#3879=DIRECTION('',(0.,1.,0.));
#3880=DIRECTION('',(1.,0.,0.));
#3881=DIRECTION('',(0.,1.,0.));
#3882=DIRECTION('center_axis',(1.,0.,0.));
#3883=DIRECTION('ref_axis',(0.,-1.73066301066785E-16,-1.));
#3884=DIRECTION('center_axis',(1.,0.,0.));
#3885=DIRECTION('ref_axis',(0.,-1.,0.));
#3886=DIRECTION('',(0.,0.,-1.));
#3887=DIRECTION('',(0.,-1.,0.));
#3888=DIRECTION('',(0.,1.73066301066785E-16,1.));
#3889=DIRECTION('center_axis',(-1.,0.,0.));
#3890=DIRECTION('ref_axis',(0.,1.,0.));
#3891=DIRECTION('center_axis',(0.,-2.77555756156289E-16,-1.));
#3892=DIRECTION('ref_axis',(-1.,0.,0.));
#3893=DIRECTION('',(-1.,0.,0.));
#3894=DIRECTION('',(0.,-1.,2.77555756156289E-16));
#3895=DIRECTION('',(-1.,0.,0.));
#3896=DIRECTION('',(0.,1.,-2.77555756156289E-16));
#3897=DIRECTION('center_axis',(1.,-1.91462929558359E-32,-6.89817902571432E-17));
#3898=DIRECTION('ref_axis',(-6.89817902571432E-17,-1.73066301066785E-16,
-1.));
#3899=DIRECTION('center_axis',(-1.,1.91462929558359E-32,6.89817902571432E-17));
#3900=DIRECTION('ref_axis',(0.,-0.976644458235313,-0.214861821174104));
#3901=DIRECTION('',(0.,1.,-2.77555756156289E-16));
#3902=DIRECTION('center_axis',(1.,-1.91462929558359E-32,-6.89817902571432E-17));
#3903=DIRECTION('ref_axis',(0.,0.981329646471275,0.192333369326706));
#3904=DIRECTION('center_axis',(-2.77555756156289E-15,2.77555756156289E-16,
1.));
#3905=DIRECTION('ref_axis',(1.,4.80355480577635E-31,2.77555756156289E-15));
#3906=DIRECTION('',(1.,0.,0.));
#3907=DIRECTION('',(0.,-1.,2.77555756156289E-16));
#3908=DIRECTION('',(-1.,0.,0.));
#3909=DIRECTION('center_axis',(1.,0.,0.));
#3910=DIRECTION('ref_axis',(0.,0.,-1.));
#3911=DIRECTION('center_axis',(-1.,0.,0.));
#3912=DIRECTION('ref_axis',(0.,-0.976644458235313,-0.214861821174104));
#3913=DIRECTION('',(0.,0.99360189191355,0.112939277427364));
#3914=DIRECTION('center_axis',(1.,0.,0.));
#3915=DIRECTION('ref_axis',(0.,1.,0.));
#3916=DIRECTION('center_axis',(-1.,0.,0.));
#3917=DIRECTION('ref_axis',(0.,1.,0.));
#3918=DIRECTION('',(1.,0.,0.));
#3919=DIRECTION('center_axis',(1.,0.,0.));
#3920=DIRECTION('ref_axis',(0.,1.,0.));
#3921=DIRECTION('',(1.,0.,0.));
#3922=DIRECTION('center_axis',(0.,-1.,0.));
#3923=DIRECTION('ref_axis',(0.,0.,-1.));
#3924=DIRECTION('',(1.,0.,0.));
#3925=DIRECTION('',(1.,0.,0.));
#3926=DIRECTION('center_axis',(0.,1.,-1.73066301066785E-16));
#3927=DIRECTION('ref_axis',(0.,1.73066301066785E-16,1.));
#3928=DIRECTION('',(1.,0.,0.));
#3929=DIRECTION('center_axis',(0.,0.,1.));
#3930=DIRECTION('ref_axis',(0.,-1.,0.));
#3931=DIRECTION('center_axis',(1.,0.,0.));
#3932=DIRECTION('ref_axis',(0.,0.981329646471275,0.192333369326706));
#3933=DIRECTION('',(-1.,0.,0.));
#3934=DIRECTION('center_axis',(-1.,0.,0.));
#3935=DIRECTION('ref_axis',(0.,0.981329646471275,0.192333369326706));
#3936=DIRECTION('center_axis',(1.,0.,0.));
#3937=DIRECTION('ref_axis',(0.,0.981329646471275,0.192333369326706));
#3938=DIRECTION('center_axis',(1.,0.,0.));
#3939=DIRECTION('ref_axis',(0.,-0.976644458235313,-0.214861821174104));
#3940=DIRECTION('center_axis',(-1.,0.,0.));
#3941=DIRECTION('ref_axis',(0.,-0.976644458235313,-0.214861821174104));
#3942=DIRECTION('',(1.,0.,0.));
#3943=DIRECTION('center_axis',(1.,0.,0.));
#3944=DIRECTION('ref_axis',(0.,-0.976644458235313,-0.214861821174104));
#3945=DIRECTION('center_axis',(1.,0.,0.));
#3946=DIRECTION('ref_axis',(0.,-0.976644458235313,-0.214861821174104));
#3947=DIRECTION('',(1.,0.,0.));
#3948=DIRECTION('center_axis',(1.,0.,0.));
#3949=DIRECTION('ref_axis',(0.,0.,-1.));
#3950=DIRECTION('',(0.,-0.99360189191355,-0.112939277427364));
#3951=DIRECTION('center_axis',(1.,0.,0.));
#3952=DIRECTION('ref_axis',(0.,0.,-1.));
#3953=DIRECTION('center_axis',(-1.,0.,0.));
#3954=DIRECTION('ref_axis',(0.,-1.,0.));
#3955=DIRECTION('center_axis',(0.,0.112939277427364,-0.99360189191355));
#3956=DIRECTION('ref_axis',(0.,0.99360189191355,0.112939277427364));
#3957=DIRECTION('center_axis',(1.,0.,0.));
#3958=DIRECTION('ref_axis',(0.,-1.,0.));
#3959=DIRECTION('center_axis',(1.,0.,0.));
#3960=DIRECTION('ref_axis',(0.,-1.,0.));
#3961=DIRECTION('center_axis',(1.,0.,0.));
#3962=DIRECTION('ref_axis',(0.,0.,-1.));
#3963=DIRECTION('center_axis',(0.,0.,-1.));
#3964=DIRECTION('ref_axis',(-1.,0.,0.));
#3965=DIRECTION('',(-1.,0.,0.));
#3966=DIRECTION('',(0.,-1.,0.));
#3967=DIRECTION('',(1.,0.,0.));
#3968=DIRECTION('',(0.,-1.,0.));
#3969=DIRECTION('center_axis',(-1.,0.,2.42753699838457E-16));
#3970=DIRECTION('ref_axis',(2.42753699838457E-16,1.73066301066785E-16,1.));
#3971=DIRECTION('',(2.42753699838457E-16,0.,1.));
#3972=DIRECTION('center_axis',(-1.,0.,2.42753699838457E-16));
#3973=DIRECTION('ref_axis',(0.,-1.,0.));
#3974=DIRECTION('center_axis',(1.,0.,-2.42753699838457E-16));
#3975=DIRECTION('ref_axis',(0.,1.,0.));
#3976=DIRECTION('',(-2.42753699838457E-16,-1.73066301066785E-16,-1.));
#3977=DIRECTION('',(0.,1.,0.));
#3978=DIRECTION('center_axis',(0.,2.77555756156289E-16,1.));
#3979=DIRECTION('ref_axis',(1.,0.,0.));
#3980=DIRECTION('',(1.,0.,0.));
#3981=DIRECTION('',(0.,-1.,2.77555756156289E-16));
#3982=DIRECTION('',(-1.,0.,0.));
#3983=DIRECTION('',(0.,1.,-2.77555756156289E-16));
#3984=DIRECTION('center_axis',(-1.,1.53170343646687E-31,5.51854322057146E-16));
#3985=DIRECTION('ref_axis',(5.51854322057146E-16,1.73066301066785E-16,1.));
#3986=DIRECTION('center_axis',(1.,-1.53170343646687E-31,-5.51854322057146E-16));
#3987=DIRECTION('ref_axis',(0.,-0.976644458235313,-0.214861821174104));
#3988=DIRECTION('',(0.,1.,-2.77555756156289E-16));
#3989=DIRECTION('center_axis',(-1.,1.53170343646687E-31,5.51854322057146E-16));
#3990=DIRECTION('ref_axis',(0.,0.981329646471275,0.192333369326706));
#3991=DIRECTION('center_axis',(0.,-2.77555756156289E-16,-1.));
#3992=DIRECTION('ref_axis',(-1.,0.,0.));
#3993=DIRECTION('',(-1.,0.,0.));
#3994=DIRECTION('',(0.,-1.,2.77555756156289E-16));
#3995=DIRECTION('',(-1.,0.,0.));
#3996=DIRECTION('center_axis',(0.,0.,-1.));
#3997=DIRECTION('ref_axis',(-1.,0.,0.));
#3998=DIRECTION('',(-1.,0.,0.));
#3999=DIRECTION('',(0.,1.,0.));
#4000=DIRECTION('',(1.,0.,0.));
#4001=DIRECTION('',(0.,1.,0.));
#4002=DIRECTION('center_axis',(1.,0.,0.));
#4003=DIRECTION('ref_axis',(0.,-1.73066301066785E-16,-1.));
#4004=DIRECTION('center_axis',(1.,0.,0.));
#4005=DIRECTION('ref_axis',(0.,-1.,0.));
#4006=DIRECTION('',(0.,0.,-1.));
#4007=DIRECTION('',(0.,-1.,0.));
#4008=DIRECTION('',(0.,1.73066301066785E-16,1.));
#4009=DIRECTION('center_axis',(-1.,0.,0.));
#4010=DIRECTION('ref_axis',(0.,1.,0.));
#4011=DIRECTION('center_axis',(0.,-2.77555756156289E-16,-1.));
#4012=DIRECTION('ref_axis',(-1.,0.,0.));
#4013=DIRECTION('',(-1.,0.,0.));
#4014=DIRECTION('',(0.,-1.,2.77555756156289E-16));
#4015=DIRECTION('',(-1.,0.,0.));
#4016=DIRECTION('',(0.,1.,-2.77555756156289E-16));
#4017=DIRECTION('center_axis',(1.,-1.91462929558359E-32,-6.89817902571432E-17));
#4018=DIRECTION('ref_axis',(-6.89817902571432E-17,-1.73066301066785E-16,
-1.));
#4019=DIRECTION('center_axis',(-1.,1.91462929558359E-32,6.89817902571432E-17));
#4020=DIRECTION('ref_axis',(0.,-0.976644458235313,-0.214861821174104));
#4021=DIRECTION('',(0.,1.,-2.77555756156289E-16));
#4022=DIRECTION('center_axis',(1.,-1.91462929558359E-32,-6.89817902571432E-17));
#4023=DIRECTION('ref_axis',(0.,0.981329646471275,0.192333369326706));
#4024=DIRECTION('center_axis',(-2.77555756156289E-15,2.77555756156289E-16,
1.));
#4025=DIRECTION('ref_axis',(1.,4.80355480577635E-31,2.77555756156289E-15));
#4026=DIRECTION('',(1.,0.,0.));
#4027=DIRECTION('',(0.,-1.,2.77555756156289E-16));
#4028=DIRECTION('',(-1.,0.,0.));
#4029=DIRECTION('center_axis',(1.,0.,0.));
#4030=DIRECTION('ref_axis',(0.,0.,-1.));
#4031=DIRECTION('center_axis',(-1.,0.,0.));
#4032=DIRECTION('ref_axis',(0.,-0.976644458235313,-0.214861821174104));
#4033=DIRECTION('',(0.,0.99360189191355,0.112939277427364));
#4034=DIRECTION('center_axis',(1.,0.,0.));
#4035=DIRECTION('ref_axis',(0.,1.,0.));
#4036=DIRECTION('center_axis',(-1.,0.,0.));
#4037=DIRECTION('ref_axis',(0.,1.,0.));
#4038=DIRECTION('',(1.,0.,0.));
#4039=DIRECTION('center_axis',(1.,0.,0.));
#4040=DIRECTION('ref_axis',(0.,1.,0.));
#4041=DIRECTION('',(1.,0.,0.));
#4042=DIRECTION('center_axis',(0.,-1.,0.));
#4043=DIRECTION('ref_axis',(0.,0.,-1.));
#4044=DIRECTION('',(1.,0.,0.));
#4045=DIRECTION('',(1.,0.,0.));
#4046=DIRECTION('center_axis',(0.,1.,-1.73066301066785E-16));
#4047=DIRECTION('ref_axis',(0.,1.73066301066785E-16,1.));
#4048=DIRECTION('',(1.,0.,0.));
#4049=DIRECTION('center_axis',(0.,0.,1.));
#4050=DIRECTION('ref_axis',(0.,-1.,0.));
#4051=DIRECTION('center_axis',(1.,0.,0.));
#4052=DIRECTION('ref_axis',(0.,0.981329646471275,0.192333369326706));
#4053=DIRECTION('',(-1.,0.,0.));
#4054=DIRECTION('center_axis',(-1.,0.,0.));
#4055=DIRECTION('ref_axis',(0.,0.981329646471275,0.192333369326706));
#4056=DIRECTION('center_axis',(1.,0.,0.));
#4057=DIRECTION('ref_axis',(0.,0.981329646471275,0.192333369326706));
#4058=DIRECTION('center_axis',(1.,0.,0.));
#4059=DIRECTION('ref_axis',(0.,-0.976644458235313,-0.214861821174104));
#4060=DIRECTION('center_axis',(-1.,0.,0.));
#4061=DIRECTION('ref_axis',(0.,-0.976644458235313,-0.214861821174104));
#4062=DIRECTION('',(1.,0.,0.));
#4063=DIRECTION('center_axis',(1.,0.,0.));
#4064=DIRECTION('ref_axis',(0.,-0.976644458235313,-0.214861821174104));
#4065=DIRECTION('center_axis',(1.,0.,0.));
#4066=DIRECTION('ref_axis',(0.,-0.976644458235313,-0.214861821174104));
#4067=DIRECTION('',(1.,0.,0.));
#4068=DIRECTION('center_axis',(1.,0.,0.));
#4069=DIRECTION('ref_axis',(0.,0.,-1.));
#4070=DIRECTION('',(0.,-0.99360189191355,-0.112939277427364));
#4071=DIRECTION('center_axis',(1.,0.,0.));
#4072=DIRECTION('ref_axis',(0.,0.,-1.));
#4073=DIRECTION('center_axis',(-1.,0.,0.));
#4074=DIRECTION('ref_axis',(0.,-1.,0.));
#4075=DIRECTION('center_axis',(0.,0.112939277427364,-0.99360189191355));
#4076=DIRECTION('ref_axis',(0.,0.99360189191355,0.112939277427364));
#4077=DIRECTION('center_axis',(1.,0.,0.));
#4078=DIRECTION('ref_axis',(0.,-1.,0.));
#4079=DIRECTION('center_axis',(1.,0.,0.));
#4080=DIRECTION('ref_axis',(0.,-1.,0.));
#4081=DIRECTION('center_axis',(1.,0.,0.));
#4082=DIRECTION('ref_axis',(0.,0.,-1.));
#4083=DIRECTION('center_axis',(0.,0.,-1.));
#4084=DIRECTION('ref_axis',(-1.,0.,0.));
#4085=DIRECTION('',(-1.,0.,0.));
#4086=DIRECTION('',(0.,-1.,0.));
#4087=DIRECTION('',(1.,0.,0.));
#4088=DIRECTION('',(0.,-1.,0.));
#4089=DIRECTION('center_axis',(-1.,0.,2.42753699838457E-16));
#4090=DIRECTION('ref_axis',(2.42753699838457E-16,1.73066301066785E-16,1.));
#4091=DIRECTION('',(2.42753699838457E-16,0.,1.));
#4092=DIRECTION('center_axis',(-1.,0.,2.42753699838457E-16));
#4093=DIRECTION('ref_axis',(0.,-1.,0.));
#4094=DIRECTION('center_axis',(1.,0.,-2.42753699838457E-16));
#4095=DIRECTION('ref_axis',(0.,1.,0.));
#4096=DIRECTION('',(-2.42753699838457E-16,-1.73066301066785E-16,-1.));
#4097=DIRECTION('',(0.,1.,0.));
#4098=DIRECTION('center_axis',(0.,2.77555756156289E-16,1.));
#4099=DIRECTION('ref_axis',(1.,0.,0.));
#4100=DIRECTION('',(1.,0.,0.));
#4101=DIRECTION('',(0.,-1.,2.77555756156289E-16));
#4102=DIRECTION('',(-1.,0.,0.));
#4103=DIRECTION('',(0.,1.,-2.77555756156289E-16));
#4104=DIRECTION('center_axis',(-1.,1.53170343646687E-31,5.51854322057146E-16));
#4105=DIRECTION('ref_axis',(5.51854322057146E-16,1.73066301066785E-16,1.));
#4106=DIRECTION('center_axis',(1.,-1.53170343646687E-31,-5.51854322057146E-16));
#4107=DIRECTION('ref_axis',(0.,-0.976644458235313,-0.214861821174104));
#4108=DIRECTION('',(0.,1.,-2.77555756156289E-16));
#4109=DIRECTION('center_axis',(-1.,1.53170343646687E-31,5.51854322057146E-16));
#4110=DIRECTION('ref_axis',(0.,0.981329646471275,0.192333369326706));
#4111=DIRECTION('center_axis',(0.,-2.77555756156289E-16,-1.));
#4112=DIRECTION('ref_axis',(-1.,0.,0.));
#4113=DIRECTION('',(-1.,0.,0.));
#4114=DIRECTION('',(0.,-1.,2.77555756156289E-16));
#4115=DIRECTION('',(-1.,0.,0.));
#4116=DIRECTION('center_axis',(0.,0.,-1.));
#4117=DIRECTION('ref_axis',(-1.,0.,0.));
#4118=DIRECTION('',(-1.,0.,0.));
#4119=DIRECTION('',(0.,1.,0.));
#4120=DIRECTION('',(1.,0.,0.));
#4121=DIRECTION('',(0.,1.,0.));
#4122=DIRECTION('center_axis',(1.,0.,0.));
#4123=DIRECTION('ref_axis',(0.,-1.73066301066785E-16,-1.));
#4124=DIRECTION('center_axis',(1.,0.,0.));
#4125=DIRECTION('ref_axis',(0.,-1.,0.));
#4126=DIRECTION('',(0.,0.,-1.));
#4127=DIRECTION('',(0.,-1.,0.));
#4128=DIRECTION('',(0.,1.73066301066785E-16,1.));
#4129=DIRECTION('center_axis',(-1.,0.,0.));
#4130=DIRECTION('ref_axis',(0.,1.,0.));
#4131=DIRECTION('center_axis',(0.,-2.77555756156289E-16,-1.));
#4132=DIRECTION('ref_axis',(-1.,0.,0.));
#4133=DIRECTION('',(-1.,0.,0.));
#4134=DIRECTION('',(0.,-1.,2.77555756156289E-16));
#4135=DIRECTION('',(-1.,0.,0.));
#4136=DIRECTION('',(0.,1.,-2.77555756156289E-16));
#4137=DIRECTION('center_axis',(1.,-1.91462929558359E-32,-6.89817902571432E-17));
#4138=DIRECTION('ref_axis',(-6.89817902571432E-17,-1.73066301066785E-16,
-1.));
#4139=DIRECTION('center_axis',(-1.,1.91462929558359E-32,6.89817902571432E-17));
#4140=DIRECTION('ref_axis',(0.,-0.976644458235313,-0.214861821174104));
#4141=DIRECTION('',(0.,1.,-2.77555756156289E-16));
#4142=DIRECTION('center_axis',(1.,-1.91462929558359E-32,-6.89817902571432E-17));
#4143=DIRECTION('ref_axis',(0.,0.981329646471275,0.192333369326706));
#4144=DIRECTION('center_axis',(-2.77555756156289E-15,2.77555756156289E-16,
1.));
#4145=DIRECTION('ref_axis',(1.,4.80355480577635E-31,2.77555756156289E-15));
#4146=DIRECTION('',(1.,0.,0.));
#4147=DIRECTION('',(0.,-1.,2.77555756156289E-16));
#4148=DIRECTION('',(-1.,0.,0.));
#4149=DIRECTION('center_axis',(1.,0.,0.));
#4150=DIRECTION('ref_axis',(0.,0.,-1.));
#4151=DIRECTION('center_axis',(-1.,0.,0.));
#4152=DIRECTION('ref_axis',(0.,-0.976644458235313,-0.214861821174104));
#4153=DIRECTION('',(0.,0.99360189191355,0.112939277427364));
#4154=DIRECTION('center_axis',(1.,0.,0.));
#4155=DIRECTION('ref_axis',(0.,1.,0.));
#4156=DIRECTION('center_axis',(-1.,0.,0.));
#4157=DIRECTION('ref_axis',(0.,1.,0.));
#4158=DIRECTION('',(1.,0.,0.));
#4159=DIRECTION('center_axis',(1.,0.,0.));
#4160=DIRECTION('ref_axis',(0.,1.,0.));
#4161=DIRECTION('',(1.,0.,0.));
#4162=DIRECTION('center_axis',(0.,-1.,0.));
#4163=DIRECTION('ref_axis',(0.,0.,-1.));
#4164=DIRECTION('',(1.,0.,0.));
#4165=DIRECTION('',(1.,0.,0.));
#4166=DIRECTION('center_axis',(0.,1.,-1.73066301066785E-16));
#4167=DIRECTION('ref_axis',(0.,1.73066301066785E-16,1.));
#4168=DIRECTION('',(1.,0.,0.));
#4169=DIRECTION('center_axis',(0.,0.,1.));
#4170=DIRECTION('ref_axis',(0.,-1.,0.));
#4171=DIRECTION('center_axis',(1.,0.,0.));
#4172=DIRECTION('ref_axis',(0.,0.981329646471275,0.192333369326706));
#4173=DIRECTION('',(-1.,0.,0.));
#4174=DIRECTION('center_axis',(-1.,0.,0.));
#4175=DIRECTION('ref_axis',(0.,0.981329646471275,0.192333369326706));
#4176=DIRECTION('center_axis',(1.,0.,0.));
#4177=DIRECTION('ref_axis',(0.,0.981329646471275,0.192333369326706));
#4178=DIRECTION('center_axis',(1.,0.,0.));
#4179=DIRECTION('ref_axis',(0.,-0.976644458235313,-0.214861821174104));
#4180=DIRECTION('center_axis',(-1.,0.,0.));
#4181=DIRECTION('ref_axis',(0.,-0.976644458235313,-0.214861821174104));
#4182=DIRECTION('',(1.,0.,0.));
#4183=DIRECTION('center_axis',(1.,0.,0.));
#4184=DIRECTION('ref_axis',(0.,-0.976644458235313,-0.214861821174104));
#4185=DIRECTION('center_axis',(1.,0.,0.));
#4186=DIRECTION('ref_axis',(0.,-0.976644458235313,-0.214861821174104));
#4187=DIRECTION('',(1.,0.,0.));
#4188=DIRECTION('center_axis',(1.,0.,0.));
#4189=DIRECTION('ref_axis',(0.,0.,-1.));
#4190=DIRECTION('',(0.,-0.99360189191355,-0.112939277427364));
#4191=DIRECTION('center_axis',(1.,0.,0.));
#4192=DIRECTION('ref_axis',(0.,0.,-1.));
#4193=DIRECTION('center_axis',(-1.,0.,0.));
#4194=DIRECTION('ref_axis',(0.,-1.,0.));
#4195=DIRECTION('center_axis',(0.,0.112939277427364,-0.99360189191355));
#4196=DIRECTION('ref_axis',(0.,0.99360189191355,0.112939277427364));
#4197=DIRECTION('center_axis',(1.,0.,0.));
#4198=DIRECTION('ref_axis',(0.,-1.,0.));
#4199=DIRECTION('center_axis',(1.,0.,0.));
#4200=DIRECTION('ref_axis',(0.,-1.,0.));
#4201=DIRECTION('center_axis',(1.,0.,0.));
#4202=DIRECTION('ref_axis',(0.,0.,-1.));
#4203=DIRECTION('center_axis',(0.,0.,-1.));
#4204=DIRECTION('ref_axis',(-1.,0.,0.));
#4205=DIRECTION('',(-1.,0.,0.));
#4206=DIRECTION('',(0.,-1.,0.));
#4207=DIRECTION('',(1.,0.,0.));
#4208=DIRECTION('',(0.,-1.,0.));
#4209=DIRECTION('center_axis',(-1.,0.,2.42753699838457E-16));
#4210=DIRECTION('ref_axis',(2.42753699838457E-16,1.73066301066785E-16,1.));
#4211=DIRECTION('',(2.42753699838457E-16,0.,1.));
#4212=DIRECTION('center_axis',(-1.,0.,2.42753699838457E-16));
#4213=DIRECTION('ref_axis',(0.,-1.,0.));
#4214=DIRECTION('center_axis',(1.,0.,-2.42753699838457E-16));
#4215=DIRECTION('ref_axis',(0.,1.,0.));
#4216=DIRECTION('',(-2.42753699838457E-16,-1.73066301066785E-16,-1.));
#4217=DIRECTION('',(0.,1.,0.));
#4218=DIRECTION('center_axis',(0.,2.77555756156289E-16,1.));
#4219=DIRECTION('ref_axis',(1.,0.,0.));
#4220=DIRECTION('',(1.,0.,0.));
#4221=DIRECTION('',(0.,-1.,2.77555756156289E-16));
#4222=DIRECTION('',(-1.,0.,0.));
#4223=DIRECTION('',(0.,1.,-2.77555756156289E-16));
#4224=DIRECTION('center_axis',(-1.,1.53170343646687E-31,5.51854322057146E-16));
#4225=DIRECTION('ref_axis',(5.51854322057146E-16,1.73066301066785E-16,1.));
#4226=DIRECTION('center_axis',(1.,-1.53170343646687E-31,-5.51854322057146E-16));
#4227=DIRECTION('ref_axis',(0.,-0.976644458235313,-0.214861821174104));
#4228=DIRECTION('',(0.,1.,-2.77555756156289E-16));
#4229=DIRECTION('center_axis',(-1.,1.53170343646687E-31,5.51854322057146E-16));
#4230=DIRECTION('ref_axis',(0.,0.981329646471275,0.192333369326706));
#4231=DIRECTION('center_axis',(0.,-2.77555756156289E-16,-1.));
#4232=DIRECTION('ref_axis',(-1.,0.,0.));
#4233=DIRECTION('',(-1.,0.,0.));
#4234=DIRECTION('',(0.,-1.,2.77555756156289E-16));
#4235=DIRECTION('',(-1.,0.,0.));
#4236=DIRECTION('center_axis',(0.,0.,-1.));
#4237=DIRECTION('ref_axis',(-1.,0.,0.));
#4238=DIRECTION('',(-1.,0.,0.));
#4239=DIRECTION('',(0.,1.,0.));
#4240=DIRECTION('',(1.,0.,0.));
#4241=DIRECTION('',(0.,1.,0.));
#4242=DIRECTION('center_axis',(1.,0.,0.));
#4243=DIRECTION('ref_axis',(0.,-1.73066301066785E-16,-1.));
#4244=DIRECTION('center_axis',(1.,0.,0.));
#4245=DIRECTION('ref_axis',(0.,-1.,0.));
#4246=DIRECTION('',(0.,0.,-1.));
#4247=DIRECTION('',(0.,-1.,0.));
#4248=DIRECTION('',(0.,1.73066301066785E-16,1.));
#4249=DIRECTION('center_axis',(-1.,0.,0.));
#4250=DIRECTION('ref_axis',(0.,1.,0.));
#4251=DIRECTION('center_axis',(0.,-2.77555756156289E-16,-1.));
#4252=DIRECTION('ref_axis',(-1.,0.,0.));
#4253=DIRECTION('',(-1.,0.,0.));
#4254=DIRECTION('',(0.,-1.,2.77555756156289E-16));
#4255=DIRECTION('',(-1.,0.,0.));
#4256=DIRECTION('',(0.,1.,-2.77555756156289E-16));
#4257=DIRECTION('center_axis',(1.,-1.91462929558359E-32,-6.89817902571432E-17));
#4258=DIRECTION('ref_axis',(-6.89817902571432E-17,-1.73066301066785E-16,
-1.));
#4259=DIRECTION('center_axis',(-1.,1.91462929558359E-32,6.89817902571432E-17));
#4260=DIRECTION('ref_axis',(0.,-0.976644458235313,-0.214861821174104));
#4261=DIRECTION('',(0.,1.,-2.77555756156289E-16));
#4262=DIRECTION('center_axis',(1.,-1.91462929558359E-32,-6.89817902571432E-17));
#4263=DIRECTION('ref_axis',(0.,0.981329646471275,0.192333369326706));
#4264=DIRECTION('center_axis',(-2.77555756156289E-15,2.77555756156289E-16,
1.));
#4265=DIRECTION('ref_axis',(1.,4.80355480577635E-31,2.77555756156289E-15));
#4266=DIRECTION('',(1.,0.,0.));
#4267=DIRECTION('',(0.,-1.,2.77555756156289E-16));
#4268=DIRECTION('',(-1.,0.,0.));
#4269=DIRECTION('center_axis',(1.,0.,0.));
#4270=DIRECTION('ref_axis',(0.,0.,-1.));
#4271=DIRECTION('center_axis',(-1.,0.,0.));
#4272=DIRECTION('ref_axis',(0.,-0.976644458235313,-0.214861821174104));
#4273=DIRECTION('',(0.,0.99360189191355,0.112939277427364));
#4274=DIRECTION('center_axis',(1.,0.,0.));
#4275=DIRECTION('ref_axis',(0.,1.,0.));
#4276=DIRECTION('center_axis',(-1.,0.,0.));
#4277=DIRECTION('ref_axis',(0.,1.,0.));
#4278=DIRECTION('',(1.,0.,0.));
#4279=DIRECTION('center_axis',(1.,0.,0.));
#4280=DIRECTION('ref_axis',(0.,1.,0.));
#4281=DIRECTION('',(1.,0.,0.));
#4282=DIRECTION('center_axis',(0.,-1.,0.));
#4283=DIRECTION('ref_axis',(0.,0.,-1.));
#4284=DIRECTION('',(1.,0.,0.));
#4285=DIRECTION('',(1.,0.,0.));
#4286=DIRECTION('center_axis',(0.,1.,-1.73066301066785E-16));
#4287=DIRECTION('ref_axis',(0.,1.73066301066785E-16,1.));
#4288=DIRECTION('',(1.,0.,0.));
#4289=DIRECTION('center_axis',(0.,0.,1.));
#4290=DIRECTION('ref_axis',(0.,-1.,0.));
#4291=DIRECTION('center_axis',(1.,0.,0.));
#4292=DIRECTION('ref_axis',(0.,0.981329646471275,0.192333369326706));
#4293=DIRECTION('',(-1.,0.,0.));
#4294=DIRECTION('center_axis',(-1.,0.,0.));
#4295=DIRECTION('ref_axis',(0.,0.981329646471275,0.192333369326706));
#4296=DIRECTION('center_axis',(1.,0.,0.));
#4297=DIRECTION('ref_axis',(0.,0.981329646471275,0.192333369326706));
#4298=DIRECTION('center_axis',(1.,0.,0.));
#4299=DIRECTION('ref_axis',(0.,-0.976644458235313,-0.214861821174104));
#4300=DIRECTION('center_axis',(-1.,0.,0.));
#4301=DIRECTION('ref_axis',(0.,-0.976644458235313,-0.214861821174104));
#4302=DIRECTION('',(1.,0.,0.));
#4303=DIRECTION('center_axis',(1.,0.,0.));
#4304=DIRECTION('ref_axis',(0.,-0.976644458235313,-0.214861821174104));
#4305=DIRECTION('center_axis',(1.,0.,0.));
#4306=DIRECTION('ref_axis',(0.,-0.976644458235313,-0.214861821174104));
#4307=DIRECTION('',(1.,0.,0.));
#4308=DIRECTION('center_axis',(1.,0.,0.));
#4309=DIRECTION('ref_axis',(0.,0.,-1.));
#4310=DIRECTION('',(0.,-0.99360189191355,-0.112939277427364));
#4311=DIRECTION('center_axis',(1.,0.,0.));
#4312=DIRECTION('ref_axis',(0.,0.,-1.));
#4313=DIRECTION('center_axis',(-1.,0.,0.));
#4314=DIRECTION('ref_axis',(0.,-1.,0.));
#4315=DIRECTION('center_axis',(0.,0.112939277427364,-0.99360189191355));
#4316=DIRECTION('ref_axis',(0.,0.99360189191355,0.112939277427364));
#4317=DIRECTION('center_axis',(1.,0.,0.));
#4318=DIRECTION('ref_axis',(0.,-1.,0.));
#4319=DIRECTION('center_axis',(1.,0.,0.));
#4320=DIRECTION('ref_axis',(0.,-1.,0.));
#4321=DIRECTION('center_axis',(1.,0.,0.));
#4322=DIRECTION('ref_axis',(0.,0.,-1.));
#4323=CARTESIAN_POINT('',(0.,0.,0.));
#4324=CARTESIAN_POINT('Origin',(5.55111512312578E-16,-0.52,-0.0180728882850198));
#4325=CARTESIAN_POINT('',(2.45677704867071,-0.52,-2.07630150279265));
#4326=CARTESIAN_POINT('',(-2.45677704867071,-0.52,-2.07630150279265));
#4327=CARTESIAN_POINT('',(2.77555756156289E-16,-0.52,-2.07630150279265));
#4328=CARTESIAN_POINT('',(2.45677704867071,-0.52,2.17057895172166));
#4329=CARTESIAN_POINT('',(2.45677704867071,-0.52,1.10846355585749));
#4330=CARTESIAN_POINT('',(-2.45677704867071,-0.52,2.17057895172166));
#4331=CARTESIAN_POINT('',(2.77555756156289E-16,-0.52,2.17057895172166));
#4332=CARTESIAN_POINT('',(-2.45677704867071,-0.52,1.10846355585749));
#4333=CARTESIAN_POINT('Origin',(0.,-0.57,2.16489562531364));
#4334=CARTESIAN_POINT('',(2.5,-0.271243640797958,2.19885422342996));
#4335=CARTESIAN_POINT('',(2.4389587776985,-0.622547560451248,2.15892272655385));
#4336=CARTESIAN_POINT('',(2.44734862277707,0.0467547810334011,2.235));
#4337=CARTESIAN_POINT('',(2.42203737253155,0.199627090499779,2.2523764646689));
#4338=CARTESIAN_POINT('',(-2.44734862277707,0.0467547810334011,2.235));
#4339=CARTESIAN_POINT('',(-1.25,0.0467547810333969,2.235));
#4340=CARTESIAN_POINT('',(-2.5,-0.271243640797962,2.19885422342996));
#4341=CARTESIAN_POINT('',(-2.49081532181112,-0.215770957591091,2.20515961073783));
#4342=CARTESIAN_POINT('',(-2.41332488377877,-0.770075527134095,2.14215373477446));
#4343=CARTESIAN_POINT('Origin',(2.5,-0.271243640797962,2.235));
#4344=CARTESIAN_POINT('',(2.5,-0.271243640797961,-2.235));
#4345=CARTESIAN_POINT('',(2.30135557102498,-1.41448035666067,-1.50565201733267));
#4346=CARTESIAN_POINT('',(2.5,-0.271243640797958,2.235));
#4347=CARTESIAN_POINT('Origin',(0.,0.0467547810334011,2.235));
#4348=CARTESIAN_POINT('',(2.36071428904282,0.57,2.09479125062728));
#4349=CARTESIAN_POINT('',(2.37634327182535,0.475605662723121,2.12008515011784));
#4350=CARTESIAN_POINT('',(-2.36071428904282,0.57,2.09479125062728));
#4351=CARTESIAN_POINT('',(1.38777878078145E-16,0.57,2.09479125062728));
#4352=CARTESIAN_POINT('',(-2.44143694765662,0.0824595138977129,2.22543256247715));
#4353=CARTESIAN_POINT('Origin',(0.,-0.271243640797967,-2.235));
#4354=CARTESIAN_POINT('',(-2.5,-0.271243640797967,-2.235));
#4355=CARTESIAN_POINT('',(-2.28275056252905,-1.52155574216854,-1.43734139073199));
#4356=CARTESIAN_POINT('',(1.25,-0.271243640797976,-2.235));
#4357=CARTESIAN_POINT('Origin',(0.,0.57,-2.09897519520113));
#4358=CARTESIAN_POINT('',(2.36071428904282,0.57,-2.09897519520113));
#4359=CARTESIAN_POINT('',(2.27493577983561,1.08807629721531,-2.01520490110085));
#4360=CARTESIAN_POINT('',(-2.36071428904282,0.57,-2.09897519520113));
#4361=CARTESIAN_POINT('',(-2.34285037038157,0.677892675208625,-2.08152950007461));
#4362=CARTESIAN_POINT('',(1.38777878078145E-16,0.57,-2.09897519520113));
#4363=CARTESIAN_POINT('Origin',(-2.44808924035338,-0.57,2.235));
#4364=CARTESIAN_POINT('',(-2.5,-0.271243640797965,1.09264364653201E-15));
#4365=CARTESIAN_POINT('Origin',(-2.5,-0.271243640797962,2.235));
#4366=CARTESIAN_POINT('',(-2.36071428904282,0.57,1.1175));
#4367=CARTESIAN_POINT('Origin',(2.36071428904282,0.57,2.235));
#4368=CARTESIAN_POINT('',(2.36071428904282,0.57,1.1175));
#4369=CARTESIAN_POINT('Origin',(2.77555756156289E-16,0.57,0.));
#4370=CARTESIAN_POINT('Origin',(2.08,-0.57,-0.0249999999999981));
#4371=CARTESIAN_POINT('',(2.08,-0.57,0.0250000000000019));
#4372=CARTESIAN_POINT('',(2.03,-0.57,-0.0249999999999981));
#4373=CARTESIAN_POINT('Origin',(2.08,-0.57,-0.0249999999999981));
#4374=CARTESIAN_POINT('',(2.03,-0.27,-0.0249999999999981));
#4375=CARTESIAN_POINT('',(2.03,-0.57,-0.0249999999999981));
#4376=CARTESIAN_POINT('',(2.08,-0.27,0.0250000000000019));
#4377=CARTESIAN_POINT('Origin',(2.08,-0.27,-0.0249999999999981));
#4378=CARTESIAN_POINT('',(2.08,-0.57,0.0250000000000019));
#4379=CARTESIAN_POINT('Origin',(2.03,-0.57,0.025000000000002));
#4380=CARTESIAN_POINT('',(2.03,-0.57,-2.335));
#4381=CARTESIAN_POINT('',(2.03,-0.57,-2.385));
#4382=CARTESIAN_POINT('',(2.03,-0.27,-2.335));
#4383=CARTESIAN_POINT('',(2.03,-0.57,-2.335));
#4384=CARTESIAN_POINT('',(2.03,-0.27,-2.385));
#4385=CARTESIAN_POINT('Origin',(2.1441154273188,-0.57,0.0750000000000019));
#4386=CARTESIAN_POINT('',(2.1441154273188,-0.27,0.0250000000000019));
#4387=CARTESIAN_POINT('',(2.1691154273188,-0.27,0.03169872981078));
#4388=CARTESIAN_POINT('Origin',(2.1441154273188,-0.27,0.0750000000000019));
#4389=CARTESIAN_POINT('',(2.1691154273188,-0.57,0.03169872981078));
#4390=CARTESIAN_POINT('',(2.1691154273188,-0.57,0.03169872981078));
#4391=CARTESIAN_POINT('',(2.1441154273188,-0.57,0.0250000000000019));
#4392=CARTESIAN_POINT('Origin',(2.1441154273188,-0.57,0.0750000000000019));
#4393=CARTESIAN_POINT('',(2.1441154273188,-0.57,0.0250000000000019));
#4394=CARTESIAN_POINT('Origin',(0.,-0.57,-0.760000000000001));
#4395=CARTESIAN_POINT('',(2.38839745962156,-0.57,0.158301270189224));
#4396=CARTESIAN_POINT('',(2.15751288694036,-0.57,0.0250000000000019));
#4397=CARTESIAN_POINT('',(2.41339745962156,-0.57,0.165000000000002));
#4398=CARTESIAN_POINT('Origin',(2.41339745962156,-0.57,0.115000000000002));
#4399=CARTESIAN_POINT('',(2.575,-0.57,0.165000000000002));
#4400=CARTESIAN_POINT('',(2.4,-0.57,0.165000000000002));
#4401=CARTESIAN_POINT('',(2.625,-0.57,0.215000000000002));
#4402=CARTESIAN_POINT('Origin',(2.575,-0.57,0.215000000000002));
#4403=CARTESIAN_POINT('',(2.625,-0.57,0.345000000000002));
#4404=CARTESIAN_POINT('',(2.625,-0.57,0.165000000000002));
#4405=CARTESIAN_POINT('',(2.575,-0.57,0.395000000000002));
#4406=CARTESIAN_POINT('Origin',(2.575,-0.57,0.345000000000002));
#4407=CARTESIAN_POINT('',(2.41339745962156,-0.57,0.395000000000002));
#4408=CARTESIAN_POINT('',(2.625,-0.57,0.395000000000002));
#4409=CARTESIAN_POINT('',(2.38839745962156,-0.57,0.40169872981078));
#4410=CARTESIAN_POINT('Origin',(2.41339745962156,-0.57,0.445000000000002));
#4411=CARTESIAN_POINT('',(2.1691154273188,-0.57,0.528301270189224));
#4412=CARTESIAN_POINT('',(2.4,-0.57,0.395000000000002));
#4413=CARTESIAN_POINT('',(2.1441154273188,-0.57,0.535000000000002));
#4414=CARTESIAN_POINT('Origin',(2.1441154273188,-0.57,0.485000000000002));
#4415=CARTESIAN_POINT('',(2.08,-0.57,0.535000000000002));
#4416=CARTESIAN_POINT('',(2.15751288694036,-0.57,0.535000000000002));
#4417=CARTESIAN_POINT('',(2.03,-0.57,0.585000000000002));
#4418=CARTESIAN_POINT('Origin',(2.08,-0.57,0.585000000000002));
#4419=CARTESIAN_POINT('',(2.03,-0.57,0.715));
#4420=CARTESIAN_POINT('',(2.03,-0.57,-2.385));
#4421=CARTESIAN_POINT('',(-1.98,-0.57,0.714999999999999));
#4422=CARTESIAN_POINT('',(2.03,-0.57,0.715));
#4423=CARTESIAN_POINT('',(-2.03,-0.57,0.664999999999999));
#4424=CARTESIAN_POINT('Origin',(-1.98,-0.57,0.664999999999999));
#4425=CARTESIAN_POINT('',(-2.03,-0.57,0.585000000000002));
#4426=CARTESIAN_POINT('',(-2.03,-0.57,0.715));
#4427=CARTESIAN_POINT('',(-2.08,-0.57,0.535000000000002));
#4428=CARTESIAN_POINT('Origin',(-2.08,-0.57,0.585000000000002));
#4429=CARTESIAN_POINT('',(-2.1441154273188,-0.57,0.535000000000002));
#4430=CARTESIAN_POINT('',(-2.03,-0.57,0.535000000000002));
#4431=CARTESIAN_POINT('',(-2.1691154273188,-0.57,0.528301270189224));
#4432=CARTESIAN_POINT('Origin',(-2.1441154273188,-0.57,0.485000000000002));
#4433=CARTESIAN_POINT('',(-2.38839745962156,-0.57,0.40169872981078));
#4434=CARTESIAN_POINT('',(-2.15751288694036,-0.57,0.535000000000002));
#4435=CARTESIAN_POINT('',(-2.41339745962156,-0.57,0.395000000000002));
#4436=CARTESIAN_POINT('Origin',(-2.41339745962156,-0.57,0.445000000000002));
#4437=CARTESIAN_POINT('',(-2.575,-0.57,0.395000000000002));
#4438=CARTESIAN_POINT('',(-2.4,-0.57,0.395000000000002));
#4439=CARTESIAN_POINT('',(-2.625,-0.57,0.345000000000002));
#4440=CARTESIAN_POINT('Origin',(-2.575,-0.57,0.345000000000002));
#4441=CARTESIAN_POINT('',(-2.625,-0.57,0.215000000000002));
#4442=CARTESIAN_POINT('',(-2.625,-0.57,0.395000000000002));
#4443=CARTESIAN_POINT('',(-2.575,-0.57,0.165000000000002));
#4444=CARTESIAN_POINT('Origin',(-2.575,-0.57,0.215000000000002));
#4445=CARTESIAN_POINT('',(-2.41339745962156,-0.57,0.165000000000002));
#4446=CARTESIAN_POINT('',(-2.625,-0.57,0.165000000000002));
#4447=CARTESIAN_POINT('',(-2.38839745962156,-0.57,0.158301270189224));
#4448=CARTESIAN_POINT('Origin',(-2.41339745962156,-0.57,0.115000000000002));
#4449=CARTESIAN_POINT('',(-2.1691154273188,-0.57,0.03169872981078));
#4450=CARTESIAN_POINT('',(-2.4,-0.57,0.165000000000002));
#4451=CARTESIAN_POINT('',(-2.1441154273188,-0.57,0.0250000000000019));
#4452=CARTESIAN_POINT('Origin',(-2.1441154273188,-0.57,0.0750000000000019));
#4453=CARTESIAN_POINT('',(-2.08,-0.57,0.0250000000000019));
#4454=CARTESIAN_POINT('',(-2.15751288694036,-0.57,0.0250000000000019));
#4455=CARTESIAN_POINT('',(-2.03,-0.57,-0.0249999999999981));
#4456=CARTESIAN_POINT('Origin',(-2.08,-0.57,-0.0249999999999981));
#4457=CARTESIAN_POINT('',(-2.03,-0.57,-2.335));
#4458=CARTESIAN_POINT('',(-2.03,-0.57,0.715));
#4459=CARTESIAN_POINT('',(-2.08,-0.57,-2.385));
#4460=CARTESIAN_POINT('Origin',(-2.08,-0.57,-2.335));
#4461=CARTESIAN_POINT('',(-2.45,-0.57,-2.385));
#4462=CARTESIAN_POINT('',(2.4,-0.57,-2.385));
#4463=CARTESIAN_POINT('',(-2.5,-0.57,-2.435));
#4464=CARTESIAN_POINT('Origin',(-2.45,-0.57,-2.435));
#4465=CARTESIAN_POINT('',(-2.5,-0.57,-2.745));
#4466=CARTESIAN_POINT('',(-2.5,-0.57,-2.485));
#4467=CARTESIAN_POINT('',(-2.45,-0.57,-2.795));
#4468=CARTESIAN_POINT('Origin',(-2.45,-0.57,-2.745));
#4469=CARTESIAN_POINT('',(-1.31137604167573,-0.57,-2.795));
#4470=CARTESIAN_POINT('',(-2.4,-0.57,-2.795));
#4471=CARTESIAN_POINT('',(-1.26137604167573,-0.57,-2.845));
#4472=CARTESIAN_POINT('Origin',(-1.31137604167573,-0.57,-2.845));
#4473=CARTESIAN_POINT('',(-1.26137604167573,-0.57,-2.945));
#4474=CARTESIAN_POINT('',(-1.26137604167573,-0.57,-2.795));
#4475=CARTESIAN_POINT('',(-0.922581024620714,-0.57,-2.945));
#4476=CARTESIAN_POINT('',(-1.26137604167573,-0.57,-2.945));
#4477=CARTESIAN_POINT('',(-0.922581024620714,-0.57,-2.845));
#4478=CARTESIAN_POINT('',(-0.922581024620714,-0.57,-2.945));
#4479=CARTESIAN_POINT('',(-0.872581024620714,-0.57,-2.795));
#4480=CARTESIAN_POINT('Origin',(-0.872581024620714,-0.57,-2.845));
#4481=CARTESIAN_POINT('',(0.872581024620715,-0.57,-2.795));
#4482=CARTESIAN_POINT('',(-2.4,-0.57,-2.795));
#4483=CARTESIAN_POINT('',(0.922581024620715,-0.57,-2.845));
#4484=CARTESIAN_POINT('Origin',(0.872581024620715,-0.57,-2.845));
#4485=CARTESIAN_POINT('',(0.922581024620715,-0.57,-2.945));
#4486=CARTESIAN_POINT('',(0.922581024620715,-0.57,-2.795));
#4487=CARTESIAN_POINT('',(1.26137604167573,-0.57,-2.945));
#4488=CARTESIAN_POINT('',(0.922581024620715,-0.57,-2.945));
#4489=CARTESIAN_POINT('',(1.26137604167573,-0.57,-2.845));
#4490=CARTESIAN_POINT('',(1.26137604167573,-0.57,-2.945));
#4491=CARTESIAN_POINT('',(1.31137604167573,-0.57,-2.795));
#4492=CARTESIAN_POINT('Origin',(1.31137604167573,-0.57,-2.845));
#4493=CARTESIAN_POINT('',(2.45,-0.57,-2.795));
#4494=CARTESIAN_POINT('',(-2.4,-0.57,-2.795));
#4495=CARTESIAN_POINT('',(2.5,-0.57,-2.745));
#4496=CARTESIAN_POINT('Origin',(2.45,-0.57,-2.745));
#4497=CARTESIAN_POINT('',(2.5,-0.57,-2.435));
#4498=CARTESIAN_POINT('',(2.5,-0.57,-2.695));
#4499=CARTESIAN_POINT('',(2.45,-0.57,-2.385));
#4500=CARTESIAN_POINT('Origin',(2.45,-0.57,-2.435));
#4501=CARTESIAN_POINT('',(2.08,-0.57,-2.385));
#4502=CARTESIAN_POINT('',(2.4,-0.57,-2.385));
#4503=CARTESIAN_POINT('Origin',(2.08,-0.57,-2.335));
#4504=CARTESIAN_POINT('',(2.03,-0.57,0.0250000000000019));
#4505=CARTESIAN_POINT('Origin',(2.4,-0.57,0.165000000000002));
#4506=CARTESIAN_POINT('',(2.38839745962156,-0.27,0.158301270189224));
#4507=CARTESIAN_POINT('',(2.15751288694036,-0.27,0.0250000000000019));
#4508=CARTESIAN_POINT('',(2.38839745962156,-0.57,0.158301270189224));
#4509=CARTESIAN_POINT('Origin',(2.41339745962156,-0.57,0.115000000000002));
#4510=CARTESIAN_POINT('',(2.41339745962156,-0.27,0.165000000000002));
#4511=CARTESIAN_POINT('Origin',(2.41339745962156,-0.27,0.115000000000002));
#4512=CARTESIAN_POINT('',(2.41339745962156,-0.57,0.165000000000002));
#4513=CARTESIAN_POINT('Origin',(2.575,-0.57,0.215000000000002));
#4514=CARTESIAN_POINT('',(2.575,-0.27,0.165000000000002));
#4515=CARTESIAN_POINT('',(2.625,-0.27,0.215000000000002));
#4516=CARTESIAN_POINT('Origin',(2.575,-0.27,0.215000000000002));
#4517=CARTESIAN_POINT('',(2.625,-0.57,0.215000000000002));
#4518=CARTESIAN_POINT('',(2.575,-0.57,0.165000000000002));
#4519=CARTESIAN_POINT('Origin',(2.625,-0.57,0.165000000000002));
#4520=CARTESIAN_POINT('',(2.4,-0.27,0.165000000000002));
#4521=CARTESIAN_POINT('Origin',(2.41339745962156,-0.57,0.445000000000002));
#4522=CARTESIAN_POINT('',(2.41339745962156,-0.27,0.395000000000002));
#4523=CARTESIAN_POINT('',(2.41339745962156,-0.57,0.395000000000002));
#4524=CARTESIAN_POINT('',(2.38839745962156,-0.27,0.40169872981078));
#4525=CARTESIAN_POINT('Origin',(2.41339745962156,-0.27,0.445000000000002));
#4526=CARTESIAN_POINT('',(2.38839745962156,-0.57,0.40169872981078));
#4527=CARTESIAN_POINT('Origin',(2.4,-0.57,0.395000000000002));
#4528=CARTESIAN_POINT('',(2.575,-0.27,0.395000000000002));
#4529=CARTESIAN_POINT('',(2.575,-0.57,0.395000000000002));
#4530=CARTESIAN_POINT('',(2.625,-0.27,0.395000000000002));
#4531=CARTESIAN_POINT('Origin',(2.1441154273188,-0.57,0.485000000000002));
#4532=CARTESIAN_POINT('',(2.1691154273188,-0.27,0.528301270189224));
#4533=CARTESIAN_POINT('',(2.1441154273188,-0.27,0.535000000000002));
#4534=CARTESIAN_POINT('Origin',(2.1441154273188,-0.27,0.485000000000002));
#4535=CARTESIAN_POINT('',(2.1441154273188,-0.57,0.535000000000002));
#4536=CARTESIAN_POINT('',(2.1691154273188,-0.57,0.528301270189224));
#4537=CARTESIAN_POINT('Origin',(2.03,-0.57,0.535000000000002));
#4538=CARTESIAN_POINT('',(2.08,-0.27,0.535000000000002));
#4539=CARTESIAN_POINT('',(2.15751288694036,-0.27,0.535000000000002));
#4540=CARTESIAN_POINT('',(2.08,-0.57,0.535000000000002));
#4541=CARTESIAN_POINT('Origin',(2.08,-0.57,0.585000000000002));
#4542=CARTESIAN_POINT('',(2.03,-0.27,0.585000000000002));
#4543=CARTESIAN_POINT('Origin',(2.08,-0.27,0.585000000000002));
#4544=CARTESIAN_POINT('',(2.03,-0.57,0.585000000000002));
#4545=CARTESIAN_POINT('Origin',(2.575,-0.57,0.345000000000002));
#4546=CARTESIAN_POINT('',(2.625,-0.27,0.345000000000002));
#4547=CARTESIAN_POINT('Origin',(2.575,-0.27,0.345000000000002));
#4548=CARTESIAN_POINT('',(2.625,-0.57,0.345000000000002));
#4549=CARTESIAN_POINT('Origin',(2.625,-0.57,0.395000000000002));
#4550=CARTESIAN_POINT('',(2.625,-0.27,0.165000000000002));
#4551=CARTESIAN_POINT('Origin',(-1.98,-0.57,0.664999999999999));
#4552=CARTESIAN_POINT('',(-1.98,-0.27,0.714999999999999));
#4553=CARTESIAN_POINT('',(-2.03,-0.27,0.664999999999999));
#4554=CARTESIAN_POINT('Origin',(-1.98,-0.27,0.664999999999999));
#4555=CARTESIAN_POINT('',(-2.03,-0.57,0.664999999999999));
#4556=CARTESIAN_POINT('',(-1.98,-0.57,0.714999999999999));
#4557=CARTESIAN_POINT('Origin',(-2.03,-0.57,0.535000000000002));
#4558=CARTESIAN_POINT('',(-2.03,-0.27,0.585000000000002));
#4559=CARTESIAN_POINT('',(-2.03,-0.27,0.715));
#4560=CARTESIAN_POINT('',(-2.03,-0.57,0.585000000000002));
#4561=CARTESIAN_POINT('Origin',(-2.08,-0.57,-0.0249999999999981));
#4562=CARTESIAN_POINT('',(-2.08,-0.27,0.0250000000000019));
#4563=CARTESIAN_POINT('',(-2.08,-0.57,0.0250000000000019));
#4564=CARTESIAN_POINT('',(-2.03,-0.27,-0.0249999999999981));
#4565=CARTESIAN_POINT('Origin',(-2.08,-0.27,-0.0249999999999981));
#4566=CARTESIAN_POINT('',(-2.03,-0.57,-0.0249999999999981));
#4567=CARTESIAN_POINT('Origin',(-2.03,-0.57,0.0250000000000019));
#4568=CARTESIAN_POINT('',(-2.1441154273188,-0.27,0.0250000000000019));
#4569=CARTESIAN_POINT('',(-2.1441154273188,-0.57,0.0250000000000019));
#4570=CARTESIAN_POINT('',(-2.15751288694036,-0.27,0.0250000000000019));
#4571=CARTESIAN_POINT('Origin',(-2.08,-0.57,0.585000000000002));
#4572=CARTESIAN_POINT('',(-2.08,-0.27,0.535000000000002));
#4573=CARTESIAN_POINT('Origin',(-2.08,-0.27,0.585000000000002));
#4574=CARTESIAN_POINT('',(-2.08,-0.57,0.535000000000002));
#4575=CARTESIAN_POINT('Origin',(-2.1441154273188,-0.57,0.485000000000002));
#4576=CARTESIAN_POINT('',(-2.1441154273188,-0.27,0.535000000000002));
#4577=CARTESIAN_POINT('',(-2.1691154273188,-0.27,0.528301270189224));
#4578=CARTESIAN_POINT('Origin',(-2.1441154273188,-0.27,0.485000000000002));
#4579=CARTESIAN_POINT('',(-2.1691154273188,-0.57,0.528301270189224));
#4580=CARTESIAN_POINT('',(-2.1441154273188,-0.57,0.535000000000002));
#4581=CARTESIAN_POINT('Origin',(-2.15751288694036,-0.57,0.535000000000002));
#4582=CARTESIAN_POINT('',(-2.03,-0.27,0.535000000000002));
#4583=CARTESIAN_POINT('Origin',(-2.575,-0.57,0.345000000000002));
#4584=CARTESIAN_POINT('',(-2.575,-0.27,0.395000000000002));
#4585=CARTESIAN_POINT('',(-2.625,-0.27,0.345000000000002));
#4586=CARTESIAN_POINT('Origin',(-2.575,-0.27,0.345000000000002));
#4587=CARTESIAN_POINT('',(-2.625,-0.57,0.345000000000002));
#4588=CARTESIAN_POINT('',(-2.575,-0.57,0.395000000000002));
#4589=CARTESIAN_POINT('Origin',(-2.625,-0.57,0.395000000000002));
#4590=CARTESIAN_POINT('',(-2.41339745962156,-0.27,0.395000000000002));
#4591=CARTESIAN_POINT('',(-2.41339745962156,-0.57,0.395000000000002));
#4592=CARTESIAN_POINT('',(-2.4,-0.27,0.395000000000002));
#4593=CARTESIAN_POINT('Origin',(-2.41339745962156,-0.57,0.445000000000002));
#4594=CARTESIAN_POINT('',(-2.38839745962156,-0.27,0.40169872981078));
#4595=CARTESIAN_POINT('',(-2.38839745962156,-0.57,0.40169872981078));
#4596=CARTESIAN_POINT('Origin',(-2.41339745962156,-0.27,0.445000000000002));
#4597=CARTESIAN_POINT('Origin',(-2.4,-0.57,0.395000000000002));
#4598=CARTESIAN_POINT('',(-2.15751288694036,-0.27,0.535000000000002));
#4599=CARTESIAN_POINT('Origin',(-2.575,-0.57,0.215000000000002));
#4600=CARTESIAN_POINT('',(-2.625,-0.27,0.215000000000002));
#4601=CARTESIAN_POINT('',(-2.575,-0.27,0.165000000000002));
#4602=CARTESIAN_POINT('Origin',(-2.575,-0.27,0.215000000000002));
#4603=CARTESIAN_POINT('',(-2.575,-0.57,0.165000000000002));
#4604=CARTESIAN_POINT('',(-2.625,-0.57,0.215000000000002));
#4605=CARTESIAN_POINT('Origin',(-2.4,-0.57,0.165000000000002));
#4606=CARTESIAN_POINT('',(-2.41339745962156,-0.27,0.165000000000002));
#4607=CARTESIAN_POINT('',(-2.625,-0.27,0.165000000000002));
#4608=CARTESIAN_POINT('',(-2.41339745962156,-0.57,0.165000000000002));
#4609=CARTESIAN_POINT('Origin',(-2.41339745962156,-0.57,0.115000000000002));
#4610=CARTESIAN_POINT('',(-2.38839745962156,-0.27,0.158301270189224));
#4611=CARTESIAN_POINT('Origin',(-2.41339745962156,-0.27,0.115000000000002));
#4612=CARTESIAN_POINT('',(-2.38839745962156,-0.57,0.158301270189224));
#4613=CARTESIAN_POINT('Origin',(-2.1441154273188,-0.57,0.0750000000000019));
#4614=CARTESIAN_POINT('',(-2.1691154273188,-0.27,0.03169872981078));
#4615=CARTESIAN_POINT('Origin',(-2.1441154273188,-0.27,0.0750000000000019));
#4616=CARTESIAN_POINT('',(-2.1691154273188,-0.57,0.03169872981078));
#4617=CARTESIAN_POINT('Origin',(-2.15751288694036,-0.57,0.0250000000000019));
#4618=CARTESIAN_POINT('',(-2.4,-0.27,0.165000000000002));
#4619=CARTESIAN_POINT('Origin',(-1.31137604167573,-0.57,-2.845));
#4620=CARTESIAN_POINT('',(-1.31137604167573,-0.27,-2.795));
#4621=CARTESIAN_POINT('',(-1.31137604167573,-0.57,-2.795));
#4622=CARTESIAN_POINT('',(-1.26137604167573,-0.27,-2.845));
#4623=CARTESIAN_POINT('Origin',(-1.31137604167573,-0.27,-2.845));
#4624=CARTESIAN_POINT('',(-1.26137604167573,-0.57,-2.845));
#4625=CARTESIAN_POINT('Origin',(-1.26137604167573,-0.57,-2.795));
#4626=CARTESIAN_POINT('',(-2.45,-0.27,-2.795));
#4627=CARTESIAN_POINT('',(-2.45,-0.57,-2.795));
#4628=CARTESIAN_POINT('',(-2.4,-0.27,-2.795));
#4629=CARTESIAN_POINT('Origin',(-0.872581024620714,-0.57,-2.845));
#4630=CARTESIAN_POINT('',(-0.922581024620714,-0.27,-2.845));
#4631=CARTESIAN_POINT('',(-0.922581024620714,-0.57,-2.845));
#4632=CARTESIAN_POINT('',(-0.872581024620714,-0.27,-2.795));
#4633=CARTESIAN_POINT('Origin',(-0.872581024620714,-0.27,-2.845));
#4634=CARTESIAN_POINT('',(-0.872581024620714,-0.57,-2.795));
#4635=CARTESIAN_POINT('Origin',(-0.922581024620714,-0.57,-2.795));
#4636=CARTESIAN_POINT('',(-0.922581024620714,-0.27,-2.945));
#4637=CARTESIAN_POINT('',(-0.922581024620714,-0.57,-2.945));
#4638=CARTESIAN_POINT('',(-0.922581024620714,-0.27,-2.945));
#4639=CARTESIAN_POINT('Origin',(0.872581024620715,-0.57,-2.845));
#4640=CARTESIAN_POINT('',(0.872581024620715,-0.27,-2.795));
#4641=CARTESIAN_POINT('',(0.872581024620715,-0.57,-2.795));
#4642=CARTESIAN_POINT('',(0.922581024620715,-0.27,-2.845));
#4643=CARTESIAN_POINT('Origin',(0.872581024620715,-0.27,-2.845));
#4644=CARTESIAN_POINT('',(0.922581024620715,-0.57,-2.845));
#4645=CARTESIAN_POINT('Origin',(0.922581024620715,-0.57,-2.795));
#4646=CARTESIAN_POINT('',(-2.4,-0.27,-2.795));
#4647=CARTESIAN_POINT('Origin',(1.31137604167573,-0.57,-2.845));
#4648=CARTESIAN_POINT('',(1.26137604167573,-0.27,-2.845));
#4649=CARTESIAN_POINT('',(1.26137604167573,-0.57,-2.845));
#4650=CARTESIAN_POINT('',(1.31137604167573,-0.27,-2.795));
#4651=CARTESIAN_POINT('Origin',(1.31137604167573,-0.27,-2.845));
#4652=CARTESIAN_POINT('',(1.31137604167573,-0.57,-2.795));
#4653=CARTESIAN_POINT('Origin',(1.26137604167573,-0.57,-2.795));
#4654=CARTESIAN_POINT('',(1.26137604167573,-0.27,-2.945));
#4655=CARTESIAN_POINT('',(1.26137604167573,-0.57,-2.945));
#4656=CARTESIAN_POINT('',(1.26137604167573,-0.27,-2.945));
#4657=CARTESIAN_POINT('Origin',(-2.08,-0.57,-2.335));
#4658=CARTESIAN_POINT('',(-2.03,-0.27,-2.335));
#4659=CARTESIAN_POINT('',(-2.03,-0.57,-2.335));
#4660=CARTESIAN_POINT('',(-2.08,-0.27,-2.385));
#4661=CARTESIAN_POINT('Origin',(-2.08,-0.27,-2.335));
#4662=CARTESIAN_POINT('',(-2.08,-0.57,-2.385));
#4663=CARTESIAN_POINT('Origin',(-2.03,-0.57,-2.385));
#4664=CARTESIAN_POINT('',(-2.03,-0.27,0.715));
#4665=CARTESIAN_POINT('Origin',(2.08,-0.57,-2.335));
#4666=CARTESIAN_POINT('',(2.08,-0.27,-2.385));
#4667=CARTESIAN_POINT('',(2.08,-0.57,-2.385));
#4668=CARTESIAN_POINT('Origin',(2.08,-0.27,-2.335));
#4669=CARTESIAN_POINT('Origin',(2.03,-0.57,-2.385));
#4670=CARTESIAN_POINT('',(2.45,-0.27,-2.385));
#4671=CARTESIAN_POINT('',(2.45,-0.57,-2.385));
#4672=CARTESIAN_POINT('',(2.4,-0.27,-2.385));
#4673=CARTESIAN_POINT('Origin',(2.45,-0.57,-2.745));
#4674=CARTESIAN_POINT('',(2.45,-0.27,-2.795));
#4675=CARTESIAN_POINT('',(2.5,-0.27,-2.745));
#4676=CARTESIAN_POINT('Origin',(2.45,-0.27,-2.745));
#4677=CARTESIAN_POINT('',(2.5,-0.57,-2.745));
#4678=CARTESIAN_POINT('',(2.45,-0.57,-2.795));
#4679=CARTESIAN_POINT('Origin',(2.5,-0.57,-2.385));
#4680=CARTESIAN_POINT('',(2.5,-0.27,-2.435));
#4681=CARTESIAN_POINT('',(2.5,-0.27,-2.695));
#4682=CARTESIAN_POINT('',(2.5,-0.57,-2.435));
#4683=CARTESIAN_POINT('Origin',(2.45,-0.57,-2.435));
#4684=CARTESIAN_POINT('Origin',(2.45,-0.27,-2.435));
#4685=CARTESIAN_POINT('Origin',(-2.45,-0.57,-2.435));
#4686=CARTESIAN_POINT('',(-2.45,-0.27,-2.385));
#4687=CARTESIAN_POINT('',(-2.5,-0.27,-2.435));
#4688=CARTESIAN_POINT('Origin',(-2.45,-0.27,-2.435));
#4689=CARTESIAN_POINT('',(-2.5,-0.57,-2.435));
#4690=CARTESIAN_POINT('',(-2.45,-0.57,-2.385));
#4691=CARTESIAN_POINT('Origin',(-2.5,-0.57,-2.385));
#4692=CARTESIAN_POINT('',(2.4,-0.27,-2.385));
#4693=CARTESIAN_POINT('Origin',(-2.45,-0.57,-2.745));
#4694=CARTESIAN_POINT('',(-2.5,-0.27,-2.745));
#4695=CARTESIAN_POINT('Origin',(-2.45,-0.27,-2.745));
#4696=CARTESIAN_POINT('',(-2.5,-0.57,-2.745));
#4697=CARTESIAN_POINT('Origin',(-2.625,-0.57,0.165000000000002));
#4698=CARTESIAN_POINT('',(-2.625,-0.27,0.395000000000002));
#4699=CARTESIAN_POINT('Origin',(-2.5,-0.57,-2.795));
#4700=CARTESIAN_POINT('',(-2.5,-0.27,-2.485));
#4701=CARTESIAN_POINT('Origin',(-1.26137604167573,-0.57,-2.945));
#4702=CARTESIAN_POINT('',(-1.26137604167573,-0.27,-2.945));
#4703=CARTESIAN_POINT('',(-1.26137604167573,-0.27,-2.795));
#4704=CARTESIAN_POINT('',(-1.26137604167573,-0.57,-2.945));
#4705=CARTESIAN_POINT('Origin',(-0.922581024620714,-0.57,-2.945));
#4706=CARTESIAN_POINT('',(-1.26137604167573,-0.27,-2.945));
#4707=CARTESIAN_POINT('Origin',(0.922581024620715,-0.57,-2.945));
#4708=CARTESIAN_POINT('',(0.922581024620715,-0.27,-2.945));
#4709=CARTESIAN_POINT('',(0.922581024620715,-0.27,-2.795));
#4710=CARTESIAN_POINT('',(0.922581024620715,-0.57,-2.945));
#4711=CARTESIAN_POINT('Origin',(1.26137604167573,-0.57,-2.945));
#4712=CARTESIAN_POINT('',(0.922581024620715,-0.27,-2.945));
#4713=CARTESIAN_POINT('Origin',(2.5,-0.57,-2.795));
#4714=CARTESIAN_POINT('',(-2.4,-0.27,-2.795));
#4715=CARTESIAN_POINT('Origin',(2.15751288694036,-0.57,0.0250000000000019));
#4716=CARTESIAN_POINT('',(2.03,-0.27,0.0250000000000019));
#4717=CARTESIAN_POINT('Origin',(2.15751288694036,-0.57,0.535000000000002));
#4718=CARTESIAN_POINT('',(2.4,-0.27,0.395000000000002));
#4719=CARTESIAN_POINT('Origin',(2.03,-0.57,0.715));
#4720=CARTESIAN_POINT('',(2.03,-0.27,0.715));
#4721=CARTESIAN_POINT('',(2.03,-0.27,-2.385));
#4722=CARTESIAN_POINT('',(2.03,-0.57,0.715));
#4723=CARTESIAN_POINT('Origin',(-2.03,-0.57,0.714999999999999));
#4724=CARTESIAN_POINT('',(2.03,-0.27,0.715));
#4725=CARTESIAN_POINT('Origin',(0.,-0.27,-0.760000000000001));
#4726=CARTESIAN_POINT('Origin',(-1.615,-0.512801059191103,2.88331817529251));
#4727=CARTESIAN_POINT('',(-1.615,-0.621367951735619,2.88331817529251));
#4728=CARTESIAN_POINT('',(-1.665,-0.621367951735619,2.88331817529251));
#4729=CARTESIAN_POINT('',(-1.905,-0.621367951735619,2.88331817529251));
#4730=CARTESIAN_POINT('',(-1.615,-0.478931056268482,2.88331817529251));
#4731=CARTESIAN_POINT('',(-1.615,-0.406461834337201,2.88331817529251));
#4732=CARTESIAN_POINT('',(-1.665,-0.478931056268482,2.88331817529251));
#4733=CARTESIAN_POINT('',(-1.905,-0.478931056268482,2.88331817529251));
#4734=CARTESIAN_POINT('',(-1.665,-0.512801059191103,2.88331817529251));
#4735=CARTESIAN_POINT('Origin',(-1.665,-0.512801059191103,2.88331817529251));
#4736=CARTESIAN_POINT('',(-1.665,-0.647,3.05406152375502));
#4737=CARTESIAN_POINT('',(-1.665,-0.647,3.455));
#4738=CARTESIAN_POINT('',(-1.665,-0.647,3.16915908764626));
#4739=CARTESIAN_POINT('Origin',(-1.665,-0.0654956926785501,3.05406152375502));
#4740=CARTESIAN_POINT('',(-1.665,-0.512801059191103,3.05406152375502));
#4741=CARTESIAN_POINT('Origin',(-1.665,-0.0654956926785501,3.05406152375502));
#4742=CARTESIAN_POINT('',(-1.665,-0.512801059191103,3.455));
#4743=CARTESIAN_POINT('',(-1.665,-0.512801059191103,2.96868984952376));
#4744=CARTESIAN_POINT('',(-1.665,-0.512801059191103,3.455));
#4745=CARTESIAN_POINT('Origin',(-1.665,-0.512801059191103,2.48647556616178));
#4746=CARTESIAN_POINT('',(-1.665,-0.253350495035163,2.48647556616178));
#4747=CARTESIAN_POINT('',(-1.615,-0.253350495035163,2.48647556616178));
#4748=CARTESIAN_POINT('',(-1.905,-0.253350495035163,2.48647556616178));
#4749=CARTESIAN_POINT('',(-1.665,-0.0667028714871623,2.48647556616178));
#4750=CARTESIAN_POINT('',(-1.665,-0.512801059191103,2.48647556616178));
#4751=CARTESIAN_POINT('',(-1.615,-0.0667028714871623,2.48647556616178));
#4752=CARTESIAN_POINT('',(-1.905,-0.0667028714871623,2.48647556616178));
#4753=CARTESIAN_POINT('',(-1.615,-0.406461834337201,2.48647556616178));
#4754=CARTESIAN_POINT('Origin',(-1.665,-0.512801059191103,2.235));
#4755=CARTESIAN_POINT('',(-1.665,-0.0907560511563516,2.235));
#4756=CARTESIAN_POINT('Origin',(-1.665,-0.546296853273316,2.11876625589467));
#4757=CARTESIAN_POINT('',(-1.665,0.0467547810333997,2.235));
#4758=CARTESIAN_POINT('',(-1.665,-0.512801059191103,2.235));
#4759=CARTESIAN_POINT('Origin',(-1.665,-0.546296853273316,2.11876625589467));
#4760=CARTESIAN_POINT('Origin',(-1.615,-0.512801059191103,2.235));
#4761=CARTESIAN_POINT('',(-1.615,-0.0907560511563516,2.235));
#4762=CARTESIAN_POINT('',(-1.905,-0.0907560511563516,2.235));
#4763=CARTESIAN_POINT('',(-1.615,0.0467547810334011,2.235));
#4764=CARTESIAN_POINT('',(-1.615,-0.406461834337201,2.235));
#4765=CARTESIAN_POINT('',(-1.905,0.0467547810334011,2.235));
#4766=CARTESIAN_POINT('Origin',(-2.145,-0.512801059191103,2.88331817529251));
#4767=CARTESIAN_POINT('',(-2.145,-0.621367951735619,2.88331817529251));
#4768=CARTESIAN_POINT('',(-2.195,-0.621367951735619,2.88331817529251));
#4769=CARTESIAN_POINT('',(-1.905,-0.621367951735619,2.88331817529251));
#4770=CARTESIAN_POINT('',(-2.145,-0.478931056268482,2.88331817529251));
#4771=CARTESIAN_POINT('',(-2.145,-0.512801059191103,2.88331817529251));
#4772=CARTESIAN_POINT('',(-2.195,-0.478931056268482,2.88331817529251));
#4773=CARTESIAN_POINT('',(-1.905,-0.478931056268482,2.88331817529251));
#4774=CARTESIAN_POINT('',(-2.195,-0.406461834337201,2.88331817529251));
#4775=CARTESIAN_POINT('Origin',(-2.145,-0.512801059191103,3.455));
#4776=CARTESIAN_POINT('',(-2.145,-0.647,3.05406152375502));
#4777=CARTESIAN_POINT('Origin',(-2.145,-0.0654956926785501,3.05406152375502));
#4778=CARTESIAN_POINT('',(-2.145,-0.647,3.455));
#4779=CARTESIAN_POINT('',(-2.145,-0.647,3.455));
#4780=CARTESIAN_POINT('',(-2.145,-0.512801059191103,3.455));
#4781=CARTESIAN_POINT('',(-2.145,-0.512801059191103,3.455));
#4782=CARTESIAN_POINT('',(-2.145,-0.512801059191103,3.05406152375502));
#4783=CARTESIAN_POINT('',(-2.145,-0.512801059191103,3.25453076187751));
#4784=CARTESIAN_POINT('Origin',(-2.145,-0.0654956926785501,3.05406152375502));
#4785=CARTESIAN_POINT('Origin',(-2.145,-0.512801059191103,2.235));
#4786=CARTESIAN_POINT('',(-2.145,-0.0907560511563516,2.235));
#4787=CARTESIAN_POINT('',(-2.195,-0.0907560511563516,2.235));
#4788=CARTESIAN_POINT('',(-1.905,-0.0907560511563516,2.235));
#4789=CARTESIAN_POINT('',(-2.145,0.0467547810333997,2.235));
#4790=CARTESIAN_POINT('',(-2.145,-0.512801059191103,2.235));
#4791=CARTESIAN_POINT('',(-2.195,0.0467547810334011,2.235));
#4792=CARTESIAN_POINT('',(-1.905,0.0467547810334011,2.235));
#4793=CARTESIAN_POINT('',(-2.195,-0.406461834337201,2.235));
#4794=CARTESIAN_POINT('Origin',(-2.145,-0.512801059191103,2.48647556616178));
#4795=CARTESIAN_POINT('',(-2.145,-0.253350495035163,2.48647556616178));
#4796=CARTESIAN_POINT('Origin',(-2.145,-0.546296853273316,2.11876625589467));
#4797=CARTESIAN_POINT('',(-2.145,-0.0667028714871623,2.48647556616178));
#4798=CARTESIAN_POINT('',(-2.145,-0.512801059191103,2.48647556616178));
#4799=CARTESIAN_POINT('Origin',(-2.145,-0.546296853273316,2.11876625589467));
#4800=CARTESIAN_POINT('Origin',(-2.195,-0.512801059191103,2.48647556616178));
#4801=CARTESIAN_POINT('',(-2.195,-0.253350495035163,2.48647556616178));
#4802=CARTESIAN_POINT('',(-1.905,-0.253350495035164,2.48647556616178));
#4803=CARTESIAN_POINT('',(-2.195,-0.0667028714871623,2.48647556616178));
#4804=CARTESIAN_POINT('',(-2.195,-0.406461834337201,2.48647556616178));
#4805=CARTESIAN_POINT('',(-1.905,-0.066702871487163,2.48647556616178));
#4806=CARTESIAN_POINT('Origin',(-1.615,-0.300122609483299,2.83739024906503));
#4807=CARTESIAN_POINT('',(-1.615,-0.0871412930023748,2.21978049813005));
#4808=CARTESIAN_POINT('Origin',(-1.615,-0.546296853273316,2.11876625589467));
#4809=CARTESIAN_POINT('',(-1.615,-0.0871412930023748,2.21978049813005));
#4810=CARTESIAN_POINT('Origin',(-1.905,-0.0654956926785501,3.05406152375502));
#4811=CARTESIAN_POINT('',(-1.615,-0.27,2.65624236986986));
#4812=CARTESIAN_POINT('Origin',(-1.615,-0.0654956926785501,3.05406152375502));
#4813=CARTESIAN_POINT('',(-2.195,-0.27,2.65624236986986));
#4814=CARTESIAN_POINT('',(-1.905,-0.27,2.65624236986986));
#4815=CARTESIAN_POINT('Origin',(-2.195,-0.0654956926785501,3.05406152375502));
#4816=CARTESIAN_POINT('',(-1.905,-0.512801059191103,3.05406152375502));
#4817=CARTESIAN_POINT('Origin',(-1.905,-0.647,3.455));
#4818=CARTESIAN_POINT('',(-1.905,-0.647,3.455));
#4819=CARTESIAN_POINT('',(-1.905,-0.647,3.05406152375502));
#4820=CARTESIAN_POINT('Origin',(-1.905,-0.512801059191103,3.05406152375502));
#4821=CARTESIAN_POINT('',(-1.905,-0.512801059191103,3.455));
#4822=CARTESIAN_POINT('Origin',(-1.905,-0.512801059191103,3.455));
#4823=CARTESIAN_POINT('Origin',(-1.905,-0.546296853273316,2.11876625589467));
#4824=CARTESIAN_POINT('',(-1.905,0.0467547810334011,2.235));
#4825=CARTESIAN_POINT('Origin',(-2.195,-0.546296853273316,2.11876625589467));
#4826=CARTESIAN_POINT('Origin',(-1.615,-0.546296853273316,2.11876625589467));
#4827=CARTESIAN_POINT('Origin',(-1.905,-0.546296853273316,2.11876625589467));
#4828=CARTESIAN_POINT('',(-1.615,-0.33135464380266,2.53689010387512));
#4829=CARTESIAN_POINT('Origin',(-1.615,-0.546296853273316,2.11876625589467));
#4830=CARTESIAN_POINT('',(-2.195,-0.33135464380266,2.53689010387512));
#4831=CARTESIAN_POINT('',(-1.905,-0.33135464380266,2.53689010387512));
#4832=CARTESIAN_POINT('Origin',(-2.195,-0.546296853273316,2.11876625589467));
#4833=CARTESIAN_POINT('',(-2.195,-0.0871412930023748,2.21978049813005));
#4834=CARTESIAN_POINT('Origin',(-2.195,-0.546296853273316,2.11876625589467));
#4835=CARTESIAN_POINT('',(-1.905,-0.0871412930023748,2.21978049813005));
#4836=CARTESIAN_POINT('Origin',(-2.195,-0.300122609483299,2.83739024906503));
#4837=CARTESIAN_POINT('',(-2.195,-0.0871412930023748,2.21978049813005));
#4838=CARTESIAN_POINT('Origin',(-2.195,-0.300122609483299,2.83739024906503));
#4839=CARTESIAN_POINT('Origin',(-2.195,-0.0654956926785501,3.05406152375502));
#4840=CARTESIAN_POINT('Origin',(-1.905,-0.0871412930023748,2.21978049813005));
#4841=CARTESIAN_POINT('Origin',(-1.905,-0.0654956926785501,3.05406152375502));
#4842=CARTESIAN_POINT('Origin',(-1.615,-0.0654956926785501,3.05406152375502));
#4843=CARTESIAN_POINT('Origin',(-1.615,-0.300122609483299,2.83739024906503));
#4844=CARTESIAN_POINT('Origin',(-0.345,-0.512801059191103,2.88331817529251));
#4845=CARTESIAN_POINT('',(-0.345,-0.621367951735619,2.88331817529251));
#4846=CARTESIAN_POINT('',(-0.395,-0.621367951735619,2.88331817529251));
#4847=CARTESIAN_POINT('',(-0.635,-0.621367951735619,2.88331817529251));
#4848=CARTESIAN_POINT('',(-0.345,-0.478931056268482,2.88331817529251));
#4849=CARTESIAN_POINT('',(-0.345,-0.406461834337201,2.88331817529251));
#4850=CARTESIAN_POINT('',(-0.395,-0.478931056268482,2.88331817529251));
#4851=CARTESIAN_POINT('',(-0.635,-0.478931056268482,2.88331817529251));
#4852=CARTESIAN_POINT('',(-0.395,-0.512801059191103,2.88331817529251));
#4853=CARTESIAN_POINT('Origin',(-0.395,-0.512801059191103,2.88331817529251));
#4854=CARTESIAN_POINT('',(-0.395,-0.647,3.05406152375502));
#4855=CARTESIAN_POINT('',(-0.395,-0.647,3.455));
#4856=CARTESIAN_POINT('',(-0.395,-0.647,3.16915908764626));
#4857=CARTESIAN_POINT('Origin',(-0.395,-0.0654956926785501,3.05406152375502));
#4858=CARTESIAN_POINT('',(-0.395,-0.512801059191103,3.05406152375502));
#4859=CARTESIAN_POINT('Origin',(-0.395,-0.0654956926785501,3.05406152375502));
#4860=CARTESIAN_POINT('',(-0.395,-0.512801059191103,3.455));
#4861=CARTESIAN_POINT('',(-0.395,-0.512801059191103,2.96868984952376));
#4862=CARTESIAN_POINT('',(-0.395,-0.512801059191103,3.455));
#4863=CARTESIAN_POINT('Origin',(-0.395,-0.512801059191103,2.48647556616178));
#4864=CARTESIAN_POINT('',(-0.395,-0.253350495035163,2.48647556616178));
#4865=CARTESIAN_POINT('',(-0.345,-0.253350495035163,2.48647556616178));
#4866=CARTESIAN_POINT('',(-0.635,-0.253350495035163,2.48647556616178));
#4867=CARTESIAN_POINT('',(-0.395,-0.0667028714871623,2.48647556616178));
#4868=CARTESIAN_POINT('',(-0.395,-0.512801059191103,2.48647556616178));
#4869=CARTESIAN_POINT('',(-0.345,-0.0667028714871623,2.48647556616178));
#4870=CARTESIAN_POINT('',(-0.635,-0.0667028714871623,2.48647556616178));
#4871=CARTESIAN_POINT('',(-0.345,-0.406461834337201,2.48647556616178));
#4872=CARTESIAN_POINT('Origin',(-0.395,-0.512801059191103,2.235));
#4873=CARTESIAN_POINT('',(-0.395,-0.0907560511563516,2.235));
#4874=CARTESIAN_POINT('Origin',(-0.395,-0.546296853273316,2.11876625589467));
#4875=CARTESIAN_POINT('',(-0.395,0.0467547810333997,2.235));
#4876=CARTESIAN_POINT('',(-0.395,-0.512801059191103,2.235));
#4877=CARTESIAN_POINT('Origin',(-0.395,-0.546296853273316,2.11876625589467));
#4878=CARTESIAN_POINT('Origin',(-0.345,-0.512801059191103,2.235));
#4879=CARTESIAN_POINT('',(-0.345,-0.0907560511563516,2.235));
#4880=CARTESIAN_POINT('',(-0.635,-0.0907560511563516,2.235));
#4881=CARTESIAN_POINT('',(-0.345,0.0467547810334011,2.235));
#4882=CARTESIAN_POINT('',(-0.345,-0.406461834337201,2.235));
#4883=CARTESIAN_POINT('',(-0.635,0.0467547810334011,2.235));
#4884=CARTESIAN_POINT('Origin',(-0.875,-0.512801059191103,2.88331817529251));
#4885=CARTESIAN_POINT('',(-0.875,-0.621367951735619,2.88331817529251));
#4886=CARTESIAN_POINT('',(-0.925,-0.621367951735619,2.88331817529251));
#4887=CARTESIAN_POINT('',(-0.635,-0.621367951735619,2.88331817529251));
#4888=CARTESIAN_POINT('',(-0.875,-0.478931056268482,2.88331817529251));
#4889=CARTESIAN_POINT('',(-0.875,-0.512801059191103,2.88331817529251));
#4890=CARTESIAN_POINT('',(-0.925,-0.478931056268482,2.88331817529251));
#4891=CARTESIAN_POINT('',(-0.635,-0.478931056268482,2.88331817529251));
#4892=CARTESIAN_POINT('',(-0.925,-0.406461834337201,2.88331817529251));
#4893=CARTESIAN_POINT('Origin',(-0.875,-0.512801059191103,3.455));
#4894=CARTESIAN_POINT('',(-0.875,-0.647,3.05406152375502));
#4895=CARTESIAN_POINT('Origin',(-0.875,-0.0654956926785501,3.05406152375502));
#4896=CARTESIAN_POINT('',(-0.875,-0.647,3.455));
#4897=CARTESIAN_POINT('',(-0.875,-0.647,3.455));
#4898=CARTESIAN_POINT('',(-0.875,-0.512801059191103,3.455));
#4899=CARTESIAN_POINT('',(-0.875,-0.512801059191103,3.455));
#4900=CARTESIAN_POINT('',(-0.875,-0.512801059191103,3.05406152375502));
#4901=CARTESIAN_POINT('',(-0.875,-0.512801059191103,3.25453076187751));
#4902=CARTESIAN_POINT('Origin',(-0.875,-0.0654956926785501,3.05406152375502));
#4903=CARTESIAN_POINT('Origin',(-0.875,-0.512801059191103,2.235));
#4904=CARTESIAN_POINT('',(-0.875,-0.0907560511563516,2.235));
#4905=CARTESIAN_POINT('',(-0.925,-0.0907560511563516,2.235));
#4906=CARTESIAN_POINT('',(-0.635,-0.0907560511563516,2.235));
#4907=CARTESIAN_POINT('',(-0.875,0.0467547810333997,2.235));
#4908=CARTESIAN_POINT('',(-0.875,-0.512801059191103,2.235));
#4909=CARTESIAN_POINT('',(-0.925,0.0467547810334011,2.235));
#4910=CARTESIAN_POINT('',(-0.635,0.0467547810334011,2.235));
#4911=CARTESIAN_POINT('',(-0.925,-0.406461834337201,2.235));
#4912=CARTESIAN_POINT('Origin',(-0.875,-0.512801059191103,2.48647556616178));
#4913=CARTESIAN_POINT('',(-0.875,-0.253350495035163,2.48647556616178));
#4914=CARTESIAN_POINT('Origin',(-0.875,-0.546296853273316,2.11876625589467));
#4915=CARTESIAN_POINT('',(-0.875,-0.0667028714871623,2.48647556616178));
#4916=CARTESIAN_POINT('',(-0.875,-0.512801059191103,2.48647556616178));
#4917=CARTESIAN_POINT('Origin',(-0.875,-0.546296853273316,2.11876625589467));
#4918=CARTESIAN_POINT('Origin',(-0.925,-0.512801059191103,2.48647556616178));
#4919=CARTESIAN_POINT('',(-0.925,-0.253350495035163,2.48647556616178));
#4920=CARTESIAN_POINT('',(-0.635,-0.253350495035164,2.48647556616178));
#4921=CARTESIAN_POINT('',(-0.925,-0.0667028714871623,2.48647556616178));
#4922=CARTESIAN_POINT('',(-0.925,-0.406461834337201,2.48647556616178));
#4923=CARTESIAN_POINT('',(-0.635,-0.066702871487163,2.48647556616178));
#4924=CARTESIAN_POINT('Origin',(-0.345,-0.300122609483299,2.83739024906503));
#4925=CARTESIAN_POINT('',(-0.345,-0.0871412930023748,2.21978049813005));
#4926=CARTESIAN_POINT('Origin',(-0.345,-0.546296853273316,2.11876625589467));
#4927=CARTESIAN_POINT('',(-0.345,-0.0871412930023748,2.21978049813005));
#4928=CARTESIAN_POINT('Origin',(-0.635,-0.0654956926785501,3.05406152375502));
#4929=CARTESIAN_POINT('',(-0.345,-0.27,2.65624236986986));
#4930=CARTESIAN_POINT('Origin',(-0.345,-0.0654956926785501,3.05406152375502));
#4931=CARTESIAN_POINT('',(-0.925,-0.27,2.65624236986986));
#4932=CARTESIAN_POINT('',(-0.635,-0.27,2.65624236986986));
#4933=CARTESIAN_POINT('Origin',(-0.925,-0.0654956926785501,3.05406152375502));
#4934=CARTESIAN_POINT('',(-0.635,-0.512801059191103,3.05406152375502));
#4935=CARTESIAN_POINT('Origin',(-0.635,-0.647,3.455));
#4936=CARTESIAN_POINT('',(-0.635,-0.647,3.455));
#4937=CARTESIAN_POINT('',(-0.635,-0.647,3.05406152375502));
#4938=CARTESIAN_POINT('Origin',(-0.635,-0.512801059191103,3.05406152375502));
#4939=CARTESIAN_POINT('',(-0.635,-0.512801059191103,3.455));
#4940=CARTESIAN_POINT('Origin',(-0.635,-0.512801059191103,3.455));
#4941=CARTESIAN_POINT('Origin',(-0.635,-0.546296853273316,2.11876625589467));
#4942=CARTESIAN_POINT('',(-0.635,0.0467547810334011,2.235));
#4943=CARTESIAN_POINT('Origin',(-0.925,-0.546296853273316,2.11876625589467));
#4944=CARTESIAN_POINT('Origin',(-0.345,-0.546296853273316,2.11876625589467));
#4945=CARTESIAN_POINT('Origin',(-0.635,-0.546296853273316,2.11876625589467));
#4946=CARTESIAN_POINT('',(-0.345,-0.33135464380266,2.53689010387512));
#4947=CARTESIAN_POINT('Origin',(-0.345,-0.546296853273316,2.11876625589467));
#4948=CARTESIAN_POINT('',(-0.925,-0.33135464380266,2.53689010387512));
#4949=CARTESIAN_POINT('',(-0.635,-0.33135464380266,2.53689010387512));
#4950=CARTESIAN_POINT('Origin',(-0.925,-0.546296853273316,2.11876625589467));
#4951=CARTESIAN_POINT('',(-0.925,-0.0871412930023748,2.21978049813005));
#4952=CARTESIAN_POINT('Origin',(-0.925,-0.546296853273316,2.11876625589467));
#4953=CARTESIAN_POINT('',(-0.635,-0.0871412930023748,2.21978049813005));
#4954=CARTESIAN_POINT('Origin',(-0.925,-0.300122609483299,2.83739024906503));
#4955=CARTESIAN_POINT('',(-0.925,-0.0871412930023748,2.21978049813005));
#4956=CARTESIAN_POINT('Origin',(-0.925,-0.300122609483299,2.83739024906503));
#4957=CARTESIAN_POINT('Origin',(-0.925,-0.0654956926785501,3.05406152375502));
#4958=CARTESIAN_POINT('Origin',(-0.635,-0.0871412930023748,2.21978049813005));
#4959=CARTESIAN_POINT('Origin',(-0.635,-0.0654956926785501,3.05406152375502));
#4960=CARTESIAN_POINT('Origin',(-0.345,-0.0654956926785501,3.05406152375502));
#4961=CARTESIAN_POINT('Origin',(-0.345,-0.300122609483299,2.83739024906503));
#4962=CARTESIAN_POINT('Origin',(0.925,-0.512801059191103,2.88331817529251));
#4963=CARTESIAN_POINT('',(0.925,-0.621367951735619,2.88331817529251));
#4964=CARTESIAN_POINT('',(0.875,-0.621367951735619,2.88331817529251));
#4965=CARTESIAN_POINT('',(0.635,-0.621367951735619,2.88331817529251));
#4966=CARTESIAN_POINT('',(0.925,-0.478931056268482,2.88331817529251));
#4967=CARTESIAN_POINT('',(0.925,-0.406461834337201,2.88331817529251));
#4968=CARTESIAN_POINT('',(0.875,-0.478931056268482,2.88331817529251));
#4969=CARTESIAN_POINT('',(0.635,-0.478931056268482,2.88331817529251));
#4970=CARTESIAN_POINT('',(0.875,-0.512801059191103,2.88331817529251));
#4971=CARTESIAN_POINT('Origin',(0.875,-0.512801059191103,2.88331817529251));
#4972=CARTESIAN_POINT('',(0.875,-0.647,3.05406152375502));
#4973=CARTESIAN_POINT('',(0.875,-0.647,3.455));
#4974=CARTESIAN_POINT('',(0.875,-0.647,3.16915908764626));
#4975=CARTESIAN_POINT('Origin',(0.875,-0.0654956926785501,3.05406152375502));
#4976=CARTESIAN_POINT('',(0.875,-0.512801059191103,3.05406152375502));
#4977=CARTESIAN_POINT('Origin',(0.875,-0.0654956926785501,3.05406152375502));
#4978=CARTESIAN_POINT('',(0.875,-0.512801059191103,3.455));
#4979=CARTESIAN_POINT('',(0.875,-0.512801059191103,2.96868984952376));
#4980=CARTESIAN_POINT('',(0.875,-0.512801059191103,3.455));
#4981=CARTESIAN_POINT('Origin',(0.875,-0.512801059191103,2.48647556616178));
#4982=CARTESIAN_POINT('',(0.875,-0.253350495035163,2.48647556616178));
#4983=CARTESIAN_POINT('',(0.925,-0.253350495035163,2.48647556616178));
#4984=CARTESIAN_POINT('',(0.635,-0.253350495035163,2.48647556616178));
#4985=CARTESIAN_POINT('',(0.875,-0.0667028714871623,2.48647556616178));
#4986=CARTESIAN_POINT('',(0.875,-0.512801059191103,2.48647556616178));
#4987=CARTESIAN_POINT('',(0.925,-0.0667028714871623,2.48647556616178));
#4988=CARTESIAN_POINT('',(0.635,-0.0667028714871623,2.48647556616178));
#4989=CARTESIAN_POINT('',(0.925,-0.406461834337201,2.48647556616178));
#4990=CARTESIAN_POINT('Origin',(0.875,-0.512801059191103,2.235));
#4991=CARTESIAN_POINT('',(0.875,-0.0907560511563516,2.235));
#4992=CARTESIAN_POINT('Origin',(0.875,-0.546296853273316,2.11876625589467));
#4993=CARTESIAN_POINT('',(0.875,0.0467547810333997,2.235));
#4994=CARTESIAN_POINT('',(0.875,-0.512801059191103,2.235));
#4995=CARTESIAN_POINT('Origin',(0.875,-0.546296853273316,2.11876625589467));
#4996=CARTESIAN_POINT('Origin',(0.925,-0.512801059191103,2.235));
#4997=CARTESIAN_POINT('',(0.925,-0.0907560511563516,2.235));
#4998=CARTESIAN_POINT('',(0.635,-0.0907560511563516,2.235));
#4999=CARTESIAN_POINT('',(0.925,0.0467547810334011,2.235));
#5000=CARTESIAN_POINT('',(0.925,-0.406461834337201,2.235));
#5001=CARTESIAN_POINT('',(0.635,0.0467547810334011,2.235));
#5002=CARTESIAN_POINT('Origin',(0.395,-0.512801059191103,2.88331817529251));
#5003=CARTESIAN_POINT('',(0.395,-0.621367951735619,2.88331817529251));
#5004=CARTESIAN_POINT('',(0.345,-0.621367951735619,2.88331817529251));
#5005=CARTESIAN_POINT('',(0.635,-0.621367951735619,2.88331817529251));
#5006=CARTESIAN_POINT('',(0.395,-0.478931056268482,2.88331817529251));
#5007=CARTESIAN_POINT('',(0.395,-0.512801059191103,2.88331817529251));
#5008=CARTESIAN_POINT('',(0.345,-0.478931056268482,2.88331817529251));
#5009=CARTESIAN_POINT('',(0.635,-0.478931056268482,2.88331817529251));
#5010=CARTESIAN_POINT('',(0.345,-0.406461834337201,2.88331817529251));
#5011=CARTESIAN_POINT('Origin',(0.395,-0.512801059191103,3.455));
#5012=CARTESIAN_POINT('',(0.395,-0.647,3.05406152375502));
#5013=CARTESIAN_POINT('Origin',(0.395,-0.0654956926785501,3.05406152375502));
#5014=CARTESIAN_POINT('',(0.395,-0.647,3.455));
#5015=CARTESIAN_POINT('',(0.395,-0.647,3.455));
#5016=CARTESIAN_POINT('',(0.395,-0.512801059191103,3.455));
#5017=CARTESIAN_POINT('',(0.395,-0.512801059191103,3.455));
#5018=CARTESIAN_POINT('',(0.395,-0.512801059191103,3.05406152375502));
#5019=CARTESIAN_POINT('',(0.395,-0.512801059191103,3.25453076187751));
#5020=CARTESIAN_POINT('Origin',(0.395,-0.0654956926785501,3.05406152375502));
#5021=CARTESIAN_POINT('Origin',(0.395,-0.512801059191103,2.235));
#5022=CARTESIAN_POINT('',(0.395,-0.0907560511563516,2.235));
#5023=CARTESIAN_POINT('',(0.345,-0.0907560511563516,2.235));
#5024=CARTESIAN_POINT('',(0.635,-0.0907560511563516,2.235));
#5025=CARTESIAN_POINT('',(0.395,0.0467547810333997,2.235));
#5026=CARTESIAN_POINT('',(0.395,-0.512801059191103,2.235));
#5027=CARTESIAN_POINT('',(0.345,0.0467547810334011,2.235));
#5028=CARTESIAN_POINT('',(0.635,0.0467547810334011,2.235));
#5029=CARTESIAN_POINT('',(0.345,-0.406461834337201,2.235));
#5030=CARTESIAN_POINT('Origin',(0.395,-0.512801059191103,2.48647556616178));
#5031=CARTESIAN_POINT('',(0.395,-0.253350495035163,2.48647556616178));
#5032=CARTESIAN_POINT('Origin',(0.395,-0.546296853273316,2.11876625589467));
#5033=CARTESIAN_POINT('',(0.395,-0.0667028714871623,2.48647556616178));
#5034=CARTESIAN_POINT('',(0.395,-0.512801059191103,2.48647556616178));
#5035=CARTESIAN_POINT('Origin',(0.395,-0.546296853273316,2.11876625589467));
#5036=CARTESIAN_POINT('Origin',(0.345,-0.512801059191103,2.48647556616178));
#5037=CARTESIAN_POINT('',(0.345,-0.253350495035163,2.48647556616178));
#5038=CARTESIAN_POINT('',(0.635,-0.253350495035164,2.48647556616178));
#5039=CARTESIAN_POINT('',(0.345,-0.0667028714871623,2.48647556616178));
#5040=CARTESIAN_POINT('',(0.345,-0.406461834337201,2.48647556616178));
#5041=CARTESIAN_POINT('',(0.635,-0.066702871487163,2.48647556616178));
#5042=CARTESIAN_POINT('Origin',(0.925,-0.300122609483299,2.83739024906503));
#5043=CARTESIAN_POINT('',(0.925,-0.0871412930023748,2.21978049813005));
#5044=CARTESIAN_POINT('Origin',(0.925,-0.546296853273316,2.11876625589467));
#5045=CARTESIAN_POINT('',(0.925,-0.0871412930023748,2.21978049813005));
#5046=CARTESIAN_POINT('Origin',(0.635,-0.0654956926785501,3.05406152375502));
#5047=CARTESIAN_POINT('',(0.925,-0.27,2.65624236986986));
#5048=CARTESIAN_POINT('Origin',(0.925,-0.0654956926785501,3.05406152375502));
#5049=CARTESIAN_POINT('',(0.345,-0.27,2.65624236986986));
#5050=CARTESIAN_POINT('',(0.635,-0.27,2.65624236986986));
#5051=CARTESIAN_POINT('Origin',(0.345,-0.0654956926785501,3.05406152375502));
#5052=CARTESIAN_POINT('',(0.635,-0.512801059191103,3.05406152375502));
#5053=CARTESIAN_POINT('Origin',(0.635,-0.647,3.455));
#5054=CARTESIAN_POINT('',(0.635,-0.647,3.455));
#5055=CARTESIAN_POINT('',(0.635,-0.647,3.05406152375502));
#5056=CARTESIAN_POINT('Origin',(0.635,-0.512801059191103,3.05406152375502));
#5057=CARTESIAN_POINT('',(0.635,-0.512801059191103,3.455));
#5058=CARTESIAN_POINT('Origin',(0.635,-0.512801059191103,3.455));
#5059=CARTESIAN_POINT('Origin',(0.635,-0.546296853273316,2.11876625589467));
#5060=CARTESIAN_POINT('',(0.635,0.0467547810334011,2.235));
#5061=CARTESIAN_POINT('Origin',(0.345,-0.546296853273316,2.11876625589467));
#5062=CARTESIAN_POINT('Origin',(0.925,-0.546296853273316,2.11876625589467));
#5063=CARTESIAN_POINT('Origin',(0.635,-0.546296853273316,2.11876625589467));
#5064=CARTESIAN_POINT('',(0.925,-0.33135464380266,2.53689010387512));
#5065=CARTESIAN_POINT('Origin',(0.925,-0.546296853273316,2.11876625589467));
#5066=CARTESIAN_POINT('',(0.345,-0.33135464380266,2.53689010387512));
#5067=CARTESIAN_POINT('',(0.635,-0.33135464380266,2.53689010387512));
#5068=CARTESIAN_POINT('Origin',(0.345,-0.546296853273316,2.11876625589467));
#5069=CARTESIAN_POINT('',(0.345,-0.0871412930023748,2.21978049813005));
#5070=CARTESIAN_POINT('Origin',(0.345,-0.546296853273316,2.11876625589467));
#5071=CARTESIAN_POINT('',(0.635,-0.0871412930023748,2.21978049813005));
#5072=CARTESIAN_POINT('Origin',(0.345,-0.300122609483299,2.83739024906503));
#5073=CARTESIAN_POINT('',(0.345,-0.0871412930023748,2.21978049813005));
#5074=CARTESIAN_POINT('Origin',(0.345,-0.300122609483299,2.83739024906503));
#5075=CARTESIAN_POINT('Origin',(0.345,-0.0654956926785501,3.05406152375502));
#5076=CARTESIAN_POINT('Origin',(0.635,-0.0871412930023748,2.21978049813005));
#5077=CARTESIAN_POINT('Origin',(0.635,-0.0654956926785501,3.05406152375502));
#5078=CARTESIAN_POINT('Origin',(0.925,-0.0654956926785501,3.05406152375502));
#5079=CARTESIAN_POINT('Origin',(0.925,-0.300122609483299,2.83739024906503));
#5080=CARTESIAN_POINT('Origin',(2.195,-0.512801059191103,2.88331817529251));
#5081=CARTESIAN_POINT('',(2.195,-0.621367951735619,2.88331817529251));
#5082=CARTESIAN_POINT('',(2.145,-0.621367951735619,2.88331817529251));
#5083=CARTESIAN_POINT('',(1.905,-0.621367951735619,2.88331817529251));
#5084=CARTESIAN_POINT('',(2.195,-0.478931056268482,2.88331817529251));
#5085=CARTESIAN_POINT('',(2.195,-0.406461834337201,2.88331817529251));
#5086=CARTESIAN_POINT('',(2.145,-0.478931056268482,2.88331817529251));
#5087=CARTESIAN_POINT('',(1.905,-0.478931056268482,2.88331817529251));
#5088=CARTESIAN_POINT('',(2.145,-0.512801059191103,2.88331817529251));
#5089=CARTESIAN_POINT('Origin',(2.145,-0.512801059191103,2.88331817529251));
#5090=CARTESIAN_POINT('',(2.145,-0.647,3.05406152375502));
#5091=CARTESIAN_POINT('',(2.145,-0.647,3.455));
#5092=CARTESIAN_POINT('',(2.145,-0.647,3.16915908764626));
#5093=CARTESIAN_POINT('Origin',(2.145,-0.0654956926785501,3.05406152375502));
#5094=CARTESIAN_POINT('',(2.145,-0.512801059191103,3.05406152375502));
#5095=CARTESIAN_POINT('Origin',(2.145,-0.0654956926785501,3.05406152375502));
#5096=CARTESIAN_POINT('',(2.145,-0.512801059191103,3.455));
#5097=CARTESIAN_POINT('',(2.145,-0.512801059191103,2.96868984952376));
#5098=CARTESIAN_POINT('',(2.145,-0.512801059191103,3.455));
#5099=CARTESIAN_POINT('Origin',(2.145,-0.512801059191103,2.48647556616178));
#5100=CARTESIAN_POINT('',(2.145,-0.253350495035163,2.48647556616178));
#5101=CARTESIAN_POINT('',(2.195,-0.253350495035163,2.48647556616178));
#5102=CARTESIAN_POINT('',(1.905,-0.253350495035163,2.48647556616178));
#5103=CARTESIAN_POINT('',(2.145,-0.0667028714871623,2.48647556616178));
#5104=CARTESIAN_POINT('',(2.145,-0.512801059191103,2.48647556616178));
#5105=CARTESIAN_POINT('',(2.195,-0.0667028714871623,2.48647556616178));
#5106=CARTESIAN_POINT('',(1.905,-0.0667028714871623,2.48647556616178));
#5107=CARTESIAN_POINT('',(2.195,-0.406461834337201,2.48647556616178));
#5108=CARTESIAN_POINT('Origin',(2.145,-0.512801059191103,2.235));
#5109=CARTESIAN_POINT('',(2.145,-0.0907560511563516,2.235));
#5110=CARTESIAN_POINT('Origin',(2.145,-0.546296853273316,2.11876625589467));
#5111=CARTESIAN_POINT('',(2.145,0.0467547810333997,2.235));
#5112=CARTESIAN_POINT('',(2.145,-0.512801059191103,2.235));
#5113=CARTESIAN_POINT('Origin',(2.145,-0.546296853273316,2.11876625589467));
#5114=CARTESIAN_POINT('Origin',(2.195,-0.512801059191103,2.235));
#5115=CARTESIAN_POINT('',(2.195,-0.0907560511563516,2.235));
#5116=CARTESIAN_POINT('',(1.905,-0.0907560511563516,2.235));
#5117=CARTESIAN_POINT('',(2.195,0.0467547810334011,2.235));
#5118=CARTESIAN_POINT('',(2.195,-0.406461834337201,2.235));
#5119=CARTESIAN_POINT('',(1.905,0.0467547810334011,2.235));
#5120=CARTESIAN_POINT('Origin',(1.665,-0.512801059191103,2.88331817529251));
#5121=CARTESIAN_POINT('',(1.665,-0.621367951735619,2.88331817529251));
#5122=CARTESIAN_POINT('',(1.615,-0.621367951735619,2.88331817529251));
#5123=CARTESIAN_POINT('',(1.905,-0.621367951735619,2.88331817529251));
#5124=CARTESIAN_POINT('',(1.665,-0.478931056268482,2.88331817529251));
#5125=CARTESIAN_POINT('',(1.665,-0.512801059191103,2.88331817529251));
#5126=CARTESIAN_POINT('',(1.615,-0.478931056268482,2.88331817529251));
#5127=CARTESIAN_POINT('',(1.905,-0.478931056268482,2.88331817529251));
#5128=CARTESIAN_POINT('',(1.615,-0.406461834337201,2.88331817529251));
#5129=CARTESIAN_POINT('Origin',(1.665,-0.512801059191103,3.455));
#5130=CARTESIAN_POINT('',(1.665,-0.647,3.05406152375502));
#5131=CARTESIAN_POINT('Origin',(1.665,-0.0654956926785501,3.05406152375502));
#5132=CARTESIAN_POINT('',(1.665,-0.647,3.455));
#5133=CARTESIAN_POINT('',(1.665,-0.647,3.455));
#5134=CARTESIAN_POINT('',(1.665,-0.512801059191103,3.455));
#5135=CARTESIAN_POINT('',(1.665,-0.512801059191103,3.455));
#5136=CARTESIAN_POINT('',(1.665,-0.512801059191103,3.05406152375502));
#5137=CARTESIAN_POINT('',(1.665,-0.512801059191103,3.25453076187751));
#5138=CARTESIAN_POINT('Origin',(1.665,-0.0654956926785501,3.05406152375502));
#5139=CARTESIAN_POINT('Origin',(1.665,-0.512801059191103,2.235));
#5140=CARTESIAN_POINT('',(1.665,-0.0907560511563516,2.235));
#5141=CARTESIAN_POINT('',(1.615,-0.0907560511563516,2.235));
#5142=CARTESIAN_POINT('',(1.905,-0.0907560511563516,2.235));
#5143=CARTESIAN_POINT('',(1.665,0.0467547810333997,2.235));
#5144=CARTESIAN_POINT('',(1.665,-0.512801059191103,2.235));
#5145=CARTESIAN_POINT('',(1.615,0.0467547810334011,2.235));
#5146=CARTESIAN_POINT('',(1.905,0.0467547810334011,2.235));
#5147=CARTESIAN_POINT('',(1.615,-0.406461834337201,2.235));
#5148=CARTESIAN_POINT('Origin',(1.665,-0.512801059191103,2.48647556616178));
#5149=CARTESIAN_POINT('',(1.665,-0.253350495035163,2.48647556616178));
#5150=CARTESIAN_POINT('Origin',(1.665,-0.546296853273316,2.11876625589467));
#5151=CARTESIAN_POINT('',(1.665,-0.0667028714871623,2.48647556616178));
#5152=CARTESIAN_POINT('',(1.665,-0.512801059191103,2.48647556616178));
#5153=CARTESIAN_POINT('Origin',(1.665,-0.546296853273316,2.11876625589467));
#5154=CARTESIAN_POINT('Origin',(1.615,-0.512801059191103,2.48647556616178));
#5155=CARTESIAN_POINT('',(1.615,-0.253350495035163,2.48647556616178));
#5156=CARTESIAN_POINT('',(1.905,-0.253350495035164,2.48647556616178));
#5157=CARTESIAN_POINT('',(1.615,-0.0667028714871623,2.48647556616178));
#5158=CARTESIAN_POINT('',(1.615,-0.406461834337201,2.48647556616178));
#5159=CARTESIAN_POINT('',(1.905,-0.066702871487163,2.48647556616178));
#5160=CARTESIAN_POINT('Origin',(2.195,-0.300122609483299,2.83739024906503));
#5161=CARTESIAN_POINT('',(2.195,-0.0871412930023748,2.21978049813005));
#5162=CARTESIAN_POINT('Origin',(2.195,-0.546296853273316,2.11876625589467));
#5163=CARTESIAN_POINT('',(2.195,-0.0871412930023748,2.21978049813005));
#5164=CARTESIAN_POINT('Origin',(1.905,-0.0654956926785501,3.05406152375502));
#5165=CARTESIAN_POINT('',(2.195,-0.27,2.65624236986986));
#5166=CARTESIAN_POINT('Origin',(2.195,-0.0654956926785501,3.05406152375502));
#5167=CARTESIAN_POINT('',(1.615,-0.27,2.65624236986986));
#5168=CARTESIAN_POINT('',(1.905,-0.27,2.65624236986986));
#5169=CARTESIAN_POINT('Origin',(1.615,-0.0654956926785501,3.05406152375502));
#5170=CARTESIAN_POINT('',(1.905,-0.512801059191103,3.05406152375502));
#5171=CARTESIAN_POINT('Origin',(1.905,-0.647,3.455));
#5172=CARTESIAN_POINT('',(1.905,-0.647,3.455));
#5173=CARTESIAN_POINT('',(1.905,-0.647,3.05406152375502));
#5174=CARTESIAN_POINT('Origin',(1.905,-0.512801059191103,3.05406152375502));
#5175=CARTESIAN_POINT('',(1.905,-0.512801059191103,3.455));
#5176=CARTESIAN_POINT('Origin',(1.905,-0.512801059191103,3.455));
#5177=CARTESIAN_POINT('Origin',(1.905,-0.546296853273316,2.11876625589467));
#5178=CARTESIAN_POINT('',(1.905,0.0467547810334011,2.235));
#5179=CARTESIAN_POINT('Origin',(1.615,-0.546296853273316,2.11876625589467));
#5180=CARTESIAN_POINT('Origin',(2.195,-0.546296853273316,2.11876625589467));
#5181=CARTESIAN_POINT('Origin',(1.905,-0.546296853273316,2.11876625589467));
#5182=CARTESIAN_POINT('',(2.195,-0.33135464380266,2.53689010387512));
#5183=CARTESIAN_POINT('Origin',(2.195,-0.546296853273316,2.11876625589467));
#5184=CARTESIAN_POINT('',(1.615,-0.33135464380266,2.53689010387512));
#5185=CARTESIAN_POINT('',(1.905,-0.33135464380266,2.53689010387512));
#5186=CARTESIAN_POINT('Origin',(1.615,-0.546296853273316,2.11876625589467));
#5187=CARTESIAN_POINT('',(1.615,-0.0871412930023748,2.21978049813005));
#5188=CARTESIAN_POINT('Origin',(1.615,-0.546296853273316,2.11876625589467));
#5189=CARTESIAN_POINT('',(1.905,-0.0871412930023748,2.21978049813005));
#5190=CARTESIAN_POINT('Origin',(1.615,-0.300122609483299,2.83739024906503));
#5191=CARTESIAN_POINT('',(1.615,-0.0871412930023748,2.21978049813005));
#5192=CARTESIAN_POINT('Origin',(1.615,-0.300122609483299,2.83739024906503));
#5193=CARTESIAN_POINT('Origin',(1.615,-0.0654956926785501,3.05406152375502));
#5194=CARTESIAN_POINT('Origin',(1.905,-0.0871412930023748,2.21978049813005));
#5195=CARTESIAN_POINT('Origin',(1.905,-0.0654956926785501,3.05406152375502));
#5196=CARTESIAN_POINT('Origin',(2.195,-0.0654956926785501,3.05406152375502));
#5197=CARTESIAN_POINT('Origin',(2.195,-0.300122609483299,2.83739024906503));
#5198=UNCERTAINTY_MEASURE_WITH_UNIT(LENGTH_MEASURE(0.01),#5202,
'DISTANCE_ACCURACY_VALUE',
'Maximum model space distance between geometric entities at asserted c
onnectivities');
#5199=UNCERTAINTY_MEASURE_WITH_UNIT(LENGTH_MEASURE(0.01),#5202,
'DISTANCE_ACCURACY_VALUE',
'Maximum model space distance between geometric entities at asserted c
onnectivities');
#5200=(
GEOMETRIC_REPRESENTATION_CONTEXT(3)
GLOBAL_UNCERTAINTY_ASSIGNED_CONTEXT((#5198))
GLOBAL_UNIT_ASSIGNED_CONTEXT((#5202,#5204,#5205))
REPRESENTATION_CONTEXT('','3D')
);
#5201=(
GEOMETRIC_REPRESENTATION_CONTEXT(3)
GLOBAL_UNCERTAINTY_ASSIGNED_CONTEXT((#5199))
GLOBAL_UNIT_ASSIGNED_CONTEXT((#5202,#5204,#5205))
REPRESENTATION_CONTEXT('','3D')
);
#5202=(
LENGTH_UNIT()
NAMED_UNIT(*)
SI_UNIT(.MILLI.,.METRE.)
);
#5203=(
LENGTH_UNIT()
NAMED_UNIT(*)
SI_UNIT(.CENTI.,.METRE.)
);
#5204=(
NAMED_UNIT(*)
PLANE_ANGLE_UNIT()
SI_UNIT($,.RADIAN.)
);
#5205=(
NAMED_UNIT(*)
SI_UNIT($,.STERADIAN.)
SOLID_ANGLE_UNIT()
);
#5206=SHAPE_DEFINITION_REPRESENTATION(#5207,#5208);
#5207=PRODUCT_DEFINITION_SHAPE('',$,#5210);
#5208=SHAPE_REPRESENTATION('',(#3160),#5200);
#5209=PRODUCT_DEFINITION_CONTEXT('part definition',#5214,'design');
#5210=PRODUCT_DEFINITION('SQJ161ELP-T1_GE3','SQJ161ELP-T1_GE3',#5211,#5209);
#5211=PRODUCT_DEFINITION_FORMATION('',$,#5216);
#5212=PRODUCT_RELATED_PRODUCT_CATEGORY('SQJ161ELP-T1_GE3',
'SQJ161ELP-T1_GE3',(#5216));
#5213=APPLICATION_PROTOCOL_DEFINITION('international standard',
'automotive_design',2009,#5214);
#5214=APPLICATION_CONTEXT(
'Core Data for Automotive Mechanical Design Process');
#5215=PRODUCT_CONTEXT('part definition',#5214,'mechanical');
#5216=PRODUCT('SQJ161ELP-T1_GE3','SQJ161ELP-T1_GE3',$,(#5215));
#5217=PRESENTATION_STYLE_ASSIGNMENT((#5220));
#5218=PRESENTATION_STYLE_ASSIGNMENT((#5221));
#5219=PRESENTATION_STYLE_ASSIGNMENT((#5222));
#5220=SURFACE_STYLE_USAGE(.BOTH.,#5229);
#5221=SURFACE_STYLE_USAGE(.BOTH.,#5230);
#5222=SURFACE_STYLE_USAGE(.BOTH.,#5231);
#5223=SURFACE_STYLE_RENDERING_WITH_PROPERTIES($,#5241,(#5226));
#5224=SURFACE_STYLE_RENDERING_WITH_PROPERTIES($,#5242,(#5227));
#5225=SURFACE_STYLE_RENDERING_WITH_PROPERTIES($,#5243,(#5228));
#5226=SURFACE_STYLE_TRANSPARENT(0.);
#5227=SURFACE_STYLE_TRANSPARENT(0.);
#5228=SURFACE_STYLE_TRANSPARENT(0.);
#5229=SURFACE_SIDE_STYLE('',(#5232,#5223));
#5230=SURFACE_SIDE_STYLE('',(#5233,#5224));
#5231=SURFACE_SIDE_STYLE('',(#5234,#5225));
#5232=SURFACE_STYLE_FILL_AREA(#5235);
#5233=SURFACE_STYLE_FILL_AREA(#5236);
#5234=SURFACE_STYLE_FILL_AREA(#5237);
#5235=FILL_AREA_STYLE('',(#5238));
#5236=FILL_AREA_STYLE('',(#5239));
#5237=FILL_AREA_STYLE('',(#5240));
#5238=FILL_AREA_STYLE_COLOUR('',#5241);
#5239=FILL_AREA_STYLE_COLOUR('',#5242);
#5240=FILL_AREA_STYLE_COLOUR('',#5243);
#5241=COLOUR_RGB('',0.749019607843137,0.749019607843137,0.749019607843137);
#5242=COLOUR_RGB('',0.0392156862745098,0.0392156862745098,0.0392156862745098);
#5243=COLOUR_RGB('',1.,0.996078431372549,0.964705882352941);
ENDSEC;
END-ISO-10303-21;
